lokasi,bulan,tanggal,account,kode_unit,id_unit,nama_unit,jenis_unit,kategori,kegiatan,remark,jumlah_jam
BUHUT,Aug,2026-08-01,641106237101432 015,371-014,371014,COMPACTOR SAKAI SV 526-D 371-014,Compactor,AB,WS-PERBAIKAN UNIT,371-014   PERBAIKAN AC,2.0
BUHUT,Aug,2026-08-01,641106233205531 035,332-055,332055,EXCAVATOR HITACHI ZX350H-5G 332-055,Excavator Breaker 30 Ton,AB,WS-PERBAIKAN DAN MAINTENANCE UNIT,332-055   GREASING,1.0
BUHUT,Aug,2026-08-01,641106233203831 115,332-038,332038,EXCAVATOR HITACHI ZX 210 F-5G 332-038,Excavator Breaker 20 Ton,AB,WS-PERBAIKAN DAN MAINTENANCE UNIT,332-038   TAMBAH OLI 10,1.0
BUHUT,Aug,2026-08-01,641106233205931 035,332-059,332059,EXCAVATOR KOMATSU PC210 332-059,Excavator Bucket,AB,WS-PERBAIKAN DAN MAINTENANCE UNIT,332-059   GREASING,1.0
BUHUT,Aug,2026-08-01,641106233204531 115,332-045,332045,EXCAVATOR HITACHI ZX 210 F-5G 332-045,Excavator Breaker 20 Ton,AB,WS-PERBAIKAN DAN MAINTENANCE UNIT,332-045   TAMBAH OLI 10,1.0
BUHUT,Aug,2026-08-01,641106237101431 075,371-014,371014,COMPACTOR SAKAI SV 526-D 371-014,Compactor,AB,WS-PERBAIKAN DAN MAINTENANCE UNIT,371-014   TAMBAH OLI 40,1.0
BUHUT,Aug,2026-08-01,641106233203832 035,332-038,332038,EXCAVATOR HITACHI ZX 210 F-5G 332-038,Excavator Breaker 20 Ton,AB,WS-PERBAIKAN UNIT,332-038   PASANG KARET LOCK PIN TAHU,1.5
BUHUT,Aug,2026-08-01,641106235101431 035,351-014,351014,GRADER XCMG GR-135 351-014,Grader,AB,WS-PERBAIKAN DAN MAINTENANCE UNIT,351-014   GREASING,1.0
BUHUT,Aug,2026-08-01,641106233205232 035,332-052,332052,EXCAVATOR HITACHI ZX 210G-5G 332-052,Excavator Breaker 20 Ton,AB,WS-PERBAIKAN UNIT,332-052   PASANG LOCK PIN TAHU,1.5
BUHUT,Aug,2026-08-02,641106233205931 035,332-059,332059,EXCAVATOR KOMATSU PC210 332-059,Excavator Bucket,AB,WS-PERBAIKAN DAN MAINTENANCE UNIT,332-059  GREASING,1.0
BUHUT,Aug,2026-08-02,641106233203832 155,332-038,332038,EXCAVATOR HITACHI ZX 210 F-5G 332-038,Excavator Breaker 20 Ton,AB,WS-PERBAIKAN UNIT,"332-038  REPAIR TRACK,PERBAIKAN AC,",6.0
BUHUT,Aug,2026-08-02,641106233203831 035,332-038,332038,EXCAVATOR HITACHI ZX 210 F-5G 332-038,Excavator Breaker 20 Ton,AB,WS-PERBAIKAN DAN MAINTENANCE UNIT,332-038  GREASING,1.0
BUHUT,Aug,2026-08-02,641106233204531 035,332-045,332045,EXCAVATOR HITACHI ZX 210 F-5G 332-045,Excavator Breaker 20 Ton,AB,WS-PERBAIKAN DAN MAINTENANCE UNIT,332-045  GREASING,1.0
BUHUT,Aug,2026-08-02,641106233205231 035,332-052,332052,EXCAVATOR HITACHI ZX 210G-5G 332-052,Excavator Breaker 20 Ton,AB,WS-PERBAIKAN DAN MAINTENANCE UNIT,332-052  GREASING,1.0
BUHUT,Aug,2026-08-03,641106233205232 035,332-052,332052,EXCAVATOR HITACHI ZX 210G-5G 332-052,Excavator Breaker 20 Ton,AB,WS-PERBAIKAN UNIT,332-052   KENCANGKAN BOLT COVER,1.0
BUHUT,Aug,2026-08-03,641106233203832 155,332-038,332038,EXCAVATOR HITACHI ZX 210 F-5G 332-038,Excavator Breaker 20 Ton,AB,WS-PERBAIKAN UNIT,332-038   REPAIR TRACK,1.5
BUHUT,Aug,2026-08-03,641106233203831 035,332-038,332038,EXCAVATOR HITACHI ZX 210 F-5G 332-038,Excavator Breaker 20 Ton,AB,WS-PERBAIKAN DAN MAINTENANCE UNIT,332-038   GREASING,1.0
BUHUT,Aug,2026-08-03,641106233204531 035,332-045,332045,EXCAVATOR HITACHI ZX 210 F-5G 332-045,Excavator Breaker 20 Ton,AB,WS-PERBAIKAN DAN MAINTENANCE UNIT,332-045   GREASING,1.0
BUHUT,Aug,2026-08-03,641106233205231 035,332-052,332052,EXCAVATOR HITACHI ZX 210G-5G 332-052,Excavator Breaker 20 Ton,AB,WS-PERBAIKAN DAN MAINTENANCE UNIT,332-052   GREASING,1.0
BUHUT,Aug,2026-08-03,641106233205531 035,332-055,332055,EXCAVATOR HITACHI ZX350H-5G 332-055,Excavator Breaker 30 Ton,AB,WS-PERBAIKAN DAN MAINTENANCE UNIT,332-055   GREASING,1.0
BUHUT,Aug,2026-08-03,641106235101432 035,351-014,351014,GRADER XCMG GR-135 351-014,Grader,AB,WS-PERBAIKAN UNIT,351-014   LAS PIJAKAN KAKI,1.0
BUHUT,Aug,2026-08-03,641106233205532 035,332-055,332055,EXCAVATOR HITACHI ZX350H-5G 332-055,Excavator Breaker 30 Ton,AB,WS-PERBAIKAN UNIT,332-055   BUKA HIGHT PRESURE LINES,0.25
BUHUT,Aug,2026-08-03,641106233205232 035,332-052,332052,EXCAVATOR HITACHI ZX 210G-5G 332-052,Excavator Breaker 20 Ton,AB,WS-PERBAIKAN UNIT,"332-052   GANTI SEAL BOLT BREAKER,GANTI",8.0
BUHUT,Aug,2026-08-03,641106231203632 165,312-036,312036,DUMP TRUCK HINO FM 280 JD 312-036,DT FM 260 JD,AB,WS-PERBAIKAN UNIT,"312-036   GANTI TYRE NO 7,PERBAIKAN HOSE",1.0
BUHUT,Aug,2026-08-04,641106233204531 035,332-045,332045,EXCAVATOR HITACHI ZX 210 F-5G 332-045,Excavator Breaker 20 Ton,AB,WS-PERBAIKAN DAN MAINTENANCE UNIT,332-045   TAMBAH NITRO,1.0
BUHUT,Aug,2026-08-04,641106233203831 035,332-038,332038,EXCAVATOR HITACHI ZX 210 F-5G 332-038,Excavator Breaker 20 Ton,AB,WS-PERBAIKAN DAN MAINTENANCE UNIT,332-038   GREASING,1.0
BUHUT,Aug,2026-08-04,641106233205231 035,332-052,332052,EXCAVATOR HITACHI ZX 210G-5G 332-052,Excavator Breaker 20 Ton,AB,WS-PERBAIKAN DAN MAINTENANCE UNIT,332-052   GREASING,1.0
BUHUT,Aug,2026-08-04,641106233205531 035,332-055,332055,EXCAVATOR HITACHI ZX350H-5G 332-055,Excavator Breaker 30 Ton,AB,WS-PERBAIKAN DAN MAINTENANCE UNIT,332-055   GREASING,1.0
BUHUT,Aug,2026-08-04,641106233205532 035,332-055,332055,EXCAVATOR HITACHI ZX350H-5G 332-055,Excavator Breaker 30 Ton,AB,WS-PERBAIKAN UNIT,332-055   LAS LOCK PIPA RH,3.0
BUHUT,Aug,2026-08-04,641106233205232 035,332-052,332052,EXCAVATOR HITACHI ZX 210G-5G 332-052,Excavator Breaker 20 Ton,AB,WS-PERBAIKAN UNIT,332-052   MENGENCANGKAN BOLT COVER,1.0
BUHUT,Aug,2026-08-05,641106233204531 035,332-045,332045,EXCAVATOR HITACHI ZX 210 F-5G 332-045,Excavator Breaker 20 Ton,AB,WS-PERBAIKAN DAN MAINTENANCE UNIT,332-045   GREASING,1.5
BUHUT,Aug,2026-08-05,641106233205532 035,332-055,332055,EXCAVATOR HITACHI ZX350H-5G 332-055,Excavator Breaker 30 Ton,AB,WS-PERBAIKAN UNIT,332-055   GANTI CHISEL,2.0
BUHUT,Aug,2026-08-05,641106233203831 035,332-038,332038,EXCAVATOR HITACHI ZX 210 F-5G 332-038,Excavator Breaker 20 Ton,AB,WS-PERBAIKAN DAN MAINTENANCE UNIT,332-038   GREASING,1.0
BUHUT,Aug,2026-08-05,641106233203831 115,332-038,332038,EXCAVATOR HITACHI ZX 210 F-5G 332-038,Excavator Breaker 20 Ton,AB,WS-PERBAIKAN DAN MAINTENANCE UNIT,332-038   TAMBAH OLI 10,1.0
BUHUT,Aug,2026-08-05,641106233203832 035,332-038,332038,EXCAVATOR HITACHI ZX 210 F-5G 332-038,Excavator Breaker 20 Ton,AB,WS-PERBAIKAN UNIT,332-038   PASANG LOCK HOSE PIPA & PENAMB,3.0
BUHUT,Aug,2026-08-05,641106233204531 115,332-045,332045,EXCAVATOR HITACHI ZX 210 F-5G 332-045,Excavator Breaker 20 Ton,AB,WS-PERBAIKAN DAN MAINTENANCE UNIT,332-045   TAMBAH OLI 10,1.0
BUHUT,Aug,2026-08-05,641106233205932 035,332-059,332059,EXCAVATOR KOMATSU PC210 332-059,Excavator Bucket,AB,WS-PERBAIKAN UNIT,332-059   GANTI KUKU BUCKET,8.0
BUHUT,Aug,2026-08-05,641106233203832 155,332-038,332038,EXCAVATOR HITACHI ZX 210 F-5G 332-038,Excavator Breaker 20 Ton,AB,WS-PERBAIKAN UNIT,332-038   WELDING TRACK PIN,7.5
BUHUT,Aug,2026-08-06,641106236200232 065,362-002,362002,WHEEL LOADER XCMG ZL50GN 362-002,Wheel Loader,AB,WS-PERBAIKAN UNIT,"362-002   CEK TERMINAL AKI,JUMPER AKI,CE",3.5
BUHUT,Aug,2026-08-06,641106233204532 035,332-045,332045,EXCAVATOR HITACHI ZX 210 F-5G 332-045,Excavator Breaker 20 Ton,AB,WS-PERBAIKAN UNIT,"332-045   PASANG PIN ARM,WELDING BUSHING",3.0
BUHUT,Aug,2026-08-07,641106233204532 035,332-045,332045,EXCAVATOR HITACHI ZX 210 F-5G 332-045,Excavator Breaker 20 Ton,AB,WS-PERBAIKAN UNIT,332-045   LAS LOCK PIN H,2.5
BUHUT,Aug,2026-08-07,641106233203832 155,332-038,332038,EXCAVATOR HITACHI ZX 210 F-5G 332-038,Excavator Breaker 20 Ton,AB,WS-PERBAIKAN UNIT,332-038   LAS TRACK,2.0
BUHUT,Aug,2026-08-07,641106237101431 075,371-014,371014,COMPACTOR SAKAI SV 526-D 371-014,Compactor,AB,WS-PERBAIKAN DAN MAINTENANCE UNIT,371-014   TAMBAH OLI 40,1.0
BUHUT,Aug,2026-08-07,641106233205531 035,332-055,332055,EXCAVATOR HITACHI ZX350H-5G 332-055,Excavator Breaker 30 Ton,AB,WS-PERBAIKAN DAN MAINTENANCE UNIT,332-055   GREASING,2.0
BUHUT,Aug,2026-08-07,641106233205231 035,332-052,332052,EXCAVATOR HITACHI ZX 210G-5G 332-052,Excavator Breaker 20 Ton,AB,WS-PERBAIKAN DAN MAINTENANCE UNIT,332-052   GREASING,2.5
BUHUT,Aug,2026-08-07,641106236200232 035,362-002,362002,WHEEL LOADER XCMG ZL50GN 362-002,Wheel Loader,AB,WS-PERBAIKAN UNIT,"362-002   GANTI BLADE,PASANG BOLT BLADE,",6.0
BUHUT,Aug,2026-08-07,641106233205532 035,332-055,332055,EXCAVATOR HITACHI ZX350H-5G 332-055,Excavator Breaker 30 Ton,AB,WS-PERBAIKAN UNIT,332-055   PERBAIKAN PIN TAHU,1.0
BUHUT,Aug,2026-08-07,641106236200232 035,362-002,362002,WHEEL LOADER XCMG ZL50GN 362-002,Wheel Loader,AB,WS-PERBAIKAN UNIT,"362-002   WELDING TAMBAH DAGING,WELDING",10.0
BUHUT,Aug,2026-08-07,641106233205532 035,332-055,332055,EXCAVATOR HITACHI ZX350H-5G 332-055,Excavator Breaker 30 Ton,AB,WS-PERBAIKAN UNIT,332-055   GANTI HOSE BREAKER,1.0
BUHUT,Aug,2026-08-08,641106233205532 075,332-055,332055,EXCAVATOR HITACHI ZX350H-5G 332-055,Excavator Breaker 30 Ton,AB,WS-PERBAIKAN UNIT,332-055   SERVICE BERKALA,1.0
BUHUT,Aug,2026-08-08,641106236200231 035,362-002,362002,WHEEL LOADER XCMG ZL50GN 362-002,Wheel Loader,AB,WS-PERBAIKAN DAN MAINTENANCE UNIT,362-002   TAMBAH OLI TRANMISI,0.5
BUHUT,Aug,2026-08-08,641106236200232 065,362-002,362002,WHEEL LOADER XCMG ZL50GN 362-002,Wheel Loader,AB,WS-PERBAIKAN UNIT,"362-002   PERBAIKAN KABEL ALTERNATOR,PER",2.5
BUHUT,Aug,2026-08-08,641106233204531 035,332-045,332045,EXCAVATOR HITACHI ZX 210 F-5G 332-045,Excavator Breaker 20 Ton,AB,WS-PERBAIKAN DAN MAINTENANCE UNIT,332-045   GREASING,1.0
BUHUT,Aug,2026-08-08,641106233203831 035,332-038,332038,EXCAVATOR HITACHI ZX 210 F-5G 332-038,Excavator Breaker 20 Ton,AB,WS-PERBAIKAN DAN MAINTENANCE UNIT,332-038   GREASING,1.0
BUHUT,Aug,2026-08-08,641106233205231 035,332-052,332052,EXCAVATOR HITACHI ZX 210G-5G 332-052,Excavator Breaker 20 Ton,AB,WS-PERBAIKAN DAN MAINTENANCE UNIT,332-052  GREASING,1.0
BUHUT,Aug,2026-08-08,641106233205531 035,332-055,332055,EXCAVATOR HITACHI ZX350H-5G 332-055,Excavator Breaker 30 Ton,AB,WS-PERBAIKAN DAN MAINTENANCE UNIT,332-055   GREASING,1.0
BUHUT,Aug,2026-08-08,641106231203632 165,312-036,312036,DUMP TRUCK HINO FM 280 JD 312-036,DT FM 260 JD,AB,WS-PERBAIKAN UNIT,312-036   CEK BATU DI TYRE,0.5
BUHUT,Aug,2026-08-08,641106233203832 035,332-038,332038,EXCAVATOR HITACHI ZX 210 F-5G 332-038,Excavator Breaker 20 Ton,AB,WS-PERBAIKAN UNIT,332-038   CEK PRESURE OLI,2.0
BUHUT,Aug,2026-08-09,641206230000031 053,,,,,,WS-PERBAIKAN DAN MAINTENANCE UNIT,WS   HOSE KEEPING WS AREA,17.0
BUHUT,Aug,2026-08-09,641106233203831 035,332-038,332038,EXCAVATOR HITACHI ZX 210 F-5G 332-038,Excavator Breaker 20 Ton,AB,WS-PERBAIKAN DAN MAINTENANCE UNIT,332-038   GREASING,2.0
BUHUT,Aug,2026-08-09,641106233204531 035,332-045,332045,EXCAVATOR HITACHI ZX 210 F-5G 332-045,Excavator Breaker 20 Ton,AB,WS-PERBAIKAN DAN MAINTENANCE UNIT,332-045   GREASING,2.0
BUHUT,Aug,2026-08-09,641106233205231 035,332-052,332052,EXCAVATOR HITACHI ZX 210G-5G 332-052,Excavator Breaker 20 Ton,AB,WS-PERBAIKAN DAN MAINTENANCE UNIT,"332-052   GREASING,KENCANGKAN CLAMP PIPA",2.0
BUHUT,Aug,2026-08-09,641106233205531 035,332-055,332055,EXCAVATOR HITACHI ZX350H-5G 332-055,Excavator Breaker 30 Ton,AB,WS-PERBAIKAN DAN MAINTENANCE UNIT,332-055   GREASING,2.0
BUHUT,Aug,2026-08-10,641106236200232 065,362-002,362002,WHEEL LOADER XCMG ZL50GN 362-002,Wheel Loader,AB,WS-PERBAIKAN UNIT,"362-002   JUMPER AKI,GANTI AKI,TAMBAH AI",1.5
BUHUT,Aug,2026-08-10,641106233203831 035,332-038,332038,EXCAVATOR HITACHI ZX 210 F-5G 332-038,Excavator Breaker 20 Ton,AB,WS-PERBAIKAN DAN MAINTENANCE UNIT,"332-038   TAMBAH OLI 40,GREASING",1.0
BUHUT,Aug,2026-08-10,641106233204532 015,332-045,332045,EXCAVATOR HITACHI ZX 210 F-5G 332-045,Excavator Breaker 20 Ton,AB,WS-PERBAIKAN UNIT,"332-045   GANTI BELT AC,GREASING",1.0
BUHUT,Aug,2026-08-10,641106237101431 035,371-014,371014,COMPACTOR SAKAI SV 526-D 371-014,Compactor,AB,WS-PERBAIKAN DAN MAINTENANCE UNIT,371-014   TAMBAH OLI 40,1.0
BUHUT,Aug,2026-08-10,641106233205232 035,332-052,332052,EXCAVATOR HITACHI ZX 210G-5G 332-052,Excavator Breaker 20 Ton,AB,WS-PERBAIKAN UNIT,"332-052   PERBAIKAN SAFETY CABIN,GREASIN",1.0
BUHUT,Aug,2026-08-10,641106233205532 035,332-055,332055,EXCAVATOR HITACHI ZX350H-5G 332-055,Excavator Breaker 30 Ton,AB,WS-PERBAIKAN UNIT,"332-055   PERBAIKAN SAFETY CABIN,PASANG",1.0
BUHUT,Aug,2026-08-10,641106233205932 035,332-059,332059,EXCAVATOR KOMATSU PC210 332-059,Excavator Bucket,AB,WS-PERBAIKAN UNIT,332-059   WELDING KUKU,2.0
BUHUT,Aug,2026-08-10,641106233204532 035,332-045,332045,EXCAVATOR HITACHI ZX 210 F-5G 332-045,Excavator Breaker 20 Ton,AB,WS-PERBAIKAN UNIT,332-045   LAS BOLT CLAMP PIPA,2.0
BUHUT,Aug,2026-08-11,641106233203831 035,332-038,332038,EXCAVATOR HITACHI ZX 210 F-5G 332-038,Excavator Breaker 20 Ton,AB,WS-PERBAIKAN DAN MAINTENANCE UNIT,332-038   GREASING,1.5
BUHUT,Aug,2026-08-11,641106233204531 035,332-045,332045,EXCAVATOR HITACHI ZX 210 F-5G 332-045,Excavator Breaker 20 Ton,AB,WS-PERBAIKAN DAN MAINTENANCE UNIT,"332-045   GREASING,TAMBAH OLI 10",1.0
BUHUT,Aug,2026-08-11,641106233205231 035,332-052,332052,EXCAVATOR HITACHI ZX 210G-5G 332-052,Excavator Breaker 20 Ton,AB,WS-PERBAIKAN DAN MAINTENANCE UNIT,332-052   GREASING,1.0
BUHUT,Aug,2026-08-11,641106233205531 035,332-055,332055,EXCAVATOR HITACHI ZX350H-5G 332-055,Excavator Breaker 30 Ton,AB,WS-PERBAIKAN DAN MAINTENANCE UNIT,332-055   GREASING,1.0
BUHUT,Aug,2026-08-11,641106231203632 035,312-036,312036,DUMP TRUCK HINO FM 280 JD 312-036,DT FM 260 JD,AB,WS-PERBAIKAN UNIT,312-036   GANTI HOSE HYD PTO DARI 29,2.0
BUHUT,Aug,2026-08-11,641106233204532 035,332-045,332045,EXCAVATOR HITACHI ZX 210 F-5G 332-045,Excavator Breaker 20 Ton,AB,WS-PERBAIKAN UNIT,332-045   WELDING SAFETY CABIN,2.0
BUHUT,Aug,2026-08-12,611806004001000 000,332-045,332045,EXCAVATOR HITACHI ZX 210 F-5G 332-045,Excavator Breaker 20 Ton,AB,WS-PERBAIKAN UNIT,"332-045   GANTI CYLINDER,GANTI PISTON,RE",17.0
BUHUT,Aug,2026-08-12,641106231202932 035,312-029,312029,DUMP TRUCK HINO FM 280 JD 312-029,DT FM 260 JD,AB,WS-PERBAIKAN UNIT,"312-029   KANIBAL HOSE PTO,TUKAR AKI",6.0
BUHUT,Aug,2026-08-12,641106231203532 025,312-035,312035,DUMP TRUCK HINO FM 280 JD 312-035,DT FM 260 JD,AB,WS-PERBAIKAN UNIT,"312-035   LEPAS HOSE RADIATOR,KANIBAL RA",6.0
BUHUT,Aug,2026-08-13,641106237101431 075,371-014,371014,COMPACTOR SAKAI SV 526-D 371-014,Compactor,AB,WS-PERBAIKAN DAN MAINTENANCE UNIT,371-014   TAMBAH OLI 40,1.0
BUHUT,Aug,2026-08-13,641106233204532 035,332-045,332045,EXCAVATOR HITACHI ZX 210 F-5G 332-045,Excavator Breaker 20 Ton,AB,WS-PERBAIKAN UNIT,"332-045   CEK VALVE BREAKER,TAMBAH NITRO",1.0
BUHUT,Aug,2026-08-13,641106233205231 035,332-052,332052,EXCAVATOR HITACHI ZX 210G-5G 332-052,Excavator Breaker 20 Ton,AB,WS-PERBAIKAN UNIT,"332-052   CEK & TAMBAH NITRO,GREASING",1.0
BUHUT,Aug,2026-08-13,641106233205531 035,332-055,332055,EXCAVATOR HITACHI ZX350H-5G 332-055,Excavator Breaker 30 Ton,AB,WS-PERBAIKAN DAN MAINTENANCE UNIT,"332-055   TAMBAH NITRO,GREASING",1.0
BUHUT,Aug,2026-08-13,641106231203632 165,312-036,312036,DUMP TRUCK HINO FM 280 JD 312-036,DT FM 260 JD,AB,WS-PERBAIKAN UNIT,312-036   GANTI TYRE NO 8,4.0
BUHUT,Aug,2026-08-13,641106233203832 035,332-038,332038,EXCAVATOR HITACHI ZX 210 F-5G 332-038,Excavator Breaker 20 Ton,AB,WS-PERBAIKAN UNIT,"332-038   GANTI SEAL DIAFRAGMA,TAMBAH OL",8.0
BUHUT,Aug,2026-08-13,641106233204532 035,332-045,332045,EXCAVATOR HITACHI ZX 210 F-5G 332-045,Excavator Breaker 20 Ton,AB,WS-PERBAIKAN UNIT,332-045   LAS KRAN PIPA,1.0
BUHUT,Aug,2026-08-14,641106233204531 115,332-045,332045,EXCAVATOR HITACHI ZX 210 F-5G 332-045,Excavator Breaker 20 Ton,AB,WS-PERBAIKAN DAN MAINTENANCE UNIT,332-045   TAMBAH OLI 10,1.0
BUHUT,Aug,2026-08-14,641106237101431 075,371-014,371014,COMPACTOR SAKAI SV 526-D 371-014,Compactor,AB,WS-PERBAIKAN DAN MAINTENANCE UNIT,371-014   TAMBAH OLI 40,1.0
BUHUT,Aug,2026-08-14,641106233205531 035,332-055,332055,EXCAVATOR HITACHI ZX350H-5G 332-055,Excavator Breaker 30 Ton,AB,WS-PERBAIKAN DAN MAINTENANCE UNIT,332-055   GREASING,1.0
BUHUT,Aug,2026-08-14,641106233205231 035,332-052,332052,EXCAVATOR HITACHI ZX 210G-5G 332-052,Excavator Breaker 20 Ton,AB,WS-PERBAIKAN DAN MAINTENANCE UNIT,332-052   GREASING,1.0
BUHUT,Aug,2026-08-14,641106233204531 035,332-045,332045,EXCAVATOR HITACHI ZX 210 F-5G 332-045,Excavator Breaker 20 Ton,AB,WS-PERBAIKAN DAN MAINTENANCE UNIT,332-045   GREASING,1.0
BUHUT,Aug,2026-08-14,641106233203831 035,332-038,332038,EXCAVATOR HITACHI ZX 210 F-5G 332-038,Excavator Breaker 20 Ton,AB,WS-PERBAIKAN DAN MAINTENANCE UNIT,332-038   GREASING,1.0
BUHUT,Aug,2026-08-14,641106233203832 035,332-038,332038,EXCAVATOR HITACHI ZX 210 F-5G 332-038,Excavator Breaker 20 Ton,AB,WS-PERBAIKAN UNIT,332-038   STEL PRESURE BREAKER,1.5
BUHUT,Aug,2026-08-14,641106233205532 035,332-055,332055,EXCAVATOR HITACHI ZX350H-5G 332-055,Excavator Breaker 30 Ton,AB,WS-PERBAIKAN UNIT,332-055   STEL PRESURE OLI,1.0
BUHUT,Aug,2026-08-14,641106233203832 035,332-038,332038,EXCAVATOR HITACHI ZX 210 F-5G 332-038,Excavator Breaker 20 Ton,AB,WS-PERBAIKAN UNIT,332-038   STEL PRESURE BREAKER,1.0
BUHUT,Aug,2026-08-14,641106231203532 165,312-035,312035,DUMP TRUCK HINO FM 280 JD 312-035,DT FM 260 JD,AB,WS-PERBAIKAN UNIT,"312-035   GANTI TYRE NO 10,REPAIR VELG,G",1.5
BUHUT,Aug,2026-08-14,641106233205532 035,332-055,332055,EXCAVATOR HITACHI ZX350H-5G 332-055,Excavator Breaker 30 Ton,AB,WS-PERBAIKAN UNIT,332-055   STEL PRESURE BREAKER,1.0
BUHUT,Aug,2026-08-14,641106233204532 035,332-045,332045,EXCAVATOR HITACHI ZX 210 F-5G 332-045,Excavator Breaker 20 Ton,AB,WS-PERBAIKAN UNIT,332-045   GANTI PIPA BREAKER ARM KIRI,1.0
BUHUT,Aug,2026-08-14,641106233205232 035,332-052,332052,EXCAVATOR HITACHI ZX 210G-5G 332-052,Excavator Breaker 20 Ton,AB,WS-PERBAIKAN UNIT,332-052   LAS PIPA BREAKER,1.0
BUHUT,Aug,2026-08-14,641106233203832 035,332-038,332038,EXCAVATOR HITACHI ZX 210 F-5G 332-038,Excavator Breaker 20 Ton,AB,WS-PERBAIKAN UNIT,"332-038   REPAIR TRACK,ADJUST TRACK",10.0
BUHUT,Aug,2026-08-15,641106233204531 035,332-045,332045,EXCAVATOR HITACHI ZX 210 F-5G 332-045,Excavator Breaker 20 Ton,AB,WS-PERBAIKAN DAN MAINTENANCE UNIT,332-045   GREASING,1.5
BUHUT,Aug,2026-08-15,641106233205931 035,332-059,332059,EXCAVATOR KOMATSU PC210 332-059,Excavator Bucket,AB,WS-PERBAIKAN DAN MAINTENANCE UNIT,332-059   GREASING,1.0
BUHUT,Aug,2026-08-15,641106233205231 035,332-052,332052,EXCAVATOR HITACHI ZX 210G-5G 332-052,Excavator Breaker 20 Ton,AB,WS-PERBAIKAN DAN MAINTENANCE UNIT,332-052   GREASING,1.0
BUHUT,Aug,2026-08-15,641106231203531 035,312-035,312035,DUMP TRUCK HINO FM 280 JD 312-035,DT FM 260 JD,AB,WS-PERBAIKAN DAN MAINTENANCE UNIT,312-035   GREASING,1.0
BUHUT,Aug,2026-08-15,641106231203631 035,312-036,312036,DUMP TRUCK HINO FM 280 JD 312-036,DT FM 260 JD,AB,WS-PERBAIKAN DAN MAINTENANCE UNIT,312-036   GREASING,1.0
BUHUT,Aug,2026-08-15,641106231203532 075,312-035,312035,DUMP TRUCK HINO FM 280 JD 312-035,DT FM 260 JD,AB,WS-PERBAIKAN UNIT,312-035   SERVICE BERKALA,2.0
BUHUT,Aug,2026-08-15,641106233203832 035,332-038,332038,EXCAVATOR HITACHI ZX 210 F-5G 332-038,Excavator Breaker 20 Ton,AB,WS-PERBAIKAN UNIT,332-038   ADJUST MAIN VALVE,1.5
BUHUT,Aug,2026-08-16,641106233205531 035,332-055,332055,EXCAVATOR HITACHI ZX350H-5G 332-055,Excavator Breaker 30 Ton,AB,WS-PERBAIKAN DAN MAINTENANCE UNIT,332-055   GREASING,2.0
BUHUT,Aug,2026-08-16,641106233205231 035,332-052,332052,EXCAVATOR HITACHI ZX 210G-5G 332-052,Excavator Breaker 20 Ton,AB,WS-PERBAIKAN DAN MAINTENANCE UNIT,332-052   GREASING,2.0
BUHUT,Aug,2026-08-16,641106233203831 035,332-038,332038,EXCAVATOR HITACHI ZX 210 F-5G 332-038,Excavator Breaker 20 Ton,AB,WS-PERBAIKAN DAN MAINTENANCE UNIT,332-038   GREASING,2.0
BUHUT,Aug,2026-08-16,641106233204531 035,332-045,332045,EXCAVATOR HITACHI ZX 210 F-5G 332-045,Excavator Breaker 20 Ton,AB,WS-PERBAIKAN DAN MAINTENANCE UNIT,332-045   GREASING,2.0
BUHUT,Aug,2026-08-16,641106233205532 035,332-055,332055,EXCAVATOR HITACHI ZX350H-5G 332-055,Excavator Breaker 30 Ton,AB,WS-PERBAIKAN UNIT,"332-055   GANTI PEDAL,CEK FUSE",2.0
BUHUT,Aug,2026-08-16,641106233205231 035,332-052,332052,EXCAVATOR HITACHI ZX 210G-5G 332-052,Excavator Breaker 20 Ton,AB,WS-PERBAIKAN UNIT,"332-052   CEK NITRO,CEK PEDAL",2.0
BUHUT,Aug,2026-08-18,641106233204532 035,332-045,332045,EXCAVATOR HITACHI ZX 210 F-5G 332-045,Excavator Breaker 20 Ton,AB,WS-PERBAIKAN UNIT,332-045   KENCANGKAN THROUGHT BOLT,4.0
BUHUT,Aug,2026-08-18,641106236200232 035,362-002,362002,WHEEL LOADER XCMG ZL50GN 362-002,Wheel Loader,AB,WS-PERBAIKAN UNIT,362-002   JEMPER AKI,3.0
BUHUT,Aug,2026-08-18,641106233204532 035,332-045,332045,EXCAVATOR HITACHI ZX 210 F-5G 332-045,Excavator Breaker 20 Ton,AB,WS-PERBAIKAN UNIT,332-045   LAS LOCK PRESER BREAKER,1.0
BUHUT,Aug,2026-08-19,641106233204531 035,332-045,332045,EXCAVATOR HITACHI ZX 210 F-5G 332-045,Excavator Breaker 20 Ton,AB,WS-PERBAIKAN DAN MAINTENANCE UNIT,332-045   GREASING,1.5
BUHUT,Aug,2026-08-19,641106236200232 065,362-002,362002,WHEEL LOADER XCMG ZL50GN 362-002,Wheel Loader,AB,WS-PERBAIKAN UNIT,"362-002   JUMPER AKI,CHARGER AKI",3.0
BUHUT,Aug,2026-08-19,641106233205531 035,332-055,332055,EXCAVATOR HITACHI ZX350H-5G 332-055,Excavator Breaker 30 Ton,AB,WS-PERBAIKAN DAN MAINTENANCE UNIT,332-055   GREASING,1.0
BUHUT,Aug,2026-08-19,641106233205232 035,332-052,332052,EXCAVATOR HITACHI ZX 210G-5G 332-052,Excavator Breaker 20 Ton,AB,WS-PERBAIKAN UNIT,"332-052   GANTI BELT,GREASING,STEL PRESU",1.0
BUHUT,Aug,2026-08-19,641106233205232 035,332-052,332052,EXCAVATOR HITACHI ZX 210G-5G 332-052,Excavator Breaker 20 Ton,AB,WS-PERBAIKAN DAN MAINTENANCE UNIT,332-052   TAMBAH NITRO,1.0
BUHUT,Aug,2026-08-20,641106233204532 035,332-045,332045,EXCAVATOR HITACHI ZX 210 F-5G 332-045,Excavator Breaker 20 Ton,AB,WS-PERBAIKAN UNIT,"332-045   GANTI PIPA PRESURE HYD,TAMBAH",2.0
BUHUT,Aug,2026-08-20,641106233205231 035,332-052,332052,EXCAVATOR HITACHI ZX 210G-5G 332-052,Excavator Breaker 20 Ton,AB,WS-PERBAIKAN DAN MAINTENANCE UNIT,332-052   GREASING,2.0
BUHUT,Aug,2026-08-20,641106233205531 035,332-055,332055,EXCAVATOR HITACHI ZX350H-5G 332-055,Excavator Breaker 30 Ton,AB,WS-PERBAIKAN DAN MAINTENANCE UNIT,332-055   GREASING,2.0
BUHUT,Aug,2026-08-20,641106233204532 035,332-045,332045,EXCAVATOR HITACHI ZX 210 F-5G 332-045,Excavator Breaker 20 Ton,AB,WS-PERBAIKAN UNIT,332-045   CEK KEBOCORAN SELENOID VALVE,1.5
BUHUT,Aug,2026-08-20,641106233204532 035,332-045,332045,EXCAVATOR HITACHI ZX 210 F-5G 332-045,Excavator Breaker 20 Ton,AB,WS-PERBAIKAN UNIT,332-045   KANIBAL HOSE BREAKER DARI 40,1.0
BUHUT,Aug,2026-08-20,641106231202932 035,312-029,312029,DUMP TRUCK HINO FM 280 JD 312-029,DT FM 260 JD,AB,WS-PERBAIKAN UNIT,"312-029   GANTI AKI,WELDING DUDUKAN KUPU",10.0
BUHUT,Aug,2026-08-20,641106233205532 035,332-055,332055,EXCAVATOR HITACHI ZX350H-5G 332-055,Excavator Breaker 30 Ton,AB,WS-PERBAIKAN UNIT,"332-055   WELDING PIPA BREAKER,CEK KEBOC",1.5
BUHUT,Aug,2026-08-21,641106233204531 035,332-045,332045,EXCAVATOR HITACHI ZX 210 F-5G 332-045,Excavator Breaker 20 Ton,AB,WS-PERBAIKAN DAN MAINTENANCE UNIT,332-045   GREASING,2.0
BUHUT,Aug,2026-08-21,641106233205231 035,332-052,332052,EXCAVATOR HITACHI ZX 210G-5G 332-052,Excavator Breaker 20 Ton,AB,WS-PERBAIKAN DAN MAINTENANCE UNIT,332-052   GREASING,2.0
BUHUT,Aug,2026-08-21,641106233205531 035,332-055,332055,EXCAVATOR HITACHI ZX350H-5G 332-055,Excavator Breaker 30 Ton,AB,WS-PERBAIKAN DAN MAINTENANCE UNIT,332-055   GREASING,2.0
BUHUT,Aug,2026-08-21,641106233205532 035,332-055,332055,EXCAVATOR HITACHI ZX350H-5G 332-055,Excavator Breaker 30 Ton,AB,WS-PERBAIKAN UNIT,"332-055   PASANG KARET LOCK PIN,LEM KARE",1.0
BUHUT,Aug,2026-08-21,641106236200232 035,362-002,362002,WHEEL LOADER XCMG ZL50GN 362-002,Wheel Loader,AB,WS-PERBAIKAN UNIT,362-002   PASANG ALTERNATOR (REPAIR),4.0
BUHUT,Aug,2026-08-22,641106233205231 035,332-052,332052,EXCAVATOR HITACHI ZX 210G-5G 332-052,Excavator Breaker 20 Ton,AB,WS-PERBAIKAN DAN MAINTENANCE UNIT,332-052   GREASING,1.0
BUHUT,Aug,2026-08-22,641106236200231 115,362-002,362002,WHEEL LOADER XCMG ZL50GN 362-002,Wheel Loader,AB,WS-PERBAIKAN DAN MAINTENANCE UNIT,362-002   TAMBAH OLI 10,0.5
BUHUT,Aug,2026-08-22,641106231203632 075,312-036,312036,DUMP TRUCK HINO FM 280 JD 312-036,DT FM 260 JD,AB,WS-PERBAIKAN UNIT,312-036   SERVICE BERKALA,1.0
BUHUT,Aug,2026-08-22,641106233205531 035,332-055,332055,EXCAVATOR HITACHI ZX350H-5G 332-055,Excavator Breaker 30 Ton,AB,WS-PERBAIKAN DAN MAINTENANCE UNIT,332-055   TAMBAH OLI 10,1.0
BUHUT,Aug,2026-08-22,641106233204531 035,332-045,332045,EXCAVATOR HITACHI ZX 210 F-5G 332-045,Excavator Breaker 20 Ton,AB,WS-PERBAIKAN DAN MAINTENANCE UNIT,332-045   GREASING,1.0
BUHUT,Aug,2026-08-22,641106236200232 065,362-002,362002,WHEEL LOADER XCMG ZL50GN 362-002,Wheel Loader,AB,WS-PERBAIKAN UNIT,362-002   JUMPER AKI,1.0
BUHUT,Aug,2026-08-22,641106231203632 035,312-036,312036,DUMP TRUCK HINO FM 280 JD 312-036,DT FM 260 JD,AB,WS-PERBAIKAN UNIT,"312-036   LEPAS HOSE HYD PTO,TAMBAH OLI",1.0
BUHUT,Aug,2026-08-22,641106233205232 015,332-052,332052,EXCAVATOR HITACHI ZX 210G-5G 332-052,Excavator Breaker 20 Ton,AB,WS-PERBAIKAN UNIT,"332-052   GANTI TENSIONER,GANTI BELT AC",2.0
BUHUT,Aug,2026-08-22,641106231203532 035,312-035,312035,DUMP TRUCK HINO FM 280 JD 312-035,DT FM 260 JD,AB,WS-PERBAIKAN UNIT,312-035   INSTAL LOCK PIN DUMP CLY,2.0
BUHUT,Aug,2026-08-23,641106233204532 065,332-045,332045,EXCAVATOR HITACHI ZX 210 F-5G 332-045,Excavator Breaker 20 Ton,AB,WS-PERBAIKAN UNIT,"332-045   CEK PANEL MONITOR,CEK KELISTRI",3.0
BUHUT,Aug,2026-08-23,641106233205232 015,332-052,332052,EXCAVATOR HITACHI ZX 210G-5G 332-052,Excavator Breaker 20 Ton,AB,WS-PERBAIKAN UNIT,332-052   GANTI KOMPRESOR AC,3.0
BUHUT,Aug,2026-08-23,641106231203632 025,312-036,312036,DUMP TRUCK HINO FM 280 JD 312-036,DT FM 260 JD,AB,WS-PERBAIKAN UNIT,"312-036   INSTAL RADIATOR,ISI AIR COOLAN",3.0
BUHUT,Aug,2026-08-23,641106233204532 035,332-045,332045,EXCAVATOR HITACHI ZX 210 F-5G 332-045,Excavator Breaker 20 Ton,AB,WS-PERBAIKAN UNIT,332-045   PASANG LOCK PIN LINK H,1.5
BUHUT,Aug,2026-08-23,641106231203532 035,312-035,312035,DUMP TRUCK HINO FM 280 JD 312-035,DT FM 260 JD,AB,WS-PERBAIKAN UNIT,"312-035   PASANG HOSE PTO,TAMBAH OLI 10",1.5
BUHUT,Aug,2026-08-24,641106233204532 035,332-045,332045,EXCAVATOR HITACHI ZX 210 F-5G 332-045,Excavator Breaker 20 Ton,AB,WS-PERBAIKAN UNIT,"332-045   WELDING PIPA ROOD CLY,TAMBAH O",4.0
BUHUT,Aug,2026-08-24,641106233205231 035,332-052,332052,EXCAVATOR HITACHI ZX 210G-5G 332-052,Excavator Breaker 20 Ton,AB,WS-PERBAIKAN DAN MAINTENANCE UNIT,332-052   TAMBAH NITRO,1.0
BUHUT,Aug,2026-08-24,641106233205532 035,332-055,332055,EXCAVATOR HITACHI ZX350H-5G 332-055,Excavator Breaker 30 Ton,AB,WS-PERBAIKAN UNIT,332-055   PASANG SAFETY PIPA BREAKER,1.5
BUHUT,Aug,2026-08-26,641106233203832 155,332-038,332038,EXCAVATOR HITACHI ZX 210 F-5G 332-038,Excavator Breaker 20 Ton,AB,WS-PERBAIKAN UNIT,"332-038   PASANG TRACK RH,GANTI ROLLER &",17.0
BUHUT,Aug,2026-08-26,641106236200231 075,362-002,362002,WHEEL LOADER XCMG ZL50GN 362-002,Wheel Loader,AB,WS-PERBAIKAN DAN MAINTENANCE UNIT,362-002   TAMBAH OLI 40,1.0
BUHUT,Aug,2026-08-26,641106235101432 065,351-014,351014,GRADER XCMG GR-135 351-014,Grader,AB,WS-PERBAIKAN UNIT,351-014   JUMPER AKI,1.5
BUHUT,Aug,2026-08-26,641106237101431 035,371-014,371014,COMPACTOR SAKAI SV 526-D 371-014,Compactor,AB,WS-PERBAIKAN DAN MAINTENANCE UNIT,"371-014   JUMPER AKI,TAMBAH OLI 40",2.0
BUHUT,Aug,2026-08-26,641106233205531 035,332-055,332055,EXCAVATOR HITACHI ZX350H-5G 332-055,Excavator Breaker 30 Ton,AB,WS-PERBAIKAN DAN MAINTENANCE UNIT,"332-055   TAMBAH,BANTALAN PIPA,KENCANGKA",1.5
BUHUT,Aug,2026-08-26,641106233204532 035,332-045,332045,EXCAVATOR HITACHI ZX 210 F-5G 332-045,Excavator Breaker 20 Ton,AB,WS-PERBAIKAN UNIT,"332-045   CEK NITRO,CEK BREAKER,GANTI PI",1.0
BUHUT,Aug,2026-08-26,641106235101432 165,351-014,351014,GRADER XCMG GR-135 351-014,Grader,AB,WS-PERBAIKAN UNIT,351-014   GANTI TYRE NO 4,1.0
BUHUT,Aug,2026-08-27,641106235101431 035,351-014,351014,GRADER XCMG GR-135 351-014,Grader,AB,WS-PERBAIKAN DAN MAINTENANCE UNIT,351-014   GREASING,1.5
BUHUT,Aug,2026-08-27,641106235101432 065,351-014,351014,GRADER XCMG GR-135 351-014,Grader,AB,WS-PERBAIKAN UNIT,"351-014   GANTI BATERY,REPAIR DUDUKAN BA",2.0
BUHUT,Aug,2026-08-27,641106233205931 035,332-059,332059,EXCAVATOR KOMATSU PC210 332-059,Excavator Bucket,AB,WS-PERBAIKAN DAN MAINTENANCE UNIT,332-059   GREASING,1.0
BUHUT,Aug,2026-08-27,641106233205531 035,332-055,332055,EXCAVATOR HITACHI ZX350H-5G 332-055,Excavator Breaker 30 Ton,AB,WS-PERBAIKAN DAN MAINTENANCE UNIT,332-055   GREASING,1.0
BUHUT,Aug,2026-08-27,641106233205232 035,332-052,332052,EXCAVATOR HITACHI ZX 210G-5G 332-052,Excavator Breaker 20 Ton,AB,WS-PERBAIKAN UNIT,"332-052   LEPAS COVER BREAKER,GANTI RUBB",12.0
BUHUT,Aug,2026-08-27,641106233205232 035,332-052,332052,EXCAVATOR HITACHI ZX 210G-5G 332-052,Excavator Breaker 20 Ton,AB,WS-PERBAIKAN UNIT,332-052   SERVICE BERKALA,5.0
BUHUT,Aug,2026-08-27,641106233205532 035,332-055,332055,EXCAVATOR HITACHI ZX350H-5G 332-055,Excavator Breaker 30 Ton,AB,WS-PERBAIKAN UNIT,332-055   WELDING PIPA BREAKER,1.5
BUHUT,Aug,2026-08-28,641106231203631 025,312-036,312036,DUMP TRUCK HINO FM 280 JD 312-036,DT FM 260 JD,AB,WS-PERBAIKAN DAN MAINTENANCE UNIT,312-036   TAMBAH AIR RADIATOR,0.5
BUHUT,Aug,2026-08-28,641106235101432 035,351-014,351014,GRADER XCMG GR-135 351-014,Grader,AB,WS-PERBAIKAN UNIT,351-014   KENCANGKAN NUT TANGKI,3.0
BUHUT,Aug,2026-08-28,641106231202632 035,312-026,312026,DUMP TRUCK HINO FM 280 JD 312-026,DT FM 260 JD,AB,WS-PERBAIKAN UNIT,312-026   GANTI VALVE CHEMBER,2.0
BUHUT,Aug,2026-08-29,641106233205532 035,332-055,332055,EXCAVATOR HITACHI ZX350H-5G 332-055,Excavator Breaker 30 Ton,AB,WS-PERBAIKAN UNIT,332-055   GANTI BREAKER SPARE,17.5
BUHUT,Aug,2026-08-29,641106233205532 035,332-055,332055,EXCAVATOR HITACHI ZX350H-5G 332-055,Excavator Breaker 30 Ton,AB,WS-PERBAIKAN UNIT,"332-055   CEK PRESURE NITRO,ADJUST SELEN",1.0
BUHUT,Aug,2026-08-30,641106233205532 035,332-055,332055,EXCAVATOR HITACHI ZX350H-5G 332-055,Excavator Breaker 30 Ton,AB,WS-PERBAIKAN UNIT,332-055   ADJUST PRESURE BREAKER,1.5
BUHUT,Aug,2026-08-30,641106233203832 155,332-038,332038,EXCAVATOR HITACHI ZX 210 F-5G 332-038,Excavator Breaker 20 Ton,AB,WS-PERBAIKAN UNIT,"332-038   INSTAL TRACK LH,ADJUST TRACK",17.0
BUHUT,Aug,2026-08-31,641106233205532 035,332-055,332055,EXCAVATOR HITACHI ZX350H-5G 332-055,Excavator Breaker 30 Ton,AB,WS-PERBAIKAN UNIT,"332-055   GANTI THROUGHT BOLT,TAMBAH OLI",8.0
BUHUT,Aug,2026-08-31,641106233205532 035,332-055,332055,EXCAVATOR HITACHI ZX350H-5G 332-055,Excavator Breaker 30 Ton,AB,WS-PERBAIKAN UNIT,332-055   ADJUST PRESURE ATAS,3.0
KUMAI,Aug,2026-08-01,641104142200132 075,422-001,,,,,WS-PERBAIKAN UNIT,422-001 MODIF KONEKTOR HOSE RADIATOR,12.0
KUMAI,Aug,2026-08-01,641104132202331 075,322-023,322023,CRAWLER DUMPER PD - 5000TA 322-023,Crawler,AB,WS-PERBAIKAN DAN MAINTENANCE UNIT,322-023 SERVICE BERKALA UNIT,3.0
KUMAI,Aug,2026-08-01,641104127200132 045,272-001,272001,ARM ROLL ISUZU NPS 81 272-001,Arm Roll,TR,WS-PERBAIKAN UNIT,272-001 PERBAIKAN SEAL REM,4.0
KUMAI,Aug,2026-08-01,641104125400532 135,254-005,254005,DUMP TRUCK ISUZU NPS 81 254-005,Isuzu Elf,TR,WS-PERBAIKAN UNIT,254-005 PERBAIKAN GANTI SPRING,6.0
KUMAI,Aug,2026-08-01,641104133203132 075,332-031,332031,EXCAVATOR HITACHI ZX130-5G 332-031,Excavator ZX-130,AB,WS-PERBAIKAN UNIT,332-031 PERBAIKAN UNIT TIDAK BISA RUNNIN,2.0
KUMAI,Aug,2026-08-01,641104127200332 055,272-003,272003,ARMROLL HINO 136 HDX 272-003,Arm Roll,TR,WS-PERBAIKAN UNIT,272-003 GANTI AS PENYETELAN GARDAN,10.0
KUMAI,Aug,2026-08-01,641104134100132 075,341-001,341001,BULLDOZER KOMATSU D31P-20 341-001,Bulldozer,AB,WS-PERBAIKAN UNIT,341-001 PERBAIKAN UNIT MASUK ANGIN,2.0
KUMAI,Aug,2026-08-01,641104133202832 115,332-028,332028,EXCAVATOR KOBELCO SK200-10 332-028,Excavator All in,AB,WS-PERBAIKAN UNIT,332-028 PERBAIKAN UNIT TIDAK MAU HIDUP,4.0
KUMAI,Aug,2026-08-01,641104132200832 115,322-008,322008,CRAWLER DUMPER PD5000TA 322-008,Crawler,AB,WS-PERBAIKAN UNIT,322-008 STEL PRESURE,2.0
KUMAI,Aug,2026-08-01,641104125400132 135,254-001,254001,DUMP TRUCK ISUZU NPS 254-001,Isuzu Elf,TR,WS-PERBAIKAN UNIT,254-001 PASANG KONTROL SPRING,2.0
KUMAI,Aug,2026-08-01,641104132200932 065,322-009,322009,CROWN KD 5000 HZL 322-009,Crawler,AB,WS-PERBAIKAN UNIT,322-009 RUNNING+CEK JALUR PENGISIAN,2.0
KUMAI,Aug,2026-08-01,641104133202832 115,332-028,332028,EXCAVATOR KOBELCO SK200-10 332-028,Excavator All in,AB,WS-PERBAIKAN UNIT,332-028 CEK REMBESAN OLI HYD,1.0
KUMAI,Aug,2026-08-01,641104132200832 155,322-008,322008,CRAWLER DUMPER PD5000TA 322-008,Crawler,AB,WS-PERBAIKAN UNIT,322-008 STEL TRACK YANG KENDOR,1.0
KUMAI,Aug,2026-08-01,641104125400632 135,254-006,254006,DUMP TRUCK ISUZU NPS 81 254-006,Isuzu Elf,TR,WS-PERBAIKAN UNIT,254-006 GANTI SPRING & CENTER BOLT,4.0
KUMAI,Aug,2026-08-01,641104125400631 075,254-006,254006,DUMP TRUCK ISUZU NPS 81 254-006,Isuzu Elf,TR,WS-PERBAIKAN DAN MAINTENANCE UNIT,254-006 SERVICE BERKALA UNIT,2.0
KUMAI,Aug,2026-08-01,641104142200732 065,422-007,,,,,WS-PERBAIKAN UNIT,422-007 PASANG DINAMO STATER+RUNNING,19.0
KUMAI,Aug,2026-08-01,641104127200231 075,272-002,272002,ARM ROLL ISUZU NPS 81 272-002,Arm Roll,TR,WS-PERBAIKAN DAN MAINTENANCE UNIT,272-002 SERVICE BERKALA UNIT,1.0
KUMAI,Aug,2026-08-01,641104132200832 115,322-008,322008,CRAWLER DUMPER PD5000TA 322-008,Crawler,AB,WS-PERBAIKAN UNIT,322-008 LANJUT GANTI GEAR PUMP,2.0
KUMAI,Aug,2026-08-01,641104133202832 065,332-028,332028,EXCAVATOR KOBELCO SK200-10 332-028,Excavator All in,AB,WS-PERBAIKAN UNIT,332-028 PERBAIKAN UNIT TIDAK BISA HIDUP,3.0
KUMAI,Aug,2026-08-02,641104125106132 055,251-061,251061,DUMP TRUCK HINO 136 HDX DA 8707 JL 251-061,DT Hino,TR,WS-PERBAIKAN UNIT,251-061 EVAKUASI UNIT AS PENDEK PATAH,8.0
KUMAI,Aug,2026-08-02,641104125106132 055,251-061,251061,DUMP TRUCK HINO 136 HDX DA 8707 JL 251-061,DT Hino,TR,WS-PERBAIKAN UNIT,251-061 EVAKUASI UNIT AS PENDEK,6.0
KUMAI,Aug,2026-08-02,641104125106232 055,251-062,251062,DUMP TRUCK HINO 136 HDX 251-062,DT Hino,TR,WS-PERBAIKAN UNIT,251-062 PERBAIKAN GANTI AS PENDEK,6.0
KUMAI,Aug,2026-08-02,641104125400632 145,254-006,254006,DUMP TRUCK ISUZU NPS 81 254-006,Isuzu Elf,TR,WS-PERBAIKAN UNIT,254-006 PERBAIKAN DOUBLE TIDAK MAU MASUK,2.0
KUMAI,Aug,2026-08-02,641104125400632 145,254-006,254006,DUMP TRUCK ISUZU NPS 81 254-006,Isuzu Elf,TR,WS-PERBAIKAN UNIT,254-006 PERBAIKAN DOUBLE BERAT,2.0
KUMAI,Aug,2026-08-03,641104125105832 055,251-058,251058,DUMP TRUCK HINO 130HD 251-058,DT Hino,TR,WS-PERBAIKAN UNIT,251-058 GANTI SPRING DEPAN PATAH,4.0
KUMAI,Aug,2026-08-03,641104125400432 075,254-004,254004,DUMP TRUCK ISUZU NPS 81 254-004,Isuzu Elf,TR,WS-PERBAIKAN UNIT,254-004 PERBAIKAN DOUBLE LOW,3.0
KUMAI,Aug,2026-08-03,641104125400632 065,254-006,254006,DUMP TRUCK ISUZU NPS 81 254-006,Isuzu Elf,TR,WS-PERBAIKAN UNIT,254-006 PERBAIKAN VAKUM ALTERNATOR,2.0
KUMAI,Aug,2026-08-03,641104132100732 165,321-007,321007,FARM TRACTOR KUBOTA M9540 321-007,FT,AB,WS-PERBAIKAN UNIT,321-007 GANTI BAN TRAILER BAGIAN DALAM,1.0
KUMAI,Aug,2026-08-03,641104127200232 075,272-002,272002,ARM ROLL ISUZU NPS 81 272-002,Arm Roll,TR,WS-PERBAIKAN UNIT,272-002 UNINSTAL FIP+ASSEMBLY FIP,21.0
KUMAI,Aug,2026-08-03,641104127200532 135,272-005,272005,ARM ROLL HINO 136 HDX 272-005,Arm Roll,TR,WS-PERBAIKAN UNIT,272-005 GANTI SPRING HELPER DAN CENTER B,11.0
KUMAI,Aug,2026-08-03,641104125400832 145,254-008,254008,DUMP TRUCK HINO 130 HD 4X4 254-008,DT Hino,TR,WS-PERBAIKAN UNIT,254-008 PERBAIKAN KAMPAS KOPLING,7.0
KUMAI,Aug,2026-08-03,641104132201632 145,322-016,322016,CRAWLER DUMPER PD5000TA 322-016,Crawler,AB,WS-PERBAIKAN UNIT,322-016 GANTI KAMPAS KOPLING,13.0
KUMAI,Aug,2026-08-03,641104132201231 075,322-012,322012,CRAWLER DUMPER PD5000TA 322-012,Crawler,AB,WS-PERBAIKAN DAN MAINTENANCE UNIT,322-012 SERVICE BERKALA UNIT,6.0
KUMAI,Aug,2026-08-03,641104125106231 075,251-062,251062,DUMP TRUCK HINO 136 HDX 251-062,DT Hino,TR,WS-PERBAIKAN DAN MAINTENANCE UNIT,251-062 SERVICE BERKALA UNIT,5.0
KUMAI,Aug,2026-08-03,641104127200132 045,272-001,272001,ARM ROLL ISUZU NPS 81 272-001,Arm Roll,TR,WS-PERBAIKAN UNIT,272-001 ADJUST BRAKE,4.0
KUMAI,Aug,2026-08-03,641104132202332 075,322-023,322023,CRAWLER DUMPER PD - 5000TA 322-023,Crawler,AB,WS-PERBAIKAN UNIT,322-023 PERBAIKAN SOLAR REMBES,2.0
KUMAI,Aug,2026-08-03,641104132202532 145,322-025,322025,CRAWLER DUMPER PD-5000 322-025,Crawler,AB,WS-PERBAIKAN UNIT,322-025 CEK TRANSMISI SUSAH MASUK,2.0
KUMAI,Aug,2026-08-03,641104132200732 075,322-007,322007,CRAWLER DUMPER PD5000TA 322-007,Crawler,AB,WS-PERBAIKAN UNIT,322-007  EXHOUSE MANIFOL,3.0
KUMAI,Aug,2026-08-03,641104125400932 075,254-009,254009,DUMP TRUCK ISUZU NKR 71  B 9853 BDG 254-009,Isuzu Elf,TR,WS-PERBAIKAN UNIT,254-009 PERBAIKAN UNIT MASUK ANGIN DI PK,7.0
KUMAI,Aug,2026-08-03,641104125400832 075,254-008,254008,DUMP TRUCK HINO 130 HD 4X4 254-008,DT Hino,TR,WS-PERBAIKAN UNIT,254-008 PERBAIKAN KOMPRESOR DOUBLE,2.0
KUMAI,Aug,2026-08-03,641104125400532 165,254-005,254005,DUMP TRUCK ISUZU NPS 81 254-005,Isuzu Elf,TR,WS-PERBAIKAN UNIT,254-005 GANTI HUB RR LH,10.0
KUMAI,Aug,2026-08-03,641104125106232 035,251-062,251062,DUMP TRUCK HINO 136 HDX 251-062,DT Hino,TR,WS-PERBAIKAN UNIT,251-062 CEK UNIT RODA PANAS,2.0
KUMAI,Aug,2026-08-03,641104132202832 065,322-028,322028,CRAWLER DUMPER PD-5000 322-028,Crawler,AB,WS-PERBAIKAN UNIT,322-028 CEK UNIT HM MATI,2.0
KUMAI,Aug,2026-08-03,641104132200732 075,322-007,322007,CRAWLER DUMPER PD5000TA 322-007,Crawler,AB,WS-PERBAIKAN UNIT,322-007 LAS MUFLER UNIT,2.0
KUMAI,Aug,2026-08-03,641104142200732 035,422-007,,,,,WS-PERBAIKAN UNIT,422-007 RUNNING PONTON DI 58 BOUNDRI,6.0
KUMAI,Aug,2026-08-04,641104125400232 055,254-002,254002,DUMP TRUCK ISUZU NPS 254-002,Isuzu Elf,TR,WS-PERBAIKAN UNIT,254-002 GANTI STUD BOLT,7.0
KUMAI,Aug,2026-08-04,641104133202032 035,332-020,332020,EXCAVATOR KOBELCO SK200-10 332-020,Excavator All in,AB,WS-PERBAIKAN UNIT,332-020 PELEPASAN LOCK PEN BUCKET,3.0
KUMAI,Aug,2026-08-04,641104127200232 055,272-002,272002,ARM ROLL ISUZU NPS 81 272-002,Arm Roll,TR,WS-PERBAIKAN UNIT,272-002 GANTI SEAL GARDAN BELAKANG,8.0
KUMAI,Aug,2026-08-04,641104133203132 035,332-031,332031,EXCAVATOR HITACHI ZX130-5G 332-031,Excavator ZX-130,AB,WS-PERBAIKAN UNIT,332-031 PENGELASAN KUKU BUCKET,10.0
KUMAI,Aug,2026-08-04,641104132201632 145,322-016,322016,CRAWLER DUMPER PD5000TA 322-016,Crawler,AB,WS-PERBAIKAN UNIT,322-016 GANTI RELEASE BEARING,5.0
KUMAI,Aug,2026-08-04,641104127200532 135,275-005,,,,,WS-PERBAIKAN UNIT,275-005 GANTI CENTERBOLT BELAKANG,6.0
KUMAI,Aug,2026-08-04,641104133204332 065,332-043,332043,EXCAVATOR HITACHI ZX138 M-F 332-043,Excavator ZX-130,AB,WS-PERBAIKAN UNIT,332-043 PEMASANGAN LAMPU,2.0
KUMAI,Aug,2026-08-04,641104142200732 075,422-007,,,,,WS-PERBAIKAN UNIT,422-007 RUNNING UNIT PONTON,4.0
KUMAI,Aug,2026-08-04,641104125400332 135,254-003,254003,DUMP TRUCK ISUZU NPS 254-003,Isuzu Elf,TR,WS-PERBAIKAN UNIT,254-003 GANTI SPRING BAN RH,10.0
KUMAI,Aug,2026-08-04,641104125400731 075,254-007,254007,DUMP TRUCK HINO 130 HD 4X4 254-007,DT Hino,TR,WS-PERBAIKAN UNIT,254-007 SERVICE BERKALA UNIT,10.0
KUMAI,Aug,2026-08-04,641104127200432 065,272-004,272004,ARM ROLL HINO 136 HDX 272-004,Arm Roll,TR,WS-PERBAIKAN UNIT,272-004 PEMASANGAN HM,1.0
KUMAI,Aug,2026-08-04,641104142200732 075,422-007,,,,,WS-PERBAIKAN UNIT,422-007 RUNNING ENGINE PONTON,10.0
KUMAI,Aug,2026-08-04,641104142200832 075,422-008,,,,,WS-PERBAIKAN UNIT,422-008 RUNNING ENGINE PONTON,4.0
KUMAI,Aug,2026-08-04,641104133204632 075,332-046,332046,EXCAVATOR HITACHI ZX 138 MF-5G 332-046,Excavator ZX-130,AB,WS-PERBAIKAN UNIT,332-046 BANTU PASANG RELEASE BEARING,3.0
KUMAI,Aug,2026-08-04,641104142200432 075,422-004,,,,,WS-PERBAIKAN UNIT,422-004 RUNNING ENGINE PONTON,14.0
KUMAI,Aug,2026-08-04,641104125106232 135,251-062,251062,DUMP TRUCK HINO 136 HDX 251-062,DT Hino,TR,WS-PERBAIKAN UNIT,251-062 PERBAIKAN SPRING BELAKANG PATAH,2.0
KUMAI,Aug,2026-08-04,641104133204332 155,332-043,332043,EXCAVATOR HITACHI ZX138 M-F 332-043,Excavator ZX-130,AB,WS-PERBAIKAN UNIT,332-043 LAS PIN TRACK LINK,4.0
KUMAI,Aug,2026-08-04,641104127200232 055,272-002,272002,ARM ROLL ISUZU NPS 81 272-002,Arm Roll,TR,WS-PERBAIKAN UNIT,272-002 CEK REMBESAN SEAL GARDAN,8.0
KUMAI,Aug,2026-08-04,641104142200332 075,422-003,,,,,WS-PERBAIKAN UNIT,422-003 RUNNING ENGINE PONTON,2.0
KUMAI,Aug,2026-08-04,641104142200232 075,422-002,,,,,WS-PERBAIKAN UNIT,422-002 RUNNING ENGINE PONTON,4.0
KUMAI,Aug,2026-08-04,641104125400632 165,254-006,254006,DUMP TRUCK ISUZU NPS 81 254-006,Isuzu Elf,TR,WS-PERBAIKAN UNIT,254-006 PERBAIKAN BAUT HUB PECAH,6.0
KUMAI,Aug,2026-08-04,641104125400332 055,254-003,254003,DUMP TRUCK ISUZU NPS 254-003,Isuzu Elf,TR,WS-PERBAIKAN UNIT,254-003 GANTI UNIVERSAL JOINT,6.0
KUMAI,Aug,2026-08-04,661204000000095 080,,,,,,WS-PERBAIKAN UNIT,1-RUNNIG ENGNE PONTON,4.0
KUMAI,Aug,2026-08-04,661204000000095 080,,,,,,WS-PERBAIKAN UNIT,1-RUNNING ENGINE PONTON,1.0
KUMAI,Aug,2026-08-04,641104132201632 145,322-016,322016,CRAWLER DUMPER PD5000TA 322-016,Crawler,AB,WS-PERBAIKAN UNIT,322-016 STELKOLING DAN TES UNIT,3.0
KUMAI,Aug,2026-08-04,661204000000095 080,,,,,,WS-PERBAIKAN UNIT,1-RUNNING ENGINE PONTON,1.0
KUMAI,Aug,2026-08-04,641104142200632 075,422-006,,,,,WS-PERBAIKAN UNIT,422-006 RUNNING ENGINE PONTON,2.0
KUMAI,Aug,2026-08-04,641104127200232 075,272-002,272002,ARM ROLL ISUZU NPS 81 272-002,Arm Roll,TR,WS-PERBAIKAN UNIT,272-002 EVAKUASI SUPPLY PUMP BERMASALAH,4.0
KUMAI,Aug,2026-08-05,641104127200331 075,272-003,272003,ARMROLL HINO 136 HDX 272-003,Arm Roll,TR,WS-PERBAIKAN DAN MAINTENANCE UNIT,272-003 SERVICE BERKALA UNIT,8.0
KUMAI,Aug,2026-08-05,641104132201931 075,322-019,322019,CRAWLER DUMPER PD-5000 TA 322-019,Crawler,AB,WS-PERBAIKAN DAN MAINTENANCE UNIT,322-019 SERVICE BERKALA UNIT,3.0
KUMAI,Aug,2026-08-05,641104142200932 075,422-009,,,,,WS-PERBAIKAN UNIT,422-009 RUNNING ENGINE PONTON,2.5
KUMAI,Aug,2026-08-05,641104127200232 075,272-002,272002,ARM ROLL ISUZU NPS 81 272-002,Arm Roll,TR,WS-PERBAIKAN UNIT,272-002 UNINSTAL SUPPLY PUMP,10.0
KUMAI,Aug,2026-08-05,641104125400632 055,254-006,254006,DUMP TRUCK ISUZU NPS 81 254-006,Isuzu Elf,TR,WS-PERBAIKAN UNIT,254-006 LANJUT PENGELASAN BAUT HUB,6.0
KUMAI,Aug,2026-08-05,641104136101232 165,361-012,361012,BACKHOE LOADER CATERPILLAR 416 F 361-012,TLB,AB,WS-PERBAIKAN UNIT,361-012 GANTI RODA DEPAN KIRI KANAN,8.0
KUMAI,Aug,2026-08-05,641104132203032 075,322-030,322030,CRAWLER DUMPER PD-5000 322-030,Crawler,AB,WS-PERBAIKAN UNIT,322-030 PERBAIKAN ENGINE MOUNTING,3.0
KUMAI,Aug,2026-08-05,641104142200432 075,422-004,,,,,WS-PERBAIKAN UNIT,422-004 RUNNING ENGINE PONTON,2.0
KUMAI,Aug,2026-08-05,641104142200832 075,422-008,,,,,WS-PERBAIKAN UNIT,422-008 RUNNING ENGINE PONTON,2.0
KUMAI,Aug,2026-08-05,641104132100632 035,321-006,321006,FARM TRACTOR KUBOTA M9540 321-006,FT,AB,WS-PERBAIKAN UNIT,321-006 GANTI PIPA REM BOCOR,4.0
KUMAI,Aug,2026-08-05,641104142200332 075,422-003,,,,,WS-PERBAIKAN UNIT,422-003 RUNNING PONTON,4.5
KUMAI,Aug,2026-08-05,641104142200332 075,422-003,,,,,WS-PERBAIKAN UNIT,422-003 RUNNING ENGINE PONTON,4.0
KUMAI,Aug,2026-08-05,641104125400831 075,254-008,254008,DUMP TRUCK HINO 130 HD 4X4 254-008,DT Hino,TR,WS-PERBAIKAN DAN MAINTENANCE UNIT,254-008 SERVICE BERKALA UNIT,3.0
KUMAI,Aug,2026-08-05,641104125400631 075,254-006,254006,DUMP TRUCK ISUZU NPS 81 254-006,Isuzu Elf,TR,WS-PERBAIKAN DAN MAINTENANCE UNIT,254-006 SERVICE BERKALA UNIT,3.0
KUMAI,Aug,2026-08-05,641104132201332 155,322-013,322013,CARWLER DUMPER PD5000TA 322-013,Crawler,AB,WS-PERBAIKAN UNIT,322-013 PERBAIKAN TRACK LEPAS KANAN KIRI,4.0
KUMAI,Aug,2026-08-05,641104127200532 035,272-005,272005,ARM ROLL HINO 136 HDX 272-005,Arm Roll,TR,WS-PERBAIKAN UNIT,272-005 LAS PENGUNCI BIN PATAH,2.0
KUMAI,Aug,2026-08-05,641104125400832 135,254-008,254008,DUMP TRUCK HINO 130 HD 4X4 254-008,DT Hino,TR,WS-PERBAIKAN UNIT,254-008 GANTI SEPRING BELAKANG,4.0
KUMAI,Aug,2026-08-05,641104127200232 075,272-002,272002,ARM ROLL ISUZU NPS 81 272-002,Arm Roll,TR,WS-PERBAIKAN UNIT,272-002 INSTAL SUPPLY PUMP,10.0
KUMAI,Aug,2026-08-05,641104132201232 075,322-012,322012,CRAWLER DUMPER PD5000TA 322-012,Crawler,AB,WS-PERBAIKAN UNIT,322-012 GANTI HOSE RADIATOR PECAH,1.0
KUMAI,Aug,2026-08-05,641104125400832 135,254-008,254008,DUMP TRUCK HINO 130 HD 4X4 254-008,DT Hino,TR,WS-PERBAIKAN UNIT,254-008 PERGANTIAN SPRING PATAH,2.0
KUMAI,Aug,2026-08-05,661204000000095 080,,,,,,WS-PERBAIKAN UNIT,1-RUNNING ENGINE PONTON,3.0
KUMAI,Aug,2026-08-05,641104125400532 165,254-005,254005,DUMP TRUCK ISUZU NPS 81 254-005,Isuzu Elf,TR,WS-PERBAIKAN UNIT,254-005 SLEDING STUD BAUT RR,4.0
KUMAI,Aug,2026-08-05,641104127200332 055,272-002,272002,ARM ROLL ISUZU NPS 81 272-002,Arm Roll,TR,WS-PERBAIKAN UNIT,272-002 PERBAIKAN SEMPRONG UNIT,16.0
KUMAI,Aug,2026-08-05,641104125400332 135,254-003,254003,DUMP TRUCK ISUZU NPS 254-003,Isuzu Elf,TR,WS-PERBAIKAN UNIT,254-003 PERBAIKAN SEPRING BELAKANG PATAH,6.0
KUMAI,Aug,2026-08-05,641104125400832 115,254-008,254008,DUMP TRUCK HINO 130 HD 4X4 254-008,DT Hino,TR,WS-PERBAIKAN UNIT,254-008 GANTI OLI DUMP DT,2.0
KUMAI,Aug,2026-08-05,641104132202232 145,322-022,322022,CRAWLER DUMPER PD - 5000TA 322-022,Crawler,AB,WS-PERBAIKAN UNIT,322-022 CEK UNIT TIDAK BISA DI GAS,4.0
KUMAI,Aug,2026-08-06,641104127200332 135,272-003,272003,ARMROLL HINO 136 HDX 272-003,Arm Roll,TR,WS-PERBAIKAN UNIT,272-003 MODIFIKASI DUDUKAN SHOCK,8.0
KUMAI,Aug,2026-08-06,641104132201432 155,322-014,322014,CRAWLER DUMPER PD5000TA 322-014,Crawler,AB,WS-PERBAIKAN UNIT,322-014 GANTI ROLLER NO 4 KANAN KIRI,4.0
KUMAI,Aug,2026-08-06,641104127200532 115,272-005,272005,ARM ROLL HINO 136 HDX 272-005,Arm Roll,TR,WS-PERBAIKAN UNIT,272-005 GANTIMSEAL CILINDER TUGU,5.0
KUMAI,Aug,2026-08-06,641104137101332 075,371-013,371013,COMPACTOR SAKAI SV 526-D 371-013,Compactor,AB,WS-PERBAIKAN UNIT,371-013 ADJUSTER VANBELT,1.0
KUMAI,Aug,2026-08-06,641104132201532 075,322-015,322015,CRAWLER DUMPER PD5000TA 322-015,Crawler,AB,WS-PERBAIKAN UNIT,322-015 PENGECEKAN UNIT BLOW BY,3.0
KUMAI,Aug,2026-08-06,641104142200832 075,422-008,,,,,WS-PERBAIKAN UNIT,422-008 RUNNING UNIT PONTON,4.0
KUMAI,Aug,2026-08-06,641104125400632 055,254-006,254006,DUMP TRUCK ISUZU NPS 81 254-006,Isuzu Elf,TR,WS-PERBAIKAN UNIT,254-006 PERBAIKAN BAUT HUBPATAH,5.0
KUMAI,Aug,2026-08-06,641104133205732 075,332-057,332057,EXCAVATOR HITACHI ZX 210 332-057,Excavator All in,AB,WS-PERBAIKAN UNIT,332-057 PERBAIKAN UNIT MASUK ANGIN,2.0
KUMAI,Aug,2026-08-06,641104125106132 135,251-061,251061,DUMP TRUCK HINO 136 HDX DA 8707 JL 251-061,DT Hino,TR,WS-PERBAIKAN UNIT,251-061 GANTI SPRING+CENTER BOLT,8.0
KUMAI,Aug,2026-08-06,641104125400832 145,254-008,254008,DUMP TRUCK HINO 130 HD 4X4 254-008,DT Hino,TR,WS-PERBAIKAN UNIT,254-008 ADJUSTER MASTER KOPLING ATAS,3.0
KUMAI,Aug,2026-08-06,641104133205732 075,332-057,332057,EXCAVATOR HITACHI ZX 210 332-057,Excavator All in,AB,WS-PERBAIKAN UNIT,332-057 PERBAIKAN UNIT MASUK ANGIN,2.0
KUMAI,Aug,2026-08-06,641104132201432 155,322-014,322014,CRAWLER DUMPER PD5000TA 322-014,Crawler,AB,WS-PERBAIKAN UNIT,322-014 PERBAIKAN BAUT PANGKUAN TOP ROLL,4.0
KUMAI,Aug,2026-08-06,641104142200432 075,422-004,,,,,WS-PERBAIKAN UNIT,422-004 PELEPASAN PIPA INJEKTOR,4.0
KUMAI,Aug,2026-08-06,641104133204232 075,332-042,332042,EXCAVATOR HITACHI ZX138 M-F 332-042,Excavator ZX-130,AB,WS-PERBAIKAN UNIT,332-042 PERBAIKAN UNIT MASUK ANGIN,1.0
KUMAI,Aug,2026-08-06,641104133204232 075,332-042,332042,EXCAVATOR HITACHI ZX138 M-F 332-042,Excavator ZX-130,AB,WS-PERBAIKAN UNIT,332-042 PERBAIKAN UNIT MASUK,1.0
KUMAI,Aug,2026-08-06,641104132100632 065,321-006,321006,FARM TRACTOR KUBOTA M9540 321-006,FT,AB,WS-PERBAIKAN UNIT,321-006 PERBAIKAN KUBOTA AKI TEKOR,1.5
KUMAI,Aug,2026-08-06,641104125400232 045,254-002,254002,DUMP TRUCK ISUZU NPS 254-002,Isuzu Elf,TR,WS-PERBAIKAN UNIT,254-002 STEL REM PENGENCANGAN VANBELT,2.0
KUMAI,Aug,2026-08-06,641104125400832 055,254-008,254008,DUMP TRUCK HINO 130 HD 4X4 254-008,DT Hino,TR,WS-PERBAIKAN UNIT,254-008 MODIF DOUBLE,1.0
KUMAI,Aug,2026-08-06,641104127200232 065,272-002,272002,ARM ROLL ISUZU NPS 81 272-002,Arm Roll,TR,WS-PERBAIKAN UNIT,272-002 CEK KEPALA AKI UNIT,2.0
KUMAI,Aug,2026-08-06,641104142200332 075,422-003,,,,,WS-PERBAIKAN UNIT,422-003 LEPAS WATER PUMP,1.0
KUMAI,Aug,2026-08-06,641104142200632 075,422-006,,,,,WS-PERBAIKAN UNIT,422-006 PENGECEKAN OLI BERMASALAH,1.0
KUMAI,Aug,2026-08-06,641104125400632 055,254-006,254006,DUMP TRUCK ISUZU NPS 81 254-006,Isuzu Elf,TR,WS-PERBAIKAN UNIT,254-006 PEMASANGAN HUB DAN STEL,1.0
KUMAI,Aug,2026-08-06,641104125400232 075,254-002,254002,DUMP TRUCK ISUZU NPS 254-002,Isuzu Elf,TR,WS-PERBAIKAN UNIT,254-002 MODIF MUFLER UNIT,2.0
KUMAI,Aug,2026-08-06,641104125106132 135,251-061,251061,DUMP TRUCK HINO 136 HDX DA 8707 JL 251-061,DT Hino,TR,WS-PERBAIKAN UNIT,251-061 PENGENCANGAN U-BOLT KIRI BELAKAN,5.0
KUMAI,Aug,2026-08-06,661204000000095 080,,,,,,WS-PERBAIKAN UNIT,1-RUNNGNG UNIT PONTON KS,0.5
KUMAI,Aug,2026-08-06,661204000000095 080,,,,,,WS-PERBAIKAN UNIT,1-PELEPASAN OLI HYD,6.0
KUMAI,Aug,2026-08-06,641104127200432 075,272-004,272004,ARM ROLL HINO 136 HDX 272-004,Arm Roll,TR,WS-PERBAIKAN UNIT,272-004 CEK UNIT BLOW BY,2.0
KUMAI,Aug,2026-08-06,641104132202732 075,322-027,322027,CRAWLER DUMPER PD-5000 322-027,Crawler,AB,WS-PERBAIKAN UNIT,322-027 PERBAIKAN UNIT MASUK ANGIN,2.0
KUMAI,Aug,2026-08-06,641104142200932 075,422-009,,,,,WS-PERBAIKAN UNIT,422-009 LANJUT RUNNING UNIT PONTON,3.0
KUMAI,Aug,2026-08-06,641104132203032 075,322-030,322030,CRAWLER DUMPER PD-5000 322-030,Crawler,AB,WS-PERBAIKAN UNIT,322-030 CEK UNIT SUARA KASAR,2.0
KUMAI,Aug,2026-08-06,641104142200432 065,422-004,,,,,WS-PERBAIKAN UNIT,422-004 PASANG DINAMO STATER,1.0
KUMAI,Aug,2026-08-06,641104132200832 115,322-008,322008,CRAWLER DUMPER PD5000TA 322-008,Crawler,AB,WS-PERBAIKAN UNIT,322-008 CEK UNIT TIDAK BISA DUMP,6.0
KUMAI,Aug,2026-08-06,641104127200232 165,272-002,272002,ARM ROLL ISUZU NPS 81 272-002,Arm Roll,TR,WS-PERBAIKAN UNIT,272-002 GANTI PROFELER SHAFT BELAKANG,1.0
KUMAI,Aug,2026-08-06,641104132202132 065,322-021,322021,CRAWLER DUMPER PD - 5000TA 322-021,Crawler,AB,WS-PERBAIKAN UNIT,322-021 PERBAIKAN DUDUKAN ALTERNATOR,1.0
KUMAI,Aug,2026-08-06,641104132100332 145,321-003,321003,FARM TRACTOR KUBOTA M9540 321-003,FT,AB,WS-PERBAIKAN UNIT,321-003 PERBAIKAN SHAFT DOUBLE,3.0
KUMAI,Aug,2026-08-06,641104127200632 165,272-006,272006,ARMROLL 4X4 272-006,Arm Roll,TR,WS-PERBAIKAN UNIT,272-006 GANTI BAN DALAM,4.0
KUMAI,Aug,2026-08-06,641104125400332 075,254-003,254003,DUMP TRUCK ISUZU NPS 254-003,Isuzu Elf,TR,WS-PERBAIKAN UNIT,254-003 GANTI HOSE RADIATOR PECAH,6.0
KUMAI,Aug,2026-08-07,641104132100732 075,321-007,321007,FARM TRACTOR KUBOTA M9540 321-007,FT,AB,WS-PERBAIKAN UNIT,321-007 PERBANIKAN TANGKI FUEL BOCOR,12.5
KUMAI,Aug,2026-08-07,641104142200232 075,422-002,,,,,WS-PERBAIKAN UNIT,422-002 PERBAIKAN PIPA INJEKTOR,4.5
KUMAI,Aug,2026-08-07,641104127200232 135,272-002,272002,ARM ROLL ISUZU NPS 81 272-002,Arm Roll,TR,WS-PERBAIKAN UNIT,272-002 PROGRES SUSPENDI RR LEFT,9.0
KUMAI,Aug,2026-08-07,641104132202232 075,322-022,322022,CRAWLER DUMPER PD - 5000TA 322-022,Crawler,AB,WS-PERBAIKAN UNIT,322-022 LAS PANGKUAN MUFLER,4.0
KUMAI,Aug,2026-08-07,641104132200832 075,322-008,322008,CRAWLER DUMPER PD5000TA 322-008,Crawler,AB,WS-PERBAIKAN UNIT,322-008 PERBAIKAN SELANG GAS,6.0
KUMAI,Aug,2026-08-07,641104125400532 135,254-005,254005,DUMP TRUCK ISUZU NPS 81 254-005,Isuzu Elf,TR,WS-PERBAIKAN UNIT,254-005 GANTI SPRING DEPAN,2.0
KUMAI,Aug,2026-08-07,661204000000095 080,,,,,,WS-PERBAIKAN UNIT,1-PEMASANGAN POMPA OLI,6.0
KUMAI,Aug,2026-08-07,641104125400532 135,254-005,254005,DUMP TRUCK ISUZU NPS 81 254-005,Isuzu Elf,TR,WS-PERBAIKAN UNIT,254-005 PERBAIKAN SEPRING PATAH,4.5
KUMAI,Aug,2026-08-07,641104125400832 055,254-008,254008,DUMP TRUCK HINO 130 HD 4X4 254-008,DT Hino,TR,WS-PERBAIKAN UNIT,254-008 MODIFIKASI DOUBLE MANUL,9.0
KUMAI,Aug,2026-08-07,641104132202032 075,322-020,322020,CRAWLER DUMPER PD-5000 TA 322-020,Crawler,AB,WS-PERBAIKAN UNIT,322-020 FINISHING RAKIT ENGINE,4.5
KUMAI,Aug,2026-08-07,641104127200432 135,272-004,272004,ARM ROLL HINO 136 HDX 272-004,Arm Roll,TR,WS-PERBAIKAN UNIT,272-004 CEK DAN GANTI CENTER BOLT,5.0
KUMAI,Aug,2026-08-07,641104127200532 165,272-005,272005,ARM ROLL HINO 136 HDX 272-005,Arm Roll,TR,WS-PERBAIKAN UNIT,272-005 GANTI BAN DALAM,1.0
KUMAI,Aug,2026-08-07,641104142200332 075,422-003,,,,,WS-PERBAIKAN UNIT,422-003 PASANG HOSE COOLING SISTEM,8.0
KUMAI,Aug,2026-08-07,641104127200532 165,272-005,272005,ARM ROLL HINO 136 HDX 272-005,Arm Roll,TR,WS-PERBAIKAN UNIT,272-005 PEMBONGKARAN HUB,1.5
KUMAI,Aug,2026-08-07,641104127200432 135,272-004,272004,ARM ROLL HINO 136 HDX 272-004,Arm Roll,TR,WS-PERBAIKAN UNIT,272-004 LANJUT PASANG U BOLT,2.0
KUMAI,Aug,2026-08-07,641104132202032 145,322-020,322020,CRAWLER DUMPER PD-5000 TA 322-020,Crawler,AB,WS-PERBAIKAN UNIT,322-020 PROGRES VANBELT TRASMISI,1.5
KUMAI,Aug,2026-08-07,641104127200232 135,272-002,272002,ARM ROLL ISUZU NPS 81 272-002,Arm Roll,TR,WS-PERBAIKAN UNIT,272-002 FINISHING PROGRES SUSPENSI,5.0
KUMAI,Aug,2026-08-07,641104142200832 075,422-008,,,,,WS-PERBAIKAN UNIT,422-008 RUNNING UNIT PONTON,3.5
KUMAI,Aug,2026-08-07,641104133205331 075,332-053,332053,EXCAVATOR HITACHI ZX 210G-5G 332-053,Excavator Breaker 30 Ton,AB,WS-PERBAIKAN DAN MAINTENANCE UNIT,332-053 SERVICE BERKALA UNIT,7.0
KUMAI,Aug,2026-08-07,641104125400832 055,254-008,254008,DUMP TRUCK HINO 130 HD 4X4 254-008,DT Hino,TR,WS-PERBAIKAN UNIT,254-008 LANJUT MODIFIKASI MANUAL,5.0
KUMAI,Aug,2026-08-07,641104132201132 075,322-011,322011,CRAWLER DUMPER PD5000TA 322-011,Crawler,AB,WS-PERBAIKAN UNIT,322-011 CEK UNIT OVER HEAD,6.0
KUMAI,Aug,2026-08-07,661204000000095 080,,,,,,WS-PERBAIKAN UNIT,1-RUNNING ENGINE PONTON,2.0
KUMAI,Aug,2026-08-07,641104142200332 075,422-003,,,,,WS-PERBAIKAN UNIT,422-003 TES RUNNING UNIT PONTON,4.0
KUMAI,Aug,2026-08-07,641104125400932 075,254-009,254009,DUMP TRUCK ISUZU NKR 71  B 9853 BDG 254-009,Isuzu Elf,TR,WS-PERBAIKAN UNIT,254-009 CLEANING FLUSH TANGKI MINYAK,5.0
KUMAI,Aug,2026-08-07,641104127200532 115,272-005,272005,ARM ROLL HINO 136 HDX 272-005,Arm Roll,TR,WS-PERBAIKAN UNIT,272-005 LEPAS POMPA HYD,3.0
KUMAI,Aug,2026-08-07,641104127200232 115,272-002,272002,ARM ROLL ISUZU NPS 81 272-002,Arm Roll,TR,WS-PERBAIKAN UNIT,272-002 PASANG POMPA HYD,3.0
KUMAI,Aug,2026-08-08,641104136101231 075,361-012,361012,BACKHOE LOADER CATERPILLAR 416 F 361-012,TLB,AB,WS-PERBAIKAN DAN MAINTENANCE UNIT,361-012 SERVICE BERKALA UNIT,1.5
KUMAI,Aug,2026-08-08,641104133205731 075,332-057,332057,EXCAVATOR HITACHI ZX 210 332-057,Excavator All in,AB,WS-PERBAIKAN DAN MAINTENANCE UNIT,332-057 SERVICE BERKALA UNIT,9.0
KUMAI,Aug,2026-08-08,641104125400632 075,254-006,254006,DUMP TRUCK ISUZU NPS 81 254-006,Isuzu Elf,TR,WS-PERBAIKAN UNIT,254-006 ADJUSTER UNIT LOW POWER,12.0
KUMAI,Aug,2026-08-08,641104132203032 075,322-030,322030,CRAWLER DUMPER PD-5000 322-030,Crawler,AB,WS-PERBAIKAN UNIT,322-030 PENGETAPAN OLI ENGINE,3.0
KUMAI,Aug,2026-08-08,641104125105832 135,251-058,251058,DUMP TRUCK HINO 130HD 251-058,DT Hino,TR,WS-PERBAIKAN UNIT,251-058 GANTI STUD BOLT PATAH,8.0
KUMAI,Aug,2026-08-08,641104142200832 075,422-008,,,,,WS-PERBAIKAN UNIT,422-008 RUNNING UNIT PONTON,10.0
KUMAI,Aug,2026-08-08,641104127100232 115,271-002,271002,ARM ROLL HINO 130 HD DA 8589 CQ 271-002,Arm Roll,TR,WS-PERBAIKAN UNIT,271-002 INSTAL PUMP INJEKTOR,4.0
KUMAI,Aug,2026-08-08,641104132201631 075,322-016,322016,CRAWLER DUMPER PD5000TA 322-016,Crawler,AB,WS-PERBAIKAN UNIT,322-016 SERVICE BERKALA UNIT,5.0
KUMAI,Aug,2026-08-08,641104133204232 075,332-042,332042,EXCAVATOR HITACHI ZX138 M-F 332-042,Excavator ZX-130,AB,WS-PERBAIKAN UNIT,332-042 PELRPASAN HOSE RADIRTOR,5.0
KUMAI,Aug,2026-08-08,641104127200432 115,272-004,272004,ARM ROLL HINO 136 HDX 272-004,Arm Roll,TR,WS-PERBAIKAN UNIT,272-004 LEPAS PUMP HYD,4.0
KUMAI,Aug,2026-08-08,641104142200232 075,422-002,,,,,WS-PERBAIKAN UNIT,422-002 RUNNING UNIT PONTON,10.0
KUMAI,Aug,2026-08-08,641104125400532 055,254-005,254005,DUMP TRUCK ISUZU NPS 81 254-005,Isuzu Elf,TR,WS-PERBAIKAN UNIT,254-005 PEMBONGKARAN HUB,3.0
KUMAI,Aug,2026-08-08,641104133205432 035,332-054,332054,EXCAVATOR HITACHI ZX 210 LC 332-054,Excavator Long arm,AB,WS-PERBAIKAN UNIT,332-054 GANTI AS PIN BUCKET,3.0
KUMAI,Aug,2026-08-08,641104127200532 115,272-005,272005,ARM ROLL HINO 136 HDX 272-005,Arm Roll,TR,WS-PERBAIKAN UNIT,272-005 INSTAL PUMP HYD,14.0
KUMAI,Aug,2026-08-08,641104132200832 155,322-008,322008,CRAWLER DUMPER PD5000TA 322-008,Crawler,AB,WS-PERBAIKAN UNIT,322-008 PASANG NUT ROLLER,4.0
KUMAI,Aug,2026-08-08,641104132202932 075,322-029,322029,CRAWLER DUMPER PD-5000 322-029,Crawler,AB,WS-PERBAIKAN UNIT,322-029 PERBAIKAN UNIT MASUK ANGIN,4.0
KUMAI,Aug,2026-08-08,641104142200432 075,422-004,,,,,WS-PERBAIKAN UNIT,422-004 RUNNING UNIT PONTON,10.0
KUMAI,Aug,2026-08-08,641104132202532 075,322-025,322025,CRAWLER DUMPER PD-5000 322-025,Crawler,AB,WS-PERBAIKAN UNIT,322-025 PERBAIKAN PACKING RADIATOR,4.0
KUMAI,Aug,2026-08-08,641104142200632 075,422-006,,,,,WS-PERBAIKAN UNIT,422-006 RUNNING UNIT PONTON,10.0
KUMAI,Aug,2026-08-08,641104133203132 155,332-031,332031,EXCAVATOR HITACHI ZX130-5G 332-031,Excavator ZX-130,AB,WS-PERBAIKAN UNIT,332-031 PASANG TRACK,8.0
KUMAI,Aug,2026-08-08,641104125400632 075,254-006,254006,DUMP TRUCK ISUZU NPS 81 254-006,Isuzu Elf,TR,WS-PERBAIKAN UNIT,254-006 PERBAIKAN TURBO,6.0
KUMAI,Aug,2026-08-08,641104142200732 075,422-007,,,,,WS-PERBAIKAN UNIT,422-007 RUNNING UNIT PONTON,2.0
KUMAI,Aug,2026-08-08,641104125400332 075,254-003,254003,DUMP TRUCK ISUZU NPS 254-003,Isuzu Elf,TR,WS-PERBAIKAN UNIT,254-003 PENGECEKAN COOLING SISTEM,3.0
KUMAI,Aug,2026-08-08,641104132100732 075,321-007,321007,FARM TRACTOR KUBOTA M9540 321-007,FT,AB,WS-PERBAIKAN UNIT,321-007 PASANG TANGKI BBM KE UNIT,6.0
KUMAI,Aug,2026-08-08,641104142200732 075,422-007,,,,,WS-PERBAIKAN UNIT,422-007 RUNNING UNIT PONTON ISI PARIT CR,2.0
KUMAI,Aug,2026-08-08,641104127200632 165,272-006,272006,ARMROLL 4X4 272-006,Arm Roll,TR,WS-PERBAIKAN UNIT,272-006 GANTI BAN BELAKANG,4.0
KUMAI,Aug,2026-08-08,641104125106132 055,251-061,251061,DUMP TRUCK HINO 136 HDX DA 8707 JL 251-061,DT Hino,TR,WS-PERBAIKAN UNIT,251-061 LEPAS AS PENDEK,10.5
KUMAI,Aug,2026-08-09,641104133205732 075,332-057,332057,EXCAVATOR HITACHI ZX 210 332-057,Excavator All in,AB,WS-PERBAIKAN UNIT,332-057 KURAS TANGKI BBM,6.0
KUMAI,Aug,2026-08-09,641104142200432 075,422-004,,,,,WS-PERBAIKAN UNIT,422-004 RUNNING UNIT PONTON,5.0
KUMAI,Aug,2026-08-09,641104125400632 145,254-006,254006,DUMP TRUCK ISUZU NPS 81 254-006,Isuzu Elf,TR,WS-PERBAIKAN UNIT,254-006 GANTI KAMPAS KOPLING,21.0
KUMAI,Aug,2026-08-09,641104125106132 055,251-061,251061,DUMP TRUCK HINO 136 HDX DA 8707 JL 251-061,DT Hino,TR,WS-PERBAIKAN UNIT,251-061 GANTI AS PENDEK,12.0
KUMAI,Aug,2026-08-09,641104142200632 075,422-006,,,,,WS-PERBAIKAN UNIT,422-006 RUNNING UNIT PONTON,5.0
KUMAI,Aug,2026-08-09,641104142200732 075,422-007,,,,,WS-PERBAIKAN UNIT,422-007 RUNNINGUNIT PONTON,6.0
KUMAI,Aug,2026-08-09,641104127200132 145,272-001,272001,ARM ROLL ISUZU NPS 81 272-001,Arm Roll,TR,WS-PERBAIKAN UNIT,272-001 GANTI PERSNELING DAN LAS DUDUK,1.0
KUMAI,Aug,2026-08-09,641104142200832 075,422-008,,,,,WS-PERBAIKAN UNIT,422-008 RUNNING UNIT PONTON,10.0
KUMAI,Aug,2026-08-09,641104142200632 075,422-006,,,,,WS-PERBAIKAN UNIT,422-006 PERBAIKAN UNIT MASUK ANGIN,3.0
KUMAI,Aug,2026-08-09,641104142200732 075,422-007,,,,,WS-PERBAIKAN UNIT,422-007 PERBAIKAN SELANG RADIATOR,1.0
KUMAI,Aug,2026-08-09,641104142200732 075,422-007,,,,,WS-PERBAIKAN UNIT,422-007 RUNNING UNIT PONTON,11.0
KUMAI,Aug,2026-08-09,641104142200632 075,422-006,,,,,WS-PERBAIKAN UNIT,422-006 LANJUT RUNNING UNIT PONTON,4.5
KUMAI,Aug,2026-08-09,641104142200232 075,422-002,,,,,WS-PERBAIKAN UNIT,422-002 LANJUT RUNNING UNIT PONTON,5.5
KUMAI,Aug,2026-08-09,641104132202532 115,322-025,322025,CRAWLER DUMPER PD-5000 322-025,Crawler,AB,WS-PERBAIKAN UNIT,322-025 STEL REMBESAN STERING,6.0
KUMAI,Aug,2026-08-09,641104132203032 075,322-030,322030,CRAWLER DUMPER PD-5000 322-030,Crawler,AB,WS-PERBAIKAN UNIT,322-030 CEK UNIT BUNYI SUARA KASAR,2.0
KUMAI,Aug,2026-08-09,641104132201632 145,322-016,322016,CRAWLER DUMPER PD5000TA 322-016,Crawler,AB,WS-PERBAIKAN UNIT,322-016 PENGECEKAN TRANSMISI UNIT,4.0
KUMAI,Aug,2026-08-10,641104132100731 075,321-007,321007,FARM TRACTOR KUBOTA M9540 321-007,FT,AB,WS-PERBAIKAN DAN MAINTENANCE UNIT,321-007 SERVICE BERKALA UNIT,5.0
KUMAI,Aug,2026-08-10,641104142200632 075,422-006,,,,,WS-PERBAIKAN UNIT,422-006 RUNNING UNIT PONTON,10.0
KUMAI,Aug,2026-08-10,641104132202932 075,322-029,322029,CRAWLER DUMPER PD-5000 322-029,Crawler,AB,WS-PERBAIKAN UNIT,322-029 PERBAIKAN UNIT MASUK ANGIN,3.0
KUMAI,Aug,2026-08-10,641104127200532 115,272-005,272005,ARM ROLL HINO 136 HDX 272-005,Arm Roll,TR,WS-PERBAIKAN UNIT,272-005 PROGRES PELEPASAN CV,2.0
KUMAI,Aug,2026-08-10,641104132201432 075,322-014,322014,CRAWLER DUMPER PD5000TA 322-014,Crawler,AB,WS-PERBAIKAN UNIT,322-014 PENGELASAN KNALPOT,1.0
KUMAI,Aug,2026-08-10,641104142200832 075,422-008,,,,,WS-PERBAIKAN UNIT,422-008 RUNNING UNIT PONTON,5.0
KUMAI,Aug,2026-08-10,641104125400832 135,254-008,254008,DUMP TRUCK HINO 130 HD 4X4 254-008,DT Hino,TR,WS-PERBAIKAN UNIT,254-008 GANTI SPRING PATAH,5.0
KUMAI,Aug,2026-08-10,641104132201832 145,322-018,322018,CRAWLER DUMPET PD-5000 TA 322-018,Crawler,AB,WS-PERBAIKAN UNIT,322-018 CEK KAMPAS KOPLING,5.0
KUMAI,Aug,2026-08-10,641104142200732 075,422-007,,,,,WS-PERBAIKAN UNIT,422-007 RUNNING UNIT PONTON,9.0
KUMAI,Aug,2026-08-10,641104127100731 075,271-007,271007,ARMROLL 271-007,Arm Roll,TR,WS-PERBAIKAN DAN MAINTENANCE UNIT,271-007 SERVICE BERKALA UNIT,3.0
KUMAI,Aug,2026-08-10,641104132202532 065,322-025,322025,CRAWLER DUMPER PD-5000 322-025,Crawler,AB,WS-PERBAIKAN UNIT,322-025 PERBAIKAN JALUR YANG TERBAKAR,5.0
KUMAI,Aug,2026-08-10,641104132201632 065,322-016,322016,CRAWLER DUMPER PD5000TA 322-016,Crawler,AB,WS-PERBAIKAN UNIT,322-016 CEK UNIT TIDAK BISA STATER,6.0
KUMAI,Aug,2026-08-10,641104132201632 145,322-016,322016,CRAWLER DUMPER PD5000TA 322-016,Crawler,AB,WS-PERBAIKAN UNIT,322-016 PROGRES PENURUNAN TRANSMISI,3.0
KUMAI,Aug,2026-08-10,641104132202432 145,322-024,322024,CRAWLER DUMPER PD - 5000TA 322-024,Crawler,AB,WS-PERBAIKAN UNIT,322-024 STEL KOPLING TUNGGU JEMPUTAN,2.0
KUMAI,Aug,2026-08-10,641104132201632 145,322-016,322016,CRAWLER DUMPER PD5000TA 322-016,Crawler,AB,WS-PERBAIKAN UNIT,322-016 TURNKAN+BONGKAR TRANSMISI,4.0
KUMAI,Aug,2026-08-10,641104142200632 075,422-006,,,,,WS-PERBAIKAN UNIT,422-006 LANJUT RUNNING ENGINE PONTON,10.0
KUMAI,Aug,2026-08-10,641104132202532 115,322-025,322025,CRAWLER DUMPER PD-5000 322-025,Crawler,AB,WS-PERBAIKAN UNIT,322-025 PERBAIKAN REMBESAN KONTROL VALVE,4.0
KUMAI,Aug,2026-08-10,641104125400532 165,254-005,254005,DUMP TRUCK ISUZU NPS 81 254-005,Isuzu Elf,TR,WS-PERBAIKAN UNIT,254-005 GANTI HUB,2.5
KUMAI,Aug,2026-08-10,641104125400532 165,254-005,254005,DUMP TRUCK ISUZU NPS 81 254-005,Isuzu Elf,TR,WS-PERBAIKAN UNIT,254-005 GANTI HUB,2.0
KUMAI,Aug,2026-08-10,641104132201132 065,322-011,322011,CRAWLER DUMPER PD5000TA 322-011,Crawler,AB,WS-PERBAIKAN UNIT,322-011 UNIT TIDAK BISA STATER,2.0
KUMAI,Aug,2026-08-10,641104133205732 075,332-057,332057,EXCAVATOR HITACHI ZX 210 332-057,Excavator All in,AB,WS-PERBAIKAN UNIT,332-057 PERGANTIAN FUEL FILTER,2.0
KUMAI,Aug,2026-08-10,641104132202632 065,322-026,322026,CRAWLER DUMPER PD-5000 322-026,Crawler,AB,WS-PERBAIKAN UNIT,322-026 CEK UNIT TIDAK BISA STATER,2.0
KUMAI,Aug,2026-08-10,641104132202532 065,322-025,322025,CRAWLER DUMPER PD-5000 322-025,Crawler,AB,WS-PERBAIKAN UNIT,322-025 CEK KONSLET DI REGULATOR,4.0
KUMAI,Aug,2026-08-10,641104132203032 075,322-030,322030,CRAWLER DUMPER PD-5000 322-030,Crawler,AB,WS-PERBAIKAN UNIT,322-030 PROGRES PENURUNAN ENGINE,5.0
KUMAI,Aug,2026-08-10,641104127200532 035,272-005,272005,ARM ROLL HINO 136 HDX 272-005,Arm Roll,TR,WS-PERBAIKAN UNIT,272-005 PERBAIKAN UNIT 272-005,1.0
KUMAI,Aug,2026-08-10,641104142200732 065,422-007,,,,,WS-PERBAIKAN UNIT,422-007 ANALISA UNIT TIDAK BISA STATER,1.5
KUMAI,Aug,2026-08-10,641104132100732 035,321-007,321007,FARM TRACTOR KUBOTA M9540 321-007,FT,AB,WS-PERBAIKAN UNIT,321-007 EVAKUASI UNIT DI DERMAGA TUKS,1.0
KUMAI,Aug,2026-08-11,641104132201331 075,322-013,322013,CARWLER DUMPER PD5000TA 322-013,Crawler,AB,WS-PERBAIKAN DAN MAINTENANCE UNIT,322-013 SERVICE BERKALA UNIT,5.0
KUMAI,Aug,2026-08-11,641104132100331 075,321-003,321003,FARM TRACTOR KUBOTA M9540 321-003,FT,AB,WS-PERBAIKAN DAN MAINTENANCE UNIT,321-003 SERVICE VERKALA UNIT,6.0
KUMAI,Aug,2026-08-11,641104132202432 115,322-024,322024,CRAWLER DUMPER PD - 5000TA 322-024,Crawler,AB,WS-PERBAIKAN UNIT,322-024 PEMASANGAN HOSE DAN MODIF,4.0
KUMAI,Aug,2026-08-11,641104133204632 155,332-046,332046,EXCAVATOR HITACHI ZX 138 MF-5G 332-046,Excavator ZX-130,AB,WS-PERBAIKAN UNIT,332-046 RAKIT MOTOR TRAVEL,2.0
KUMAI,Aug,2026-08-11,641104133203132 155,332-031,332031,EXCAVATOR HITACHI ZX130-5G 332-031,Excavator ZX-130,AB,WS-PERBAIKAN UNIT,332-031 LAS PIN TRACK,6.0
KUMAI,Aug,2026-08-11,641104125400332 135,254-003,254003,DUMP TRUCK ISUZU NPS 254-003,Isuzu Elf,TR,WS-PERBAIKAN UNIT,254-003 GANTI SPRING RR RH,5.0
KUMAI,Aug,2026-08-11,641104133203032 075,332-030,332030,EXCAVATOR HITACHI ZX210LC-5G LONGARM 332-030,Excavator Long arm,AB,WS-PERBAIKAN UNIT,332-030 PEMASANGAN RADIATOR OLI COOLER,5.0
KUMAI,Aug,2026-08-11,641104142200832 075,422-008,,,,,WS-PERBAIKAN UNIT,422-008 RNNING UNIT PONTON,5.0
KUMAI,Aug,2026-08-11,641104142200732 065,422-007,,,,,WS-PERBAIKAN UNIT,422-007 CEK UNIT TIDAK BISA DI STATERT,6.0
KUMAI,Aug,2026-08-11,641104127200532 115,272-005,272005,ARM ROLL HINO 136 HDX 272-005,Arm Roll,TR,WS-PERBAIKAN UNIT,272-005 MODIFIKASI HANDEL CV,5.0
KUMAI,Aug,2026-08-11,641104132202632 065,322-026,322026,CRAWLER DUMPER PD-5000 322-026,Crawler,AB,WS-PERBAIKAN UNIT,322-026 PEMASANGAN REGULATOR,4.0
KUMAI,Aug,2026-08-11,641104132201432 155,322-014,322014,CRAWLER DUMPER PD5000TA 322-014,Crawler,AB,WS-PERBAIKAN UNIT,322-014 GANTI RUBBER TRACK SEBELAH KIRI,15.0
KUMAI,Aug,2026-08-11,641104132203032 075,322-030,322030,CRAWLER DUMPER PD-5000 322-030,Crawler,AB,WS-PERBAIKAN UNIT,322-030 LAS DUDUKAN KNALPOT,0.5
KUMAI,Aug,2026-08-11,641104133204632 155,332-046,332046,EXCAVATOR HITACHI ZX 138 MF-5G 332-046,Excavator ZX-130,AB,WS-PERBAIKAN UNIT,332-046 PEMASANGAN MOTOR TRAVEL KE UNIT,7.0
KUMAI,Aug,2026-08-11,641104142200632 075,422-006,,,,,WS-PERBAIKAN UNIT,422-006 RUNNING UNIT PONTON,16.0
KUMAI,Aug,2026-08-11,641104125400832 165,254-008,254008,DUMP TRUCK HINO 130 HD 4X4 254-008,DT Hino,TR,WS-PERBAIKAN UNIT,254-008 PENGELASAN BAUT HUB,1.5
KUMAI,Aug,2026-08-11,641104142200432 075,422-004,,,,,WS-PERBAIKAN UNIT,422-004 PERAIKAN INJEKTOR DAN PEMBERSIHA,1.0
KUMAI,Aug,2026-08-11,641104132202632 065,322-026,322026,CRAWLER DUMPER PD-5000 322-026,Crawler,AB,WS-PERBAIKAN UNIT,322-026 GANTI HM PASANG RADIATOR,4.0
KUMAI,Aug,2026-08-11,641104132201132 065,322-011,322011,CRAWLER DUMPER PD5000TA 322-011,Crawler,AB,WS-PERBAIKAN UNIT,322-011 CEK PENGISIAN UNIT,4.0
KUMAI,Aug,2026-08-11,641104142200832 075,422-008,,,,,WS-PERBAIKAN UNIT,422-008 LANJUT RUNNING UNIT PONTON,4.0
KUMAI,Aug,2026-08-11,641104125400832 055,254-008,254008,DUMP TRUCK HINO 130 HD 4X4 254-008,DT Hino,TR,WS-PERBAIKAN UNIT,254-008 PENGECEKAN GARDAN,1.0
KUMAI,Aug,2026-08-11,641104125400632 075,254-006,254006,DUMP TRUCK ISUZU NPS 81 254-006,Isuzu Elf,TR,WS-PERBAIKAN UNIT,254-006 PERBAIKAN TURBO CHARGER,3.0
KUMAI,Aug,2026-08-11,641104125400832 055,254-008,254008,DUMP TRUCK HINO 130 HD 4X4 254-008,DT Hino,TR,WS-PERBAIKAN UNIT,254-008 PEMBONGKARAN GARDAN,2.0
KUMAI,Aug,2026-08-11,641104125400832 165,254-008,254008,DUMP TRUCK HINO 130 HD 4X4 254-008,DT Hino,TR,WS-PERBAIKAN UNIT,254-008 LANJUT PENGLASAN BAUT HUB,3.0
KUMAI,Aug,2026-08-11,641104132202932 075,322-029,322029,CRAWLER DUMPER PD-5000 322-029,Crawler,AB,WS-PERBAIKAN UNIT,322-029 PERBAIKAN UNIT MASUK ANGIN,2.0
KUMAI,Aug,2026-08-11,641104127200332 035,272-003,272003,ARMROLL HINO 136 HDX 272-003,Arm Roll,TR,WS-PERBAIKAN UNIT,272-003 BUAT LOK BAK BIN,6.0
KUMAI,Aug,2026-08-12,641104133204232 075,332-042,332042,EXCAVATOR HITACHI ZX138 M-F 332-042,Excavator ZX-130,AB,WS-PERBAIKAN UNIT,332-042 LAS PEN TRACK LINK,12.0
KUMAI,Aug,2026-08-12,641104132201832 145,322-018,322018,CRAWLER DUMPET PD-5000 TA 322-018,Crawler,AB,WS-PERBAIKAN UNIT,322-018 GANTI RELEASE BEARING,10.0
KUMAI,Aug,2026-08-12,641104142200232 075,422-002,,,,,WS-PERBAIKAN UNIT,422-002 RUNNING UNIT PONTON,7.0
KUMAI,Aug,2026-08-12,641104136100832 075,361-008,361008,BACKHOE LOADER CAT 416 F2 361-008,TLB,AB,WS-PERBAIKAN UNIT,361-008 RAKIT ENGINE,5.0
KUMAI,Aug,2026-08-12,661204000000095 080,,,,,,WS-PERBAIKAN UNIT,1-TARIK MOBIL BAWA KE WS BKMS,3.0
KUMAI,Aug,2026-08-12,641104142200632 075,422-006,,,,,WS-PERBAIKAN UNIT,422-006 RUNNING UNIT PONTON,11.0
KUMAI,Aug,2026-08-12,641104125400732 135,254-007,254007,DUMP TRUCK HINO 130 HD 4X4 254-007,DT Hino,TR,WS-PERBAIKAN UNIT,254-007 PERBAIKAN SEPRING PATAH DEPAN,5.0
KUMAI,Aug,2026-08-12,641104125400932 075,254-009,254009,DUMP TRUCK ISUZU NKR 71  B 9853 BDG 254-009,Isuzu Elf,TR,WS-PERBAIKAN UNIT,254-009 PASANG WATER SPARATOR,7.0
KUMAI,Aug,2026-08-12,641104142200832 075,422-008,,,,,WS-PERBAIKAN UNIT,422-008 RUNNING UNIT PONTON,5.0
KUMAI,Aug,2026-08-12,641104136101232 035,361-012,361012,BACKHOE LOADER CATERPILLAR 416 F 361-012,TLB,AB,WS-PERBAIKAN UNIT,361-012 PERBAIKAN PEN TUTUP GARDAN,11.0
KUMAI,Aug,2026-08-12,641104142200732 075,422-007,,,,,WS-PERBAIKAN UNIT,422-007 RUNNING UNIT PONTON,11.0
KUMAI,Aug,2026-08-12,641104132201132 065,322-011,322011,CRAWLER DUMPER PD5000TA 322-011,Crawler,AB,WS-PERBAIKAN UNIT,322-011 PERBAIKAN UNITTIDAK BISA STATER,5.0
KUMAI,Aug,2026-08-12,641104133204332 035,332-043,332043,EXCAVATOR HITACHI ZX138 M-F 332-043,Excavator ZX-130,AB,WS-PERBAIKAN UNIT,332-043 LAS PEN BUCKET,6.0
KUMAI,Aug,2026-08-12,641104142200432 075,422-004,,,,,WS-PERBAIKAN UNIT,422-004 PELEPASAN NOZEL UNIT,1.0
KUMAI,Aug,2026-08-12,641104132201832 075,322-018,322018,CRAWLER DUMPET PD-5000 TA 322-018,Crawler,AB,WS-PERBAIKAN UNIT,322-018 PENGELASAN KNALPOT,2.0
KUMAI,Aug,2026-08-12,641104142200832 075,422-008,,,,,WS-PERBAIKAN UNIT,422-008 LANJUT RUNNING UNIT PONTON,4.0
KUMAI,Aug,2026-08-12,641104132201132 145,322-011,322011,CRAWLER DUMPER PD5000TA 322-011,Crawler,AB,WS-PERBAIKAN UNIT,322-011 PASANG VANBELT TRANSMISI LEPAS,6.0
KUMAI,Aug,2026-08-12,661204000000095 080,,,,,,WS-PERBAIKAN UNIT,1-BANTU PASANG KACA UNIT,4.0
KUMAI,Aug,2026-08-12,641104127200232 075,272-002,272002,ARM ROLL ISUZU NPS 81 272-002,Arm Roll,TR,WS-PERBAIKAN UNIT,272-002 PASANG WATER SPARATOR,3.0
KUMAI,Aug,2026-08-12,641104142200332 075,422-003,,,,,WS-PERBAIKAN UNIT,422-003 RUNNING UNIT PONTON,1.0
KUMAI,Aug,2026-08-12,641104125400432 075,254-004,254004,DUMP TRUCK ISUZU NPS 81 254-004,Isuzu Elf,TR,WS-PERBAIKAN UNIT,254-004 MODIF MUFLER UNIT,2.0
KUMAI,Aug,2026-08-12,641104136100832 075,361-008,361008,BACKHOE LOADER CAT 416 F2 361-008,TLB,AB,WS-PERBAIKAN UNIT,361-008 LANJUT RAKIT ENGINET,4.5
KUMAI,Aug,2026-08-12,641104142200332 075,422-003,,,,,WS-PERBAIKAN UNIT,422-003 RUNNING UNIT PONTON,0.5
KUMAI,Aug,2026-08-12,661204000000095 080,,,,,,WS-PERBAIKAN UNIT,1- PENGUKURAN KACA DEPAN UNIT,2.0
KUMAI,Aug,2026-08-12,641104142200732 075,422-007,,,,,WS-PERBAIKAN UNIT,422-007 LAS DUDUKAN ENGINE,5.0
KUMAI,Aug,2026-08-12,641104142200732 075,422-007,,,,,WS-PERBAIKAN UNIT,422-007 BANTU RUNNING UNIT PONTON,1.0
KUMAI,Aug,2026-08-12,641104132201832 075,322-018,322018,CRAWLER DUMPET PD-5000 TA 322-018,Crawler,AB,WS-PERBAIKAN UNIT,322-018 CEK UNIT OVER HEAD,4.0
KUMAI,Aug,2026-08-12,641104132201132 145,322-011,322011,CRAWLER DUMPER PD5000TA 322-011,Crawler,AB,WS-PERBAIKAN UNIT,322-011 CEK VANBELT TRANSMISI PUTUS,1.0
KUMAI,Aug,2026-08-12,641104125400632 035,254-006,254006,DUMP TRUCK ISUZU NPS 81 254-006,Isuzu Elf,TR,WS-PERBAIKAN UNIT,254-006 STEL VAKUM EGR,3.0
KUMAI,Aug,2026-08-12,641104142200732 075,422-007,,,,,WS-PERBAIKAN UNIT,422-007 RUNNING UNIT PONTON,3.0
KUMAI,Aug,2026-08-12,641104127200232 145,272-002,272002,ARM ROLL ISUZU NPS 81 272-002,Arm Roll,TR,WS-PERBAIKAN UNIT,272-002 CEK UNIT TIDAK BISA NETRAL,3.0
KUMAI,Aug,2026-08-13,641104132201232 075,322-012,322012,CRAWLER DUMPER PD5000TA 322-012,Crawler,AB,WS-PERBAIKAN UNIT,322-012 PERBAIKAN UNIT OVER HEAD,12.0
KUMAI,Aug,2026-08-13,641104127200532 035,272-005,272005,ARM ROLL HINO 136 HDX 272-005,Arm Roll,TR,WS-PERBAIKAN UNIT,272-005 PERBAIKAN JACK LANDING,6.0
KUMAI,Aug,2026-08-13,641104133204632 085,332-046,332046,EXCAVATOR HITACHI ZX 138 MF-5G 332-046,Excavator ZX-130,AB,WS-PERBAIKAN UNIT,332-046 PERBAIKAN FINAL DRIVE UNIT,2.0
KUMAI,Aug,2026-08-13,641104127200232 145,272-002,272002,ARM ROLL ISUZU NPS 81 272-002,Arm Roll,TR,WS-PERBAIKAN UNIT,272-002 LEPAS PTO TIDAK BISA NETRAL,10.0
KUMAI,Aug,2026-08-13,641104125400332 035,254-003,254003,DUMP TRUCK ISUZU NPS 254-003,Isuzu Elf,TR,WS-PERBAIKAN UNIT,254-003 PERGANTIAN BOLT DILAHAN,3.0
KUMAI,Aug,2026-08-13,641104132201132 035,322-011,322011,CRAWLER DUMPER PD5000TA 322-011,Crawler,AB,WS-PERBAIKAN UNIT,322-011 PENGELASAN CHASIS PANGKUAN TRANS,12.0
KUMAI,Aug,2026-08-13,641104142200232 075,422-002,,,,,WS-PERBAIKAN UNIT,422-002 RUNNING UNIT PONTON,6.0
KUMAI,Aug,2026-08-13,641104125400632 075,254-006,254006,DUMP TRUCK ISUZU NPS 81 254-006,Isuzu Elf,TR,WS-PERBAIKAN UNIT,254-006 GANTI TURBO CHARGER,21.0
KUMAI,Aug,2026-08-13,641104136101232 035,361-012,361012,BACKHOE LOADER CATERPILLAR 416 F 361-012,TLB,AB,WS-PERBAIKAN UNIT,361-012 PASANG PEN GARDAN DEPAN,2.0
KUMAI,Aug,2026-08-13,641104125400332 135,254-003,254003,DUMP TRUCK ISUZU NPS 254-003,Isuzu Elf,TR,WS-PERBAIKAN UNIT,254-003 GANTI CENTER BOLT BELAKANG,2.0
KUMAI,Aug,2026-08-13,641104125400832 055,254-008,254008,DUMP TRUCK HINO 130 HD 4X4 254-008,DT Hino,TR,WS-PERBAIKAN UNIT,254-008 PEMASANGAN GARDAN,4.0
KUMAI,Aug,2026-08-13,641104142200632 075,422-006,,,,,WS-PERBAIKAN UNIT,422-006 RUNNING UNIT PONTON,12.0
KUMAI,Aug,2026-08-13,641104125400832 055,254-008,254008,DUMP TRUCK HINO 130 HD 4X4 254-008,DT Hino,TR,WS-PERBAIKAN UNIT,254-008 PEMASANGAN GARDAN,3.5
KUMAI,Aug,2026-08-13,641104132201832 035,322-018,322018,CRAWLER DUMPET PD-5000 TA 322-018,Crawler,AB,WS-PERBAIKAN UNIT,322-018 BANTU MEKANIK LAS KNALPOT,4.0
KUMAI,Aug,2026-08-13,641104125400232 145,254-002,254002,DUMP TRUCK ISUZU NPS 254-002,Isuzu Elf,TR,WS-PERBAIKAN UNIT,254-002 PERGANTIAN SPRING,4.0
KUMAI,Aug,2026-08-13,641104127200232 145,272-002,272002,ARM ROLL ISUZU NPS 81 272-002,Arm Roll,TR,WS-PERBAIKAN UNIT,272-002 TES TRANSMISI UNIT,6.0
KUMAI,Aug,2026-08-13,641104127200132 165,272-001,272001,ARM ROLL ISUZU NPS 81 272-001,Arm Roll,TR,WS-PERBAIKAN UNIT,272-001 GANTI BAN BOCOR,1.0
KUMAI,Aug,2026-08-13,641104142200632 075,422-006,,,,,WS-PERBAIKAN UNIT,422-006 RUNNING UNIT PONTON,6.0
KUMAI,Aug,2026-08-13,641104125400232 165,254-002,254002,DUMP TRUCK ISUZU NPS 254-002,Isuzu Elf,TR,WS-PERBAIKAN UNIT,254-002 PERBAIKAN BAN MIRING,2.0
KUMAI,Aug,2026-08-14,641104127200132 145,272-001,272001,ARM ROLL ISUZU NPS 81 272-001,Arm Roll,TR,WS-PERBAIKAN UNIT,272-001 PERBAIKAN DUDUKAN SPRING,4.5
KUMAI,Aug,2026-08-14,641104142200232 075,422-002,,,,,WS-PERBAIKAN UNIT,422-002 RUNNING UNIT PONTON,9.0
KUMAI,Aug,2026-08-14,641104136101232 035,361-012,361012,BACKHOE LOADER CATERPILLAR 416 F 361-012,TLB,AB,WS-PERBAIKAN UNIT,361-012 PERBAIKAN PEN GARDAN,5.0
KUMAI,Aug,2026-08-14,641104125400432 075,254-004,254004,DUMP TRUCK ISUZU NPS 81 254-004,Isuzu Elf,TR,WS-PERBAIKAN UNIT,254-004 PEMASANGAN NOZEL INJEKTOR,4.5
KUMAI,Aug,2026-08-14,641104125400232 135,254-002,254002,DUMP TRUCK ISUZU NPS 254-002,Isuzu Elf,TR,WS-PERBAIKAN UNIT,254-002 GANTI SPRING DEPAN GANTI CENTER,9.0
KUMAI,Aug,2026-08-14,641104136100832 075,361-008,361008,BACKHOE LOADER CAT 416 F2 361-008,TLB,AB,WS-PERBAIKAN UNIT,361-008 LENGKAPI PART UNIT,4.5
KUMAI,Aug,2026-08-14,641104142200832 075,422-008,,,,,WS-PERBAIKAN UNIT,422-008 RUNNING UNIT PONTON,4.5
KUMAI,Aug,2026-08-14,641104142200732 075,422-007,,,,,WS-PERBAIKAN UNIT,422-007 ANALISA UNIT MASUK ANGINA,9.0
KUMAI,Aug,2026-08-14,641104132201632 145,322-016,322016,CRAWLER DUMPER PD5000TA 322-016,Crawler,AB,WS-PERBAIKAN UNIT,322-016 RAKIT TRANSMISI,4.5
KUMAI,Aug,2026-08-14,641104133204232 075,332-042,332042,EXCAVATOR HITACHI ZX138 M-F 332-042,Excavator ZX-130,AB,WS-PERBAIKAN UNIT,332-042 PERBAIKAN UNIT MASUK ANGIN,4.5
KUMAI,Aug,2026-08-14,641104132200831 075,322-008,322008,CRAWLER DUMPER PD5000TA 322-008,Crawler,AB,WS-PERBAIKAN DAN MAINTENANCE UNIT,322-008 SERVICE BERKALA UNIT,2.5
KUMAI,Aug,2026-08-14,641104132201832 145,322-018,322018,CRAWLER DUMPET PD-5000 TA 322-018,Crawler,AB,WS-PERBAIKAN UNIT,322-018 CEK KOPLING SLIP+GANTI KAMPAS,2.5
KUMAI,Aug,2026-08-14,641104125105832 135,251-058,251058,DUMP TRUCK HINO 130HD 251-058,DT Hino,TR,WS-PERBAIKAN UNIT,251-058 GANTI SPRING SEBELAH KANAN,4.0
KUMAI,Aug,2026-08-14,641104136101232 115,361-012,361012,BACKHOE LOADER CATERPILLAR 416 F 361-012,TLB,AB,WS-PERBAIKAN UNIT,361-012 CEK OLI HYD BOCOR,2.5
KUMAI,Aug,2026-08-14,641104142200232 075,422-002,,,,,WS-PERBAIKAN UNIT,422-002 LANJUT RUNNING UNIT PONTON,10.0
KUMAI,Aug,2026-08-14,641104125105832 165,251-058,251058,DUMP TRUCK HINO 130HD 251-058,DT Hino,TR,WS-PERBAIKAN UNIT,251-058 GANTI BAN DEPAN+BANTU MEKANIK,1.0
KUMAI,Aug,2026-08-14,641104136100832 075,361-008,361008,BACKHOE LOADER CAT 416 F2 361-008,TLB,AB,WS-PERBAIKAN UNIT,361-008 LENGKEPI PART ENGINE UNIT,1.5
KUMAI,Aug,2026-08-14,641104125400432 165,254-004,254004,DUMP TRUCK ISUZU NPS 81 254-004,Isuzu Elf,TR,WS-PERBAIKAN UNIT,254-004 PEMASANGAN TROMOL RR RH,2.5
KUMAI,Aug,2026-08-14,641104125400732 135,254-007,254007,DUMP TRUCK HINO 130 HD 4X4 254-007,DT Hino,TR,WS-PERBAIKAN UNIT,254-007 BANTU MEKANIK GANTI SPRING,10.0
KUMAI,Aug,2026-08-14,641104142200432 075,422-004,,,,,WS-PERBAIKAN UNIT,422-004 PERBAIKAN KEBOCORAN KOMPRESOR,2.5
KUMAI,Aug,2026-08-14,641104132201632 145,322-016,322016,CRAWLER DUMPER PD5000TA 322-016,Crawler,AB,WS-PERBAIKAN UNIT,322-016 LANUT PERAKITAN TRANSMISI,2.5
KUMAI,Aug,2026-08-14,641104136100832 165,361-008,361008,BACKHOE LOADER CAT 416 F2 361-008,TLB,AB,WS-PERBAIKAN UNIT,361-008 LEPAS DAN TAMBAH ANGIN,1.0
KUMAI,Aug,2026-08-14,641104136101132 165,361-011,361011,BACKHOE LOADER CATTERPILLAR 426F2 361-011,TLB,AB,WS-PERBAIKAN UNIT,361-011 GANTI BAN,10.0
KUMAI,Aug,2026-08-14,641104132201832 145,322-018,322018,CRAWLER DUMPET PD-5000 TA 322-018,Crawler,AB,WS-PERBAIKAN UNIT,322-018 GANTI KAMPAS KOPLING,4.5
KUMAI,Aug,2026-08-14,641104125400832 055,254-008,254008,DUMP TRUCK HINO 130 HD 4X4 254-008,DT Hino,TR,WS-PERBAIKAN UNIT,254-008 CEK GARDAN BUNYI KASAR,1.0
KUMAI,Aug,2026-08-14,641104127200232 145,272-002,272002,ARM ROLL ISUZU NPS 81 272-002,Arm Roll,TR,WS-PERBAIKAN UNIT,272-002 ADA SUARA KASAR DI TRANSMISI,2.0
KUMAI,Aug,2026-08-15,641104132200731 075,322-007,322007,CRAWLER DUMPER PD5000TA 322-007,Crawler,AB,WS-PERBAIKAN DAN MAINTENANCE UNIT,322-007 SERVIVE BERKALA UNIT,5.0
KUMAI,Aug,2026-08-15,641104127200232 145,272-002,272002,ARM ROLL ISUZU NPS 81 272-002,Arm Roll,TR,WS-PERBAIKAN UNIT,272-002 PENURUNAN TRANSMISI,18.0
KUMAI,Aug,2026-08-15,641104125400832 055,254-008,254008,DUMP TRUCK HINO 130 HD 4X4 254-008,DT Hino,TR,WS-PERBAIKAN UNIT,254-008 PENGECEKAN GARDAN,4.0
KUMAI,Aug,2026-08-15,641104133204332 085,332-043,332043,EXCAVATOR HITACHI ZX138 M-F 332-043,Excavator ZX-130,AB,WS-PERBAIKAN UNIT,332-043 PERBAIKAN FINAL DRIVE BOCOR,3.0
KUMAI,Aug,2026-08-15,641104142200732 075,422-007,,,,,WS-PERBAIKAN UNIT,422-007 RUNNING UNIT PONTON,2.0
KUMAI,Aug,2026-08-15,641104132201832 145,322-018,322018,CRAWLER DUMPET PD-5000 TA 322-018,Crawler,AB,WS-PERBAIKAN UNIT,322-018 PERGANTIAN SHAFT TRANSMISI,16.0
KUMAI,Aug,2026-08-15,641104125400432 165,254-004,254004,DUMP TRUCK ISUZU NPS 81 254-004,Isuzu Elf,TR,WS-PERBAIKAN UNIT,254-004 PEMBONGKARAN BAUT HUB,10.0
KUMAI,Aug,2026-08-15,641104142200232 075,422-002,,,,,WS-PERBAIKAN UNIT,422-002 RUNNING UNIT PONTON,24.0
KUMAI,Aug,2026-08-15,641104136100832 075,361-008,361008,BACKHOE LOADER CAT 416 F2 361-008,TLB,AB,WS-PERBAIKAN UNIT,361-008 FINISHING ENGINE+PASANG KE UNIT,5.0
KUMAI,Aug,2026-08-15,641104132201132 065,322-011,322011,CRAWLER DUMPER PD5000TA 322-011,Crawler,AB,WS-PERBAIKAN UNIT,322-011 PERBAIKAN LAMPU MATI,2.0
KUMAI,Aug,2026-08-15,641104142200732 075,422-007,,,,,WS-PERBAIKAN UNIT,422-007 ANALISA ENGINE TIDAK MAU HIDUP,2.5
KUMAI,Aug,2026-08-15,641104132202832 075,322-028,322028,CRAWLER DUMPER PD-5000 322-028,Crawler,AB,WS-PERBAIKAN UNIT,322-028 PERBAIKAN UNIT MASUK ANGIN,1.0
KUMAI,Aug,2026-08-15,641104125400432 165,254-004,254004,DUMP TRUCK ISUZU NPS 81 254-004,Isuzu Elf,TR,WS-PERBAIKAN UNIT,254-004 PENGECEKAN TROMOL,5.0
KUMAI,Aug,2026-08-15,641104136101131 075,361-011,361011,BACKHOE LOADER CATTERPILLAR 426F2 361-011,TLB,AB,WS-PERBAIKAN DAN MAINTENANCE UNIT,361-011 SERVICE BERKALA UNIT,2.0
KUMAI,Aug,2026-08-15,641104142200732 075,422-007,,,,,WS-PERBAIKAN UNIT,422-007 INSTAL BOSPAM,4.5
KUMAI,Aug,2026-08-15,641104125400332 035,254-003,254003,DUMP TRUCK ISUZU NPS 254-003,Isuzu Elf,TR,WS-PERBAIKAN UNIT,254-003 PEMASANGAN PIPE REM,10.0
KUMAI,Aug,2026-08-15,641104133204332 085,332-043,332043,EXCAVATOR HITACHI ZX138 M-F 332-043,Excavator ZX-130,AB,WS-PERBAIKAN UNIT,332-043 BONGKAR FINAL DRIVE,4.0
KUMAI,Aug,2026-08-15,641104132201132 065,322-011,322011,CRAWLER DUMPER PD5000TA 322-011,Crawler,AB,WS-PERBAIKAN UNIT,322-011 PERBAIKAN AKI MELEDAK,4.0
KUMAI,Aug,2026-08-16,641104132201432 155,322-014,322014,CRAWLER DUMPER PD5000TA 322-014,Crawler,AB,WS-PERBAIKAN UNIT,322-014 GANTI ROLLER YANG PECAH,6.0
KUMAI,Aug,2026-08-16,641104142200632 075,422-006,,,,,WS-PERBAIKAN UNIT,422-006 RUNNING UNIT PONTON,11.0
KUMAI,Aug,2026-08-16,641104136100832 075,361-008,361008,BACKHOE LOADER CAT 416 F2 361-008,TLB,AB,WS-PERBAIKAN UNIT,361-008 PERBAIKAN KEBOCORAN NOZEL,8.0
KUMAI,Aug,2026-08-16,641104132201632 155,322-016,322016,CRAWLER DUMPER PD5000TA 322-016,Crawler,AB,WS-PERBAIKAN UNIT,322-016 PEMASANGAN TRACK KANAN KIRI,15.0
KUMAI,Aug,2026-08-16,641104135101232 035,351-012,351012,GRADER XCMG GR-100 351-012,Grader,AB,WS-PERBAIKAN UNIT,351-012 PERBAIKAN HOUSING PEN CYRLE,5.0
KUMAI,Aug,2026-08-16,641104127100232 035,271-002,271002,ARM ROLL HINO 130 HD DA 8589 CQ 271-002,Arm Roll,TR,WS-PERBAIKAN UNIT,271-002 PERBAIKAN CILINDER JACK BOCOR,7.0
KUMAI,Aug,2026-08-16,641104127200232 145,272-002,272002,ARM ROLL ISUZU NPS 81 272-002,Arm Roll,TR,WS-PERBAIKAN UNIT,272-002 BANTU PERBAIKAN TRANSMISI,6.0
KUMAI,Aug,2026-08-16,641104125400432 135,254-004,254004,DUMP TRUCK ISUZU NPS 81 254-004,Isuzu Elf,TR,WS-PERBAIKAN UNIT,254-004 GANTI SEPRING+MODIF BUSHING,6.0
KUMAI,Aug,2026-08-16,641104132201132 065,322-011,322011,CRAWLER DUMPER PD5000TA 322-011,Crawler,AB,WS-PERBAIKAN UNIT,322-011 PERBAIKAN SISTEM PENGISIAN UNIT,4.0
KUMAI,Aug,2026-08-16,641104127200232 145,272-002,272002,ARM ROLL ISUZU NPS 81 272-002,Arm Roll,TR,WS-PERBAIKAN UNIT,272-002 ASSEMBLY TRANSMISI,7.0
KUMAI,Aug,2026-08-16,641104125400532 055,254-005,254005,DUMP TRUCK ISUZU NPS 81 254-005,Isuzu Elf,TR,WS-PERBAIKAN UNIT,254-005 GANTI HUB RODA,10.0
KUMAI,Aug,2026-08-16,641104125400532 055,254-005,254005,DUMP TRUCK ISUZU NPS 81 254-005,Isuzu Elf,TR,WS-PERBAIKAN UNIT,254-005 PEMASANGAN HUB SEBELAH KIRI,6.0
KUMAI,Aug,2026-08-16,641104127200232 145,272-002,272002,ARM ROLL ISUZU NPS 81 272-002,Arm Roll,TR,WS-PERBAIKAN UNIT,272-002 INSTAL TRANSMISI KE UNIT,6.0
KUMAI,Aug,2026-08-16,641104132203032 075,322-030,322030,CRAWLER DUMPER PD-5000 322-030,Crawler,AB,WS-PERBAIKAN UNIT,322-030 PENGECEKAN UNIT MASUK ANGIN,2.0
KUMAI,Aug,2026-08-18,641104132202132 145,322-021,322021,CRAWLER DUMPER PD - 5000TA 322-021,Crawler,AB,WS-PERBAIKAN UNIT,322-021 PENGENCANGAN VANBELT,1.0
KUMAI,Aug,2026-08-18,641104133204232 075,332-042,332042,EXCAVATOR HITACHI ZX138 M-F 332-042,Excavator ZX-130,AB,WS-PERBAIKAN UNIT,332-042 PERBAIKAN UNIT MASUK ANGIN,8.0
KUMAI,Aug,2026-08-18,641104142200832 075,422-008,,,,,WS-PERBAIKAN UNIT,422-008 RUNNING UNIT PONTON,11.0
KUMAI,Aug,2026-08-18,641104125400432 035,254-004,254004,DUMP TRUCK ISUZU NPS 81 254-004,Isuzu Elf,TR,WS-PERBAIKAN UNIT,254-004 PRGANTIAN VAKUM ALTERNATOR,5.0
KUMAI,Aug,2026-08-18,641104142200632 075,422-006,,,,,WS-PERBAIKAN UNIT,422-006 RUNNING UNIT PONTON,11.0
KUMAI,Aug,2026-08-18,641104125105832 075,251-058,251058,DUMP TRUCK HINO 130HD 251-058,DT Hino,TR,WS-PERBAIKAN UNIT,251-058 PROGRES TURUNKAN RADIATOR,4.0
KUMAI,Aug,2026-08-18,641104125400332 035,254-003,254003,DUMP TRUCK ISUZU NPS 254-003,Isuzu Elf,TR,WS-PERBAIKAN UNIT,254-003 PERBAIKAN BEARING KING PEN,8.0
KUMAI,Aug,2026-08-18,641104132202631 075,322-026,322026,CRAWLER DUMPER PD-5000 322-026,Crawler,AB,WS-PERBAIKAN DAN MAINTENANCE UNIT,322-026 SERVICE BERKALA UNIT,4.0
KUMAI,Aug,2026-08-18,641104127200432 115,272-004,272004,ARM ROLL HINO 136 HDX 272-004,Arm Roll,TR,WS-PERBAIKAN UNIT,"272-004 PASANG ROD ARM,CONTROL VALVE",6.0
KUMAI,Aug,2026-08-18,641104142200732 075,422-007,,,,,WS-PERBAIKAN UNIT,422-007 LEPAS HEAD ENGINE PONTON,10.0
KUMAI,Aug,2026-08-18,641104133204332 115,332-043,332043,EXCAVATOR HITACHI ZX138 M-F 332-043,Excavator ZX-130,AB,WS-PERBAIKAN UNIT,332-043 PERBAIKAN COMPLING POMP,14.0
KUMAI,Aug,2026-08-18,641104132201832 145,322-018,322018,CRAWLER DUMPET PD-5000 TA 322-018,Crawler,AB,WS-PERBAIKAN UNIT,322-018 ANALISA KAMPAS KOPLING SLIP,8.0
KUMAI,Aug,2026-08-18,641104142200232 075,422-002,,,,,WS-PERBAIKAN UNIT,422-002 RUNNING UNIT PONTON,6.0
KUMAI,Aug,2026-08-18,641104127200232 145,272-002,272002,ARM ROLL ISUZU NPS 81 272-002,Arm Roll,TR,WS-PERBAIKAN UNIT,272-002 LANJUT STEL KABEL PTO,1.0
KUMAI,Aug,2026-08-18,641104132201632 035,322-016,322016,CRAWLER DUMPER PD5000TA 322-016,Crawler,AB,WS-PERBAIKAN UNIT,322-016 PASANG TANGKI BBM,2.0
KUMAI,Aug,2026-08-18,641104136101132 165,361-011,361011,BACKHOE LOADER CATTERPILLAR 426F2 361-011,TLB,AB,WS-PERBAIKAN UNIT,361-011 PERGANTIAN BAN BELAKANG,6.0
KUMAI,Aug,2026-08-18,641104132202132 075,322-021,322021,CRAWLER DUMPER PD - 5000TA 322-021,Crawler,AB,WS-PERBAIKAN UNIT,322-021 PRORGES MOUNTING ENGINE,2.0
KUMAI,Aug,2026-08-18,641104127200432 115,272-004,272004,ARM ROLL HINO 136 HDX 272-004,Arm Roll,TR,WS-PERBAIKAN UNIT,272-004 PASANG JACK LANDING,7.0
KUMAI,Aug,2026-08-18,641104127200232 145,272-002,272002,ARM ROLL ISUZU NPS 81 272-002,Arm Roll,TR,WS-PERBAIKAN UNIT,272-002 GANTI KABEL PTO,2.0
KUMAI,Aug,2026-08-18,641104132201132 065,322-011,322011,CRAWLER DUMPER PD5000TA 322-011,Crawler,AB,WS-PERBAIKAN UNIT,322-011 CEK UNIT TIDAK BISA HIDUP,2.0
KUMAI,Aug,2026-08-18,641104132201132 065,322-011,322011,CRAWLER DUMPER PD5000TA 322-011,Crawler,AB,WS-PERBAIKAN UNIT,322-011 PERBAIKAN UNIT,5.0
KUMAI,Aug,2026-08-18,641104125105832 135,251-058,251058,DUMP TRUCK HINO 130HD 251-058,DT Hino,TR,WS-PERBAIKAN UNIT,251-058 GANTI SPRING PATAH NO 3,2.0
KUMAI,Aug,2026-08-18,641104127200532 115,272-005,272005,ARM ROLL HINO 136 HDX 272-005,Arm Roll,TR,WS-PERBAIKAN UNIT,272-005 STEL PRESURE UNIT,3.0
KUMAI,Aug,2026-08-18,641104132201632 145,322-016,322016,CRAWLER DUMPER PD5000TA 322-016,Crawler,AB,WS-PERBAIKAN UNIT,322-016 STEL KOPLING DAN PERBAIKAN,2.0
KUMAI,Aug,2026-08-18,641104132201332 065,322-013,322013,CARWLER DUMPER PD5000TA 322-013,Crawler,AB,WS-PERBAIKAN UNIT,322-013 PERBAIKAN DUDUKAN ALTERNATOR,1.0
KUMAI,Aug,2026-08-18,641104132202732 145,322-027,322027,CRAWLER DUMPER PD-5000 322-027,Crawler,AB,WS-PERBAIKAN UNIT,322-027 PERBAIKAN KOPLING TIDAK BISA BAL,1.0
KUMAI,Aug,2026-08-18,641104127200532 115,272-005,272005,ARM ROLL HINO 136 HDX 272-005,Arm Roll,TR,WS-PERBAIKAN UNIT,272-005 CEK UNIT HYD LOW,7.0
KUMAI,Aug,2026-08-19,641104127200532 115,272-005,272005,ARM ROLL HINO 136 HDX 272-005,Arm Roll,TR,WS-PERBAIKAN UNIT,272-005 GANTI SEAL SHAF DEPAN KANAN,23.0
KUMAI,Aug,2026-08-19,641104132201132 065,322-011,322011,CRAWLER DUMPER PD5000TA 322-011,Crawler,AB,WS-PERBAIKAN UNIT,322-011 GANTI AKI UNIT,2.0
KUMAI,Aug,2026-08-19,641104133204332 115,332-043,332043,EXCAVATOR HITACHI ZX138 M-F 332-043,Excavator ZX-130,AB,WS-PERBAIKAN UNIT,332-043 PERBAIKAN KEBOCORAN OLI,5.0
KUMAI,Aug,2026-08-19,641104125400532 045,254-004,254004,DUMP TRUCK ISUZU NPS 81 254-004,Isuzu Elf,TR,WS-PERBAIKAN UNIT,254-004 PERGANTIAN BAUT HUB PATAH,12.0
KUMAI,Aug,2026-08-19,641104142200832 075,422-008,,,,,WS-PERBAIKAN UNIT,422-008 RUNNING UNIT PONTON,10.0
KUMAI,Aug,2026-08-19,641104136100832 145,361-008,361008,BACKHOE LOADER CAT 416 F2 361-008,TLB,AB,WS-PERBAIKAN UNIT,361-008 PERBAIKAN UNIT  TIDAK BISA MUNDU,3.0
KUMAI,Aug,2026-08-19,641104132202132 035,322-021,322021,CRAWLER DUMPER PD - 5000TA 322-021,Crawler,AB,WS-PERBAIKAN UNIT,322-021 MODIF MOUNTING ENGINE,6.0
KUMAI,Aug,2026-08-19,641104125106232 135,251-062,251062,DUMP TRUCK HINO 136 HDX 251-062,DT Hino,TR,WS-PERBAIKAN UNIT,251-062 GANTI CENTER BOLT RR,8.0
KUMAI,Aug,2026-08-19,641104125105832 075,251-058,251058,DUMP TRUCK HINO 130HD 251-058,DT Hino,TR,WS-PERBAIKAN UNIT,251-058 PERBAIKAN KISI KISI RADIATOR,10.0
KUMAI,Aug,2026-08-19,641104132202232 155,322-022,322022,CRAWLER DUMPER PD - 5000TA 322-022,Crawler,AB,WS-PERBAIKAN UNIT,322-022 GANTI TOP ROLLER SEBELAH KIRI,2.0
KUMAI,Aug,2026-08-19,641104127200432 115,272-004,272004,ARM ROLL HINO 136 HDX 272-004,Arm Roll,TR,WS-PERBAIKAN UNIT,272-004 GANTI CYLINDER JACK,10.0
KUMAI,Aug,2026-08-19,641104142200632 075,422-006,,,,,WS-PERBAIKAN UNIT,422-006 RUNNING UNIT PONTON,22.0
KUMAI,Aug,2026-08-19,641104132200832 075,322-008,322008,CRAWLER DUMPER PD5000TA 322-008,Crawler,AB,WS-PERBAIKAN UNIT,322-008 CEK OLI ENGINE KERING,1.0
KUMAI,Aug,2026-08-19,641104132200932 075,322-009,322009,CROWN KD 5000 HZL 322-009,Crawler,AB,WS-PERBAIKAN UNIT,322-009 GANTI FEED PUMP,2.0
KUMAI,Aug,2026-08-19,641104142200932 075,422-009,,,,,WS-PERBAIKAN UNIT,422-009 SEAL POMPA AIR BOCOR,1.0
KUMAI,Aug,2026-08-19,641104133204332 155,332-043,332043,EXCAVATOR HITACHI ZX138 M-F 332-043,Excavator ZX-130,AB,WS-PERBAIKAN UNIT,332-043 PEMASANGAN TRACK,4.0
KUMAI,Aug,2026-08-19,641104125400632 055,254-006,254006,DUMP TRUCK ISUZU NPS 81 254-006,Isuzu Elf,TR,WS-PERBAIKAN UNIT,254-006 PENURUNAN GARDAN DAN SEMPRONG,2.0
KUMAI,Aug,2026-08-19,641104125400832 135,254-008,254008,DUMP TRUCK HINO 130 HD 4X4 254-008,DT Hino,TR,WS-PERBAIKAN UNIT,254-008 PERBAIKAN SPRING DEPAN,10.0
KUMAI,Aug,2026-08-19,641104142200732 075,422-007,,,,,WS-PERBAIKAN UNIT,422-007 CLEANING KOMPONEN CYLINDER HEAD,6.0
KUMAI,Aug,2026-08-19,641104125105832 165,251-058,251058,DUMP TRUCK HINO 130HD 251-058,DT Hino,TR,WS-PERBAIKAN UNIT,251-058 PERBAIKAN KARET BELAKANG RODA,0.5
KUMAI,Aug,2026-08-19,641104125400632 055,254-006,254006,DUMP TRUCK ISUZU NPS 81 254-006,Isuzu Elf,TR,WS-PERBAIKAN UNIT,254-006 LEPAS GARDAN DAN SEMPRONG,2.0
KUMAI,Aug,2026-08-19,641104127200432 035,272-004,272004,ARM ROLL HINO 136 HDX 272-004,Arm Roll,TR,WS-PERBAIKAN UNIT,272-004 PEMASANGAN JACK LANDING,2.0
KUMAI,Aug,2026-08-19,641104127200232 075,272-002,272002,ARM ROLL ISUZU NPS 81 272-002,Arm Roll,TR,WS-PERBAIKAN UNIT,272-002 PERBAIKAN KEBOCORAN FUEL SISTEM,6.0
KUMAI,Aug,2026-08-19,641104127200432 115,272-004,272004,ARM ROLL HINO 136 HDX 272-004,Arm Roll,TR,WS-PERBAIKAN UNIT,272-004 STEL PRESURE+MODIF LOCK,3.0
KUMAI,Aug,2026-08-19,641104132201132 065,322-011,322011,CRAWLER DUMPER PD5000TA 322-011,Crawler,AB,WS-PERBAIKAN UNIT,322-011 EVAKUASI UNIT  TROUBLE,2.0
KUMAI,Aug,2026-08-19,641104127200332 035,272-003,272003,ARMROLL HINO 136 HDX 272-003,Arm Roll,TR,WS-PERBAIKAN UNIT,272-003 LAS PANGKUAN DUDUKAN PROFELER,2.0
KUMAI,Aug,2026-08-19,641104127200532 115,272-005,272005,ARM ROLL HINO 136 HDX 272-005,Arm Roll,TR,WS-PERBAIKAN UNIT,272-005 CEK UNIT HYD LOW POWER,7.0
KUMAI,Aug,2026-08-20,641104125400532 055,254-005,254005,DUMP TRUCK ISUZU NPS 81 254-005,Isuzu Elf,TR,WS-PERBAIKAN UNIT,254-005 PELEPASAN HUB,6.0
KUMAI,Aug,2026-08-20,641104127200532 115,272-005,272005,ARM ROLL HINO 136 HDX 272-005,Arm Roll,TR,WS-PERBAIKAN UNIT,272-005 TROUBLE HOOTING UNIT LOW,12.0
KUMAI,Aug,2026-08-20,641104142200932 075,422-009,,,,,WS-PERBAIKAN UNIT,422-009 RUNNING UNIT PONTON,8.0
KUMAI,Aug,2026-08-20,641104132202832 145,322-028,322028,CRAWLER DUMPER PD-5000 322-028,Crawler,AB,WS-PERBAIKAN UNIT,322-028 PERBAIKAN VANBELT PUTU,3.0
KUMAI,Aug,2026-08-20,641104127200432 045,272-004,272004,ARM ROLL HINO 136 HDX 272-004,Arm Roll,TR,WS-PERBAIKAN UNIT,272-004 PERBAIKAN SISTEM BRAKE,5.0
KUMAI,Aug,2026-08-20,641104142200832 075,422-008,,,,,WS-PERBAIKAN UNIT,422-008 RUNNING UNIT PONTON,6.0
KUMAI,Aug,2026-08-20,641104132202632 145,322-026,322026,CRAWLER DUMPER PD-5000 322-026,Crawler,AB,WS-PERBAIKAN UNIT,322-026 CEK UNIT VANBELT PUTUS,5.0
KUMAI,Aug,2026-08-20,661204000000095 080,,,,,,WS-PERBAIKAN UNIT,1-KURAS TANGKI SOLAR,5.0
KUMAI,Aug,2026-08-20,641104125400332 055,254-003,254003,DUMP TRUCK ISUZU NPS 254-003,Isuzu Elf,TR,WS-PERBAIKAN UNIT,254-003 PELEPASAN HUB DAN BAUT HUB,3.0
KUMAI,Aug,2026-08-20,641104136100832 055,361-008,361008,BACKHOE LOADER CAT 416 F2 361-008,TLB,AB,WS-PERBAIKAN UNIT,361-008 LAS HOSE +ADA REMBESAN,4.0
KUMAI,Aug,2026-08-20,641104132201132 155,322-011,322011,CRAWLER DUMPER PD5000TA 322-011,Crawler,AB,WS-PERBAIKAN UNIT,322-011 PERBAIKAN TRIGULAR ROLLER,9.0
KUMAI,Aug,2026-08-20,641104132202032 075,322-020,322020,CRAWLER DUMPER PD-5000 TA 322-020,Crawler,AB,WS-PERBAIKAN UNIT,322-020 PERBAIKAN ENGINE MOUNTING,2.0
KUMAI,Aug,2026-08-20,641104125400632 055,254-006,254006,DUMP TRUCK ISUZU NPS 81 254-006,Isuzu Elf,TR,WS-PERBAIKAN UNIT,254-006 PEMASANGAN SEMPRONG DAN GARDAN,3.0
KUMAI,Aug,2026-08-20,641104142200632 075,422-006,,,,,WS-PERBAIKAN UNIT,422-006 RUNNING UNIT PONTON,6.0
KUMAI,Aug,2026-08-20,641104142200632 075,422-006,,,,,WS-PERBAIKAN UNIT,422-006 RUNNING UNIT PONTON,6.0
KUMAI,Aug,2026-08-20,641104136100832 035,361-008,361008,BACKHOE LOADER CAT 416 F2 361-008,TLB,AB,WS-PERBAIKAN UNIT,361-008 PERBAIKAN BUCKET,1.0
KUMAI,Aug,2026-08-20,641104142200432 035,422-004,,,,,WS-PERBAIKAN UNIT,422-004 PENGELASAN ATAP PONTON,4.0
KUMAI,Aug,2026-08-20,641104133204332 075,332-043,332043,EXCAVATOR HITACHI ZX138 M-F 332-043,Excavator ZX-130,AB,WS-PERBAIKAN UNIT,332-043 PERBAIKAN UNIT MASUK ANGIN,2.0
KUMAI,Aug,2026-08-20,641104127200532 115,272-005,272005,ARM ROLL HINO 136 HDX 272-005,Arm Roll,TR,WS-PERBAIKAN UNIT,272-005 LANJUT PERBAIKAN+TES UNIT,8.0
KUMAI,Aug,2026-08-20,641104127200432 045,272-004,272004,ARM ROLL HINO 136 HDX 272-004,Arm Roll,TR,WS-PERBAIKAN UNIT,272-004 PERBAIKAN LOCK PIN RUD ARM,2.0
KUMAI,Aug,2026-08-20,641104125400632 135,254-006,254006,DUMP TRUCK ISUZU NPS 81 254-006,Isuzu Elf,TR,WS-PERBAIKAN UNIT,254-006 PEMBONGKARAN SPRING BELAKNG,2.0
KUMAI,Aug,2026-08-20,661204000000095 080,,,,,,WS-PERBAIKAN UNIT,1-PASANG INJEKTOR,2.0
KUMAI,Aug,2026-08-20,641104133204232 075,332-042,332042,EXCAVATOR HITACHI ZX138 M-F 332-042,Excavator ZX-130,AB,WS-PERBAIKAN UNIT,332-042 PERBAIKAN HOSE RADIATOR,1.0
KUMAI,Aug,2026-08-20,641104125400832 135,254-008,254008,DUMP TRUCK HINO 130 HD 4X4 254-008,DT Hino,TR,WS-PERBAIKAN UNIT,254-008 PELEPASAN SPRING,1.0
KUMAI,Aug,2026-08-20,641104142200932 075,422-009,,,,,WS-PERBAIKAN UNIT,422-009 PERBAIKAN ENGINE UNIT,1.0
KUMAI,Aug,2026-08-20,641104127200232 075,272-002,272002,ARM ROLL ISUZU NPS 81 272-002,Arm Roll,TR,WS-PERBAIKAN UNIT,272-002 PERBAIKAN PIPE SUPPLY PUMP,1.0
KUMAI,Aug,2026-08-20,641104127200332 115,272-003,272003,ARMROLL HINO 136 HDX 272-003,Arm Roll,TR,WS-PERBAIKAN UNIT,272-003 PERBAIKAN HOSE OUTPUT POMP,2.0
KUMAI,Aug,2026-08-20,641104125400732 055,254-004,254004,DUMP TRUCK ISUZU NPS 81 254-004,Isuzu Elf,TR,WS-PERBAIKAN UNIT,254-004 EVAKUASI AS PENDEK PATAH,10.5
KUMAI,Aug,2026-08-21,641104142200732 075,422-007,,,,,WS-PERBAIKAN UNIT,422-007 ASSEMBLY HEAD,10.0
KUMAI,Aug,2026-08-21,641104136100832 115,361-008,361008,BACKHOE LOADER CAT 416 F2 361-008,TLB,AB,WS-PERBAIKAN UNIT,361-008 KURAS TANGKI HYD,1.0
KUMAI,Aug,2026-08-21,641104127200232 075,272-002,272002,ARM ROLL ISUZU NPS 81 272-002,Arm Roll,TR,WS-PERBAIKAN UNIT,272-002 PELEPASAN FUEL PUMP,4.0
KUMAI,Aug,2026-08-21,641104125400632 065,254-006,254006,DUMP TRUCK ISUZU NPS 81 254-006,Isuzu Elf,TR,WS-PERBAIKAN UNIT,254-006 PEMASANGAN ALTERNATOR,4.5
KUMAI,Aug,2026-08-21,641104142200932 075,422-009,,,,,WS-PERBAIKAN UNIT,422-009 RUNNING UNIT PONTON,3.0
KUMAI,Aug,2026-08-21,641104125400432 055,254-004,254004,DUMP TRUCK ISUZU NPS 81 254-004,Isuzu Elf,TR,WS-PERBAIKAN UNIT,254-004 PEMASANGAN BAUT NUT,9.0
KUMAI,Aug,2026-08-21,641104132203031 075,322-030,322030,CRAWLER DUMPER PD-5000 322-030,Crawler,AB,WS-PERBAIKAN DAN MAINTENANCE UNIT,322-030 SERVICE BERKALA UNIT,2.0
KUMAI,Aug,2026-08-21,641104133204332 075,332-043,332043,EXCAVATOR HITACHI ZX138 M-F 332-043,Excavator ZX-130,AB,WS-PERBAIKAN UNIT,332-043 PEMBERSIHAN FUEL TANK,4.5
KUMAI,Aug,2026-08-21,641104142200232 075,422-002,,,,,WS-PERBAIKAN UNIT,422-002 RUNNING UNIT PONTON,9.0
KUMAI,Aug,2026-08-21,641104142200632 075,422-006,,,,,WS-PERBAIKAN UNIT,422-006 PERBAIKAN ATAP PONTON,10.0
KUMAI,Aug,2026-08-21,641104127200332 115,272-003,272003,ARMROLL HINO 136 HDX 272-003,Arm Roll,TR,WS-PERBAIKAN UNIT,272-003 PERBAIKAN OUTPUT KONEKTOR,9.0
KUMAI,Aug,2026-08-21,641104125400632 065,254-006,254006,DUMP TRUCK ISUZU NPS 81 254-006,Isuzu Elf,TR,WS-PERBAIKAN UNIT,254-006 PEMASANGAN ALTERNATOR,2.0
KUMAI,Aug,2026-08-21,641104125400732 055,254-007,254007,DUMP TRUCK HINO 130 HD 4X4 254-007,DT Hino,TR,WS-PERBAIKAN UNIT,254-007 GANTI AS PENDEK,9.0
KUMAI,Aug,2026-08-21,641104127100232 145,271-002,271002,ARM ROLL HINO 130 HD DA 8589 CQ 271-002,Arm Roll,TR,WS-PERBAIKAN UNIT,271-002 PEMASANGAN SELANG PTO,2.0
KUMAI,Aug,2026-08-21,641104142200932 075,422-009,,,,,WS-PERBAIKAN UNIT,422-009 RUNNING UNIT NGISI PARIT CR,10.5
KUMAI,Aug,2026-08-21,641104125400332 135,254-003,254003,DUMP TRUCK ISUZU NPS 254-003,Isuzu Elf,TR,WS-PERBAIKAN UNIT,254-003 GANTI SPRING KANAN KIRI,1.5
KUMAI,Aug,2026-08-21,641104132203032 075,322-030,322030,CRAWLER DUMPER PD-5000 322-030,Crawler,AB,WS-PERBAIKAN UNIT,322-030 PEMASANGAN FILTER SOLAR,1.5
KUMAI,Aug,2026-08-21,641104127200232 075,272-002,272002,ARM ROLL ISUZU NPS 81 272-002,Arm Roll,TR,WS-PERBAIKAN UNIT,272-002 PELEPASAN FUEL PUMP,1.0
KUMAI,Aug,2026-08-21,641104132203031 075,322-030,322030,CRAWLER DUMPER PD-5000 322-030,Crawler,AB,WS-PERBAIKAN UNIT,322-030 PENGELASAN KANLPOT,1.0
KUMAI,Aug,2026-08-21,641104142200632 075,422-006,,,,,WS-PERBAIKAN UNIT,422-006 RUNNING UNIT PONTON,8.5
KUMAI,Aug,2026-08-21,641104142200732 075,422-007,,,,,WS-PERBAIKAN UNIT,422-007 LANJUT PERBAIKAN INJEKTOR,15.0
KUMAI,Aug,2026-08-21,641104127200332 115,272-003,272003,ARMROLL HINO 136 HDX 272-003,Arm Roll,TR,WS-PERBAIKAN UNIT,272-003 PENGISIAN OLI HYD,1.0
KUMAI,Aug,2026-08-21,641104132201632 145,322-016,322016,CRAWLER DUMPER PD5000TA 322-016,Crawler,AB,WS-PERBAIKAN UNIT,322-016 GANTI PERUMAHAN KAMPAS KOPLING,9.0
KUMAI,Aug,2026-08-21,641104127100232 115,271-002,271002,ARM ROLL HINO 130 HD DA 8589 CQ 271-002,Arm Roll,TR,WS-PERBAIKAN UNIT,271-002 PEMASANGAN HOSE YANG LEPAS,1.5
KUMAI,Aug,2026-08-21,641104125400532 135,254-005,254005,DUMP TRUCK ISUZU NPS 81 254-005,Isuzu Elf,TR,WS-PERBAIKAN UNIT,254-005 LEPAS SPRING BELAKANG,3.5
KUMAI,Aug,2026-08-21,641104132202932 145,322-029,322029,CRAWLER DUMPER PD-5000 322-029,Crawler,AB,WS-PERBAIKAN UNIT,322-029 PENGELASAN PERUMAHAN KOPLING,2.0
KUMAI,Aug,2026-08-21,641104127200332 115,272-003,272003,ARMROLL HINO 136 HDX 272-003,Arm Roll,TR,WS-PERBAIKAN UNIT,272-003 PERBAIKAN KONTROL VALVE,3.5
KUMAI,Aug,2026-08-21,641104132200732 145,322-007,322007,CRAWLER DUMPER PD5000TA 322-007,Crawler,AB,WS-PERBAIKAN UNIT,322-007 PERBAIKAN KLEM TRANSMISI,6.0
KUMAI,Aug,2026-08-21,641104135101232 035,351-012,351012,GRADER XCMG GR-100 351-012,Grader,AB,WS-PERBAIKAN UNIT,351-012 GANTI BAUT+ADJUSTER VANBELT,1.0
KUMAI,Aug,2026-08-21,641104127200232 075,272-002,272002,ARM ROLL ISUZU NPS 81 272-002,Arm Roll,TR,WS-PERBAIKAN UNIT,272-002 PEMASANGAN FUEL PUMP,7.0
KUMAI,Aug,2026-08-21,641104132203032 065,322-030,322030,CRAWLER DUMPER PD-5000 322-030,Crawler,AB,WS-PERBAIKAN UNIT,322-030 PERBAIKAN ALTERNATOR,3.0
KUMAI,Aug,2026-08-21,641104127200132 115,272-001,272001,ARM ROLL ISUZU NPS 81 272-001,Arm Roll,TR,WS-PERBAIKAN UNIT,272-001 PERBAIKAN HOSE REMBAS,3.5
KUMAI,Aug,2026-08-21,641104125400432 135,254-004,254004,DUMP TRUCK ISUZU NPS 81 254-004,Isuzu Elf,TR,WS-PERBAIKAN UNIT,254-004 PEMASANGAN SPRING BELAKANG,2.0
KUMAI,Aug,2026-08-21,641104127200532 115,272-005,272005,ARM ROLL HINO 136 HDX 272-005,Arm Roll,TR,WS-PERBAIKAN UNIT,272-005 PERBAIKAN KONEKTOR CV,5.0
KUMAI,Aug,2026-08-21,641104125400432 135,254-004,254004,DUMP TRUCK ISUZU NPS 81 254-004,Isuzu Elf,TR,WS-PERBAIKAN UNIT,254-004 PEMASANGAN SPRING+PASANG HUB,2.0
KUMAI,Aug,2026-08-22,641104132201332 155,322-013,322013,CARWLER DUMPER PD5000TA 322-013,Crawler,AB,WS-PERBAIKAN UNIT,322-013 GANTI ROLLER PECAH,10.0
KUMAI,Aug,2026-08-22,641104127200232 045,272-002,272002,ARM ROLL ISUZU NPS 81 272-002,Arm Roll,TR,WS-PERBAIKAN UNIT,272-002 GANTI KAMPAS HANDREM,14.0
KUMAI,Aug,2026-08-22,641104125400732 065,254-007,254007,DUMP TRUCK HINO 130 HD 4X4 254-007,DT Hino,TR,WS-PERBAIKAN UNIT,254-007 GANTI AKI UNIT,1.0
KUMAI,Aug,2026-08-22,641104142200732 075,442-007,,,,,WS-PERBAIKAN UNIT,442-007 SIAPKAN PERALATAN RUNNING UNIT P,2.0
KUMAI,Aug,2026-08-22,641104125400232 055,254-002,254002,DUMP TRUCK ISUZU NPS 254-002,Isuzu Elf,TR,WS-PERBAIKAN UNIT,254-002 PENGELASAN BAUT HUB,3.0
KUMAI,Aug,2026-08-22,641104142200832 075,422-008,,,,,WS-PERBAIKAN UNIT,422-008 RUNNING UNIT PONTON,9.0
KUMAI,Aug,2026-08-22,641104142200632 075,422-006,,,,,WS-PERBAIKAN UNIT,422-006 RUNNING UNIT PONTON,11.5
KUMAI,Aug,2026-08-22,641104132201832 155,322-018,322018,CRAWLER DUMPET PD-5000 TA 322-018,Crawler,AB,WS-PERBAIKAN UNIT,322-018 GANTI ROLLER DIBLOK 37/38,6.0
KUMAI,Aug,2026-08-22,641104142200932 075,422-009,,,,,WS-PERBAIKAN UNIT,422-009 RUNNING UNIT PONTON,11.5
KUMAI,Aug,2026-08-22,641104127100232 075,271-002,271002,ARM ROLL HINO 130 HD DA 8589 CQ 271-002,Arm Roll,TR,WS-PERBAIKAN UNIT,271-002 PEMBERSIHAN RADIATOR+KISI KISI,6.0
KUMAI,Aug,2026-08-22,641104127100732 135,271-007,271007,ARMROLL 271-007,Arm Roll,TR,WS-PERBAIKAN UNIT,271-007 PERBAIKAN SPRING PATAH,6.0
KUMAI,Aug,2026-08-22,641104133203031 075,332-030,332030,EXCAVATOR HITACHI ZX210LC-5G LONGARM 332-030,Excavator Long arm,AB,WS-PERBAIKAN DAN MAINTENANCE UNIT,332-030 SERVICE BERKALA UNIT,3.0
KUMAI,Aug,2026-08-22,641104133203131 075,332-031,332031,EXCAVATOR HITACHI ZX130-5G 332-031,Excavator ZX-130,AB,WS-PERBAIKAN DAN MAINTENANCE UNIT,332-031 SERVICE BERKALA UNIT,4.0
KUMAI,Aug,2026-08-22,641104142200732 075,422-007,,,,,WS-PERBAIKAN UNIT,422-007 LEPAS NOZEL YANG BOCOR,1.0
KUMAI,Aug,2026-08-22,641104127100232 115,271-002,271002,ARM ROLL HINO 130 HD DA 8589 CQ 271-002,Arm Roll,TR,WS-PERBAIKAN UNIT,271-002 PERBAIKAN/MODIF HOSE REMBES,2.0
KUMAI,Aug,2026-08-22,641104142200732 075,422-007,,,,,WS-PERBAIKAN UNIT,422-007 RUNNING UNIT PENGISIAN PARIT CR,8.0
KUMAI,Aug,2026-08-22,641104127100732 065,271-007,271007,ARMROLL 271-007,Arm Roll,TR,WS-PERBAIKAN UNIT,271-007 PERBAIKAN CAS AKI YANG MATI,1.0
KUMAI,Aug,2026-08-22,641104125400432 055,254-004,254004,DUMP TRUCK ISUZU NPS 81 254-004,Isuzu Elf,TR,WS-PERBAIKAN UNIT,254-004 PENGELASAN BAUT HUB,5.5
KUMAI,Aug,2026-08-22,641104127100232 075,271-002,271002,ARM ROLL HINO 130 HD DA 8589 CQ 271-002,Arm Roll,TR,WS-PERBAIKAN UNIT,271-002 PERBAIKAN KISI KISI RADIATOR,1.0
KUMAI,Aug,2026-08-22,641104132201632 145,322-016,322016,CRAWLER DUMPER PD5000TA 322-016,Crawler,AB,WS-PERBAIKAN UNIT,322-016 PENGENCANGAN BAUT STELAN KOPLING,4.0
KUMAI,Aug,2026-08-22,641104127200432 035,272-002,272002,ARM ROLL ISUZU NPS 81 272-002,Arm Roll,TR,WS-PERBAIKAN UNIT,272-002 PERBAIKAN KAITAN BAK BIN,4.0
KUMAI,Aug,2026-08-23,641104133202031 075,332-020,332020,EXCAVATOR KOBELCO SK200-10 332-020,Excavator All in,AB,WS-PERBAIKAN DAN MAINTENANCE UNIT,332-020 SERVICE BERKALA UNIT,7.0
KUMAI,Aug,2026-08-23,641104142200932 075,422-009,,,,,WS-PERBAIKAN UNIT,422-009 RUNNING UNIT PONTON+ISI PARIT CR,10.0
KUMAI,Aug,2026-08-23,641104142200832 075,422-008,,,,,WS-PERBAIKAN UNIT,422-008 RUNNING UNIT PONTON+ISI PARIT CR,3.0
KUMAI,Aug,2026-08-23,641104127200332 115,272-003,272003,ARMROLL HINO 136 HDX 272-003,Arm Roll,TR,WS-PERBAIKAN UNIT,272-003 STEL PRESURE,4.0
KUMAI,Aug,2026-08-23,641104142200632 075,422-006,,,,,WS-PERBAIKAN UNIT,422-006 RUNNING UNIT PONTON+ISI PARIT,10.0
KUMAI,Aug,2026-08-23,641104125400732 145,254-007,254007,DUMP TRUCK HINO 130 HD 4X4 254-007,DT Hino,TR,WS-PERBAIKAN UNIT,254-007 PERBAIKAN/MODIF TUAS KOPLING,4.0
KUMAI,Aug,2026-08-23,641104142200732 075,422-007,,,,,WS-PERBAIKAN UNIT,422-007 RUNNING UNIT PONTON,11.0
KUMAI,Aug,2026-08-23,641104127100232 115,271-002,271002,ARM ROLL HINO 130 HD DA 8589 CQ 271-002,Arm Roll,TR,WS-PERBAIKAN UNIT,271-002 PERBAIKAN KONEKTOR HOSE POMP,1.5
KUMAI,Aug,2026-08-23,641104132201732 145,322-017,322017,CRAWLER DUMPER PD-5000TA 322-017,Crawler,AB,WS-PERBAIKAN UNIT,322-017 PERBAIKAN RELEASE BEARING PECAH,2.0
KUMAI,Aug,2026-08-23,641104133205431 075,332-054,332054,EXCAVATOR HITACHI ZX 210 LC 332-054,Excavator Long arm,AB,WS-PERBAIKAN DAN MAINTENANCE UNIT,332-054 SERVICE BERKALA UNIT,10.0
KUMAI,Aug,2026-08-23,641104127200332 035,272-003,272003,ARMROLL HINO 136 HDX 272-003,Arm Roll,TR,WS-PERBAIKAN UNIT,272-003 PERBAIKAN JACK TIDAK MAU NAIK,5.5
KUMAI,Aug,2026-08-23,641104125400732 145,254-007,254007,DUMP TRUCK HINO 130 HD 4X4 254-007,DT Hino,TR,WS-PERBAIKAN UNIT,254-007 PERBAIKAN TUAS PENYEARAH GIGI,2.5
KUMAI,Aug,2026-08-23,641104133203132 155,332-031,332031,EXCAVATOR HITACHI ZX130-5G 332-031,Excavator ZX-130,AB,WS-PERBAIKAN UNIT,332-031 EVAKUASI UNIT LEPAS TRACK,4.0
KUMAI,Aug,2026-08-23,641104127100232 045,271-002,271002,ARM ROLL HINO 130 HD DA 8589 CQ 271-002,Arm Roll,TR,WS-PERBAIKAN UNIT,271-002 GANTI SEAL MASTER REM,2.0
KUMAI,Aug,2026-08-23,641104133204332 115,332-043,332043,EXCAVATOR HITACHI ZX138 M-F 332-043,Excavator ZX-130,AB,WS-PERBAIKAN UNIT,332-043 PENURUNAN POMP+LEPAS HYD,10.0
KUMAI,Aug,2026-08-23,641104127200332 035,272-003,272003,ARMROLL HINO 136 HDX 272-003,Arm Roll,TR,WS-PERBAIKAN UNIT,272-003 PASANG PEN JACK LANDING,1.0
KUMAI,Aug,2026-08-24,641104133204332 115,332-043,332043,EXCAVATOR HITACHI ZX138 M-F 332-043,Excavator ZX-130,AB,WS-PERBAIKAN UNIT,332-043 LEPAS HOSE POMP,10.0
KUMAI,Aug,2026-08-24,641104135101232 065,351-012,351012,GRADER XCMG GR-100 351-012,Grader,AB,WS-PERBAIKAN UNIT,351-012 SOKET INJEKTOR KENDOR,1.0
KUMAI,Aug,2026-08-24,641104125400432 055,254-004,254004,DUMP TRUCK ISUZU NPS 81 254-004,Isuzu Elf,TR,WS-PERBAIKAN UNIT,254-004 PERGANTIAN BAUT HUB PATAH,12.0
KUMAI,Aug,2026-08-24,641104142200332 075,422-003,,,,,WS-PERBAIKAN UNIT,422-003 RUNNING UNIT PONTON,13.0
KUMAI,Aug,2026-08-24,661204000000095 080,,,,,,WS-PERBAIKAN UNIT,1-PERBAIKAN UNIT MASUK ANGIN,1.0
KUMAI,Aug,2026-08-24,641104142200932 075,422-009,,,,,WS-PERBAIKAN UNIT,422-009 RUNNING UNIT PONTON,13.0
KUMAI,Aug,2026-08-24,641104127200532 115,272-005,272005,ARM ROLL HINO 136 HDX 272-005,Arm Roll,TR,WS-PERBAIKAN UNIT,272-005 PENAMBAHAN OLI HYD YG KURANG,10.0
KUMAI,Aug,2026-08-24,641104142200732 075,422-007,,,,,WS-PERBAIKAN UNIT,422-007 RUNNING UNIT PONTON,6.5
KUMAI,Aug,2026-08-24,641104136100832 115,361-008,361008,BACKHOE LOADER CAT 416 F2 361-008,TLB,AB,WS-PERBAIKAN UNIT,361-008 CEK UNIT TIDAK BISA SWING,1.0
KUMAI,Aug,2026-08-24,641104127200232 075,272-002,272002,ARM ROLL ISUZU NPS 81 272-002,Arm Roll,TR,WS-PERBAIKAN UNIT,272-002 CEK UNIT INJEKTOR BERMASALAH,1.0
KUMAI,Aug,2026-08-24,641104132202832 115,322-028,322028,CRAWLER DUMPER PD-5000 322-028,Crawler,AB,WS-PERBAIKAN UNIT,322-028 PERBAIKAN SELENOID ARM,2.0
KUMAI,Aug,2026-08-24,641104127200432 115,272-004,272004,ARM ROLL HINO 136 HDX 272-004,Arm Roll,TR,WS-PERBAIKAN UNIT,272-004 PERBAIKAN KONEKTOR HOSE,2.0
KUMAI,Aug,2026-08-24,641104125400932 045,254-009,254009,DUMP TRUCK ISUZU NKR 71  B 9853 BDG 254-009,Isuzu Elf,TR,WS-PERBAIKAN UNIT,254-009 PASANG HANDREM UNIT,2.0
KUMAI,Aug,2026-08-24,641104132202232 075,322-022,322022,CRAWLER DUMPER PD - 5000TA 322-022,Crawler,AB,WS-PERBAIKAN UNIT,322-022 OH ENGINE,4.0
KUMAI,Aug,2026-08-24,641104136100832 115,361-008,361008,BACKHOE LOADER CAT 416 F2 361-008,TLB,AB,WS-PERBAIKAN UNIT,361-008 BONGKAR SYLINDER SWING,1.0
KUMAI,Aug,2026-08-24,641104133204332 115,332-043,332043,EXCAVATOR HITACHI ZX138 M-F 332-043,Excavator ZX-130,AB,WS-PERBAIKAN UNIT,332-043 PENGENCANGAN HOSE HYD,4.0
KUMAI,Aug,2026-08-24,641104132202232 075,322-022,322022,CRAWLER DUMPER PD - 5000TA 322-022,Crawler,AB,WS-PERBAIKAN UNIT,322-022 LANJUT OH ENGINE,6.0
KUMAI,Aug,2026-08-24,641104142200732 075,422-007,,,,,WS-PERBAIKAN UNIT,422-007 OH ENGINE+AIR RADIATOR,0.5
KUMAI,Aug,2026-08-24,641104132203032 075,322-030,322030,CRAWLER DUMPER PD-5000 322-030,Crawler,AB,WS-PERBAIKAN UNIT,322-030 MODIF/PERBAIKAN MOUNTING ENGINE,4.5
KUMAI,Aug,2026-08-24,641104127200532 115,272-005,272005,ARM ROLL HINO 136 HDX 272-005,Arm Roll,TR,WS-PERBAIKAN UNIT,272-005 STEL PRESURE,5.0
KUMAI,Aug,2026-08-24,641104136100832 075,361-008,361008,BACKHOE LOADER CAT 416 F2 361-008,TLB,AB,WS-PERBAIKAN UNIT,361-008 LANJUT BONGKAR CYLINDER SWING,2.0
KUMAI,Aug,2026-08-24,641104127200532 055,272-005,272005,ARM ROLL HINO 136 HDX 272-005,Arm Roll,TR,WS-PERBAIKAN UNIT,272-005 PENGELASAN SAFETY SEMPRONG,1.0
KUMAI,Aug,2026-08-24,641104125400532 165,254-005,254005,DUMP TRUCK ISUZU NPS 81 254-005,Isuzu Elf,TR,WS-PERBAIKAN UNIT,254-005 PENGENCANGAN BAN SEBELAH KANAN,2.0
KUMAI,Aug,2026-08-24,641104142200732 075,422-007,,,,,WS-PERBAIKAN UNIT,422-007 RUNNING UNIT PONTON,5.5
KUMAI,Aug,2026-08-24,641104132200932 075,322-009,322009,CROWN KD 5000 HZL 322-009,Crawler,AB,WS-PERBAIKAN UNIT,322-009 PERBAIKAN KEBOCORAN OLI ENGIN,1.0
KUMAI,Aug,2026-08-25,641104142200732 075,422-007,,,,,WS-PERBAIKAN UNIT,422-007 RUNNING UNIT PONTON,9.0
KUMAI,Aug,2026-08-25,641104133202032 155,332-020,332020,EXCAVATOR KOBELCO SK200-10 332-020,Excavator All in,AB,WS-PERBAIKAN UNIT,332-020 PERBAIKAN SPRING ADJUSTER,17.0
KUMAI,Aug,2026-08-26,641104142200832 075,422-008,,,,,WS-PERBAIKAN UNIT,422-008 RUNNING UNIT PONTON,9.0
KUMAI,Aug,2026-08-26,641104142200232 075,422-002,,,,,WS-PERBAIKAN UNIT,422-002 GANTI RUBER COUPLING,6.0
KUMAI,Aug,2026-08-26,641104142200932 075,422-009,,,,,WS-PERBAIKAN UNIT,422-009 RUNNING UNIT PONTON,5.5
KUMAI,Aug,2026-08-26,641104132201332 075,322-013,322013,CARWLER DUMPER PD5000TA 322-013,Crawler,AB,WS-PERBAIKAN UNIT,322-013 PENGECEKAN AIR RADIATOR+SIRKULAS,3.0
KUMAI,Aug,2026-08-26,641104136100831 075,361-008,361008,BACKHOE LOADER CAT 416 F2 361-008,TLB,AB,WS-PERBAIKAN DAN MAINTENANCE UNIT,361-008 SERVICE BERKALA UNIT,5.0
KUMAI,Aug,2026-08-26,641104125401031 075,254-010,254010,DUMP TRUCK 4X4 254-010,Arm Roll,TR,WS-PERBAIKAN DAN MAINTENANCE UNIT,254-010 SERVICE BERKALA UNIT,2.5
KUMAI,Aug,2026-08-26,641104132201431 075,322-014,322014,CRAWLER DUMPER PD5000TA 322-014,Crawler,AB,WS-PERBAIKAN DAN MAINTENANCE UNIT,322-014 SERVICE BERKALA UNIT,8.0
KUMAI,Aug,2026-08-26,641104136100832 115,361-008,361008,BACKHOE LOADER CAT 416 F2 361-008,TLB,AB,WS-PERBAIKAN UNIT,361-008 PENURUNAN ATTACHMENT HYD UNIT,5.0
KUMAI,Aug,2026-08-26,641104142200632 075,422-006,,,,,WS-PERBAIKAN UNIT,422-006 RUNNING UNITT PONTON,8.0
KUMAI,Aug,2026-08-26,641104132202132 075,322-021,322021,CRAWLER DUMPER PD - 5000TA 322-021,Crawler,AB,WS-PERBAIKAN UNIT,322-021 MODIF DUDUKAN MOUNTING ENGINE,5.0
KUMAI,Aug,2026-08-26,641104142200732 075,422-007,,,,,WS-PERBAIKAN UNIT,422-007 RUNNING UNIT PONTON,8.0
KUMAI,Aug,2026-08-26,641104132200932 155,322-009,322009,CROWN KD 5000 HZL 322-009,Crawler,AB,WS-PERBAIKAN UNIT,322-009 PERBAIKAN ADJUSTER TRACK,5.0
KUMAI,Aug,2026-08-26,641104133202032 155,332-020,332020,EXCAVATOR KOBELCO SK200-10 332-020,Excavator All in,AB,WS-PERBAIKAN UNIT,332-020 PEMASANGAN ADJUSTER SPRING,5.0
KUMAI,Aug,2026-08-26,661204000000095 080,,,,,,WS-PERBAIKAN UNIT,1-RUNNING UNIT PONTON KS,1.0
KUMAI,Aug,2026-08-26,641104127200232 135,272-002,272002,ARM ROLL ISUZU NPS 81 272-002,Arm Roll,TR,WS-PERBAIKAN UNIT,272-002 PERBAIKAN SPRING PATAH,2.0
KUMAI,Aug,2026-08-26,641104133202831 075,332-028,332028,EXCAVATOR KOBELCO SK200-10 332-028,Excavator All in,AB,WS-PERBAIKAN DAN MAINTENANCE UNIT,332-028 SERVICE BERKALA UNIT,1.0
KUMAI,Aug,2026-08-26,641104142200932 075,422-009,,,,,WS-PERBAIKAN UNIT,422-009 ROLLING UNIT,7.0
KUMAI,Aug,2026-08-26,641104135101232 065,351-012,351012,GRADER XCMG GR-100 351-012,Grader,AB,WS-PERBAIKAN UNIT,351-012 EVAKUASI TIE ROD LEPAS,2.0
KUMAI,Aug,2026-08-26,641104136100832 115,361-008,361008,BACKHOE LOADER CAT 416 F2 361-008,TLB,AB,WS-PERBAIKAN UNIT,361-008 LANJUT PROGRES,2.0
KUMAI,Aug,2026-08-26,641104132202132 075,322-021,322021,CRAWLER DUMPER PD - 5000TA 322-021,Crawler,AB,WS-PERBAIKAN UNIT,322-021 LANJUT MODIFIKASI MOUNTING ENGIN,5.0
KUMAI,Aug,2026-08-26,641104127100232 135,271-002,271002,ARM ROLL HINO 130 HD DA 8589 CQ 271-002,Arm Roll,TR,WS-PERBAIKAN UNIT,271-002 GANTI SPRING DEPAN,1.0
KUMAI,Aug,2026-08-26,641104127200232 135,272-002,272002,ARM ROLL ISUZU NPS 81 272-002,Arm Roll,TR,WS-PERBAIKAN UNIT,272-002 LANJUT PROGRES SPRING,6.0
KUMAI,Aug,2026-08-26,641104133204332 115,332-043,332043,EXCAVATOR HITACHI ZX138 M-F 332-043,Excavator ZX-130,AB,WS-PERBAIKAN UNIT,332-043 PEMBONGKARAN POMPA HYD,2.0
KUMAI,Aug,2026-08-26,641104133202832 155,332-028,332028,EXCAVATOR KOBELCO SK200-10 332-028,Excavator All in,AB,WS-PERBAIKAN UNIT,332-028 POTONG TRACK+LEPAS SPROKET,2.0
KUMAI,Aug,2026-08-26,641104142200732 035,422-007,,,,,WS-PERBAIKAN UNIT,422-007 PENGELASAN KIPAS PATAH,4.5
KUMAI,Aug,2026-08-26,641104134201532 155,342-015,342015,BULLDOZER WEA B 165 YS 342-015,Bulldozer,AB,WS-PERBAIKAN UNIT,342-015 GANTI SEAL ADJUSTER,2.0
KUMAI,Aug,2026-08-26,661204000000095 080,,,,,,WS-PERBAIKAN UNIT,1-RUNNING UNIT  PONTON+BASAHI JALAN,4.5
KUMAI,Aug,2026-08-26,641104127200132 165,272-001,272001,ARM ROLL ISUZU NPS 81 272-001,Arm Roll,TR,WS-PERBAIKAN UNIT,272-001 GANTI BAN UNIT,2.0
KUMAI,Aug,2026-08-26,641104127200332 115,272-003,272003,ARMROLL HINO 136 HDX 272-003,Arm Roll,TR,WS-PERBAIKAN UNIT,272-003 HOSE LOCK BIN PECAH,0.5
KUMAI,Aug,2026-08-26,641104125400332 145,254-003,254003,DUMP TRUCK ISUZU NPS 254-003,Isuzu Elf,TR,WS-PERBAIKAN UNIT,254-003 CEK UNIT TRANSMISI CEKET,2.0
KUMAI,Aug,2026-08-27,641104127200631 075,272-006,272006,ARMROLL 4X4 272-006,Arm Roll,TR,WS-PERBAIKAN DAN MAINTENANCE UNIT,272-006 SERVICE BERKALA UNIT,4.0
KUMAI,Aug,2026-08-27,641104125400932 055,254-009,254009,DUMP TRUCK ISUZU NKR 71  B 9853 BDG 254-009,Isuzu Elf,TR,WS-PERBAIKAN UNIT,254-009 PENURUNAN SEMPRONG,5.0
KUMAI,Aug,2026-08-27,641104142200932 075,422-009,,,,,WS-PERBAIKAN UNIT,422-009 SIAPKAN PART+RUNNING UNIT,8.0
KUMAI,Aug,2026-08-27,641104127200132 075,272-001,272001,ARM ROLL ISUZU NPS 81 272-001,Arm Roll,TR,WS-PERBAIKAN UNIT,272-001 PERBAIKAN REMBESAN PIPA INJEKTOR,1.0
KUMAI,Aug,2026-08-27,641104132201232 065,322-012,322012,CRAWLER DUMPER PD5000TA 322-012,Crawler,AB,WS-PERBAIKAN UNIT,322-012 PERBAIKAN UNIT TIDAK BISA STATER,4.0
KUMAI,Aug,2026-08-27,641104133202832 155,332-028,332028,EXCAVATOR KOBELCO SK200-10 332-028,Excavator All in,AB,WS-PERBAIKAN UNIT,332-028 GANTI SPROKET MODIF DUDUKAN,5.0
KUMAI,Aug,2026-08-27,641104132200932 155,322-009,322009,CROWN KD 5000 HZL 322-009,Crawler,AB,WS-PERBAIKAN UNIT,322-009 MODIF UNDERCARIAGE UNIT,5.0
KUMAI,Aug,2026-08-27,641104142200632 075,422-006,,,,,WS-PERBAIKAN UNIT,422-006 RUNNING UNIT PONTON,4.0
KUMAI,Aug,2026-08-27,641104142200732 075,422-007,,,,,WS-PERBAIKAN UNIT,422-007 ROLLING UNIT KE BLOK 4+PERBAIKAN,5.0
KUMAI,Aug,2026-08-27,641104135101232 165,351-012,351012,GRADER XCMG GR-100 351-012,Grader,AB,WS-PERBAIKAN UNIT,351-012 PERBAIKAN TIE ROD,4.0
KUMAI,Aug,2026-08-27,641104127200432 115,272-004,272004,ARM ROLL HINO 136 HDX 272-004,Arm Roll,TR,WS-PERBAIKAN UNIT,272-004 PERBAIKAN PUMP HYD,6.0
KUMAI,Aug,2026-08-27,661204000000095 080,,,,,,WS-PERBAIKAN UNIT,1-RUNNING UNIT+OLI TIDAK MAU NAIK,3.0
KUMAI,Aug,2026-08-27,641104142200332 075,422-003,,,,,WS-PERBAIKAN UNIT,422-003 RUNNING UNIT PONTON,4.0
KUMAI,Aug,2026-08-27,641104132200932 155,322-009,322009,CROWN KD 5000 HZL 322-009,Crawler,AB,WS-PERBAIKAN UNIT,322-009 PERBAIKAN ADJUSTER TRACK,1.0
KUMAI,Aug,2026-08-27,641104133203032 115,332-030,332030,EXCAVATOR HITACHI ZX210LC-5G LONGARM 332-030,Excavator Long arm,AB,WS-PERBAIKAN UNIT,332-030 PERBAIKAN REMBESAN KONTROL VALVE,5.5
KUMAI,Aug,2026-08-27,641104125400532 055,254-005,254005,DUMP TRUCK ISUZU NPS 81 254-005,Isuzu Elf,TR,WS-PERBAIKAN UNIT,254-005 PROGRES PENURUNAN GARDAN,4.0
KUMAI,Aug,2026-08-27,641104142200732 075,422-007,,,,,WS-PERBAIKAN UNIT,422-007 RUNNING UNIT PONTON,7.0
KUMAI,Aug,2026-08-27,641104142200932 075,422-009,,,,,WS-PERBAIKAN UNIT,422-009 RUNNING UNIT PONTON,4.0
KUMAI,Aug,2026-08-27,641104136100832 145,361-008,361008,BACKHOE LOADER CAT 416 F2 361-008,TLB,AB,WS-PERBAIKAN UNIT,361-008 LAS SKAK DOUBLE,2.0
KUMAI,Aug,2026-08-27,641104127200132 075,272-001,272001,ARM ROLL ISUZU NPS 81 272-001,Arm Roll,TR,WS-PERBAIKAN UNIT,272-001 PERBAIKAN HOSE NOZEL,2.0
KUMAI,Aug,2026-08-27,641104133202832 155,332-028,332028,EXCAVATOR KOBELCO SK200-10 332-028,Excavator All in,AB,WS-PERBAIKAN UNIT,332-028 LAS PIN TRACK,2.0
KUMAI,Aug,2026-08-27,641104132203032 075,322-030,322030,CRAWLER DUMPER PD-5000 322-030,Crawler,AB,WS-PERBAIKAN UNIT,322-030 PROGRES MOUNTING ENGINE,2.0
KUMAI,Aug,2026-08-27,641104132202332 035,322-023,322023,CRAWLER DUMPER PD - 5000TA 322-023,Crawler,AB,WS-PERBAIKAN UNIT,322-023 PERBAIKAN BOLT MOUNTING ENGINE,2.0
KUMAI,Aug,2026-08-27,641104142200332 075,422-003,,,,,WS-PERBAIKAN UNIT,422-003 BONGKAR PUMP RADIATOR,3.0
KUMAI,Aug,2026-08-27,641104134201532 155,342-015,342015,BULLDOZER WEA B 165 YS 342-015,Bulldozer,AB,WS-PERBAIKAN UNIT,342-015 GANTI SEAL ADJUDTER,5.0
KUMAI,Aug,2026-08-27,641104142200932 075,422-009,,,,,WS-PERBAIKAN UNIT,422-009 RUNNING UNIT PONTON,4.5
KUMAI,Aug,2026-08-27,641104132201832 145,322-018,322018,CRAWLER DUMPET PD-5000 TA 322-018,Crawler,AB,WS-PERBAIKAN UNIT,322-018 PERBAIKAN VANBELT TRANSMISI UNI,4.0
KUMAI,Aug,2026-08-27,641104132201832 145,322-018,322018,CRAWLER DUMPET PD-5000 TA 322-018,Crawler,AB,WS-PERBAIKAN UNIT,322-018 GANTI VANBELT TRANSMISI,1.5
KUMAI,Aug,2026-08-28,641104127100232 075,271-002,271002,ARM ROLL HINO 130 HD DA 8589 CQ 271-002,Arm Roll,TR,WS-PERBAIKAN UNIT,271-002 PEMBERSIHAN RADIATOR BUNTU,9.0
KUMAI,Aug,2026-08-28,641104142200732 075,422-007,,,,,WS-PERBAIKAN UNIT,422-007 RUNNING UNIT PONTON+MONITORING,12.5
KUMAI,Aug,2026-08-28,641104136100832 055,361-008,361008,BACKHOE LOADER CAT 416 F2 361-008,TLB,AB,WS-PERBAIKAN UNIT,361-008 MODIF SHAFT DOUBLE,4.5
KUMAI,Aug,2026-08-28,641104132202132 075,322-021,322021,CRAWLER DUMPER PD - 5000TA 322-021,Crawler,AB,WS-PERBAIKAN UNIT,322-021 PERGANTIAN HOSE MINYAK UNIT,1.0
KUMAI,Aug,2026-08-28,641104132203032 075,322-030,322030,CRAWLER DUMPER PD-5000 322-030,Crawler,AB,WS-PERBAIKAN UNIT,322-030 MODIFIKASI MOUNTING ENGINE,4.5
KUMAI,Aug,2026-08-28,641104133202832 155,332-028,332028,EXCAVATOR KOBELCO SK200-10 332-028,Excavator All in,AB,WS-PERBAIKAN UNIT,332-028 GANTI SPROKET+TOP ROLLER,4.5
KUMAI,Aug,2026-08-28,641104137101231 075,271-012,,,,,WS-PERBAIKAN DAN MAINTENANCE UNIT,271-012 SERVICE BERKALA UNIT,9.0
KUMAI,Aug,2026-08-28,641104142200632 075,422-006,,,,,WS-PERBAIKAN UNIT,422-006 RUNNING UNIT +EVAKUASI TERBALIK,12.5
KUMAI,Aug,2026-08-28,641104132201632 065,322-016,322016,CRAWLER DUMPER PD5000TA 322-016,Crawler,AB,WS-PERBAIKAN UNIT,322-016 CEK ELEKTRIK UNIT,1.0
KUMAI,Aug,2026-08-28,641104133202832 155,332-028,332028,EXCAVATOR KOBELCO SK200-10 332-028,Excavator All in,AB,WS-PERBAIKAN UNIT,332-028 GANTI PAPAN SHOE,2.5
KUMAI,Aug,2026-08-28,661204000000095 080,,,,,,WS-PERBAIKAN UNIT,1-BONGLAR POMPA OLI,2.0
KUMAI,Aug,2026-08-28,641104142200932 075,422-009,,,,,WS-PERBAIKAN UNIT,422-009 RUNNING UNIT+BASAHI JALAN,4.0
KUMAI,Aug,2026-08-28,641104142200332 075,422-003,,,,,WS-PERBAIKAN UNIT,422-003 PASANG WATER SEPARATOR,3.5
KUMAI,Aug,2026-08-28,641104132203032 075,322-030,322030,CRAWLER DUMPER PD-5000 322-030,Crawler,AB,WS-PERBAIKAN UNIT,322-030 MODIFIKASI MOUNTING ENGINE,2.5
KUMAI,Aug,2026-08-28,641104134201532 155,342-015,342015,BULLDOZER WEA B 165 YS 342-015,Bulldozer,AB,WS-PERBAIKAN UNIT,342-015 PEMASANGAN TRACK LINK,5.0
KUMAI,Aug,2026-08-28,641104136100832 055,361-008,361008,BACKHOE LOADER CAT 416 F2 361-008,TLB,AB,WS-PERBAIKAN UNIT,361-008 MODIF SHAFT DOUBLE,0.5
KUMAI,Aug,2026-08-28,641104127100232 075,271-002,271002,ARM ROLL HINO 130 HD DA 8589 CQ 271-002,Arm Roll,TR,WS-PERBAIKAN UNIT,271-002 TES KEBOCORAN RADIATOR,7.0
KUMAI,Aug,2026-08-28,641104133202832 155,332-028,332028,EXCAVATOR KOBELCO SK200-10 332-028,Excavator All in,AB,WS-PERBAIKAN UNIT,332-028 GANTI SPROKET+GANTI TOP ROLLER,2.5
KUMAI,Aug,2026-08-28,641104133202832 155,332-028,332028,EXCAVATOR KOBELCO SK200-10 332-028,Excavator All in,AB,WS-PERBAIKAN UNIT,332-028 LANJUT PEMOTONGAN PAPAN SHOE,2.5
KUMAI,Aug,2026-08-28,641104132203032 075,322-030,322030,CRAWLER DUMPER PD-5000 322-030,Crawler,AB,WS-PERBAIKAN UNIT,322-030 PENGECEKAN MOUNTING ENGINE,2.0
KUMAI,Aug,2026-08-28,641104142200332 075,422-003,,,,,WS-PERBAIKAN UNIT,422-003 PERBAIKAN COOLING SISTEM,2.0
KUMAI,Aug,2026-08-28,641104125400932 075,254-009,254009,DUMP TRUCK ISUZU NKR 71  B 9853 BDG 254-009,Isuzu Elf,TR,WS-PERBAIKAN UNIT,254-009 CEK+GANTI FILTER SOLAR,0.5
KUMAI,Aug,2026-08-28,641104127100232 075,271-002,271002,ARM ROLL HINO 130 HD DA 8589 CQ 271-002,Arm Roll,TR,WS-PERBAIKAN UNIT,271-002 LEPAS RADIATOR,2.0
KUMAI,Aug,2026-08-28,641104132202432 155,322-024,322024,CRAWLER DUMPER PD - 5000TA 322-024,Crawler,AB,WS-PERBAIKAN UNIT,322-024 PERGANTIAN ROLLER,4.0
KUMAI,Aug,2026-08-28,641104142200932 075,422-009,,,,,WS-PERBAIKAN UNIT,422-009 LANJUT RUNNING UNIT PONTON,3.5
KUMAI,Aug,2026-08-28,641104142200632 075,422-006,,,,,WS-PERBAIKAN UNIT,422-006 EVAKUASI UNIT PONTON,3.5
KUMAI,Aug,2026-08-28,641104125400232 075,254-002,254002,DUMP TRUCK ISUZU NPS 254-002,Isuzu Elf,TR,WS-PERBAIKAN UNIT,254-002 GANTI FEED PUMP BOCORT,3.0
KUMAI,Aug,2026-08-29,641104132201932 075,322-019,322019,CRAWLER DUMPER PD-5000 TA 322-019,Crawler,AB,WS-PERBAIKAN UNIT,322-019 PERBAIKAN DUDUKAN BRAKET STOPER,11.0
KUMAI,Aug,2026-08-29,641104125106232 135,251-062,251062,DUMP TRUCK HINO 136 HDX 251-062,DT Hino,TR,WS-PERBAIKAN UNIT,251-062 GANTI SPRING DEPAN,3.5
KUMAI,Aug,2026-08-29,641104133202832 155,332-028,332028,EXCAVATOR KOBELCO SK200-10 332-028,Excavator All in,AB,WS-PERBAIKAN UNIT,332-028 GANTI ADJUSTER SEBELAH KANAN,10.0
KUMAI,Aug,2026-08-29,641104142200232 075,422-002,,,,,WS-PERBAIKAN UNIT,422-002 RUNNING PONTON+ PERBAIKAN,7.0
KUMAI,Aug,2026-08-29,641104127100232 115,271-002,271002,ARM ROLL HINO 130 HD DA 8589 CQ 271-002,Arm Roll,TR,WS-PERBAIKAN UNIT,271-002 PERBAIKAN KONEKTOR POMPA HYD,1.0
KUMAI,Aug,2026-08-29,641104132202532 155,322-025,322025,CRAWLER DUMPER PD-5000 322-025,Crawler,AB,WS-PERBAIKAN UNIT,322-025 GANTI SPROKET DAN IDLER,5.0
KUMAI,Aug,2026-08-29,641104132203032 075,322-030,322030,CRAWLER DUMPER PD-5000 322-030,Crawler,AB,WS-PERBAIKAN UNIT,322-030 PERBAIKAN BRAKET MOUNTING ENGINE,7.0
KUMAI,Aug,2026-08-29,641104142200732 075,422-007,,,,,WS-PERBAIKAN UNIT,422-007 RUNNING UNIT + PENGISIAN PARIT C,10.0
KUMAI,Aug,2026-08-29,641104142200932 075,422-009,,,,,WS-PERBAIKAN UNIT,422-009 CEK+RUNNING UNIT PONTON,10.0
KUMAI,Aug,2026-08-29,641104132202532 155,322-025,322025,CRAWLER DUMPER PD-5000 322-025,Crawler,AB,WS-PERBAIKAN UNIT,322-025 GANTI SPROKET KANAN KIRI,6.0
KUMAI,Aug,2026-08-29,641104127200232 075,272-002,272002,ARM ROLL ISUZU NPS 81 272-002,Arm Roll,TR,WS-PERBAIKAN UNIT,272-002 PELEPASAN INJEKTOR,2.0
KUMAI,Aug,2026-08-29,641104133205331 075,332-053,332053,EXCAVATOR HITACHI ZX 210G-5G 332-053,Excavator Breaker 30 Ton,AB,WS-PERBAIKAN DAN MAINTENANCE UNIT,332-053 SERVICE BERKALA UNIT,3.5
KUMAI,Aug,2026-08-29,661204000000095 080,,,,,,WS-PERBAIKAN UNIT,1-OH ENGINE PONTON KS,13.0
KUMAI,Aug,2026-08-29,641104133202832 115,332-028,332028,EXCAVATOR KOBELCO SK200-10 332-028,Excavator All in,AB,WS-PERBAIKAN UNIT,332-028 LEPAS ROOD ARM,4.0
KUMAI,Aug,2026-08-29,641104132201832 155,322-018,322018,CRAWLER DUMPET PD-5000 TA 322-018,Crawler,AB,WS-PERBAIKAN UNIT,322-018 MODIF BAUT SPROKET,2.0
KUMAI,Aug,2026-08-29,641104133203132 155,332-031,332031,EXCAVATOR HITACHI ZX130-5G 332-031,Excavator ZX-130,AB,WS-PERBAIKAN UNIT,332-031 PEMASANGAN TRACK,4.0
KUMAI,Aug,2026-08-29,641104127100232 115,271-002,271002,ARM ROLL HINO 130 HD DA 8589 CQ 271-002,Arm Roll,TR,WS-PERBAIKAN UNIT,271-002 PERBAIKAN RREMBESAN HOSE INPUT,3.0
KUMAI,Aug,2026-08-29,641104132200732 155,322-007,322007,CRAWLER DUMPER PD5000TA 322-007,Crawler,AB,WS-PERBAIKAN UNIT,322-007 GANTI ROLLER,4.0
KUMAI,Aug,2026-08-30,641104125400832 055,254-008,254008,DUMP TRUCK HINO 130 HD 4X4 254-008,DT Hino,TR,WS-PERBAIKAN UNIT,254-008 PEMBONGKARAN GARDAN,5.0
KUMAI,Aug,2026-08-30,641104133202832 115,332-028,332028,EXCAVATOR KOBELCO SK200-10 332-028,Excavator All in,AB,WS-PERBAIKAN UNIT,332-028 PASANG SEAL ARM,8.0
KUMAI,Aug,2026-08-30,641104127200232 075,272-002,272002,ARM ROLL ISUZU NPS 81 272-002,Arm Roll,TR,WS-PERBAIKAN UNIT,272-002 GANTI + LEARNING INJEKTOR,7.0
KUMAI,Aug,2026-08-30,641104142200832 075,422-008,,,,,WS-PERBAIKAN UNIT,422-008 RUNNING UNIT+MONITORING,6.0
KUMAI,Aug,2026-08-30,641104125400432 165,254-004,254004,DUMP TRUCK ISUZU NPS 81 254-004,Isuzu Elf,TR,WS-PERBAIKAN UNIT,254-004 GANTI HUB RODA BELAKANG,10.0
KUMAI,Aug,2026-08-30,641104127200431 075,272-004,272004,ARM ROLL HINO 136 HDX 272-004,Arm Roll,TR,WS-PERBAIKAN DAN MAINTENANCE UNIT,272-004 SERVICE BERKALA UNIT,8.5
KUMAI,Aug,2026-08-30,641104127200332 035,272-003,272003,ARMROLL HINO 136 HDX 272-003,Arm Roll,TR,WS-PERBAIKAN UNIT,272-003 PERBAIKAN PEN ARM LEPAS,6.0
KUMAI,Aug,2026-08-30,641104142200732 075,422-007,,,,,WS-PERBAIKAN UNIT,422-007 RUNNING UNIT+ISI PARIT CR,10.5
KUMAI,Aug,2026-08-30,641104125106132 165,251-061,251061,DUMP TRUCK HINO 136 HDX DA 8707 JL 251-061,DT Hino,TR,WS-PERBAIKAN UNIT,251-061 GANTI BAN UNITT,9.0
KUMAI,Aug,2026-08-30,641104125400832 055,254-008,254008,DUMP TRUCK HINO 130 HD 4X4 254-008,DT Hino,TR,WS-PERBAIKAN UNIT,254-008 LANJUT BONGKAR GARDAN,2.0
KUMAI,Aug,2026-08-30,641104127200132 075,272-001,272001,ARM ROLL ISUZU NPS 81 272-001,Arm Roll,TR,WS-PERBAIKAN UNIT,272-001 LAS MUFLER UNIT,1.0
KUMAI,Aug,2026-08-30,641104127200232 145,272-002,272002,ARM ROLL ISUZU NPS 81 272-002,Arm Roll,TR,WS-PERBAIKAN UNIT,272-002 BONGKAR PTO REMBES,5.0
KUMAI,Aug,2026-08-30,641104142200332 075,422-003,,,,,WS-PERBAIKAN UNIT,422-003 RUNNING UNIT,6.0
KUMAI,Aug,2026-08-30,641104125400832 055,254-008,254008,DUMP TRUCK HINO 130 HD 4X4 254-008,DT Hino,TR,WS-PERBAIKAN UNIT,254-008 PERBAIKAN GARDAN BELAKANG,2.0
KUMAI,Aug,2026-08-30,641104125400632 165,254-006,254006,DUMP TRUCK ISUZU NPS 81 254-006,Isuzu Elf,TR,WS-PERBAIKAN UNIT,254-006 PEMASANGAN BAUT HUB,3.0
KUMAI,Aug,2026-08-30,641104142200832 075,422-008,,,,,WS-PERBAIKAN UNIT,422-008 PERBAIKAN UNIT MASUK ANGINT,1.0
KUMAI,Aug,2026-08-30,641104127200432 075,272-004,272004,ARM ROLL HINO 136 HDX 272-004,Arm Roll,TR,WS-PERBAIKAN UNIT,272-004 LAS KUNINGAN PERBAIKAN CALTER,2.5
KUMAI,Aug,2026-08-30,641104133204232 065,332-042,332042,EXCAVATOR HITACHI ZX138 M-F 332-042,Excavator ZX-130,AB,WS-PERBAIKAN UNIT,332-042 PEMASANGA LAMPU UNIT,7.0
KUMAI,Aug,2026-08-30,641104142200632 075,422-006,,,,,WS-PERBAIKAN UNIT,422-006 BERSIHKAN ENGINE+CEK KEBOCORAN,3.5
KUMAI,Aug,2026-08-30,641104125400632 135,254-006,254006,DUMP TRUCK ISUZU NPS 81 254-006,Isuzu Elf,TR,WS-PERBAIKAN UNIT,254-006 GANTI BEARING KING PEN,4.5
KUMAI,Aug,2026-08-31,641104127200432 145,272-004,272004,ARM ROLL HINO 136 HDX 272-004,Arm Roll,TR,WS-PERBAIKAN UNIT,272-004 MODIF BRAKET KABEL PTO,2.5
KUMAI,Aug,2026-08-31,641104125400232 075,254-002,254002,DUMP TRUCK ISUZU NPS 254-002,Isuzu Elf,TR,WS-PERBAIKAN UNIT,254-002 PERBAIKAN MOUNTING ENGINE,4.0
KUMAI,Aug,2026-08-31,641104132200932 115,322-009,322009,CROWN KD 5000 HZL 322-009,Crawler,AB,WS-PERBAIKAN UNIT,322-009 PERBAIKAN STELAN TRAC,5.0
KUMAI,Aug,2026-08-31,641104142200832 075,422-008,,,,,WS-PERBAIKAN UNIT,422-008 RUNNING UNIT PONTON,1.0
KUMAI,Aug,2026-08-31,641104125400832 035,254-008,254008,DUMP TRUCK HINO 130 HD 4X4 254-008,DT Hino,TR,WS-PERBAIKAN UNIT,254-008 PENGECEKAN REM,2.0
KUMAI,Aug,2026-08-31,641104133202832 115,332-028,332028,EXCAVATOR KOBELCO SK200-10 332-028,Excavator All in,AB,WS-PERBAIKAN UNIT,332-028 PERBAIKAN+CUCI SELENOID,5.0
KUMAI,Aug,2026-08-31,641104135101232 075,351-012,351012,GRADER XCMG GR-100 351-012,Grader,AB,WS-PERBAIKAN UNIT,351-012 PERBAIKAN REMBESAN PASA PIPA,2.0
KUMAI,Aug,2026-08-31,641104127200232 145,272-002,272002,ARM ROLL ISUZU NPS 81 272-002,Arm Roll,TR,WS-PERBAIKAN UNIT,272-002 PASANG PTO,2.5
KUMAI,Aug,2026-08-31,641104125400532 165,254-005,254005,DUMP TRUCK ISUZU NPS 81 254-005,Isuzu Elf,TR,WS-PERBAIKAN UNIT,254-005 PEMASANGAN SHAFT DEPAN,2.0
KUMAI,Aug,2026-08-31,641104142200432 075,422-002,,,,,WS-PERBAIKAN UNIT,422-002 LEPAS INJEKTOR+BOSPOM,3.0
KUMAI,Aug,2026-08-31,641104134100132 075,341-001,341001,BULLDOZER KOMATSU D31P-20 341-001,Bulldozer,AB,WS-PERBAIKAN UNIT,341-001 CEK UNIT NGASAP HITAM,2.0
KUMAI,Aug,2026-08-31,641104125400832 135,254-008,254008,DUMP TRUCK HINO 130 HD 4X4 254-008,DT Hino,TR,WS-PERBAIKAN UNIT,254-008 PERGANTIAN SPRING,3.0
KUMAI,Aug,2026-08-31,641104142200732 075,422-007,,,,,WS-PERBAIKAN UNIT,422-007 PERBAIKAN PULI WATER SEPPARATOR,3.0
KUMAI,Aug,2026-08-31,641104125106132 165,251-061,251061,DUMP TRUCK HINO 136 HDX DA 8707 JL 251-061,DT Hino,TR,WS-PERBAIKAN UNIT,251-061 GANTI BAN DALAM BOCOR,1.0
KUMAI,Aug,2026-08-31,641104125105832 135,251-058,251058,DUMP TRUCK HINO 130HD 251-058,DT Hino,TR,WS-PERBAIKAN UNIT,251-058 GANTI SPRING DEPAN KANAN,5.0
KUMAI,Aug,2026-08-31,641104142200632 075,422-006,,,,,WS-PERBAIKAN UNIT,422-006 PERBAIKAN LAMBUNG UNIT BOCOR,8.0
KUMAI,Aug,2026-08-31,641104132100732 165,321-007,321007,FARM TRACTOR KUBOTA M9540 321-007,FT,AB,WS-PERBAIKAN UNIT,321-007 TAMBAL BAN,1.5
KUMAI,Aug,2026-08-31,641104142200832 075,422-008,,,,,WS-PERBAIKAN UNIT,422-008 LANJUT RUNNING UNIT,8.0
KUMAI,Aug,2026-08-31,641104142200932 075,422-009,,,,,WS-PERBAIKAN UNIT,422-009 RUNNING UNIT PONTON,6.0
KUMAI,Aug,2026-08-31,641104125400232 075,254-002,254002,DUMP TRUCK ISUZU NPS 254-002,Isuzu Elf,TR,WS-PERBAIKAN UNIT,254-002 PEMASANGAN FILTER,1.0
KUMAI,Aug,2026-08-31,641104125400632 055,254-006,254006,DUMP TRUCK ISUZU NPS 81 254-006,Isuzu Elf,TR,WS-PERBAIKAN UNIT,254-006 PERBAIKAN SHAFT DEPAN,1.0
KUMAI,Aug,2026-08-31,641104142200732 075,422-007,,,,,WS-PERBAIKAN UNIT,422-007 LANJUT RUNNING PONTON,8.0
KUMAI,Aug,2026-08-31,641104125400832 055,254-008,254008,DUMP TRUCK HINO 130 HD 4X4 254-008,DT Hino,TR,WS-PERBAIKAN UNIT,254-008 RAKIT+PEMASANGAN GARDAN,12.0
KUMAI,Aug,2026-08-31,641104125105832 135,251-058,251058,DUMP TRUCK HINO 130HD 251-058,DT Hino,TR,WS-PERBAIKAN UNIT,251-058 LANJUT GANTI SPRING,3.0
KUMAI,Aug,2026-08-31,641104125400232 045,254-002,254002,DUMP TRUCK ISUZU NPS 254-002,Isuzu Elf,TR,WS-PERBAIKAN UNIT,254-002 GANTI KAMPAS HANDREM,2.0
KUMAI,Aug,2026-08-31,641104132100732 165,321-007,321007,FARM TRACTOR KUBOTA M9540 321-007,FT,AB,WS-PERBAIKAN UNIT,321-007 LANJUT PROGRES BAN,1.0
KUMAI,Aug,2026-08-31,641104142200332 075,422-003,,,,,WS-PERBAIKAN UNIT,422-003 RUNNING UNIT PONTON,8.0
KUMAI,Aug,2026-08-31,641104125400632 055,254-006,254006,DUMP TRUCK ISUZU NPS 81 254-006,Isuzu Elf,TR,WS-PERBAIKAN UNIT,254-006 LANJUT PERBAIKAN SHAFT DEPAN,1.0
KUMAI,Aug,2026-08-31,641104132200932 115,322-009,322009,CROWN KD 5000 HZL 322-009,Crawler,AB,WS-PERBAIKAN UNIT,322-009 PEMASANGA TRACK KIRI,2.0
KUMAI,Aug,2026-08-31,641104133202832 035,332-028,332028,EXCAVATOR KOBELCO SK200-10 332-028,Excavator All in,AB,WS-PERBAIKAN UNIT,332-028 LAS BUCKET,2.0
KUMAI,Aug,2026-08-31,641104132202432 075,322-024,322024,CRAWLER DUMPER PD - 5000TA 322-024,Crawler,AB,WS-PERBAIKAN UNIT,322-024 GANTI RADIATOR BOCOR,2.0
KUMAI,Aug,2026-08-31,641104135101232 035,351-012,351012,GRADER XCMG GR-100 351-012,Grader,AB,WS-PERBAIKAN UNIT,351-012 EVAKUASI FTON CYRLE PATAH,13.5
SUNGAI DANAU,Aug,2026-08-01,641102133203931 095,332-039,332039,EXCAVATOR HITACHI ZX 210 F-5G 332-039,Excavator Bucket,AB,WS-PERBAIKAN UNIT,332-039 PERB LOCK PINTU+TAMBAH SIM BAKE,16.0
SUNGAI DANAU,Aug,2026-08-01,641102135100431 095,351-004,351004,GRADER CATERPILAR 120 K 351-004,Grader,AB,WS-PERBAIKAN UNIT,351-004 CEK INJEKTOR,6.0
SUNGAI DANAU,Aug,2026-08-01,641102136100731 095,361-007,361007,BACKHOE LOADER CAT 416 F 361-007,Backhoe Loader,AB,WS-PERBAIKAN UNIT,361-007 LEPAS INJEKSI,7.0
SUNGAI DANAU,Aug,2026-08-01,661202000000095 020,,,,,,WS-PERBAIKAN UNIT,ROBIN EY 20 GNT PAKING RADIATOR+GNT PAK,6.0
SUNGAI DANAU,Aug,2026-08-01,661202000000095 023,,,,,,WS-PERBAIKAN UNIT,ROBIN EY 20 GNT PAKING RADIATOR+GNT PAK,7.0
SUNGAI DANAU,Aug,2026-08-01,641102136101431 095,361-014,361014,BACKHOE LOADER CATERPILLAR 416F2 361-014,Backhoe Loader,AB,WS-PERBAIKAN UNIT,361-014 PERB DINAMO STATER+ELEKTRICAL T,10.0
SUNGAI DANAU,Aug,2026-08-01,641102135101631 095,351-016,351016,GRADER XCMG GR-135 351-016,Grader,AB,WS-PERBAIKAN UNIT,351-016 LAS T-ROD (DOL),6.0
SUNGAI DANAU,Aug,2026-08-02,641102135101631 095,351-016,351016,GRADER XCMG GR-135 351-016,Grader,AB,WS-PERBAIKAN UNIT,351-016 PERB T-ROD,18.0
SUNGAI DANAU,Aug,2026-08-03,641102133202531 095,332-025,332025,EXCAVATOR KOBELCO SK200-10 332-025,Excavator,AB,WS-PERBAIKAN UNIT,332-025 GNT O-RING SILINDER,6.0
SUNGAI DANAU,Aug,2026-08-03,641102133202931 095,332-029,332029,EXCAVATOR HITACHI ZX210F-5G 332-029,Excavator,AB,WS-PERBAIKAN UNIT,332-029 PERB HYD LOW+TRACK LOW+TUKAR LI,20.0
SUNGAI DANAU,Aug,2026-08-03,641102136100631 095,361-006,361006,BACKHOE LOADER CAT 416 F 361-006,Backhoe Loader,AB,WS-PERBAIKAN UNIT,361-006 PERB LAMPU KERJA,7.0
SUNGAI DANAU,Aug,2026-08-03,641102137100431 095,371-004,371004,COMPACTOR SAKAI SV512D 371-004,,AB,WS-PERBAIKAN UNIT,371-004 PERB UNIT TIDAK MAU START,4.0
SUNGAI DANAU,Aug,2026-08-03,641102137100531 095,371-005,371005,COMPACTOR SAKAI SV512D371-005,Compactor,AB,WS-PERBAIKAN UNIT,371-005 PERB UNIT TIDAK BISA STAR,8.0
SUNGAI DANAU,Aug,2026-08-03,641102134201431 095,342-014,342014,BULLDOZER WEA B 165 YS 342-014,Bulldozer,AB,WS-PERBAIKAN UNIT,342-014 PERB LAS ROVER,12.0
SUNGAI DANAU,Aug,2026-08-03,641102135100731 095,351-007,351007,GRADER CATERPILLAR 120K 351-007,Grader,AB,WS-PERBAIKAN UNIT,351-007 GNT HOSE GEAR SIRKEL,12.0
SUNGAI DANAU,Aug,2026-08-03,641102133204031 095,332-040,332040,EXCAVATOR HITACHI ZX 210 F-5G 332-040,Excavator,AB,WS-PERBAIKAN UNIT,332-040 CEK BUSING,2.0
SUNGAI DANAU,Aug,2026-08-04,641102135101631 095,351-016,351016,GRADER XCMG GR-135 351-016,Grader,AB,WS-PERBAIKAN UNIT,351-016 ENGINE CANT START,4.0
SUNGAI DANAU,Aug,2026-08-04,641102136100631 095,361-006,361006,BACKHOE LOADER CAT 416 F 361-006,Backhoe Loader,AB,WS-PERBAIKAN UNIT,361-006 PERB ENGINE,9.0
SUNGAI DANAU,Aug,2026-08-04,641102136100731 095,361-007,361007,BACKHOE LOADER CAT 416 F 361-007,Backhoe Loader,AB,WS-PERBAIKAN UNIT,361-007 BONGKAR RADIATOR+CABUT BAUT TUR,12.0
SUNGAI DANAU,Aug,2026-08-04,661202000000095 040,,,,,,WS-PERBAIKAN UNIT,FT-02 BONGKAR HUB+STERING KANAN KIRI,20.0
SUNGAI DANAU,Aug,2026-08-04,661202000000095 043,,,,,,WS-PERBAIKAN UNIT,FT-02 BONGKAR HUB+STERING KANAN KIRI,7.0
SUNGAI DANAU,Aug,2026-08-04,641102133203931 095,332-039,332039,EXCAVATOR HITACHI ZX 210 F-5G 332-039,Excavator Bucket,AB,WS-PERBAIKAN UNIT,332-039 PERB NEPLE BUNTU,4.0
SUNGAI DANAU,Aug,2026-08-04,641102135100431 095,351-004,351004,GRADER CATERPILAR 120 K 351-004,Grader,AB,WS-PERBAIKAN UNIT,351-004 INSPEKSI UNIT TIDA BISA HIDUP,2.0
SUNGAI DANAU,Aug,2026-08-04,641102135101531 095,351-015,351015,GRADER XCMG GR-135 351-015,Grader,AB,WS-PERBAIKAN UNIT,351-015 GANTI BAN,5.0
SUNGAI DANAU,Aug,2026-08-04,641102137101731 095,371-017,371017,COMPACTOR SAKAI SV526D 371-017,Compactor,AB,WS-PERBAIKAN UNIT,371-017 ELEKTRICAL TROUBLESHOTING,8.0
SUNGAI DANAU,Aug,2026-08-05,641102133100131 095,331-001,331001,EXCAVATOR HITACHI ZX48U-5A-CST 331-001,Excavator Mini,AB,WS-PERBAIKAN UNIT,331-001 JUMPER AKI,1.0
SUNGAI DANAU,Aug,2026-08-05,641102135101031 095,351-010,351010,GRADER CATERPILLAR 120 K 351-010,Grader,AB,WS-PERBAIKAN UNIT,351-010 LEPAS INJEKTOR,8.0
SUNGAI DANAU,Aug,2026-08-05,641102136100731 095,361-007,361007,BACKHOE LOADER CAT 416 F 361-007,Backhoe Loader,AB,WS-PERBAIKAN UNIT,361-007 CABUT PISTON,12.0
SUNGAI DANAU,Aug,2026-08-05,641202130000031 053,,,,,,WS-PERBAIKAN UNIT,WS TRAINING PT. MAXI,7.0
SUNGAI DANAU,Aug,2026-08-05,641102133203931 095,332-039,332039,EXCAVATOR HITACHI ZX 210 F-5G 332-039,Excavator Bucket,AB,WS-PERBAIKAN UNIT,332-039 GNT ORING HOSE BAKET+POMPA,3.0
SUNGAI DANAU,Aug,2026-08-05,641102135100431 095,351-004,351004,GRADER CATERPILAR 120 K 351-004,Grader,AB,WS-PERBAIKAN UNIT,351-004 CEK ENGINE ABNORMAL+GNT INJEKTO,10.0
SUNGAI DANAU,Aug,2026-08-05,641202130000031 053,,,,,,WS-PERBAIKAN UNIT,WS AMBIL BAN KE TEMPAT SARYONO+AMBIL RA,2.0
SUNGAI DANAU,Aug,2026-08-05,641102136100631 095,361-006,361006,BACKHOE LOADER CAT 416 F 361-006,Backhoe Loader,AB,WS-PERBAIKAN UNIT,361-006 AMBIL RADIATOR,3.0
SUNGAI DANAU,Aug,2026-08-05,641102136101431 095,361-014,361014,BACKHOE LOADER CATERPILLAR 416F2 361-014,Backhoe Loader,AB,WS-PERBAIKAN UNIT,361-014 BONGKAR HOSE BAKET,3.0
SUNGAI DANAU,Aug,2026-08-06,641102136100731 095,361-007,361007,BACKHOE LOADER CAT 416 F 361-007,Backhoe Loader,AB,WS-PERBAIKAN UNIT,361-007 CABUT PISTON+BERSIHKAN,17.0
SUNGAI DANAU,Aug,2026-08-06,641202130000034 023,221-001,,,,,WS-PERBAIKAN UNIT,221-001 CUCI UNIT+ANTARR UNIT PERBAIKAN,8.0
SUNGAI DANAU,Aug,2026-08-06,641102134201431 095,342-014,342014,BULLDOZER WEA B 165 YS 342-014,Bulldozer,AB,WS-PERBAIKAN UNIT,342-014 BONGKAR HOSE TIL,3.0
SUNGAI DANAU,Aug,2026-08-06,641202130000031 053,,,,,,WS-PERBAIKAN UNIT,WS BELANJA PART,2.0
SUNGAI DANAU,Aug,2026-08-06,641202130000031 053,,,,,,WS-PERBAIKAN UNIT,WS BELANJA PART,2.0
SUNGAI DANAU,Aug,2026-08-06,641102137101131 095,371-011,371011,COMPACTOR SAKAI SV 526-D 371-011,Compactor,AB,WS-PERBAIKAN UNIT,371-011 GANTI BAN,4.0
SUNGAI DANAU,Aug,2026-08-06,641102135101531 095,351-015,351015,GRADER XCMG GR-135 351-015,Grader,AB,WS-PERBAIKAN UNIT,351-015 GNT BAN,3.0
SUNGAI DANAU,Aug,2026-08-06,641102135100431 095,351-004,351004,GRADER CATERPILAR 120 K 351-004,Grader,AB,WS-PERBAIKAN UNIT,351-004 GANTI BAN+PASANG LAMPU,6.0
SUNGAI DANAU,Aug,2026-08-06,641102133204131 095,332-041,332041,EXCAVATOR HITACHI ZX 210 F-5G 332-041,Excavator,AB,WS-PERBAIKAN UNIT,332-041 LAS BAKET+GNT LOCK PEN,16.0
SUNGAI DANAU,Aug,2026-08-06,641102136101431 095,361-014,361014,BACKHOE LOADER CATERPILLAR 416F2 361-014,Backhoe Loader,AB,WS-PERBAIKAN UNIT,361-014 PSG HOSE BAKET,3.0
SUNGAI DANAU,Aug,2026-08-06,641102135100731 095,351-007,351007,GRADER CATERPILLAR 120K 351-007,Grader,AB,WS-PERBAIKAN UNIT,351-007 LEPAS ALARM,3.0
SUNGAI DANAU,Aug,2026-08-06,641102133203931 095,332-039,332039,EXCAVATOR HITACHI ZX 210 F-5G 332-039,Excavator Bucket,AB,WS-PERBAIKAN UNIT,332-039 PASANG LAMPU,2.0
SUNGAI DANAU,Aug,2026-08-07,641102133100231 095,331-002,331002,EXCAVATOR HITACHI ZX33U-5A 331-002,Excavator Mini,AB,WS-PERBAIKAN UNIT,"331-002 CEK KEBOCORAN, LEPAS HOSE HYD",4.0
SUNGAI DANAU,Aug,2026-08-07,641102134201431 095,342-014,342014,BULLDOZER WEA B 165 YS 342-014,Bulldozer,AB,WS-PERBAIKAN UNIT,342-014 PASANG HOSE,6.0
SUNGAI DANAU,Aug,2026-08-07,641202130000031 053,,,,,,WS-PERBAIKAN UNIT,WS GKM+ANGKAT OLI+AMBIL BAN KE SARYONO,8.0
SUNGAI DANAU,Aug,2026-08-07,641202130000031 053,,,,,,WS-PERBAIKAN UNIT,WS REPAIR BAKET DI WORKSHOP,18.0
SUNGAI DANAU,Aug,2026-08-07,641202130000031 053,,,,,,WS-PERBAIKAN UNIT,WS KEGIATAN GKM,4.0
SUNGAI DANAU,Aug,2026-08-07,641202130000031 053,,,,,,WS-PERBAIKAN UNIT,WS PINDAH OLI MATI KE GUDANG,2.0
SUNGAI DANAU,Aug,2026-08-07,641202130000031 053,,,,,,WS-PERBAIKAN UNIT,WS ANTAR OLI KEGUDANG+ANTAR HOSE KE MIT,4.0
SUNGAI DANAU,Aug,2026-08-07,641102133204131 095,332-041,332041,EXCAVATOR HITACHI ZX 210 F-5G 332-041,Excavator,AB,WS-PERBAIKAN UNIT,332-041 PSG LOCK PEN,2.0
SUNGAI DANAU,Aug,2026-08-07,641102135100731 095,351-007,351007,GRADER CATERPILLAR 120K 351-007,Grader,AB,WS-PERBAIKAN UNIT,351-007 BUAT HOSE/PASNG+GNT BAN,18.0
SUNGAI DANAU,Aug,2026-08-07,641102136100731 095,361-007,361007,BACKHOE LOADER CAT 416 F 361-007,Backhoe Loader,AB,WS-PERBAIKAN UNIT,361-007 BONGKAR ENGINE,5.0
SUNGAI DANAU,Aug,2026-08-07,641102133100131 095,331-001,331001,EXCAVATOR HITACHI ZX48U-5A-CST 331-001,Excavator Mini,AB,WS-PERBAIKAN UNIT,331-001 CEK KEBOCORAN HYD,2.0
SUNGAI DANAU,Aug,2026-08-07,641202130000031 053,,,,,,WS-PERBAIKAN UNIT,WS PERBAIKAN BAKET,1.0
SUNGAI DANAU,Aug,2026-08-08,661202000000095 010,,,,,,WS-PERBAIKAN UNIT,MIZOU 09 SERVICE BERKALA+LAS DUDUKAN GA,4.0
SUNGAI DANAU,Aug,2026-08-08,661202000000095 013,,,,,,WS-PERBAIKAN UNIT,MIZOU 09 SERVICE BERKALA+LAS DUDUKAN GA,5.0
SUNGAI DANAU,Aug,2026-08-08,641202130000031 053,,,,,,WS-PERBAIKAN UNIT,WS REPAIR BAKET DI WORKSHOP,10.0
SUNGAI DANAU,Aug,2026-08-08,641202130000031 053,,,,,,WS-PERBAIKAN UNIT,WS BELANJA PART,6.0
SUNGAI DANAU,Aug,2026-08-08,641202130000031 053,,,,,,WS-PERBAIKAN UNIT,WS BERSIH2 WORKSHOP,1.0
SUNGAI DANAU,Aug,2026-08-08,641102133100231 095,331-002,331002,EXCAVATOR HITACHI ZX33U-5A 331-002,Excavator Mini,AB,WS-PERBAIKAN UNIT,331-002 PSG HOSE+GNT ORING ROD,3.0
SUNGAI DANAU,Aug,2026-08-08,641102136100731 095,361-007,361007,BACKHOE LOADER CAT 416 F 361-007,Backhoe Loader,AB,WS-PERBAIKAN UNIT,361-007 SKUR KLEP,11.0
SUNGAI DANAU,Aug,2026-08-08,641202130000034 023,222-008,,,,,WS-PERBAIKAN UNIT,222-008 CUCI UNIT,2.0
SUNGAI DANAU,Aug,2026-08-08,641102137101131 095,371-011,371011,COMPACTOR SAKAI SV 526-D 371-011,Compactor,AB,WS-PERBAIKAN UNIT,371-011 EVAKUASI UNIT (SHORT ELEKTRIK),7.0
SUNGAI DANAU,Aug,2026-08-08,641102135101631 095,351-016,351016,GRADER XCMG GR-135 351-016,Grader,AB,WS-PERBAIKAN UNIT,351-016 GNT T-ROD KANAN KIRI,9.0
SUNGAI DANAU,Aug,2026-08-08,641102136101331 095,361-013,361013,BACKHOE LOADER CATERPILLAR 416F 361-013,Backhoe Loader,AB,WS-PERBAIKAN UNIT,361-013 GANTI BAN,4.0
SUNGAI DANAU,Aug,2026-08-10,641102136100731 095,361-007,361007,BACKHOE LOADER CAT 416 F 361-007,Backhoe Loader,AB,WS-PERBAIKAN UNIT,361-007 PSG SEAL KLEP+PSG PISTON,20.0
SUNGAI DANAU,Aug,2026-08-10,641102137101131 095,371-011,371011,COMPACTOR SAKAI SV 526-D 371-011,Compactor,AB,WS-PERBAIKAN UNIT,371-011 REPAIR MAIN HARDNEST,26.0
SUNGAI DANAU,Aug,2026-08-10,641202130000031 053,,,,,,WS-PERBAIKAN UNIT,WS ANTAR BAN KE POS 1,2.0
SUNGAI DANAU,Aug,2026-08-10,641202130000031 053,,,,,,WS-PERBAIKAN UNIT,WS ANTAR BAN KE POS 1,2.0
SUNGAI DANAU,Aug,2026-08-10,641102137101631 095,371-016,371016,COMPACTOR DYNAPAC CA30D 371-016,Compactor,AB,WS-PERBAIKAN UNIT,371-016 SERVICE BERKALA,4.0
SUNGAI DANAU,Aug,2026-08-10,661202000000095 040,,,,,,WS-PERBAIKAN UNIT,FT-08 PERBAIKAN BERING RODA BELAKANG,2.0
SUNGAI DANAU,Aug,2026-08-10,661202000000095 043,,,,,,WS-PERBAIKAN UNIT,FT-08 PERBAIKAN BERING RODA BELAKANG,6.0
SUNGAI DANAU,Aug,2026-08-10,641102137101531 095,371-015,371015,COMPACTOR DYNAPAC CA30D 371-015 ,Compactor,AB,WS-PERBAIKAN UNIT,371-015 JUMPER AKI,3.0
SUNGAI DANAU,Aug,2026-08-10,641102137100531 095,371-005,371005,COMPACTOR SAKAI SV512D371-005,Compactor,AB,WS-PERBAIKAN UNIT,371-005 GNT WATER PUMP,5.0
SUNGAI DANAU,Aug,2026-08-10,641102133203931 095,332-039,332039,EXCAVATOR HITACHI ZX 210 F-5G 332-039,Excavator Bucket,AB,WS-PERBAIKAN UNIT,332-039 KURAS TANGKI BBM LOW POWER+LAS,26.0
SUNGAI DANAU,Aug,2026-08-11,641102135101531 095,351-015,351015,GRADER XCMG GR-135 351-015,Grader,AB,WS-PERBAIKAN UNIT,351-015 GNT BAN,2.0
SUNGAI DANAU,Aug,2026-08-11,641102136101031 095,361-010,361010,BACKHOE LOADER CATTERPILLAR 426F2 361-010,Backhoe Loader,AB,WS-PERBAIKAN UNIT,361-010 GNT KALTER+PERB SAFETY BAWAH,18.0
SUNGAI DANAU,Aug,2026-08-11,641202130000031 053,,,,,,WS-PERBAIKAN UNIT,WS TES KIR KESEHATAN,2.0
SUNGAI DANAU,Aug,2026-08-11,641102137101131 095,371-011,371011,COMPACTOR SAKAI SV 526-D 371-011,Compactor,AB,WS-PERBAIKAN UNIT,371-011 REPAIR +GROUNDTEST,18.0
SUNGAI DANAU,Aug,2026-08-11,641102137101531 095,371-015,371015,COMPACTOR DYNAPAC CA30D 371-015 ,Compactor,AB,WS-PERBAIKAN UNIT,371-015 SERVICE BERKALA,2.0
SUNGAI DANAU,Aug,2026-08-11,641102133100331 095,331-003,331003,EXCAVATOR HITACHI ZX 48U-5A 331-003,Excavator Mini,AB,WS-PERBAIKAN UNIT,331-003 ASAH BAKET AUGER+PASANG,8.0
SUNGAI DANAU,Aug,2026-08-11,641102135100431 095,351-004,351004,GRADER CATERPILAR 120 K 351-004,Grader,AB,WS-PERBAIKAN UNIT,351-004 CEK UNIT LOW POWER,4.0
SUNGAI DANAU,Aug,2026-08-11,641102133204031 095,332-040,332040,EXCAVATOR HITACHI ZX 210 F-5G 332-040,Excavator,AB,WS-PERBAIKAN UNIT,332-040 GNT NEPEL ADJUSTER,1.0
SUNGAI DANAU,Aug,2026-08-11,641102135101331 095,351-013,351013,GRADER XCMG GR-135 351-013,Grader,AB,WS-PERBAIKAN UNIT,351-013 PERB SOKET INJEKSI PUMP,6.0
SUNGAI DANAU,Aug,2026-08-11,641102137100531 095,371-005,371005,COMPACTOR SAKAI SV512D371-005,Compactor,AB,WS-PERBAIKAN UNIT,371-005 GNT SOKET INJEKSI,4.0
SUNGAI DANAU,Aug,2026-08-12,641102135101531 095,351-015,351015,GRADER XCMG GR-135 351-015,Grader,AB,WS-PERBAIKAN UNIT,351-015 GNT BAN RH LH,4.0
SUNGAI DANAU,Aug,2026-08-12,641102136100631 095,361-006,361006,BACKHOE LOADER CAT 416 F 361-006,Backhoe Loader,AB,WS-PERBAIKAN UNIT,361-006 PERB MONITOR MATI+UNIT MATI,8.0
SUNGAI DANAU,Aug,2026-08-12,641102137101131 095,371-011,371011,COMPACTOR SAKAI SV 526-D 371-011,Compactor,AB,WS-PERBAIKAN UNIT,371-011 FINISHING HARDBEST,6.0
SUNGAI DANAU,Aug,2026-08-12,641102137101631 095,371-016,371016,COMPACTOR DYNAPAC CA30D 371-016,Compactor,AB,WS-PERBAIKAN UNIT,371-016 CEK MOUNTING DRUM,12.0
SUNGAI DANAU,Aug,2026-08-12,641102137100531 095,371-005,371005,COMPACTOR SAKAI SV512D371-005,Compactor,AB,WS-PERBAIKAN UNIT,371-005 GNT WATER PUMP,4.0
SUNGAI DANAU,Aug,2026-08-12,641202130000031 053,,,,,,WS-PERBAIKAN UNIT,WS BELANJA PART,7.0
SUNGAI DANAU,Aug,2026-08-12,641202130000034 023,222-008,,,,,WS-PERBAIKAN UNIT,222-008 PERB SHOCK BREAKER+GNT SOK BREA,6.0
SUNGAI DANAU,Aug,2026-08-12,641102136101331 095,361-013,361013,BACKHOE LOADER CATERPILLAR 416F 361-013,Backhoe Loader,AB,WS-PERBAIKAN UNIT,361-013 GNT TABUNG STABILLIZER,4.0
SUNGAI DANAU,Aug,2026-08-12,661202000000095 023,,,,,,WS-PERBAIKAN UNIT,KUBOTA 01 PERB TRAILER SBH,5.0
SUNGAI DANAU,Aug,2026-08-12,661202000000095 020,,,,,,WS-PERBAIKAN UNIT,KUBOTA 01 PERB TRAILER SBH,6.0
SUNGAI DANAU,Aug,2026-08-12,641102133203931 095,332-039,332039,EXCAVATOR HITACHI ZX 210 F-5G 332-039,Excavator Bucket,AB,WS-PERBAIKAN UNIT,332-039 GNT SPRING ADJUSTER,8.0
SUNGAI DANAU,Aug,2026-08-12,641102136100931 095,361-009,361009,BACKHOE LOADER CATTERPILLAR 426F2 361-009,Backhoe Loader,AB,WS-PERBAIKAN UNIT,361-009 GNT BAN,4.0
SUNGAI DANAU,Aug,2026-08-13,641202130000034 023,222-008,,,,,WS-PERBAIKAN UNIT,222-008 PASANG SHOCK BREAKER,4.0
SUNGAI DANAU,Aug,2026-08-13,641102135101531 095,351-015,351015,GRADER XCMG GR-135 351-015,Grader,AB,WS-PERBAIKAN UNIT,351-015 GNT GUIDE,1.0
SUNGAI DANAU,Aug,2026-08-13,641102136101331 095,361-013,361013,BACKHOE LOADER CATERPILLAR 416F 361-013,Backhoe Loader,AB,WS-PERBAIKAN UNIT,361-013 PERB STABILLIZER+LAS BAKET+GNT,8.0
SUNGAI DANAU,Aug,2026-08-13,661202000000095 013,,,,,,WS-PERBAIKAN UNIT,MIZOU 07 SERVICE BERKALA,3.0
SUNGAI DANAU,Aug,2026-08-13,661202000000095 010,,,,,,WS-PERBAIKAN UNIT,MIZOU 07 SERVICE BERKALA,1.0
SUNGAI DANAU,Aug,2026-08-13,641102134200831 095,342-008,342008,BULLDOZER CAT D7G2 342-008,Bulldozer,AB,WS-PERBAIKAN UNIT,342-008 PERB UNIT TIDAK MAU START,4.0
SUNGAI DANAU,Aug,2026-08-13,641102133100231 095,331-002,331002,EXCAVATOR HITACHI ZX33U-5A 331-002,Excavator Mini,AB,WS-PERBAIKAN UNIT,331-002 ANALISA KEBOCORAN+PERB KEBOCORA,5.0
SUNGAI DANAU,Aug,2026-08-13,641102134201431 095,342-014,342014,BULLDOZER WEA B 165 YS 342-014,Bulldozer,AB,WS-PERBAIKAN UNIT,342-014 LAS PIPA HOSE TILT,6.0
SUNGAI DANAU,Aug,2026-08-13,641102133202931 095,332-029,332029,EXCAVATOR HITACHI ZX210F-5G 332-029,Excavator,AB,WS-PERBAIKAN UNIT,332-029 LEPAS HOSE ARM,6.0
SUNGAI DANAU,Aug,2026-08-13,641102137100231 095,371-002,371002,COMPACTOR IR 371-002,Compactor,AB,WS-PERBAIKAN UNIT,371-002 KENCANGKNA VANBELT SAKAI,2.0
SUNGAI DANAU,Aug,2026-08-13,641202130000031 053,,,,,,WS-PERBAIKAN UNIT,WS LAS BAKET SPARE,3.0
SUNGAI DANAU,Aug,2026-08-13,641102137101731 095,371-017,371017,COMPACTOR SAKAI SV526D 371-017,Compactor,AB,WS-PERBAIKAN UNIT,371-017 KENCANGKAN V-BELT+PERB LAMPU,2.0
SUNGAI DANAU,Aug,2026-08-13,641202130000031 053,,,,,,WS-PERBAIKAN UNIT,WS BELANJA PART,2.0
SUNGAI DANAU,Aug,2026-08-13,641102136100631 095,361-006,361006,BACKHOE LOADER CAT 416 F 361-006,Backhoe Loader,AB,WS-PERBAIKAN UNIT,361-006 GNT ORING STABILLIZER,4.0
SUNGAI DANAU,Aug,2026-08-13,641102135101631 095,351-016,351016,GRADER XCMG GR-135 351-016,Grader,AB,WS-PERBAIKAN UNIT,351-016 GNT BAN+DONGKRAK KABIN,12.0
SUNGAI DANAU,Aug,2026-08-13,641102135101031 095,351-010,351010,GRADER CATERPILLAR 120 K 351-010,Grader,AB,WS-PERBAIKAN UNIT,351-010 LEPAS HOSE PIPA RADIATOR,1.0
SUNGAI DANAU,Aug,2026-08-13,641102135100431 095,351-004,351004,GRADER CATERPILAR 120 K 351-004,Grader,AB,WS-PERBAIKAN UNIT,351-004 GTN HOSE PIPA RADIATOR,5.0
SUNGAI DANAU,Aug,2026-08-14,641102136101331 095,361-013,361013,BACKHOE LOADER CATERPILLAR 416F 361-013,Backhoe Loader,AB,WS-PERBAIKAN UNIT,361-013 BONGKAR CROSS JOINT SHFT FR,4.0
SUNGAI DANAU,Aug,2026-08-14,641102136100731 095,361-007,361007,BACKHOE LOADER CAT 416 F 361-007,Backhoe Loader,AB,WS-PERBAIKAN UNIT,361-007 PSG POMPA OLI+KALTER+PSG HEAD S,27.0
SUNGAI DANAU,Aug,2026-08-14,641102133202931 095,332-029,332029,EXCAVATOR HITACHI ZX210F-5G 332-029,Excavator,AB,WS-PERBAIKAN UNIT,332-029 ANTAR OLI TAMBAH,2.0
SUNGAI DANAU,Aug,2026-08-14,641102133100331 095,331-003,331003,EXCAVATOR HITACHI ZX 48U-5A 331-003,Excavator Mini,AB,WS-PERBAIKAN UNIT,331-003 MOBILISASI UNIT,10.0
SUNGAI DANAU,Aug,2026-08-14,641102137100531 095,371-005,371005,COMPACTOR SAKAI SV512D371-005,Compactor,AB,WS-PERBAIKAN UNIT,371-005 SERVICE BERKALA,2.0
SUNGAI DANAU,Aug,2026-08-14,641202130000031 053,,,,,,WS-PERBAIKAN UNIT,WS BELANJA PART,4.0
SUNGAI DANAU,Aug,2026-08-14,641102136100631 095,361-006,361006,BACKHOE LOADER CAT 416 F 361-006,Backhoe Loader,AB,WS-PERBAIKAN UNIT,361-006 GNT ORING HOSE STABILLIZER+PSG,6.0
SUNGAI DANAU,Aug,2026-08-14,641202130000031 053,,,,,,WS-PERBAIKAN UNIT,WS LAS KUNINGAN PIPA RADIATOR,3.0
SUNGAI DANAU,Aug,2026-08-14,641102135100431 095,351-004,351004,GRADER CATERPILAR 120 K 351-004,Grader,AB,WS-PERBAIKAN UNIT,351-004 PERB T-ROD,4.0
SUNGAI DANAU,Aug,2026-08-14,641202130000031 053,,,,,,WS-PERBAIKAN UNIT,WS LAS BAKET SPARE,3.0
SUNGAI DANAU,Aug,2026-08-14,641102135100731 095,351-007,351007,GRADER CATERPILLAR 120K 351-007,Grader,AB,WS-PERBAIKAN UNIT,351-007 GNT BAN RR +KENCANGKAN BAUT STR,12.0
SUNGAI DANAU,Aug,2026-08-14,641102137101631 095,371-016,371016,COMPACTOR DYNAPAC CA30D 371-016,Compactor,AB,WS-PERBAIKAN UNIT,371-016 GNT MONTING DRUM,24.0
SUNGAI DANAU,Aug,2026-08-15,641102133100131 095,331-001,331001,EXCAVATOR HITACHI ZX48U-5A-CST 331-001,Excavator Mini,AB,WS-PERBAIKAN UNIT,331-001 JUMPER AKI,2.0
SUNGAI DANAU,Aug,2026-08-15,641102134200831 095,342-008,342008,BULLDOZER CAT D7G2 342-008,Bulldozer,AB,WS-PERBAIKAN UNIT,342-008 SERVICE BERKALA,6.0
SUNGAI DANAU,Aug,2026-08-15,641102136100731 095,361-007,361007,BACKHOE LOADER CAT 416 F 361-007,Backhoe Loader,AB,WS-PERBAIKAN UNIT,361-007 PSG RADIATOR+FINISHING,14.0
SUNGAI DANAU,Aug,2026-08-15,641102136101031 095,361-010,361010,BACKHOE LOADER CATTERPILLAR 426F2 361-010,Backhoe Loader,AB,WS-PERBAIKAN UNIT,361-010 PERB GARDAN BELAKANG,14.0
SUNGAI DANAU,Aug,2026-08-15,641102133100331 095,331-003,331003,EXCAVATOR HITACHI ZX 48U-5A 331-003,Excavator Mini,AB,WS-PERBAIKAN UNIT,331-003 PSG BAUT LOCK PEN,2.0
SUNGAI DANAU,Aug,2026-08-15,641102135101331 095,351-013,351013,GRADER XCMG GR-135 351-013,Grader,AB,WS-PERBAIKAN UNIT,351-013 GANTI BAN,4.0
SUNGAI DANAU,Aug,2026-08-15,641202130000031 053,,,,,,WS-PERBAIKAN UNIT,WS LANJUT LAS BAKET SPARE,2.0
SUNGAI DANAU,Aug,2026-08-15,641102135101631 095,351-016,351016,GRADER XCMG GR-135 351-016,Grader,AB,WS-PERBAIKAN UNIT,351-016 GANTI FILTER TM,4.0
SUNGAI DANAU,Aug,2026-08-15,641102135101031 095,351-010,351010,GRADER CATERPILLAR 120 K 351-010,Grader,AB,WS-PERBAIKAN UNIT,351-010 PSG HOSE PIPA RADIATOR,3.0
SUNGAI DANAU,Aug,2026-08-15,641102133100231 095,331-002,331002,EXCAVATOR HITACHI ZX33U-5A 331-002,Excavator Mini,AB,WS-PERBAIKAN UNIT,331-002 LPS HOSE+BUAT HOSE+PSG HOSE,2.0
SUNGAI DANAU,Aug,2026-08-15,641102136100631 095,361-006,361006,BACKHOE LOADER CAT 416 F 361-006,Backhoe Loader,AB,WS-PERBAIKAN UNIT,361-006 GNT ORING STABILLIZER,7.0
SUNGAI DANAU,Aug,2026-08-15,641102135101531 095,351-015,351015,GRADER XCMG GR-135 351-015,Grader,AB,WS-PERBAIKAN UNIT,351-015 ANTAR OLI+ENGINE,1.0
SUNGAI DANAU,Aug,2026-08-18,641102137100531 095,371-005,371005,COMPACTOR SAKAI SV512D371-005,Compactor,AB,WS-PERBAIKAN UNIT,371-005 LEPAS HEAD,13.0
SUNGAI DANAU,Aug,2026-08-18,641102133100131 095,331-001,331001,EXCAVATOR HITACHI ZX48U-5A-CST 331-001,Excavator Mini,AB,WS-PERBAIKAN UNIT,331-001 JUMPER AKI ENGINE CANT START,4.0
SUNGAI DANAU,Aug,2026-08-18,641102133204131 095,332-041,332041,EXCAVATOR HITACHI ZX 210 F-5G 332-041,Excavator,AB,WS-PERBAIKAN UNIT,332-041 AMBIL MESIN LAS+PSG BAKET+TRACK,8.0
SUNGAI DANAU,Aug,2026-08-18,641102135101631 095,351-016,351016,GRADER XCMG GR-135 351-016,Grader,AB,WS-PERBAIKAN UNIT,351-016 JUMPER AKI ENGINE CANT START+LO,4.0
SUNGAI DANAU,Aug,2026-08-18,641102136100731 095,361-007,361007,BACKHOE LOADER CAT 416 F 361-007,Backhoe Loader,AB,WS-PERBAIKAN UNIT,361-007 BONGKAR HOSE STABILIZER ARAH CO,2.0
SUNGAI DANAU,Aug,2026-08-18,641102137101131 095,371-011,371011,COMPACTOR SAKAI SV 526-D 371-011,Compactor,AB,WS-PERBAIKAN UNIT,371-011 LAS KABIN+KENCANGKAN V-BELT,8.0
SUNGAI DANAU,Aug,2026-08-18,661202000000095 010,,,,,,WS-PERBAIKAN UNIT,MIZOU 09 LAS SASIS DAN DUDUKAN SEMPRONG,3.0
SUNGAI DANAU,Aug,2026-08-18,661202000000095 013,,,,,,WS-PERBAIKAN UNIT,MIZOU 09 LAS SASIS DAN DUDUKAN SEMPRONG,3.0
SUNGAI DANAU,Aug,2026-08-18,641102135100431 095,351-004,351004,GRADER CATERPILAR 120 K 351-004,Grader,AB,WS-PERBAIKAN UNIT,351-004 PSG T-ROD+CABUT BAUT PATAH,18.0
SUNGAI DANAU,Aug,2026-08-18,641102135100731 095,351-007,351007,GRADER CATERPILLAR 120K 351-007,Grader,AB,WS-PERBAIKAN UNIT,351-007 PERB LAMPU KERJA,6.0
SUNGAI DANAU,Aug,2026-08-18,641102136100631 095,361-006,361006,BACKHOE LOADER CAT 416 F 361-006,Backhoe Loader,AB,WS-PERBAIKAN UNIT,361-006 PSG HOSE STABILLIZER,4.0
SUNGAI DANAU,Aug,2026-08-18,641202130000034 023,222-008,,,,,WS-PERBAIKAN UNIT,222-008 CUCI UNIT,1.0
SUNGAI DANAU,Aug,2026-08-19,641102137100531 095,371-005,371005,COMPACTOR SAKAI SV512D371-005,Compactor,AB,WS-PERBAIKAN UNIT,371-005 PSG HEAD+STEL KLEP+PSG PART,23.0
SUNGAI DANAU,Aug,2026-08-19,641102136101031 095,361-010,361010,BACKHOE LOADER CATTERPILLAR 426F2 361-010,Backhoe Loader,AB,WS-PERBAIKAN UNIT,361-010 PSG GARDAN BELAKANG,18.0
SUNGAI DANAU,Aug,2026-08-19,641102133100131 095,331-001,331001,EXCAVATOR HITACHI ZX48U-5A-CST 331-001,Excavator Mini,AB,WS-PERBAIKAN UNIT,331-001 JUMPER AKI,4.0
SUNGAI DANAU,Aug,2026-08-19,641102137101531 095,371-015,371015,COMPACTOR DYNAPAC CA30D 371-015 ,Compactor,AB,WS-PERBAIKAN UNIT,371-015 FLUSHING RADIATOR,18.0
SUNGAI DANAU,Aug,2026-08-19,641102135101631 095,351-016,351016,GRADER XCMG GR-135 351-016,Grader,AB,WS-PERBAIKAN UNIT,351-016 CONTINUE TM LOW POWER,6.0
SUNGAI DANAU,Aug,2026-08-19,641102133204731 095,332-047,332047,EXCAVATOR HITACHI ZX 210 F-5G 332-047,Excavator,AB,WS-PERBAIKAN UNIT,332-047 ANTAR KEPALA AKI,4.0
SUNGAI DANAU,Aug,2026-08-20,641102135100731 095,351-007,351007,GRADER CATERPILLAR 120K 351-007,Grader,AB,WS-PERBAIKAN UNIT,351-007 GNT BAN,8.0
SUNGAI DANAU,Aug,2026-08-20,641202130000031 053,,,,,,WS-PERBAIKAN UNIT,WS AMBIL BAN,4.0
SUNGAI DANAU,Aug,2026-08-20,641102133202931 095,332-029,332029,EXCAVATOR HITACHI ZX210F-5G 332-029,Excavator,AB,WS-PERBAIKAN UNIT,332-029 SERVICE BERKALA,10.0
SUNGAI DANAU,Aug,2026-08-20,641102133100131 095,331-001,331001,EXCAVATOR HITACHI ZX48U-5A-CST 331-001,Excavator Mini,AB,WS-PERBAIKAN UNIT,331-001 LPS NOZEL+PRESURE NOZEL,6.0
SUNGAI DANAU,Aug,2026-08-20,641102133203931 095,332-039,332039,EXCAVATOR HITACHI ZX 210 F-5G 332-039,Excavator Bucket,AB,WS-PERBAIKAN UNIT,332-039 GNT ORING HOSE ARM,4.0
SUNGAI DANAU,Aug,2026-08-20,661202000000095 013,,,,,,WS-PERBAIKAN UNIT,MIZOU 03 LEPAS HOSE DUMP,2.0
SUNGAI DANAU,Aug,2026-08-20,641102135100431 095,351-004,351004,GRADER CATERPILAR 120 K 351-004,Grader,AB,WS-PERBAIKAN UNIT,351-004 SERVICE BERKALA E+GNT INJEKTOR,36.0
SUNGAI DANAU,Aug,2026-08-20,641102133203531 095,332-035,332035,EXCAVATOR HITACHI ZX210F-5G 332-035,Excavator,AB,WS-PERBAIKAN UNIT,332-035 SERVICE BERKALA,4.0
SUNGAI DANAU,Aug,2026-08-20,641102133100231 095,331-002,331002,EXCAVATOR HITACHI ZX33U-5A 331-002,Excavator Mini,AB,WS-PERBAIKAN UNIT,331-002 CEK KEBOCORAN+LPS HOSE,3.0
SUNGAI DANAU,Aug,2026-08-20,641102133203431 095,332-034,332034,EXCAVATOR HITACHI ZX210F-5G 332-034,Excavator,AB,WS-PERBAIKAN UNIT,332-034 LEPAS PEN BAKET,4.0
SUNGAI DANAU,Aug,2026-08-21,641202130000034 023,222-008,,,,,WS-PERBAIKAN UNIT,222-008 CUCI UNIT+GNT PLAT+PSG RIBEN+BU,20.0
SUNGAI DANAU,Aug,2026-08-21,641102134201431 095,342-014,342014,BULLDOZER WEA B 165 YS 342-014,Bulldozer,AB,WS-PERBAIKAN UNIT,342-014 ANTAR OLI TAMBAH,8.0
SUNGAI DANAU,Aug,2026-08-21,641102136100731 095,361-007,361007,BACKHOE LOADER CAT 416 F 361-007,Backhoe Loader,AB,WS-PERBAIKAN UNIT,361-007 LPS HOSE SWING+CEK VANBELT,4.0
SUNGAI DANAU,Aug,2026-08-21,661202000000095 013,,,,,,WS-PERBAIKAN UNIT,MIZOU 03 PASANG HOSE DUMP,3.0
SUNGAI DANAU,Aug,2026-08-21,641102134201431 095,342-014,342014,BULLDOZER WEA B 165 YS 342-014,Bulldozer,AB,WS-PERBAIKAN UNIT,342-014 ANTAR OLI+GREASE+AIR CLEANER,4.0
SUNGAI DANAU,Aug,2026-08-21,641102133100231 095,331-002,331002,EXCAVATOR HITACHI ZX33U-5A 331-002,Excavator Mini,AB,WS-PERBAIKAN UNIT,331-002 PSG HOSE+PENAHAN KABIN+GOUNDTES,8.0
SUNGAI DANAU,Aug,2026-08-21,641102133100231 095,331-002,331002,EXCAVATOR HITACHI ZX33U-5A 331-002,Excavator Mini,AB,WS-PERBAIKAN UNIT,331-002 PSG HOSE+CEK KEBOCORAN+GROUNDTE,5.0
SUNGAI DANAU,Aug,2026-08-21,661202000000095 013,,,,,,WS-PERBAIKAN UNIT,MIZOU 08 GNT KINGPEN+KAMPAS KOPLING,4.0
SUNGAI DANAU,Aug,2026-08-21,641202130000034 023,244-002,244002,TRUCK ISUZU NPS 4X4 MT 244-002,,TR,WS-PERBAIKAN UNIT,244-002 CUCI UNIT,6.0
SUNGAI DANAU,Aug,2026-08-22,661202000000095 013,,,,,,WS-PERBAIKAN UNIT,MIZOU 08 SERVICE+GNT BERING KING PEN+LA,5.0
SUNGAI DANAU,Aug,2026-08-22,641202130000031 053,,,,,,WS-PERBAIKAN UNIT,WS AMBIL PAKET INJEKTOR+ISI BBM KE WRB,2.0
SUNGAI DANAU,Aug,2026-08-22,641102135101031 095,351-010,351010,GRADER CATERPILLAR 120 K 351-010,Grader,AB,WS-PERBAIKAN UNIT,351-010 PSG CONTROLLER+INJEKTOR+HOSE FU,18.0
SUNGAI DANAU,Aug,2026-08-22,641102133203431 095,332-034,332034,EXCAVATOR HITACHI ZX210F-5G 332-034,Excavator,AB,WS-PERBAIKAN UNIT,332-034 PSG PEN BAKET+KUKU,16.0
SUNGAI DANAU,Aug,2026-08-22,661202000000095 010,,,,,,WS-PERBAIKAN UNIT,MIZOU 08 SERVICE+GNT BERING KING PEN+LA,2.0
SUNGAI DANAU,Aug,2026-08-22,641102133100231 095,331-002,331002,EXCAVATOR HITACHI ZX33U-5A 331-002,Excavator Mini,AB,WS-PERBAIKAN UNIT,331-002 GNT ORING HOSE ARM,7.0
SUNGAI DANAU,Aug,2026-08-22,641102135100431 095,351-004,351004,GRADER CATERPILAR 120 K 351-004,Grader,AB,WS-PERBAIKAN UNIT,351-004 CEK KABEL SOKET,6.0
SUNGAI DANAU,Aug,2026-08-22,641102135101631 095,351-016,351016,GRADER XCMG GR-135 351-016,Grader,AB,WS-PERBAIKAN UNIT,351-016 KAWAL MEKANIK XCMG PEBAIKAN,10.0
SUNGAI DANAU,Aug,2026-08-23,661202000000095 013,,,,,,WS-PERBAIKAN UNIT,MIZOU 08 LANJUT GNT BERING,3.0
SUNGAI DANAU,Aug,2026-08-23,661202000000095 010,,,,,,WS-PERBAIKAN UNIT,MIZOU 08 LANJUT GNT BERING,2.0
SUNGAI DANAU,Aug,2026-08-24,641102133100131 095,331-001,331001,EXCAVATOR HITACHI ZX48U-5A-CST 331-001,Excavator Mini,AB,WS-PERBAIKAN UNIT,331-001 PSG NOZLE+CEK KEBOCORAN,8.0
SUNGAI DANAU,Aug,2026-08-24,641102133100331 095,331-003,331003,EXCAVATOR HITACHI ZX 48U-5A 331-003,Excavator Mini,AB,WS-PERBAIKAN UNIT,331-003 PERB AUGER,12.0
SUNGAI DANAU,Aug,2026-08-24,641102133100131 095,331-001,331001,EXCAVATOR HITACHI ZX48U-5A-CST 331-001,Excavator Mini,AB,WS-PERBAIKAN UNIT,331-001 JUMPER AKI,4.0
SUNGAI DANAU,Aug,2026-08-24,641102133100131 095,331-001,331001,EXCAVATOR HITACHI ZX48U-5A-CST 331-001,Excavator Mini,AB,WS-PERBAIKAN UNIT,331-001 CABUT HOSE+BUAT KE MITRA,8.0
SUNGAI DANAU,Aug,2026-08-24,641102135100431 095,351-004,351004,GRADER CATERPILAR 120 K 351-004,Grader,AB,WS-PERBAIKAN UNIT,351-004 GANTI BAN,8.0
SUNGAI DANAU,Aug,2026-08-24,641102135101631 095,351-016,351016,GRADER XCMG GR-135 351-016,Grader,AB,WS-PERBAIKAN UNIT,351-016 PERB SENSOR PRESSURE TM,6.0
SUNGAI DANAU,Aug,2026-08-24,641102133100431 095,331-004,331004,EXCAVATOR HITACHI ZX48U-5A (331-004),,AB,WS-PERBAIKAN UNIT,331-004 PERB DEK BAWAH,3.0
SUNGAI DANAU,Aug,2026-08-24,641102136100631 095,361-006,361006,BACKHOE LOADER CAT 416 F 361-006,Backhoe Loader,AB,WS-PERBAIKAN UNIT,361-006 PSG TENSIONER,6.0
SUNGAI DANAU,Aug,2026-08-24,641102137101731 095,371-017,371017,COMPACTOR SAKAI SV526D 371-017,Compactor,AB,WS-PERBAIKAN UNIT,371-017 PERB AC,4.0
SUNGAI DANAU,Aug,2026-08-24,641202130000031 053,,,,,,WS-PERBAIKAN UNIT,WS AMBIL BAN KE POS1,2.0
SUNGAI DANAU,Aug,2026-08-24,641102137100231 095,371-002,371002,COMPACTOR IR 371-002,Compactor,AB,WS-PERBAIKAN UNIT,371-002 RAKIT INJEKSI,6.0
SUNGAI DANAU,Aug,2026-08-25,641102137100231 095,371-002,371002,COMPACTOR IR 371-002,Compactor,AB,WS-PERBAIKAN UNIT,371-002 FINAL CHECK+GROUND TEST ENGINE,14.0
SUNGAI DANAU,Aug,2026-08-26,641202130000034 023,221-001,,,,,WS-PERBAIKAN UNIT,221-001 ANTAR PERBEAIKAN KE BENGKEL WAR,1.0
SUNGAI DANAU,Aug,2026-08-26,641202130000034 023,222-008,,,,,WS-PERBAIKAN UNIT,222-008 GNB BAN+ANTAR BAN+MOBIL KE SEKA,2.0
SUNGAI DANAU,Aug,2026-08-26,641102133100231 095,331-002,331002,EXCAVATOR HITACHI ZX33U-5A 331-002,Excavator Mini,AB,WS-PERBAIKAN UNIT,331-002 POTONG TRACKLINK KANAN/KIRI,12.0
SUNGAI DANAU,Aug,2026-08-26,641202130000031 053,,,,,,WS-PERBAIKAN UNIT,WS ANTAR BAN KE POS 1,1.0
SUNGAI DANAU,Aug,2026-08-26,641102134201431 095,342-014,342014,BULLDOZER WEA B 165 YS 342-014,Bulldozer,AB,WS-PERBAIKAN UNIT,342-014 ANALISA KERUSAKAN UNIT,2.0
SUNGAI DANAU,Aug,2026-08-26,641102136100931 095,361-009,361009,BACKHOE LOADER CATTERPILLAR 426F2 361-009,Backhoe Loader,AB,WS-PERBAIKAN UNIT,361-009 BUBUT NUT BAUT HUB+BONGKAR SEAL,8.0
SUNGAI DANAU,Aug,2026-08-26,641102136101331 095,361-013,361013,BACKHOE LOADER CATERPILLAR 416F 361-013,Backhoe Loader,AB,WS-PERBAIKAN UNIT,361-013 PSG SHAF DOUBLE DEPAN KANAN,3.0
SUNGAI DANAU,Aug,2026-08-26,641102136101331 095,361-013,361013,BACKHOE LOADER CATERPILLAR 416F 361-013,Backhoe Loader,AB,WS-PERBAIKAN UNIT,361-013 PSG SHAF DOUBLE DEPAN KANAN,8.0
SUNGAI DANAU,Aug,2026-08-26,641102133203931 095,332-039,332039,EXCAVATOR HITACHI ZX 210 F-5G 332-039,Excavator Bucket,AB,WS-PERBAIKAN UNIT,332-039 PERB KLAKSON MATI,1.0
SUNGAI DANAU,Aug,2026-08-26,641102137100231 095,371-002,371002,COMPACTOR IR 371-002,Compactor,AB,WS-PERBAIKAN UNIT,371-002 MOBILISASI UNIT,4.0
SUNGAI DANAU,Aug,2026-08-27,661202000000095 013,,,,,,WS-PERBAIKAN UNIT,MIZOU 09 GNT SEAL TRANSMISI,4.0
SUNGAI DANAU,Aug,2026-08-27,641102136100931 095,361-009,361009,BACKHOE LOADER CATTERPILLAR 426F2 361-009,Backhoe Loader,AB,WS-PERBAIKAN UNIT,361-009 PSG SEAL TRANSMISI SHAFT DEPAN+,9.0
SUNGAI DANAU,Aug,2026-08-27,641102133202531 095,332-025,332025,EXCAVATOR KOBELCO SK200-10 332-025,Excavator,AB,WS-PERBAIKAN UNIT,332-025 GNT ORING HOSE SWIPLE JOIN,12.0
SUNGAI DANAU,Aug,2026-08-27,641102134201831 095,342-018,342018,BULLDOZER KOMATSU D85E 342-018,Bulldozer,AB,WS-PERBAIKAN UNIT,342-018 JUMPER AKI,2.0
SUNGAI DANAU,Aug,2026-08-27,641102137100231 095,371-002,371002,COMPACTOR IR 371-002,Compactor,AB,WS-PERBAIKAN UNIT,371-002 JUMPER AKI,2.0
SUNGAI DANAU,Aug,2026-08-27,641202130000031 053,,,,,,WS-PERBAIKAN UNIT,WS BELANJA PART,4.0
SUNGAI DANAU,Aug,2026-08-27,641102134200431 095,342-004,342004,BULLDOZER CAT D6G DC-11 342-004,Bulldozer,AB,WS-PERBAIKAN UNIT,342-004 GNT ENBIT,8.0
SUNGAI DANAU,Aug,2026-08-27,641102135101331 095,351-013,351013,GRADER XCMG GR-135 351-013,Grader,AB,WS-PERBAIKAN UNIT,351-013 CEK TRANSMISI LOW,8.0
SUNGAI DANAU,Aug,2026-08-27,641102136100631 095,361-006,361006,BACKHOE LOADER CAT 416 F 361-006,Backhoe Loader,AB,WS-PERBAIKAN UNIT,361-006 GNT BAN DEPAN,5.0
SUNGAI DANAU,Aug,2026-08-27,641102137100531 095,371-005,371005,COMPACTOR SAKAI SV512D371-005,Compactor,AB,WS-PERBAIKAN UNIT,371-005 PASANG DINAMO STATER,4.0
SUNGAI DANAU,Aug,2026-08-27,641102137101131 095,371-011,371011,COMPACTOR SAKAI SV 526-D 371-011,Compactor,AB,WS-PERBAIKAN UNIT,371-011 GNT OLI,8.0
SUNGAI DANAU,Aug,2026-08-27,641102135100431 095,351-004,351004,GRADER CATERPILAR 120 K 351-004,Grader,AB,WS-PERBAIKAN UNIT,351-004 CEK ENGINE NOISE,6.0
SUNGAI DANAU,Aug,2026-08-28,641102136101031 095,361-010,361010,BACKHOE LOADER CATTERPILLAR 426F2 361-010,Backhoe Loader,AB,WS-PERBAIKAN UNIT,361-010 GNT BAN DEPAN,4.0
SUNGAI DANAU,Aug,2026-08-28,641202130000034 023,221-001,,,,,WS-PERBAIKAN UNIT,221-001 AMBIL UNIT KE BENGKEL WARTONO,2.0
SUNGAI DANAU,Aug,2026-08-28,641102135101531 095,351-015,351015,GRADER XCMG GR-135 351-015,Grader,AB,WS-PERBAIKAN UNIT,351-015 SERVICE BERKALA,11.0
SUNGAI DANAU,Aug,2026-08-28,641102135101531 095,351-015,351015,GRADER XCMG GR-135 351-015,Grader,AB,WS-PERBAIKAN UNIT,351-015 SERVICE BERKALA A,3.0
SUNGAI DANAU,Aug,2026-08-28,661202000000095 013,,,,,,WS-PERBAIKAN UNIT,GEROBAK BKB IT GNT SAP RODA GEROBAK SAM,2.0
SUNGAI DANAU,Aug,2026-08-28,641202130000031 053,,,,,,WS-PERBAIKAN UNIT,WS BELANJA PART,4.0
SUNGAI DANAU,Aug,2026-08-28,661202000000095 010,,,,,,WS-PERBAIKAN UNIT,GEROBAK BKB IT GNT SAP RODA GEROBAK SAM,3.0
SUNGAI DANAU,Aug,2026-08-28,641102133100231 095,331-002,331002,EXCAVATOR HITACHI ZX33U-5A 331-002,Excavator Mini,AB,WS-PERBAIKAN UNIT,331-002 ANALISA KEBOCORAN BBM+GNT SELAN,18.0
SUNGAI DANAU,Aug,2026-08-28,641102135100431 095,351-004,351004,GRADER CATERPILAR 120 K 351-004,Grader,AB,WS-PERBAIKAN UNIT,351-004 INSPEKSI ENGINE NOISE+LOW POWER,14.0
SUNGAI DANAU,Aug,2026-08-28,641102133203931 095,332-039,332039,EXCAVATOR HITACHI ZX 210 F-5G 332-039,Excavator Bucket,AB,WS-PERBAIKAN UNIT,332-039 GNT ORING ADAPTER HOSE BAKET,4.0
SUNGAI DANAU,Aug,2026-08-28,661202000000095 020,,,,,,WS-PERBAIKAN UNIT,KUBOTA 02 GNT SEMPRONG+PSG PINTU BAK+GN,8.0
SUNGAI DANAU,Aug,2026-08-28,661202000000095 023,,,,,,WS-PERBAIKAN UNIT,KUBOTA 02 GNT SEMPRONG+PSG PINTU BAK+GN,8.0
SUNGAI DANAU,Aug,2026-08-28,641102133100231 095,331-002,331002,EXCAVATOR HITACHI ZX33U-5A 331-002,Excavator Mini,AB,WS-PERBAIKAN UNIT,331-002 CEK KEBOCORAN SOLAR+GNT HOSE SO,3.0
SUNGAI DANAU,Aug,2026-08-28,661202000000095 013,,,,,,WS-PERBAIKAN UNIT,MIZOU 08 GNT SEKRING CEK KOPLING,3.0
SUNGAI DANAU,Aug,2026-08-29,641102137101731 095,371-017,371017,COMPACTOR SAKAI SV526D 371-017,Compactor,AB,WS-PERBAIKAN UNIT,371-017 PSG FILTER OIL,8.0
SUNGAI DANAU,Aug,2026-08-29,641202130000034 023,221-001,,,,,WS-PERBAIKAN UNIT,221-001 INSTAL AC+FLASHING,11.0
SUNGAI DANAU,Aug,2026-08-29,641202130000031 053,,,,,,WS-PERBAIKAN UNIT,WS BELANJA PART,6.0
SUNGAI DANAU,Aug,2026-08-29,641102133204731 095,332-047,332047,EXCAVATOR HITACHI ZX 210 F-5G 332-047,Excavator,AB,WS-PERBAIKAN UNIT,332-047 PSG PIN BAKET,3.0
SUNGAI DANAU,Aug,2026-08-29,641102133204031 095,332-040,332040,EXCAVATOR HITACHI ZX 210 F-5G 332-040,Excavator,AB,WS-PERBAIKAN UNIT,332-040 PSG+GNT KUKU BAKET,5.0
SUNGAI DANAU,Aug,2026-08-29,641102136101431 095,361-014,361014,BACKHOE LOADER CATERPILLAR 416F2 361-014,Backhoe Loader,AB,WS-PERBAIKAN UNIT,361-014 SERVICE BERKALA+MODIF KUKU BAKE,6.0
SUNGAI DANAU,Aug,2026-08-29,641102135100731 095,351-007,351007,GRADER CATERPILLAR 120K 351-007,Grader,AB,WS-PERBAIKAN UNIT,351-007 GANTI BAN,6.0
SUNGAI DANAU,Aug,2026-08-29,641202130000031 053,,,,,,WS-PERBAIKAN UNIT,WS AMBIL BAN TEMPAT SARYONO,1.0
SUNGAI DANAU,Aug,2026-08-29,641102137100531 095,371-005,371005,COMPACTOR SAKAI SV512D371-005,Compactor,AB,WS-PERBAIKAN UNIT,371-005 INSPEKSI ENGINE TEMPERATURE ABN,5.0
SUNGAI DANAU,Aug,2026-08-30,641102133204031 095,332-040,332040,EXCAVATOR HITACHI ZX 210 F-5G 332-040,Excavator,AB,WS-PERBAIKAN UNIT,332-040 GNT ROLLER ATAS+TAMBAH WASER BA,2.0
SUNGAI DANAU,Aug,2026-08-30,641202130000031 053,,,,,,WS-PERBAIKAN UNIT,WS BELANJA PART,1.0
SUNGAI DANAU,Aug,2026-08-30,641102133100331 095,331-003,331003,EXCAVATOR HITACHI ZX 48U-5A 331-003,Excavator Mini,AB,WS-PERBAIKAN UNIT,331-003 TAMBAH WASHER,1.0
SUNGAI DANAU,Aug,2026-08-30,641102133204731 095,332-047,332047,EXCAVATOR HITACHI ZX 210 F-5G 332-047,Excavator,AB,WS-PERBAIKAN UNIT,332-047 PERBAIKAN+LEM SEAL SWING,4.0
SUNGAI DANAU,Aug,2026-08-31,641102136101031 095,361-010,361010,BACKHOE LOADER CATTERPILLAR 426F2 361-010,Backhoe Loader,AB,WS-PERBAIKAN UNIT,361-010 SERVICE BERKALA+GNT BUSING GARD,26.0
SUNGAI DANAU,Aug,2026-08-31,641102133204031 095,332-040,332040,EXCAVATOR HITACHI ZX 210 F-5G 332-040,Excavator,AB,WS-PERBAIKAN UNIT,332-040 GNT ROLLER+TAMBAH WASER+STELL V,4.0
SUNGAI DANAU,Aug,2026-08-31,641202130000034 023,244-002,244002,TRUCK ISUZU NPS 4X4 MT 244-002,,TR,WS-PERBAIKAN UNIT,244-002 CUCI UNIT ISUZU,2.0
SUNGAI DANAU,Aug,2026-08-31,641102137100531 095,371-005,371005,COMPACTOR SAKAI SV512D371-005,Compactor,AB,WS-PERBAIKAN UNIT,"371-005 GNT GASKET HEAD SILINDER, TUNE",26.0
SUNGAI DANAU,Aug,2026-08-31,661202000000095 013,,,,,,WS-PERBAIKAN UNIT,MIZOU 07 GNT BAUT RODA+CEK BERING RODA,4.0
SUNGAI DANAU,Aug,2026-08-31,641102133204731 095,332-047,332047,EXCAVATOR HITACHI ZX 210 F-5G 332-047,Excavator,AB,WS-PERBAIKAN UNIT,332-047 PERB SEAL SWING,8.0
SUNGAI DANAU,Aug,2026-08-31,641102133100331 095,331-003,331003,EXCAVATOR HITACHI ZX 48U-5A 331-003,Excavator Mini,AB,WS-PERBAIKAN UNIT,331-003 TAMBAH WASHER,6.0
SUNGAI DANAU,Aug,2026-08-31,661202000000095 013,,,,,,WS-PERBAIKAN UNIT,MIZOU 06 PASANG TALI KOPLING,6.0
SUNGAI DANAU,Aug,2026-08-01,641102127100432 095,271-004,271004,ARM ROLL HINO 130 HD DA 8337 JJ 271-004,Arm Roll,TR,WS-PERBAIKAN UNIT,271-004 LAS SAFETY SPAKBOR,2.0
SUNGAI DANAU,Aug,2026-08-01,641202120000031 052,,,,,,WS-PERBAIKAN DAN MAINTENANCE UNIT,KERJA BAKTI AREA WORKSHOP,1.0
SUNGAI DANAU,Aug,2026-08-01,641102126200332 075,262-003,262003,TRUCK TANGKI HINO 130 HD DA 8569 CP 262-003,Truk Tangki,TR,WS-PERBAIKAN UNIT,262-003 LEPAS RADIATOR BOCOR,4.0
SUNGAI DANAU,Aug,2026-08-01,641102125105432 165,251-054,251054,DUMP TRUCK HINO 130 HD DA 8016 CZ 251-054,DT,TR,WS-PERBAIKAN UNIT,"251-054 GNT BEARING REALISE, KAMPAS KOPL",7.0
SUNGAI DANAU,Aug,2026-08-01,661202000000095 013,,,,,,WS-PERBAIKAN DAN MAINTENANCE UNIT,MONITORING BANGUNAN WALET AFD I,2.0
SUNGAI DANAU,Aug,2026-08-01,641102126101132 165,261-011,261011,TRUCK TANGKI HINO 130 HD DA 8606 CL 261-011,Truk Tangki,TR,WS-PERBAIKAN UNIT,261-011 EVAKUASI BAN DI KANTOR DESA SATU,2.0
SUNGAI DANAU,Aug,2026-08-01,641102126101432 165,261-014,261014,TRUCK TANGKI HINO 130 HD DA 8598 CN 261-014,Truk Tangki,TR,WS-PERBAIKAN UNIT,"261-014 EVAKUASI GNT BOLT RODA, HUB, BAN",10.0
SUNGAI DANAU,Aug,2026-08-01,641102125106032 065,251-060,251060,DUMP TRUCK HINO 130HD DA 8476 JJ 251-060,DT,TR,WS-PERBAIKAN UNIT,251-060 GANTI ACCU,1.0
SUNGAI DANAU,Aug,2026-08-01,661202000000095 053,,,,,,WS-PERBAIKAN DAN MAINTENANCE UNIT,PASANG PIPA AC VILLA,4.5
SUNGAI DANAU,Aug,2026-08-01,641102125103532 165,251-035,251035,DUMP TRUCK HINO 130 HD DA 8207 CF 251-035,DT,TR,WS-PERBAIKAN UNIT,251-035 BONGKAR HUB LH,3.0
SUNGAI DANAU,Aug,2026-08-01,641102126200332 075,262-003,262003,TRUCK TANGKI HINO 130 HD DA 8569 CP 262-003,Truk Tangki,TR,WS-PERBAIKAN UNIT,262-003 PRBKN RADIATOR DI SUDAN,3.0
SUNGAI DANAU,Aug,2026-08-01,641202120000031 052,,,,,,WS-PERBAIKAN UNIT,RAKIT BAN 2 PCS,2.0
SUNGAI DANAU,Aug,2026-08-01,641102126200332 075,262-003,262003,TRUCK TANGKI HINO 130 HD DA 8569 CP 262-003,Truk Tangki,TR,WS-PERBAIKAN UNIT,262-003 PASANG RADIATOR,4.0
SUNGAI DANAU,Aug,2026-08-02,641102126101232 085,261-012,261012,TRUCK TANGKI HINO 130 HD DA 8607 CL 261-012,Truk Tangki,TR,WS-PERBAIKAN UNIT,261-012 PRBKN GARDAN & RAPIKAN SPG RR,8.0
SUNGAI DANAU,Aug,2026-08-02,641102125103532 165,251-035,251035,DUMP TRUCK HINO 130 HD DA 8207 CF 251-035,DT,TR,WS-PERBAIKAN UNIT,251-035 GNT BAUT RODA & BAUT NAP RR LH,4.0
SUNGAI DANAU,Aug,2026-08-02,661202000000095 013,,,,,,WS-PERBAIKAN DAN MAINTENANCE UNIT,MONITORING BANGUNAN WALET AFD I,2.0
SUNGAI DANAU,Aug,2026-08-02,641102125103432 165,251-034,251034,DUMP TRUCK HINO 130 HD DA 8206 CF 251-034,DT,TR,WS-PERBAIKAN UNIT,251-034 GNT SPG NO4 FR & TIEROD,4.0
SUNGAI DANAU,Aug,2026-08-02,641102126201132 095,262-011,262011,TRUCK TANGKI HINO FG260JK DA 8381 GB 262-011,Truk Tangki,TR,WS-PERBAIKAN UNIT,262-011 L;AS TANGKI CPO & PRBKN KLAM TAN,4.0
SUNGAI DANAU,Aug,2026-08-02,641102126101432 135,261-014,261014,TRUCK TANGKI HINO 130 HD DA 8598 CN 261-014,Truk Tangki,TR,WS-PERBAIKAN UNIT,"261-014 GNT CENTERBOLT, BAUTRODA & RAKIT",6.0
SUNGAI DANAU,Aug,2026-08-02,641102125104131 075,251-041,251041,DUMP TRUCK HINO 130 HD DA 8680 CO 251-041,DT,TR,WS-PERBAIKAN UNIT,251-041 SERVICE GANTI OLI C,2.0
SUNGAI DANAU,Aug,2026-08-02,641102125105732 095,251-057,251057,DUMP TRUCK HINO 130 HD 25-86 251-057,DT,TR,WS-PERBAIKAN UNIT,251-057 GNT BAUT BOOM HIDROLIK DUMP,4.0
SUNGAI DANAU,Aug,2026-08-02,641102125103632 135,251-036,251036,DUMP TRUCK HINO 130 HD DA 8209 CF 251-036,DT,TR,WS-PERBAIKAN UNIT,"251-036 GNT SPG FR LH, PRBKN LAMPU KOTA",2.0
SUNGAI DANAU,Aug,2026-08-02,641102126200832 095,262-008,262008,TRUCK TANGKI HINO FG 235 DA 8343 JD 262-008,Truk Tangki,TR,WS-PERBAIKAN UNIT,262-008 LAS SAFETY & LAS DUDUKAN PLAT,5.0
SUNGAI DANAU,Aug,2026-08-02,641102125103632 165,251-036,251036,DUMP TRUCK HINO 130 HD DA 8209 CF 251-036,DT,TR,WS-PERBAIKAN UNIT,251-036 GNT BAUT NAT 2 & GNR BAN RIMBA 2,4.0
SUNGAI DANAU,Aug,2026-08-02,641102125103632 165,251-036,251036,DUMP TRUCK HINO 130 HD DA 8209 CF 251-036,DT,TR,WS-PERBAIKAN UNIT,251-036 GANTI / PASANG BAN RIMBA 750 2 P,2.0
SUNGAI DANAU,Aug,2026-08-03,641102125103832 045,251-038,251038,DUMP TRUCK HINO 130 HD DA 8675 CO 251-038,DT,TR,WS-PERBAIKAN UNIT,"251-038 PRBKN BOOSTER, LAS KABIN",12.0
SUNGAI DANAU,Aug,2026-08-03,641102127100332 165,271-003,271003,ARM ROLL HINO 130 HD DA 8508 JG 271-003,Arm Roll,TR,WS-PERBAIKAN UNIT,271-003 EVAKUASI GNT BAN SEREP FR LH DI,1.0
SUNGAI DANAU,Aug,2026-08-03,641102127100432 135,271-004,271004,ARM ROLL HINO 130 HD DA 8337 JJ 271-004,Arm Roll,TR,WS-PERBAIKAN UNIT,"271-004 PRBKN SPG PATAH, BONGKAR AS SASI",4.0
SUNGAI DANAU,Aug,2026-08-03,641102125104432 165,251-044,251044,DUMP TRUCK HINO 130HD DA 8571 CP 251-044,DT,TR,WS-PERBAIKAN UNIT,"251-044 GNT BAUT RODA RR 5PC,",2.0
SUNGAI DANAU,Aug,2026-08-03,661202000000095 013,,,,,,WS-PERBAIKAN DAN MAINTENANCE UNIT,MONITORING BANGUNAN WALET AFD I,2.0
SUNGAI DANAU,Aug,2026-08-03,641102127100332 165,271-003,271003,ARM ROLL HINO 130 HD DA 8508 JG 271-003,Arm Roll,TR,WS-PERBAIKAN UNIT,271-003 GNT BAN KOTA BARU 1,1.0
SUNGAI DANAU,Aug,2026-08-03,641102127100432 135,271-004,271004,ARM ROLL HINO 130 HD DA 8337 JJ 271-004,Arm Roll,TR,WS-PERBAIKAN UNIT,271-004 GNT SPG + CENTERBOLT,2.0
SUNGAI DANAU,Aug,2026-08-03,641102125104432 095,251-044,251044,DUMP TRUCK HINO 130HD DA 8571 CP 251-044,DT,TR,WS-PERBAIKAN UNIT,251-044 GNT VELG 1 RR RH,1.0
SUNGAI DANAU,Aug,2026-08-03,641102125103832 165,251-038,251038,DUMP TRUCK HINO 130 HD DA 8675 CO 251-038,DT,TR,WS-PERBAIKAN UNIT,251-038 TAMBAL; BAN FR RH,1.0
SUNGAI DANAU,Aug,2026-08-03,661202000000095 013,,,,,,WS-PERBAIKAN DAN MAINTENANCE UNIT,PRBKN INSTALASI MESS KARYAWAN INTI BKB,2.5
SUNGAI DANAU,Aug,2026-08-03,641102127100432 095,271-004,271004,ARM ROLL HINO 130 HD DA 8337 JJ 271-004,Arm Roll,TR,WS-PERBAIKAN UNIT,271-004 LAS SASIS BAK & GNT BAUT KEDUDUK,7.0
SUNGAI DANAU,Aug,2026-08-03,641102125106032 165,251-060,251060,DUMP TRUCK HINO 130HD DA 8476 JJ 251-060,DT,TR,WS-PERBAIKAN UNIT,251-060 EVAKUASI GNT BAN SEREP RR LH DI,3.0
SUNGAI DANAU,Aug,2026-08-03,641102125103832 095,251-038,251038,DUMP TRUCK HINO 130 HD DA 8675 CO 251-038,DT,TR,WS-PERBAIKAN UNIT,251-038 LANJUT LAS KABIN,9.0
SUNGAI DANAU,Aug,2026-08-03,661202000000095 013,,,,,,WS-PERBAIKAN DAN MAINTENANCE UNIT,"DA 8135 CK GNT RADIATOR, BERSIHKAN TANGK",3.0
SUNGAI DANAU,Aug,2026-08-03,661202000000095 013,,,,,,WS-PERBAIKAN DAN MAINTENANCE UNIT,"DA 8135 CK SERVICE A, STEL REM",1.0
SUNGAI DANAU,Aug,2026-08-03,641102125105432 165,251-054,251054,DUMP TRUCK HINO 130 HD DA 8016 CZ 251-054,DT,TR,WS-PERBAIKAN UNIT,251-054 EVAKUASI BAN BOCOR DI JOMBANG 3,4.0
SUNGAI DANAU,Aug,2026-08-04,641102125104832 065,251-048,251048,DUMP TRUCK HINO 130 HD DA 8921 CV 251-048,DT,TR,WS-PERBAIKAN UNIT,251-048 PRBKN ELEKTRIK,2.0
SUNGAI DANAU,Aug,2026-08-04,641102125104832 135,251-048,251048,DUMP TRUCK HINO 130 HD DA 8921 CV 251-048,DT,TR,WS-PERBAIKAN UNIT,"251-048 GNT SPG HLP, PRBKN REM RR",4.0
SUNGAI DANAU,Aug,2026-08-04,641102125103832 095,251-038,251038,DUMP TRUCK HINO 130 HD DA 8675 CO 251-038,DT,TR,WS-PERBAIKAN UNIT,251-038 PRBKN BAK,8.0
SUNGAI DANAU,Aug,2026-08-04,641202120000034 032,,,,,,WS-PERBAIKAN UNIT,GANTI OLI KOMPRESSOR,1.0
SUNGAI DANAU,Aug,2026-08-04,641102126101332 075,261-013,261013,TRUCK TANGKI HINO 130 HD DA 8597 CN 261-013,Truk Tangki,TR,WS-PERBAIKAN UNIT,261-013 PRBKN CALTER OLI BOCOR,2.0
SUNGAI DANAU,Aug,2026-08-04,641102126101132 065,261-011,261011,TRUCK TANGKI HINO 130 HD DA 8606 CL 261-011,Truk Tangki,TR,WS-PERBAIKAN UNIT,261-011 PRBKN ELEKTRIK LAMPU SEIN,4.0
SUNGAI DANAU,Aug,2026-08-04,661202000000095 013,,,,,,WS-PERBAIKAN DAN MAINTENANCE UNIT,MONITORING BANGUNAN WALET AFD I,2.0
SUNGAI DANAU,Aug,2026-08-04,641102127100332 165,271-003,271003,ARM ROLL HINO 130 HD DA 8508 JG 271-003,Arm Roll,TR,WS-PERBAIKAN UNIT,271-003 GNT BAN KOTA BARU 1,1.0
SUNGAI DANAU,Aug,2026-08-04,641102126200632 165,262-006,262006,TRUCK TANGKI HINO FG 235 DA 8171 CR 262-006,Truk Tangki,TR,WS-PERBAIKAN UNIT,262-006 TAMBAH ANGIN BAN,1.0
SUNGAI DANAU,Aug,2026-08-04,641102123100132 065,231-001,231001,BUS HINO 130 MDBL DA 9577 CL/ DA 7219 CD 231-001,Rental Bus,TR,WS-PERBAIKAN UNIT,231-001 PRBKN ELEKTRIK,2.0
SUNGAI DANAU,Aug,2026-08-04,661202000000095 053,,,,,,WS-PERBAIKAN DAN MAINTENANCE UNIT,ISI FREON AC VILLA,1.5
SUNGAI DANAU,Aug,2026-08-04,641102123100131 075,231-001,231001,BUS HINO 130 MDBL DA 9577 CL/ DA 7219 CD 231-001,Rental Bus,TR,WS-PERBAIKAN UNIT,231-001 SERVICE GANTI OLI D & STEL REM,2.0
SUNGAI DANAU,Aug,2026-08-04,641102125104032 065,251-040,251040,DUMP TRUCK HINO 130 HD DA 8679 CO 251-040,DT,TR,WS-PERBAIKAN UNIT,251-040 PRBKN ELEKTRIK,2.0
SUNGAI DANAU,Aug,2026-08-04,641102123100131 075,231-001,231001,BUS HINO 130 MDBL DA 9577 CL/ DA 7219 CD 231-001,Rental Bus,TR,WS-PERBAIKAN UNIT,231-001 SERVICE GANTI OLI D,1.0
SUNGAI DANAU,Aug,2026-08-04,641102125104632 165,251-046,251046,DUMP TRUCK HINO 130 HD DA 8642 CQ 251-046,DT,TR,WS-PERBAIKAN UNIT,251-046 TAMBAL BAN FR RH,1.0
SUNGAI DANAU,Aug,2026-08-04,641102125103832 095,251-038,251038,DUMP TRUCK HINO 130 HD DA 8675 CO 251-038,DT,TR,WS-PERBAIKAN UNIT,251-038 LANJUT PRBKB BAK,9.0
SUNGAI DANAU,Aug,2026-08-04,641102125104232 165,251-042,251042,DUMP TRUCK HINO 130 HD DA 8681 CO 251-042,DT,TR,WS-PERBAIKAN UNIT,251-042 EVAKUASI BAN DI PKS,2.0
SUNGAI DANAU,Aug,2026-08-04,641102125105432 165,251-054,251054,DUMP TRUCK HINO 130 HD DA 8016 CZ 251-054,DT,TR,WS-PERBAIKAN UNIT,251-054 TAMBAL BAN RR LH,1.0
SUNGAI DANAU,Aug,2026-08-04,641102125103932 145,251-039,251039,DUMP TRUCK HINO 130 HD DA 8678 CO 251-039,DT,TR,WS-PERBAIKAN UNIT,251-039 GNT SEAL KOPLING ATAS,2.0
SUNGAI DANAU,Aug,2026-08-04,641102125104932 145,251-049,251049,DUMP TRUCK HINO 130 HD DA 8924 CV 251-049,DT,TR,WS-PERBAIKAN UNIT,251-049 GNT SEAL KOPLING ATAS,1.0
SUNGAI DANAU,Aug,2026-08-04,661202000000095 013,,,,,,WS-PERBAIKAN DAN MAINTENANCE UNIT,CEK LAMPU JALAN,1.0
SUNGAI DANAU,Aug,2026-08-04,641202120000031 052,,,,,,WS-PERBAIKAN DAN MAINTENANCE UNIT,RAKIT BAN SEREP,1.0
SUNGAI DANAU,Aug,2026-08-04,641102131100232 065,311-002,311002,TRAILER MITSUBISHI FV 419P DA 9295 CC 311-002,Trailler,AB,WS-PERBAIKAN UNIT,311-002 PASANG AKI,1.0
SUNGAI DANAU,Aug,2026-08-04,641102131100132 075,311-001,311001,TRAILER MITSUBISHI FV 419P DA 9119 AT/ DA 8602 CR 311-001,Trailler,AB,WS-PERBAIKAN UNIT,"311-001 CEK ENGINE, GNT ACCU DARI 311-00",1.0
SUNGAI DANAU,Aug,2026-08-04,641102126200532 095,262-005,262005,TRUCK TANGKI HINO FG235 DA 8170 CR 262-005,Truk Tangki,TR,WS-PERBAIKAN UNIT,262-005 PRBKN KNALPOT PATAH,4.0
SUNGAI DANAU,Aug,2026-08-04,641102125105532 085,251-055,251055,DUMP TRUCK HINO 130 HD DA 8015 CZ 251-055,DT,TR,WS-PERBAIKAN UNIT,251-055 EVAKUASI PRBKN SEMPRONG,6.0
SUNGAI DANAU,Aug,2026-08-04,641102126200332 095,262-003,262003,TRUCK TANGKI HINO 130 HD DA 8569 CP 262-003,Truk Tangki,TR,WS-PERBAIKAN UNIT,"262-003 LAS DUDUKAN KLAM TANGKI CPO, GNT",3.0
SUNGAI DANAU,Aug,2026-08-05,661202000000095 033,,,,,,WS-PERBAIKAN DAN MAINTENANCE UNIT,DA 8987 CL LAS SASIS FR PATAH,8.0
SUNGAI DANAU,Aug,2026-08-05,641102131100132 095,311-001,311001,TRAILER MITSUBISHI FV 419P DA 9119 AT/ DA 8602 CR 311-001,Trailler,AB,WS-PERBAIKAN UNIT,"311-001 GNT KLAM HOSE RADIATOR, PRBKN HO",2.0
SUNGAI DANAU,Aug,2026-08-05,641102125103832 095,251-038,251038,DUMP TRUCK HINO 130 HD DA 8675 CO 251-038,DT,TR,WS-PERBAIKAN UNIT,251-038 PRBKN BAK DUMP,10.0
SUNGAI DANAU,Aug,2026-08-05,641102125104232 165,251-042,251042,DUMP TRUCK HINO 130 HD DA 8681 CO 251-042,DT,TR,WS-PERBAIKAN UNIT,"251-042 GANTI BAN KOTA BARU 2 FR,",2.0
SUNGAI DANAU,Aug,2026-08-05,661202000000095 013,,,,,,WS-PERBAIKAN DAN MAINTENANCE UNIT,MONITROING BANGUNAN WALET AFD I,2.0
SUNGAI DANAU,Aug,2026-08-05,641202120000034 032,,,,,,WS-PERBAIKAN UNIT,GANTI OLI KOMPRESSOR,1.0
SUNGAI DANAU,Aug,2026-08-05,641102126201032 135,262-010,262010,TRUCK TANGKI HINO FM 260 DA 8112 JI 262-010,Truk Tangki,TR,WS-PERBAIKAN UNIT,262-010 RAPIKAN SPG RR BIKIN SAFETY,3.0
SUNGAI DANAU,Aug,2026-08-05,641102126201131 075,262-011,262011,TRUCK TANGKI HINO FG260JK DA 8381 GB 262-011,Truk Tangki,TR,WS-PERBAIKAN UNIT,262-011 SERVICE GANTI OLI E,1.0
SUNGAI DANAU,Aug,2026-08-05,641102126101132 165,261-011,261011,TRUCK TANGKI HINO 130 HD DA 8606 CL 261-011,Truk Tangki,TR,WS-PERBAIKAN UNIT,261-011 GANTI VELG FR LH,1.0
SUNGAI DANAU,Aug,2026-08-05,641102131100232 135,311-002,311002,TRAILER MITSUBISHI FV 419P DA 9295 CC 311-002,Trailler,AB,WS-PERBAIKAN UNIT,311-002 TANGKIR SPG FR & BNKR DDKN HIDRO,3.0
SUNGAI DANAU,Aug,2026-08-05,641102125103832 095,251-038,251038,DUMP TRUCK HINO 130 HD DA 8675 CO 251-038,DT,TR,WS-PERBAIKAN UNIT,251-038 LANJUT PRBKN BAK DUMP,11.0
SUNGAI DANAU,Aug,2026-08-05,641202130000034 013,311-002,311002,TRAILER MITSUBISHI FV 419P DA 9295 CC 311-002,Trailler,AB,WS-PERBAIKAN DAN MAINTENANCE UNIT,311-002 MOBILISASI EXCA,3.0
SUNGAI DANAU,Aug,2026-08-05,641102131100232 095,311-002,311002,TRAILER MITSUBISHI FV 419P DA 9295 CC 311-002,Trailler,AB,WS-PERBAIKAN UNIT,311-002 LAS SASIS RETAK,3.0
SUNGAI DANAU,Aug,2026-08-05,641102131100232 095,311-002,311002,TRAILER MITSUBISHI FV 419P DA 9295 CC 311-002,Trailler,AB,WS-PERBAIKAN UNIT,311-002 PRBKN SASIS,3.0
SUNGAI DANAU,Aug,2026-08-05,641102125105132 125,251-051,251051,DUMP TRUCK HINO 130 HD DA 8012 CZ 251-051,DT,TR,WS-PERBAIKAN UNIT,251-051 LURUSKAN LABRANG + ELEKTRIK,3.0
SUNGAI DANAU,Aug,2026-08-05,641102125104932 065,251-049,251049,DUMP TRUCK HINO 130 HD DA 8924 CV 251-049,DT,TR,WS-PERBAIKAN UNIT,251-049 GNT DINAMO STATER,2.0
SUNGAI DANAU,Aug,2026-08-06,641102125104631 075,251-046,251046,DUMP TRUCK HINO 130 HD DA 8642 CQ 251-046,DT,TR,WS-PERBAIKAN UNIT,251-046 SERVICE GANTI OLI,82.0
SUNGAI DANAU,Aug,2026-08-06,641102125103832 095,251-038,251038,DUMP TRUCK HINO 130 HD DA 8675 CO 251-038,DT,TR,WS-PERBAIKAN UNIT,251-038 PRBKN BAK UDMP,15.0
SUNGAI DANAU,Aug,2026-08-06,641102125103832 095,251-038,251038,DUMP TRUCK HINO 130 HD DA 8675 CO 251-038,DT,TR,WS-PERBAIKAN UNIT,251-038 KUPAS CAT BAK DUMP,2.0
SUNGAI DANAU,Aug,2026-08-06,641102131100232 095,311-002,311002,TRAILER MITSUBISHI FV 419P DA 9295 CC 311-002,Trailler,AB,WS-PERBAIKAN UNIT,311-002 LAS SASIS,4.0
SUNGAI DANAU,Aug,2026-08-06,641102125103932 125,251-039,251039,DUMP TRUCK HINO 130 HD DA 8678 CO 251-039,DT,TR,WS-PERBAIKAN UNIT,251-039 PRBKN JOINT STEERING SERET,2.0
SUNGAI DANAU,Aug,2026-08-06,641102123100132 165,231-001,231001,BUS HINO 130 MDBL DA 9577 CL/ DA 7219 CD 231-001,Rental Bus,TR,WS-PERBAIKAN UNIT,231-001 GNT BAN BARU 2 RR + PRBKN REM,3.0
SUNGAI DANAU,Aug,2026-08-06,641102125105432 165,251-054,251054,DUMP TRUCK HINO 130 HD DA 8016 CZ 251-054,DT,TR,WS-PERBAIKAN UNIT,"251-054 GNT BAN RIMBA 2 PC, BAUT RODA",2.0
SUNGAI DANAU,Aug,2026-08-06,641102123100132 165,231-001,231001,BUS HINO 130 MDBL DA 9577 CL/ DA 7219 CD 231-001,Rental Bus,TR,WS-PERBAIKAN UNIT,"231-001 GANTI BAN 2 PC, PRBKN REM RR",2.0
SUNGAI DANAU,Aug,2026-08-06,641102131100232 095,311-002,311002,TRAILER MITSUBISHI FV 419P DA 9295 CC 311-002,Trailler,AB,WS-PERBAIKAN UNIT,311-002 LAS SASIS RETAK,6.0
SUNGAI DANAU,Aug,2026-08-06,661202000000095 013,,,,,,WS-PERBAIKAN DAN MAINTENANCE UNIT,CEK LAMPU ARAH WALET,1.0
SUNGAI DANAU,Aug,2026-08-06,641102125103832 095,251-038,251038,DUMP TRUCK HINO 130 HD DA 8675 CO 251-038,DT,TR,WS-PERBAIKAN UNIT,251-038 LANJUT PRBKN BAK DUMP,12.0
SUNGAI DANAU,Aug,2026-08-06,641102123100132 045,231-001,231001,BUS HINO 130 MDBL DA 9577 CL/ DA 7219 CD 231-001,Rental Bus,TR,WS-PERBAIKAN UNIT,231-001 PRBKN REM RR RH,3.0
SUNGAI DANAU,Aug,2026-08-06,641102123100132 025,231-001,231001,BUS HINO 130 MDBL DA 9577 CL/ DA 7219 CD 231-001,Rental Bus,TR,WS-PERBAIKAN UNIT,231-001 GNT BEARING TENSIONER AC & PRBKN,3.0
SUNGAI DANAU,Aug,2026-08-06,641102127100432 165,271-004,271004,ARM ROLL HINO 130 HD DA 8337 JJ 271-004,Arm Roll,TR,WS-PERBAIKAN UNIT,271-004 EVAKUASI GANTI BAN,4.0
SUNGAI DANAU,Aug,2026-08-07,661202000000095 013,,,,,,WS-PERBAIKAN DAN MAINTENANCE UNIT,MONITORING BANGUNAN WALET AFD I,2.0
SUNGAI DANAU,Aug,2026-08-07,641102125104732 075,251-047,251047,DUMP TRUCK HINO 130 HD DA 8923 CV 251-047,DT,TR,WS-PERBAIKAN UNIT,"251-047 SERVICE GANTI OLI D, LAS KANCING",3.0
SUNGAI DANAU,Aug,2026-08-07,641102125103832 095,251-038,251038,DUMP TRUCK HINO 130 HD DA 8675 CO 251-038,DT,TR,WS-PERBAIKAN UNIT,251-038 PRBKN BAK DUMP,14.0
SUNGAI DANAU,Aug,2026-08-07,641202120000034 012,221-001,,,,,WS-PERBAIKAN UNIT,"221-001 CEK ENGINE, BONGKAR APAR APAR",7.0
SUNGAI DANAU,Aug,2026-08-07,661202000000095 013,,,,,,WS-PERBAIKAN DAN MAINTENANCE UNIT,CEK POMPA WALET AFD II,1.0
SUNGAI DANAU,Aug,2026-08-07,641102124200432 165,242-004,242004,TRUCK HINO 136 HDX 242-004,Tus,TR,WS-PERBAIKAN UNIT,242-004 GANTI BAN BOCOR RR,1.0
SUNGAI DANAU,Aug,2026-08-07,661202000000095 043,,,,,,WS-PERBAIKAN DAN MAINTENANCE UNIT,F 1332 AQ LAS KNALPOT,1.0
SUNGAI DANAU,Aug,2026-08-07,641102125106431 075,251-064,251064,DUMPTRUCK HINO 136 HDX 251-064,DT,TR,WS-PERBAIKAN UNIT,251-064 SERVICE GANTI OLI E,1.0
SUNGAI DANAU,Aug,2026-08-07,641202120000034 012,221-001,,,,,WS-PERBAIKAN UNIT,221-001 LANJUT BONGKAR APAR APAR,3.0
SUNGAI DANAU,Aug,2026-08-07,641102125103832 095,251-038,251038,DUMP TRUCK HINO 130 HD DA 8675 CO 251-038,DT,TR,WS-PERBAIKAN UNIT,251-038 LANJUT PERBAIKAN BAK DUMP,14.0
SUNGAI DANAU,Aug,2026-08-07,641102125105032 065,251-050,251050,DUMP TRUCK HINO 130 HD DA 8925 CV 251-050,DT,TR,WS-PERBAIKAN UNIT,251-050 GNT DINAMO STAR,2.0
SUNGAI DANAU,Aug,2026-08-07,641102125105632 165,251-056,251056,DUMP TRUCK HINO 130 HD 25-85 251-056,DT,TR,WS-PERBAIKAN UNIT,251-056 GNT BAN RR RIMBA 2PC,1.0
SUNGAI DANAU,Aug,2026-08-08,641202120000031 052,,,,,,WS-PERBAIKAN DAN MAINTENANCE UNIT,KERJA BAKTI,4.0
SUNGAI DANAU,Aug,2026-08-08,641102123100631 075,231-006,231006,BUS ISUZU NQR 231-006,,TR,WS-PERBAIKAN UNIT,231-006 CEK ENGINE + SERVICE GANTI OLI F,7.0
SUNGAI DANAU,Aug,2026-08-08,641202120000034 012,221-001,,,,,WS-PERBAIKAN UNIT,221-001 BONGKAR BEARING RODA FR,5.0
SUNGAI DANAU,Aug,2026-08-08,641202120000034 012,221-001,,,,,WS-PERBAIKAN UNIT,221-001 BONGKAR BEARING RODA FR,5.0
SUNGAI DANAU,Aug,2026-08-08,641102125104032 165,251-040,251040,DUMP TRUCK HINO 130 HD DA 8679 CO 251-040,DT,TR,WS-PERBAIKAN UNIT,"251-040 GNT BAN RIMBA BARU 2 PC, BAN KOT",1.0
SUNGAI DANAU,Aug,2026-08-08,641102125103832 095,251-038,251038,DUMP TRUCK HINO 130 HD DA 8675 CO 251-038,DT,TR,WS-PERBAIKAN UNIT,251-038 LANJUT CAT BAK DUMP (EPOXY),12.0
SUNGAI DANAU,Aug,2026-08-08,641102123100632 165,231-006,231006,BUS ISUZU NQR 231-006,,TR,WS-PERBAIKAN UNIT,231-006 GNT BAN BARU 750 RIMBA 4 PC,3.0
SUNGAI DANAU,Aug,2026-08-08,641102125103732 135,251-037,251037,DUMP TRUCK HINO 130 HD DA 8674 CO 251-037,DT,TR,WS-PERBAIKAN UNIT,251-037 GNT CENTERBOLT RR,4.0
SUNGAI DANAU,Aug,2026-08-08,641102125106032 165,251-060,251060,DUMP TRUCK HINO 130HD DA 8476 JJ 251-060,DT,TR,WS-PERBAIKAN UNIT,251-060 GNT BAN RIMBA BARU 2 PC,2.0
SUNGAI DANAU,Aug,2026-08-09,641102125103832 085,251-038,251038,DUMP TRUCK HINO 130 HD DA 8675 CO 251-038,DT,TR,WS-PERBAIKAN UNIT,251-038 CAT BAK DUMP (HIJAU),8.0
SUNGAI DANAU,Aug,2026-08-09,641102124200532 095,242-005,242005,TRUCK HINO 136 HDX 242-005,Tus,TR,WS-PERBAIKAN UNIT,242-005 GNT SLEBOR RR LH & PRBKN TANGGA,2.0
SUNGAI DANAU,Aug,2026-08-09,661202000000095 013,,,,,,WS-PERBAIKAN DAN MAINTENANCE UNIT,MONITORING BANGUNAN WALET AFD I,2.0
SUNGAI DANAU,Aug,2026-08-09,641102125105632 115,251-056,251056,DUMP TRUCK HINO 130 HD 25-85 251-056,DT,TR,WS-PERBAIKAN UNIT,"251-056 PRBKN HOSE DUMP, ELEKTRIK, RUMAH",8.0
SUNGAI DANAU,Aug,2026-08-09,641102127100332 125,271-003,271003,ARM ROLL HINO 130 HD DA 8508 JG 271-003,Arm Roll,TR,WS-PERBAIKAN UNIT,"271-003 GNT KINGPEN, DRAGLINK, ELEKTRIK",6.0
SUNGAI DANAU,Aug,2026-08-09,641102125104032 135,251-040,251040,DUMP TRUCK HINO 130 HD DA 8679 CO 251-040,DT,TR,WS-PERBAIKAN UNIT,"251-040 GNT SHOCK FR, PRBKN REM",3.0
SUNGAI DANAU,Aug,2026-08-09,641102125104032 125,251-040,251040,DUMP TRUCK HINO 130 HD DA 8679 CO 251-040,DT,TR,WS-PERBAIKAN UNIT,251-040 GANTI KINGPIN/TIEROD KANAN,3.0
SUNGAI DANAU,Aug,2026-08-09,641102125104232 125,251-042,251042,DUMP TRUCK HINO 130 HD DA 8681 CO 251-042,DT,TR,WS-PERBAIKAN UNIT,251-042 GNTI KINGPEN FR LH,6.0
SUNGAI DANAU,Aug,2026-08-09,641102123100332 095,231-003,231003,BUS ISUZU MINI BUS F 7120 AB/DA 7026 TAJ 231-003,Rental Bus,TR,WS-PERBAIKAN UNIT,"231-003 PRBKN PINTU SAMPING, PRBKN LANTA",6.0
SUNGAI DANAU,Aug,2026-08-09,641102123100632 075,231-006,231006,BUS ISUZU NQR 231-006,,TR,WS-PERBAIKAN UNIT,231-006 GANTI FILTER SOLAR & PSNG KARET,6.0
SUNGAI DANAU,Aug,2026-08-10,641102123100632 095,231-006,231006,BUS ISUZU NQR 231-006,,TR,WS-PERBAIKAN UNIT,"231-006 PASANG STIKER, LEM PINTU, ELEKTR",10.0
SUNGAI DANAU,Aug,2026-08-10,641102126201132 095,262-011,262011,TRUCK TANGKI HINO FG260JK DA 8381 GB 262-011,Truk Tangki,TR,WS-PERBAIKAN UNIT,"262-011 GNT KLAM TANGKI, PRBKN BANTALAN",12.0
SUNGAI DANAU,Aug,2026-08-10,641102126200932 135,262-009,262009,TRUCK TANGKI HINO FG 235 JK DA 8110 JI 262-009,Truk Tangki,TR,WS-PERBAIKAN UNIT,"262-009 GNT SPG RR RH, GNT SIKU SAFETY",8.0
SUNGAI DANAU,Aug,2026-08-10,661202000000095 013,,,,,,WS-PERBAIKAN DAN MAINTENANCE UNIT,MONITORING BANGUNAN WALET AFD I,2.0
SUNGAI DANAU,Aug,2026-08-10,661202000000095 013,,,,,,WS-PERBAIKAN DAN MAINTENANCE UNIT,PRBKN INSTALASI MESS KARYAWAN,2.0
SUNGAI DANAU,Aug,2026-08-10,641102125104732 165,251-047,251047,DUMP TRUCK HINO 130 HD DA 8923 CV 251-047,DT,TR,WS-PERBAIKAN UNIT,251-047 GNT BAN SEREP RR LH DALAM,1.0
SUNGAI DANAU,Aug,2026-08-10,641102125104732 165,251-047,251047,DUMP TRUCK HINO 130 HD DA 8923 CV 251-047,DT,TR,WS-PERBAIKAN UNIT,251-047 TAMBAL BAN,1.0
SUNGAI DANAU,Aug,2026-08-10,641202120000034 012,221-001,,,,,WS-PERBAIKAN UNIT,221-001 GNT  BUSHING APAR APAR,6.0
SUNGAI DANAU,Aug,2026-08-10,661202000000095 013,,,,,,WS-PERBAIKAN DAN MAINTENANCE UNIT,"DA 8135 CK PRBKN LAMPU RR, GNT SELANG RA",2.0
SUNGAI DANAU,Aug,2026-08-10,641102123100632 065,231-006,231006,BUS ISUZU NQR 231-006,,TR,WS-PERBAIKAN UNIT,"231-006 PRBKN ELEKTRIK, LAS PIJAKAN KAKI",9.0
SUNGAI DANAU,Aug,2026-08-10,661202000000095 013,,,,,,WS-PERBAIKAN DAN MAINTENANCE UNIT,PRBKN INSTALASI MESS KARYAWAN,1.0
SUNGAI DANAU,Aug,2026-08-10,641102125105532 165,251-055,251055,DUMP TRUCK HINO 130 HD DA 8015 CZ 251-055,DT,TR,WS-PERBAIKAN UNIT,251-055 TAMBAL BAN RR LH,1.0
SUNGAI DANAU,Aug,2026-08-10,641102125105532 165,251-055,251055,DUMP TRUCK HINO 130 HD DA 8015 CZ 251-055,DT,TR,WS-PERBAIKAN UNIT,251-055 RAKIT BAN SEREP,1.0
SUNGAI DANAU,Aug,2026-08-10,641102123100232 025,231-002,231002,BUS HINO 130 MDBL DA 9592 CL/ DA 7223 CD 231-002,Rental Bus,TR,WS-PERBAIKAN UNIT,231-002 GANTI TENSIONER,1.0
SUNGAI DANAU,Aug,2026-08-10,641102123100332 025,231-003,231003,BUS ISUZU MINI BUS F 7120 AB/DA 7026 TAJ 231-003,Rental Bus,TR,WS-PERBAIKAN UNIT,231-003 PSNNG BEARING TENSIONER AC,1.0
SUNGAI DANAU,Aug,2026-08-10,641102125105532 165,251-055,251055,DUMP TRUCK HINO 130 HD DA 8015 CZ 251-055,DT,TR,WS-PERBAIKAN UNIT,251-055 EVAKUASI BAN DI BB5,4.0
SUNGAI DANAU,Aug,2026-08-10,661202000000095 033,,,,,,WS-PERBAIKAN DAN MAINTENANCE UNIT,DA 8987 CL EVAKUASI BAN DI RAYON 1,4.0
SUNGAI DANAU,Aug,2026-08-11,661202000000095 033,,,,,,WS-PERBAIKAN DAN MAINTENANCE UNIT,DA 8987 CL TAMBAL BAN RR,1.0
SUNGAI DANAU,Aug,2026-08-11,641102123100632 095,231-006,231006,BUS ISUZU NQR 231-006,,TR,WS-PERBAIKAN UNIT,"231-006 CEK KEBOCORAN, TES JALAN, CEK LA",12.0
SUNGAI DANAU,Aug,2026-08-11,641202120000034 012,221-001,,,,,WS-PERBAIKAN UNIT,"221-001 PRBKNREM, PSNG BEARING, APAR APA",8.0
SUNGAI DANAU,Aug,2026-08-11,641102125103731 075,251-037,251037,DUMP TRUCK HINO 130 HD DA 8674 CO 251-037,DT,TR,WS-PERBAIKAN UNIT,251-037 SERVICE GANTI OLI C,2.0
SUNGAI DANAU,Aug,2026-08-11,661202000000095 013,,,,,,WS-PERBAIKAN DAN MAINTENANCE UNIT,MONITORING BANGUNAN WALET AFD I,2.0
SUNGAI DANAU,Aug,2026-08-11,641102127100432 165,271-004,271004,ARM ROLL HINO 130 HD DA 8337 JJ 271-004,Arm Roll,TR,WS-PERBAIKAN UNIT,271-004 TAMBAL BAN RR RH DALAM,1.0
SUNGAI DANAU,Aug,2026-08-11,641202120000031 052,,,,,,WS-PERBAIKAN DAN MAINTENANCE UNIT,RAKIT BAN SEREP,2.0
SUNGAI DANAU,Aug,2026-08-11,641102125106332 095,251-063,251063,DUMPTRUCK 136 HDX 251-063,DT,TR,WS-PERBAIKAN UNIT,"251-063 PRBKN LOCK BAN SEREP, LOCK PINTU",1.0
SUNGAI DANAU,Aug,2026-08-11,641102125106332 065,251-036,251036,DUMP TRUCK HINO 130 HD DA 8209 CF 251-036,DT,TR,WS-PERBAIKAN UNIT,251-036 PRBKN ELEKTRIK KONSLET,2.0
SUNGAI DANAU,Aug,2026-08-11,641102127100432 095,271-004,271004,ARM ROLL HINO 130 HD DA 8337 JJ 271-004,Arm Roll,TR,WS-PERBAIKAN UNIT,271-004 LAS SAFETY SAMPING KIRI,1.0
SUNGAI DANAU,Aug,2026-08-11,641102125104432 165,251-044,251044,DUMP TRUCK HINO 130HD DA 8571 CP 251-044,DT,TR,WS-PERBAIKAN UNIT,251-044 GNT SEAL RODA FR,2.0
SUNGAI DANAU,Aug,2026-08-11,641102123100632 065,231-006,231006,BUS ISUZU NQR 231-006,,TR,WS-PERBAIKAN UNIT,231-006 PRBKN LAMPU MUNDUR,1.0
SUNGAI DANAU,Aug,2026-08-11,641102125104432 135,251-044,251044,DUMP TRUCK HINO 130HD DA 8571 CP 251-044,DT,TR,WS-PERBAIKAN UNIT,"251-044 GNT SPG BABON RR, CK BIRING FR",4.0
SUNGAI DANAU,Aug,2026-08-11,641202120000034 012,221-001,,,,,WS-PERBAIKAN UNIT,"221-001 LANJUT PRBKN APAR APAR, BEARING",1.0
SUNGAI DANAU,Aug,2026-08-11,641102125105631 075,251-056,251056,DUMP TRUCK HINO 130 HD 25-85 251-056,DT,TR,WS-PERBAIKAN UNIT,"251-056 SERVICE GANTI OLI C, GNT KLAKSON",4.0
SUNGAI DANAU,Aug,2026-08-11,641102126200832 075,262-008,262008,TRUCK TANGKI HINO FG 235 DA 8343 JD 262-008,Truk Tangki,TR,WS-PERBAIKAN UNIT,262-008 PENAMBAHAN ELEMENT FILTER SOLAR,2.0
SUNGAI DANAU,Aug,2026-08-11,641102123100332 065,231-003,231003,BUS ISUZU MINI BUS F 7120 AB/DA 7026 TAJ 231-003,Rental Bus,TR,WS-PERBAIKAN UNIT,"231-003 PRBKN KLKSON, TMBL KABIN, KARET",9.0
SUNGAI DANAU,Aug,2026-08-11,641102125105332 145,251-053,251053,DUMP TRUCK HINO 130 HD DA 8014 CZ 251-053,DT,TR,WS-PERBAIKAN UNIT,251-053 GNT SEAL KOPLING ATAS DI PKS,2.0
SUNGAI DANAU,Aug,2026-08-11,641102123100332 125,231-003,231003,BUS ISUZU MINI BUS F 7120 AB/DA 7026 TAJ 231-003,Rental Bus,TR,WS-PERBAIKAN UNIT,231-003 GNT TIEROD,1.0
SUNGAI DANAU,Aug,2026-08-11,641102123100332 095,231-003,231003,BUS ISUZU MINI BUS F 7120 AB/DA 7026 TAJ 231-003,Rental Bus,TR,WS-PERBAIKAN UNIT,"231-003 LEM PINTU, TAMBAL LOBANG PINTU",2.0
SUNGAI DANAU,Aug,2026-08-11,641102124200532 165,242-005,242005,TRUCK HINO 136 HDX 242-005,Tus,TR,WS-PERBAIKAN UNIT,242-005 GNT BAN RIMBA BARU 2,2.0
SUNGAI DANAU,Aug,2026-08-12,641102126200632 075,262-006,262006,TRUCK TANGKI HINO FG 235 DA 8171 CR 262-006,Truk Tangki,TR,WS-PERBAIKAN UNIT,262-006 RAKIT PEMASANG SEPARATOR EXTRA,4.0
SUNGAI DANAU,Aug,2026-08-12,641102127100132 135,271-001,271001,ARM ROLL HINO 130 HD DA 8590 CQ 271-001,Arm Roll,TR,WS-PERBAIKAN UNIT,271-001 GNT SPG RR RH,2.0
SUNGAI DANAU,Aug,2026-08-12,661202000000095 103,,,,,,WS-PERBAIKAN DAN MAINTENANCE UNIT,DA 8570 CP GNT BAN SEREP FR LH DI RAYON,4.0
SUNGAI DANAU,Aug,2026-08-12,641202120000034 012,221-001,,,,,WS-PERBAIKAN UNIT,221-001 PERBKN ENGINE,4.0
SUNGAI DANAU,Aug,2026-08-12,641102125105032 095,251-050,251050,DUMP TRUCK HINO 130 HD DA 8925 CV 251-050,DT,TR,WS-PERBAIKAN UNIT,251-050 LAS ATAP KABIN,4.0
SUNGAI DANAU,Aug,2026-08-12,661202000000095 013,,,,,,WS-PERBAIKAN DAN MAINTENANCE UNIT,MONITORING BANGUNAN WALET AFD I,2.0
SUNGAI DANAU,Aug,2026-08-12,641102125104732 125,251-047,251047,DUMP TRUCK HINO 130 HD DA 8923 CV 251-047,DT,TR,WS-PERBAIKAN UNIT,251-047 GNT AS PENDEK (BNGKAR GARDAN),5.0
SUNGAI DANAU,Aug,2026-08-12,641102126200732 075,262-007,262007,TRUCK TANGKI HINO FG 235 DA 8342 JD 262-007,Truk Tangki,TR,WS-PERBAIKAN UNIT,262-007 RAKIT PEMASANG SEPARATOR EXTRA,4.0
SUNGAI DANAU,Aug,2026-08-12,661202000000095 013,,,,,,WS-PERBAIKAN DAN MAINTENANCE UNIT,CEK AC AGRONOMI,1.0
SUNGAI DANAU,Aug,2026-08-12,641102125103432 165,251-034,251034,DUMP TRUCK HINO 130 HD DA 8206 CF 251-034,DT,TR,WS-PERBAIKAN UNIT,251-034 GNT BAN KOTA BARU 1 PC + TOPI VE,2.0
SUNGAI DANAU,Aug,2026-08-12,661202000000095 033,,,,,,WS-PERBAIKAN DAN MAINTENANCE UNIT,DA 9374 CM EVAKUASI BAN DI GEREJA PKS,1.0
SUNGAI DANAU,Aug,2026-08-12,641102125105032 095,251-050,251050,DUMP TRUCK HINO 130 HD DA 8925 CV 251-050,DT,TR,WS-PERBAIKAN UNIT,251-050 LAS ATAP KABIN,3.0
SUNGAI DANAU,Aug,2026-08-12,641102125105032 095,251-050,251050,DUMP TRUCK HINO 130 HD DA 8925 CV 251-050,DT,TR,WS-PERBAIKAN UNIT,251-050 SERVIS JOK RH LH,2.0
SUNGAI DANAU,Aug,2026-08-12,641102123100632 065,231-006,231006,BUS ISUZU NQR 231-006,,TR,WS-PERBAIKAN UNIT,231-006 PRBKN ELEKTRIK,5.0
SUNGAI DANAU,Aug,2026-08-12,661202000000095 013,,,,,,WS-PERBAIKAN DAN MAINTENANCE UNIT,LEPAS AC,3.0
SUNGAI DANAU,Aug,2026-08-12,641102125104132 165,251-041,251041,DUMP TRUCK HINO 130 HD DA 8680 CO 251-041,DT,TR,WS-PERBAIKAN UNIT,251-041 GNT BAN SEREP RR LH DALAM DI SET,2.0
SUNGAI DANAU,Aug,2026-08-12,641102123100232 025,231-002,231002,BUS HINO 130 MDBL DA 9592 CL/ DA 7223 CD 231-002,Rental Bus,TR,WS-PERBAIKAN UNIT,231-002 PRBKN TENSIONER AC,1.0
SUNGAI DANAU,Aug,2026-08-12,641102125104032 075,251-040,251040,DUMP TRUCK HINO 130 HD DA 8679 CO 251-040,DT,TR,WS-PERBAIKAN UNIT,251-040 GNT SELANG FUEL BOCOR,1.0
SUNGAI DANAU,Aug,2026-08-12,661202000000095 103,,,,,,WS-PERBAIKAN DAN MAINTENANCE UNIT,DA 8570 CP TAMBAL BAN,1.0
SUNGAI DANAU,Aug,2026-08-12,641102125105532 165,251-055,251055,DUMP TRUCK HINO 130 HD DA 8015 CZ 251-055,DT,TR,WS-PERBAIKAN UNIT,251-055 EVAKUASI BAN RR RH DALAM,4.0
SUNGAI DANAU,Aug,2026-08-12,641102125105332 165,251-053,251053,DUMP TRUCK HINO 130 HD DA 8014 CZ 251-053,DT,TR,WS-PERBAIKAN UNIT,251-053 TAMBAL BAN RR RH DALAM,1.0
SUNGAI DANAU,Aug,2026-08-12,641102123100632 065,231-006,231006,BUS ISUZU NQR 231-006,,TR,WS-PERBAIKAN UNIT,231-006 LANJUT PRBKN ELEKTRIK CARI JALUR,2.0
SUNGAI DANAU,Aug,2026-08-13,641202120000034 012,221-001,,,,,WS-PERBAIKAN UNIT,221-001 GNT KAMPAS KOPLING,4.0
SUNGAI DANAU,Aug,2026-08-13,661202000000095 103,,,,,,WS-PERBAIKAN DAN MAINTENANCE UNIT,DA 8570 CP PRBKN REM FR,2.0
SUNGAI DANAU,Aug,2026-08-13,641102126101332 095,261-013,261013,TRUCK TANGKI HINO 130 HD DA 8597 CN 261-013,Truk Tangki,TR,WS-PERBAIKAN UNIT,261-013 PRBKN SASIS PATAH,8.0
SUNGAI DANAU,Aug,2026-08-13,641102126201032 135,262-010,262010,TRUCK TANGKI HINO FM 260 DA 8112 JI 262-010,Truk Tangki,TR,WS-PERBAIKAN UNIT,262-010 GNT SPG RR LH + CENTERBOLT,10.0
SUNGAI DANAU,Aug,2026-08-13,641102125104732 095,251-047,251047,DUMP TRUCK HINO 130 HD DA 8923 CV 251-047,DT,TR,WS-PERBAIKAN UNIT,"251-047 LAS KANCING DUMP, SIKU DUMP, TUT",4.0
SUNGAI DANAU,Aug,2026-08-13,641102125105032 095,251-050,251050,DUMP TRUCK HINO 130 HD DA 8925 CV 251-050,DT,TR,WS-PERBAIKAN UNIT,251-050 CAT ATAP KABIN,4.0
SUNGAI DANAU,Aug,2026-08-13,661202000000095 053,,,,,,WS-PERBAIKAN DAN MAINTENANCE UNIT,PASANG INDOR AC VILLA KAMAR 06,3.0
SUNGAI DANAU,Aug,2026-08-13,641102125105532 165,251-055,251055,DUMP TRUCK HINO 130 HD DA 8015 CZ 251-055,DT,TR,WS-PERBAIKAN UNIT,251-055 TAMBAL BAN RR RH,1.0
SUNGAI DANAU,Aug,2026-08-13,641102125104132 165,251-041,251041,DUMP TRUCK HINO 130 HD DA 8680 CO 251-041,DT,TR,WS-PERBAIKAN UNIT,251-041 TAMBAL BAN RR RH,1.0
SUNGAI DANAU,Aug,2026-08-13,641102126201032 095,262-010,262010,TRUCK TANGKI HINO FM 260 DA 8112 JI 262-010,Truk Tangki,TR,WS-PERBAIKAN UNIT,262-010 LAS TANGKI CPO BAGIAN DALAM & SL,6.0
SUNGAI DANAU,Aug,2026-08-13,641102126101332 095,261-013,261013,TRUCK TANGKI HINO 130 HD DA 8597 CN 261-013,Truk Tangki,TR,WS-PERBAIKAN UNIT,261-013 LANJUT PRBKN SASIS,4.0
SUNGAI DANAU,Aug,2026-08-13,641102125105432 145,251-054,251054,DUMP TRUCK HINO 130 HD DA 8016 CZ 251-054,DT,TR,WS-PERBAIKAN UNIT,251-054 GNT SELANG KOPLING DI ABC,2.0
SUNGAI DANAU,Aug,2026-08-13,641202120000034 012,221-001,,,,,WS-PERBAIKAN UNIT,221-001 GNT KAMPAS KOPLING,5.0
SUNGAI DANAU,Aug,2026-08-13,641202120000031 052,,,,,,WS-PERBAIKAN DAN MAINTENANCE UNIT,"RAKIT, PRBKN TOPI KABIN & CAT",2.0
SUNGAI DANAU,Aug,2026-08-13,661202000000095 013,,,,,,WS-PERBAIKAN DAN MAINTENANCE UNIT,DA 8955 TAO PRBKN SHOCK FR LH,4.0
SUNGAI DANAU,Aug,2026-08-14,641102125105032 095,251-050,251050,DUMP TRUCK HINO 130 HD DA 8925 CV 251-050,DT,TR,WS-PERBAIKAN UNIT,251-050 PASANG TOPI KABIN,1.0
SUNGAI DANAU,Aug,2026-08-14,641102126101332 095,261-013,261013,TRUCK TANGKI HINO 130 HD DA 8597 CN 261-013,Truk Tangki,TR,WS-PERBAIKAN UNIT,"261-013 PRBKN SASIS, PRBKN KLAKSON",8.0
SUNGAI DANAU,Aug,2026-08-14,641102125103832 125,251-038,251038,DUMP TRUCK HINO 130 HD DA 8675 CO 251-038,DT,TR,WS-PERBAIKAN UNIT,"251-038 GNT DRGLNK, CNTRBOLT",2.0
SUNGAI DANAU,Aug,2026-08-14,641102125103832 095,251-038,251038,DUMP TRUCK HINO 130 HD DA 8675 CO 251-038,DT,TR,WS-PERBAIKAN UNIT,251-038 CAT SASIS/NO LAMBUNG,5.0
SUNGAI DANAU,Aug,2026-08-14,661202000000095 013,,,,,,WS-PERBAIKAN DAN MAINTENANCE UNIT,MONITORING BANGUNAN WALET AFD I,2.0
SUNGAI DANAU,Aug,2026-08-14,641102127100432 095,271-004,271004,ARM ROLL HINO 130 HD DA 8337 JJ 271-004,Arm Roll,TR,WS-PERBAIKAN UNIT,"271-004 PRBKN SASIS BAK AMROLL, PIN BOOM",8.0
SUNGAI DANAU,Aug,2026-08-14,641102125103432 165,251-034,251034,DUMP TRUCK HINO 130 HD DA 8206 CF 251-034,DT,TR,WS-PERBAIKAN UNIT,251-034 TAMBAL BAN FR,1.0
SUNGAI DANAU,Aug,2026-08-14,641102125105532 165,251-055,251055,DUMP TRUCK HINO 130 HD DA 8015 CZ 251-055,DT,TR,WS-PERBAIKAN UNIT,251-055 GNT BAN SEREP RR,1.0
SUNGAI DANAU,Aug,2026-08-14,641202120000034 012,221-001,,,,,WS-PERBAIKAN UNIT,"221-001 PSNG KAMPAS REM, RR RH",2.0
SUNGAI DANAU,Aug,2026-08-14,661202000000095 013,,,,,,WS-PERBAIKAN DAN MAINTENANCE UNIT,PRBKN INSTALASI MESS KARYAWAN,1.5
SUNGAI DANAU,Aug,2026-08-14,661202000000095 013,,,,,,WS-PERBAIKAN DAN MAINTENANCE UNIT,PASANG DUDUKAN AC AGRONOMI,3.0
SUNGAI DANAU,Aug,2026-08-14,641102124200432 165,242-004,242004,TRUCK HINO 136 HDX 242-004,Tus,TR,WS-PERBAIKAN UNIT,242-004 TAMBAL BAN RR LH,1.0
SUNGAI DANAU,Aug,2026-08-14,641102125104232 145,251-042,251042,DUMP TRUCK HINO 130 HD DA 8681 CO 251-042,DT,TR,WS-PERBAIKAN UNIT,251-042 EVAKUASI GNT SEAL KOPLING DI RAY,1.0
SUNGAI DANAU,Aug,2026-08-14,641202130000034 013,311-002,311002,TRAILER MITSUBISHI FV 419P DA 9295 CC 311-002,Trailler,AB,WS-PERBAIKAN DAN MAINTENANCE UNIT,311-002 MOB UNIT COMPACT & GRADER,8.0
SUNGAI DANAU,Aug,2026-08-14,641102125103832 165,251-038,251038,DUMP TRUCK HINO 130 HD DA 8675 CO 251-038,DT,TR,WS-PERBAIKAN UNIT,251-038 GNT BAN SEREP FR LH RH,1.0
SUNGAI DANAU,Aug,2026-08-14,641102125104232 145,251-042,251042,DUMP TRUCK HINO 130 HD DA 8681 CO 251-042,DT,TR,WS-PERBAIKAN UNIT,"251-042 GNT KMPS KPLNG, BIRING RELIS. KN",8.0
SUNGAI DANAU,Aug,2026-08-14,641102127100432 095,271-004,271004,ARM ROLL HINO 130 HD DA 8337 JJ 271-004,Arm Roll,TR,WS-PERBAIKAN UNIT,"271-004 LAS SASIS, DUDUKAN PIN BOOM ARM",6.0
SUNGAI DANAU,Aug,2026-08-14,641102123100532 025,231-005,231005,BUS HINO 130 MDBL DA 8705 CO 231-005,Rental Bus,TR,WS-PERBAIKAN UNIT,231-005 GNT VANBELT AC. CLEAN COMPRESSOR,3.0
SUNGAI DANAU,Aug,2026-08-14,641102125103732 135,251-037,251037,DUMP TRUCK HINO 130 HD DA 8674 CO 251-037,DT,TR,WS-PERBAIKAN UNIT,251-037 GNT AYUNAN PIR FR,1.0
SUNGAI DANAU,Aug,2026-08-14,641102125105232 165,251-052,251052,DUMP TRUCK HINO 130 HD DA 8013 CZ 251-052,DT,TR,WS-PERBAIKAN UNIT,251-052 GNT BAN FR LH,1.0
SUNGAI DANAU,Aug,2026-08-14,641102125104832 165,251-048,251048,DUMP TRUCK HINO 130 HD DA 8921 CV 251-048,DT,TR,WS-PERBAIKAN UNIT,251-048 RAKIT BAN SEREP DI ABC,2.0
SUNGAI DANAU,Aug,2026-08-15,641202120000031 052,,,,,,WS-PERBAIKAN DAN MAINTENANCE UNIT,KERJA BAKTI AREA WORKSHOP,3.0
SUNGAI DANAU,Aug,2026-08-15,641102127100432 095,271-004,271004,ARM ROLL HINO 130 HD DA 8337 JJ 271-004,Arm Roll,TR,WS-PERBAIKAN UNIT,"271-004 PRBKN SASIS BAK AMROLL, ATAS PAT",5.0
SUNGAI DANAU,Aug,2026-08-15,641102125104432 135,251-044,251044,DUMP TRUCK HINO 130HD DA 8571 CP 251-044,DT,TR,WS-PERBAIKAN UNIT,251-044 GNT HANGER RR LH + KARET HANGER,2.0
SUNGAI DANAU,Aug,2026-08-15,641202120000034 012,221-001,,,,,WS-PERBAIKAN UNIT,221-001 PRBKN ENGINE,2.0
SUNGAI DANAU,Aug,2026-08-15,661202000000095 013,,,,,,WS-PERBAIKAN DAN MAINTENANCE UNIT,MONITORING BANGUNAN WALET AFD IT,2.0
SUNGAI DANAU,Aug,2026-08-15,661202000000095 013,,,,,,WS-PERBAIKAN DAN MAINTENANCE UNIT,MONITORING BANGUNAN WALET AFD I,2.0
SUNGAI DANAU,Aug,2026-08-15,641102126200532 135,262-005,262005,TRUCK TANGKI HINO FG235 DA 8170 CR 262-005,Truk Tangki,TR,WS-PERBAIKAN UNIT,262-005 GNT SPG RR RH + CENTERBOLT,2.0
SUNGAI DANAU,Aug,2026-08-15,641102127100432 095,271-004,271004,ARM ROLL HINO 130 HD DA 8337 JJ 271-004,Arm Roll,TR,WS-PERBAIKAN UNIT,271-004 LANJUT GANTI DUDUKAN PIN BOOM AR,4.0
SUNGAI DANAU,Aug,2026-08-15,641102126200532 135,262-005,262005,TRUCK TANGKI HINO FG235 DA 8170 CR 262-005,Truk Tangki,TR,WS-PERBAIKAN UNIT,262-005 GNT SPG RR RH,2.0
SUNGAI DANAU,Aug,2026-08-15,661202000000095 013,,,,,,WS-PERBAIKAN DAN MAINTENANCE UNIT,PASANG AC AGRONOMI,3.0
SUNGAI DANAU,Aug,2026-08-15,641102125105531 075,251-055,251055,DUMP TRUCK HINO 130 HD DA 8015 CZ 251-055,DT,TR,WS-PERBAIKAN UNIT,251-055 SERVICE GANTI OLI B,2.0
SUNGAI DANAU,Aug,2026-08-15,641102125105132 165,251-051,251051,DUMP TRUCK HINO 130 HD DA 8012 CZ 251-051,DT,TR,WS-PERBAIKAN UNIT,251-051 GNT BAN RIMBA BARU 2 PC,2.0
SUNGAI DANAU,Aug,2026-08-15,641102123100432 095,231-004,231004,BUS HINO 130 MDBL DA 7445 CD 231-004,Rental Bus,TR,WS-PERBAIKAN UNIT,231-004 PRBKN PINTU & GNT VBELT AC,2.0
SUNGAI DANAU,Aug,2026-08-15,641102125105732 165,251-057,251057,DUMP TRUCK HINO 130 HD 25-86 251-057,DT,TR,WS-PERBAIKAN UNIT,251-057 GNT BAN RIMBA BARU 2 PC,2.0
SUNGAI DANAU,Aug,2026-08-15,641102125103532 095,251-035,251035,DUMP TRUCK HINO 130 HD DA 8207 CF 251-035,DT,TR,WS-PERBAIKAN UNIT,251-035 GNT LOCK PINTU KABIN LH,1.0
SUNGAI DANAU,Aug,2026-08-16,641102125106032 045,251-060,251060,DUMP TRUCK HINO 130HD DA 8476 JJ 251-060,DT,TR,WS-PERBAIKAN UNIT,"251-060 PRBKN REM BOCOR RR LH, GNT HM",2.0
SUNGAI DANAU,Aug,2026-08-16,641102125104032 135,251-040,251040,DUMP TRUCK HINO 130 HD DA 8679 CO 251-040,DT,TR,WS-PERBAIKAN UNIT,"251-040 GNT AYUNAN SPG FR RH, BUSHING, H",4.0
SUNGAI DANAU,Aug,2026-08-16,661202000000095 013,,,,,,WS-PERBAIKAN DAN MAINTENANCE UNIT,MONITORING BANGUNAN WALET AFD 1,2.0
SUNGAI DANAU,Aug,2026-08-16,641102123100632 095,231-006,231006,BUS ISUZU NQR 231-006,,TR,WS-PERBAIKAN UNIT,231-006 LEPAS STICKER PARIWISATA,2.0
SUNGAI DANAU,Aug,2026-08-16,641102125105532 045,251-055,251055,DUMP TRUCK HINO 130 HD DA 8015 CZ 251-055,DT,TR,WS-PERBAIKAN UNIT,251-055 PRBKN REM RR LH BOCOR,2.0
SUNGAI DANAU,Aug,2026-08-16,641102125103431 075,251-034,251034,DUMP TRUCK HINO 130 HD DA 8206 CF 251-034,DT,TR,WS-PERBAIKAN UNIT,"251-034 SERVICE GANTI OLI D, EXHAUST BRA",3.0
SUNGAI DANAU,Aug,2026-08-16,641102125104031 075,251-040,251040,DUMP TRUCK HINO 130 HD DA 8679 CO 251-040,DT,TR,WS-PERBAIKAN UNIT,251-040 SERVICE GANTI OLI E,1.0
SUNGAI DANAU,Aug,2026-08-16,641102125103432 045,251-034,251034,DUMP TRUCK HINO 130 HD DA 8206 CF 251-034,DT,TR,WS-PERBAIKAN UNIT,251-034 PRBKN REM & LABRANG,4.0
SUNGAI DANAU,Aug,2026-08-16,641202120000031 052,,,,,,WS-PERBAIKAN DAN MAINTENANCE UNIT,AMBIL SPAREPART UNIT 222-010 DI ANGSANAA,1.0
SUNGAI DANAU,Aug,2026-08-16,641102125104132 135,251-041,251041,DUMP TRUCK HINO 130 HD DA 8680 CO 251-041,DT,TR,WS-PERBAIKAN UNIT,251-041 GNT CENTERBOLT RR LH & ELEKTRIK,4.0
SUNGAI DANAU,Aug,2026-08-16,641202120000034 022,222-010,,,,,WS-PERBAIKAN UNIT,222-010 PASANG REGULATOR KACA PINTU,2.0
SUNGAI DANAU,Aug,2026-08-16,641102125105532 135,251-055,251055,DUMP TRUCK HINO 130 HD DA 8015 CZ 251-055,DT,TR,WS-PERBAIKAN UNIT,251-055 GNT CENTERBOLT RR LH,1.0
SUNGAI DANAU,Aug,2026-08-16,641102125106332 125,251-063,251063,DUMPTRUCK 136 HDX 251-063,DT,TR,WS-PERBAIKAN UNIT,251-063 PRBKN LABRANG & BUMPER,3.0
SUNGAI DANAU,Aug,2026-08-16,641102125104632 135,251-046,251046,DUMP TRUCK HINO 130 HD DA 8642 CQ 251-046,DT,TR,WS-PERBAIKAN UNIT,251-046 GNT SPG FR RR,4.0
SUNGAI DANAU,Aug,2026-08-16,641102125103732 045,251-037,251037,DUMP TRUCK HINO 130 HD DA 8674 CO 251-037,DT,TR,WS-PERBAIKAN UNIT,251-037 PRBKN REM RR RH + TIEROD KANAN L,4.0
SUNGAI DANAU,Aug,2026-08-16,641102124200432 075,242-004,242004,TRUCK HINO 136 HDX 242-004,Tus,TR,WS-PERBAIKAN UNIT,242-004 PRBKN RUMAHAN FILTER,2.0
SUNGAI DANAU,Aug,2026-08-16,641102124200532 075,242-005,242005,TRUCK HINO 136 HDX 242-005,Tus,TR,WS-PERBAIKAN UNIT,242-005 PRBKN FILTER UDARA PECAH,2.0
SUNGAI DANAU,Aug,2026-08-18,641102125104832 165,251-048,251048,DUMP TRUCK HINO 130 HD DA 8921 CV 251-048,DT,TR,WS-PERBAIKAN UNIT,251-048 TAMBAL BAN FR RH,1.0
SUNGAI DANAU,Aug,2026-08-18,661202000000095 013,,,,,,WS-PERBAIKAN DAN MAINTENANCE UNIT,PERAWATAN WALET,10.0
SUNGAI DANAU,Aug,2026-08-18,641202120000034 012,221-001,,,,,WS-PERBAIKAN UNIT,221-001 PRBKN ENGINE + REM,4.0
SUNGAI DANAU,Aug,2026-08-18,641102126200532 095,262-005,262005,TRUCK TANGKI HINO FG235 DA 8170 CR 262-005,Truk Tangki,TR,WS-PERBAIKAN UNIT,262-005 PSNG/RAKIT SEPARATOR EXTRA,2.0
SUNGAI DANAU,Aug,2026-08-18,641102123100332 095,231-003,231003,BUS ISUZU MINI BUS F 7120 AB/DA 7026 TAJ 231-003,Rental Bus,TR,WS-PERBAIKAN UNIT,231-003 PRBKN PINTU SAMPING KANAN,12.0
SUNGAI DANAU,Aug,2026-08-18,641102125103932 045,251-039,251039,DUMP TRUCK HINO 130 HD DA 8678 CO 251-039,DT,TR,WS-PERBAIKAN UNIT,251-039 PRBKN REM FR RH,2.0
SUNGAI DANAU,Aug,2026-08-18,641102125105432 135,251-054,251054,DUMP TRUCK HINO 130 HD DA 8016 CZ 251-054,DT,TR,WS-PERBAIKAN UNIT,251-054 GNT SPG FR RH RR LH,3.0
SUNGAI DANAU,Aug,2026-08-18,641202130000034 013,311-002,311002,TRAILER MITSUBISHI FV 419P DA 9295 CC 311-002,Trailler,AB,WS-PERBAIKAN DAN MAINTENANCE UNIT,311-002 EMOBILISASI EXCA,4.0
SUNGAI DANAU,Aug,2026-08-18,641102125105232 125,251-052,251052,DUMP TRUCK HINO 130 HD DA 8013 CZ 251-052,DT,TR,WS-PERBAIKAN UNIT,251-052 EVAKUASI PRBKN TIEROD RH,2.0
SUNGAI DANAU,Aug,2026-08-18,641102125105432 135,251-054,251054,DUMP TRUCK HINO 130 HD DA 8016 CZ 251-054,DT,TR,WS-PERBAIKAN UNIT,251-054 GNT SPRING FR RR,2.0
SUNGAI DANAU,Aug,2026-08-18,641202120000034 012,221-001,,,,,WS-PERBAIKAN UNIT,221-001 LANJUT PRBKN ENGINE,3.0
SUNGAI DANAU,Aug,2026-08-18,641202120000034 012,221-001,,,,,WS-PERBAIKAN UNIT,221-001 PRBKN HOSE REM BUNTU,2.0
SUNGAI DANAU,Aug,2026-08-18,641102123100332 095,231-003,231003,BUS ISUZU MINI BUS F 7120 AB/DA 7026 TAJ 231-003,Rental Bus,TR,WS-PERBAIKAN UNIT,231-003 PRBKN BODY DEPAN BUS,9.0
SUNGAI DANAU,Aug,2026-08-18,641202120000034 032,,,,,,WS-PERBAIKAN DAN MAINTENANCE UNIT,PRBKN IMPACT,3.0
SUNGAI DANAU,Aug,2026-08-18,641102125104732 075,251-047,251047,DUMP TRUCK HINO 130 HD DA 8923 CV 251-047,DT,TR,WS-PERBAIKAN UNIT,"251-047 PRBKN RADIATOR, GNT DUDUKAN KIPA",2.0
SUNGAI DANAU,Aug,2026-08-18,641102127100132 165,271-001,271001,ARM ROLL HINO 130 HD DA 8590 CQ 271-001,Arm Roll,TR,WS-PERBAIKAN UNIT,271-001 EVAKUASI BAN DI TIKUNGAN GEREJA,1.0
SUNGAI DANAU,Aug,2026-08-18,641202120000034 012,261-007,261007,TRUCK TANGKI HINO 130 HD DA 9526 CI/DA 8013 CM 261-007,Truk Tangki,TR,WS-PERBAIKAN UNIT,261-007 TAMBAL BAN RR RH,1.0
SUNGAI DANAU,Aug,2026-08-18,641102125105332 165,251-053,251053,DUMP TRUCK HINO 130 HD DA 8014 CZ 251-053,DT,TR,WS-PERBAIKAN UNIT,251-053 EVAKUAI DI FFD BOCOR BAN RR RH,4.0
SUNGAI DANAU,Aug,2026-08-19,641102123100332 095,231-003,231003,BUS ISUZU MINI BUS F 7120 AB/DA 7026 TAJ 231-003,Rental Bus,TR,WS-PERBAIKAN UNIT,231-003 DEMPUL BODY BIS,2.0
SUNGAI DANAU,Aug,2026-08-19,641102125106432 045,251-064,251064,DUMPTRUCK HINO 136 HDX 251-064,DT,TR,WS-PERBAIKAN UNIT,251-064 STEL REM FR RR,1.0
SUNGAI DANAU,Aug,2026-08-19,641102123100332 065,231-003,231003,BUS ISUZU MINI BUS F 7120 AB/DA 7026 TAJ 231-003,Rental Bus,TR,WS-PERBAIKAN UNIT,231-003 PRBKN LAMPU PECAH,4.0
SUNGAI DANAU,Aug,2026-08-19,661202000000095 013,,,,,,WS-PERBAIKAN DAN MAINTENANCE UNIT,PERAWATAN WALET,5.0
SUNGAI DANAU,Aug,2026-08-19,641102123100332 095,231-003,231003,BUS ISUZU MINI BUS F 7120 AB/DA 7026 TAJ 231-003,Rental Bus,TR,WS-PERBAIKAN UNIT,231-003 PRBKN PINTU FR RH & RAKIT BODY,4.0
SUNGAI DANAU,Aug,2026-08-19,641102125105332 165,251-053,251053,DUMP TRUCK HINO 130 HD DA 8014 CZ 251-053,DT,TR,WS-PERBAIKAN UNIT,251-053 TAMBAL BAN RR LH,1.0
SUNGAI DANAU,Aug,2026-08-19,641202120000034 012,221-001,,,,,WS-PERBAIKAN UNIT,221-001 PRBKN REM,4.0
SUNGAI DANAU,Aug,2026-08-19,641202120000031 052,,,,,,WS-PERBAIKAN DAN MAINTENANCE UNIT,KERJA BAKTI,1.0
SUNGAI DANAU,Aug,2026-08-19,641102126101332 145,261-013,261013,TRUCK TANGKI HINO 130 HD DA 8597 CN 261-013,Truk Tangki,TR,WS-PERBAIKAN UNIT,261-013 STEL KOPLING,1.0
SUNGAI DANAU,Aug,2026-08-19,641102125106031 075,251-060,251060,DUMP TRUCK HINO 130HD DA 8476 JJ 251-060,DT,TR,WS-PERBAIKAN UNIT,251-060 SERVICE GANTI OLI A,1.0
SUNGAI DANAU,Aug,2026-08-19,641102126200832 165,262-008,262008,TRUCK TANGKI HINO FG 235 DA 8343 JD 262-008,Truk Tangki,TR,WS-PERBAIKAN UNIT,"262-008  TAMBAH ANGIN, KENCANGKAN BAUT R",1.0
SUNGAI DANAU,Aug,2026-08-19,641102125105732 165,251-057,251057,DUMP TRUCK HINO 130 HD 25-86 251-057,DT,TR,WS-PERBAIKAN UNIT,251-057 EVAKUASI BAN RR LH DI PKS,1.0
SUNGAI DANAU,Aug,2026-08-19,641102126200332 075,262-003,262003,TRUCK TANGKI HINO 130 HD DA 8569 CP 262-003,Truk Tangki,TR,WS-PERBAIKAN UNIT,"262-003 PSNG FILTR FUEL, PRBKN NUT MANHO",4.0
SUNGAI DANAU,Aug,2026-08-19,641102127100132 115,271-001,271001,ARM ROLL HINO 130 HD DA 8590 CQ 271-001,Arm Roll,TR,WS-PERBAIKAN UNIT,271-001 BONGKAR SEAL ROD,2.0
SUNGAI DANAU,Aug,2026-08-19,641102125105232 165,251-052,251052,DUMP TRUCK HINO 130 HD DA 8013 CZ 251-052,DT,TR,WS-PERBAIKAN UNIT,251-052 GNT BAN SEREO RR LH DALAM,2.0
SUNGAI DANAU,Aug,2026-08-19,641102125106331 075,251-063,251063,DUMPTRUCK 136 HDX 251-063,DT,TR,WS-PERBAIKAN UNIT,251-063 SERVICE GNT OLI A + TAMBAL BAN,1.0
SUNGAI DANAU,Aug,2026-08-19,641102123100332 065,231-003,231003,BUS ISUZU MINI BUS F 7120 AB/DA 7026 TAJ 231-003,Rental Bus,TR,WS-PERBAIKAN UNIT,231-003 LANJUT PRBKN LAMPU PECAH,3.0
SUNGAI DANAU,Aug,2026-08-19,641102127100132 095,271-001,271001,ARM ROLL HINO 130 HD DA 8590 CQ 271-001,Arm Roll,TR,WS-PERBAIKAN UNIT,"271-001 LAS SLEBOR, SASI, PRBKN SEAL HYD",2.0
SUNGAI DANAU,Aug,2026-08-19,641102123100332 095,231-003,231003,BUS ISUZU MINI BUS F 7120 AB/DA 7026 TAJ 231-003,Rental Bus,TR,WS-PERBAIKAN UNIT,231-003 DEMPUL BODY BIS,9.0
SUNGAI DANAU,Aug,2026-08-19,641102127100132 165,271-001,271001,ARM ROLL HINO 130 HD DA 8590 CQ 271-001,Arm Roll,TR,WS-PERBAIKAN UNIT,"271-001 GNT BAN, BONGKAR SILINDER HEAD",3.0
SUNGAI DANAU,Aug,2026-08-19,661202000000095 013,,,,,,WS-PERBAIKAN DAN MAINTENANCE UNIT,PERAWATAN WALET,3.0
SUNGAI DANAU,Aug,2026-08-19,641102123100332 095,231-003,231003,BUS ISUZU MINI BUS F 7120 AB/DA 7026 TAJ 231-003,Rental Bus,TR,WS-PERBAIKAN UNIT,231-003 PRBKN PINTU FR RH & RAKIT BODY,3.0
SUNGAI DANAU,Aug,2026-08-19,641102126200632 065,262-006,262006,TRUCK TANGKI HINO FG 235 DA 8171 CR 262-006,Truk Tangki,TR,WS-PERBAIKAN UNIT,262-006 EVAKUASI AKI PECAH DI PELABUHAB,3.0
SUNGAI DANAU,Aug,2026-08-19,641102126101332 075,261-013,261013,TRUCK TANGKI HINO 130 HD DA 8597 CN 261-013,Truk Tangki,TR,WS-PERBAIKAN UNIT,261-013 PRBKN KLAM HOSE TURBO LEPAS,1.0
SUNGAI DANAU,Aug,2026-08-19,641102126101432 165,261-014,261014,TRUCK TANGKI HINO 130 HD DA 8598 CN 261-014,Truk Tangki,TR,WS-PERBAIKAN UNIT,261-014 GNT BAN RR RH,2.0
SUNGAI DANAU,Aug,2026-08-19,661202000000095 013,,,,,,WS-PERBAIKAN DAN MAINTENANCE UNIT,LANJUT AC AGRONOMI,4.0
SUNGAI DANAU,Aug,2026-08-19,641102126200432 095,262-004,262004,TRUCK TANGKI HINO 130 HD DA 8567 CP 262-004,Truk Tangki,TR,WS-PERBAIKAN UNIT,262-004 PRBKN MANHOLE ATAS TANGKI CPO,6.0
SUNGAI DANAU,Aug,2026-08-19,661202000000099 300,,,,,,WS-PERBAIKAN DAN MAINTENANCE UNIT,DA 8454 CN EVAKUASI BAN FR RH DI FFD,2.0
SUNGAI DANAU,Aug,2026-08-20,641202120000034 012,221-001,,,,,WS-PERBAIKAN UNIT,"221-001 GNT NOZZLE, CHECK ENGINE",4.0
SUNGAI DANAU,Aug,2026-08-20,661202000000095 013,,,,,,WS-PERBAIKAN DAN MAINTENANCE UNIT,PERAWATAN WALET,5.0
SUNGAI DANAU,Aug,2026-08-20,641202120000031 052,,,,,,WS-PERBAIKAN DAN MAINTENANCE UNIT,KERJA BAKTI,3.0
SUNGAI DANAU,Aug,2026-08-20,641102123100332 095,231-003,231003,BUS ISUZU MINI BUS F 7120 AB/DA 7026 TAJ 231-003,Rental Bus,TR,WS-PERBAIKAN UNIT,231-003 DEMPUL BODY BIS,12.0
SUNGAI DANAU,Aug,2026-08-20,641102125105332 165,251-053,251053,DUMP TRUCK HINO 130 HD DA 8014 CZ 251-053,DT,TR,WS-PERBAIKAN UNIT,"251-053 TAMBAL BAN, KENCANGKAN BAUT RODA",2.0
SUNGAI DANAU,Aug,2026-08-20,661202000000099 760,,,,,,WS-PERBAIKAN DAN MAINTENANCE UNIT,DA 8360 JA PRBKN KLAM TANGKI SOLAR,2.0
SUNGAI DANAU,Aug,2026-08-20,641102125104232 165,251-042,251042,DUMP TRUCK HINO 130 HD DA 8681 CO 251-042,DT,TR,WS-PERBAIKAN UNIT,251-042 TAMBAL BAN RR RH,1.0
SUNGAI DANAU,Aug,2026-08-20,641102125104831 075,251-048,251048,DUMP TRUCK HINO 130 HD DA 8921 CV 251-048,DT,TR,WS-PERBAIKAN UNIT,"251-048 SERVICE GNT OLI E, SHOCK, VBELT",2.0
SUNGAI DANAU,Aug,2026-08-20,641102125104132 165,251-041,251041,DUMP TRUCK HINO 130 HD DA 8680 CO 251-041,DT,TR,WS-PERBAIKAN UNIT,251-041 RAKIT BAN RIMBA BARU 2,1.0
SUNGAI DANAU,Aug,2026-08-20,641202120000034 012,221-001,,,,,WS-PERBAIKAN UNIT,221-001 PRBKN NOZZLE,1.0
SUNGAI DANAU,Aug,2026-08-20,641102123100332 095,231-003,231003,BUS ISUZU MINI BUS F 7120 AB/DA 7026 TAJ 231-003,Rental Bus,TR,WS-PERBAIKAN UNIT,231-003 DEMPUL BODY BIS,8.0
SUNGAI DANAU,Aug,2026-08-20,661202000000095 013,,,,,,WS-PERBAIKAN DAN MAINTENANCE UNIT,DA 9479 TAH SERVICE GNT OLI B,2.0
SUNGAI DANAU,Aug,2026-08-20,641102127100432 095,271-004,271004,ARM ROLL HINO 130 HD DA 8337 JJ 271-004,Arm Roll,TR,WS-PERBAIKAN UNIT,271-004 LAS SASIS ARMROLL,3.0
SUNGAI DANAU,Aug,2026-08-20,661202000000095 013,,,,,,WS-PERBAIKAN DAN MAINTENANCE UNIT,PERAWATAN WALET,4.0
SUNGAI DANAU,Aug,2026-08-20,641102125103832 165,251-038,251038,DUMP TRUCK HINO 130 HD DA 8675 CO 251-038,DT,TR,WS-PERBAIKAN UNIT,251-038 GNT BAN SEREP RR RH DI FFD,6.0
SUNGAI DANAU,Aug,2026-08-20,641102127100332 115,271-003,271003,ARM ROLL HINO 130 HD DA 8508 JG 271-003,Arm Roll,TR,WS-PERBAIKAN UNIT,271-003 GNT SEAL ROD ARM,2.0
SUNGAI DANAU,Aug,2026-08-20,641102125103832 085,251-038,251038,DUMP TRUCK HINO 130 HD DA 8675 CO 251-038,DT,TR,WS-PERBAIKAN UNIT,251-038 EVAKUASI PATAH AS PENDEK DI NURS,6.0
SUNGAI DANAU,Aug,2026-08-20,641102126101432 165,261-014,261014,TRUCK TANGKI HINO 130 HD DA 8598 CN 261-014,Truk Tangki,TR,WS-PERBAIKAN UNIT,261-014 GNT BIRING RODA FR,4.0
SUNGAI DANAU,Aug,2026-08-20,641102126200432 065,262-004,262004,TRUCK TANGKI HINO 130 HD DA 8567 CP 262-004,Truk Tangki,TR,WS-PERBAIKAN UNIT,262-004 EVAKUASI ELEKTRIK STATER,2.0
SUNGAI DANAU,Aug,2026-08-20,641102126200832 165,262-008,262008,TRUCK TANGKI HINO FG 235 DA 8343 JD 262-008,Truk Tangki,TR,WS-PERBAIKAN UNIT,262-008 GNT BAN RR RH BOCOR,4.0
SUNGAI DANAU,Aug,2026-08-21,641102127100132 115,271-001,271001,ARM ROLL HINO 130 HD DA 8590 CQ 271-001,Arm Roll,TR,WS-PERBAIKAN UNIT,271-001 PASANG SEAL BOOM ARM,6.0
SUNGAI DANAU,Aug,2026-08-21,661202000000095 023,,,,,,WS-PERBAIKAN DAN MAINTENANCE UNIT,DA 8119 JE BIKIN DUDUKAN LAMPU,2.0
SUNGAI DANAU,Aug,2026-08-21,641102125104132 165,251-041,251041,DUMP TRUCK HINO 130 HD DA 8680 CO 251-041,DT,TR,WS-PERBAIKAN UNIT,251-041 PASANG BAN BARU RR 2,1.0
SUNGAI DANAU,Aug,2026-08-21,661202000000095 012,,,,,,WS-PERBAIKAN DAN MAINTENANCE UNIT,PERAWATAN WALET,3.0
SUNGAI DANAU,Aug,2026-08-21,641102123100332 095,231-003,231003,BUS ISUZU MINI BUS F 7120 AB/DA 7026 TAJ 231-003,Rental Bus,TR,WS-PERBAIKAN UNIT,231-003 PRBKN DEMPUL BODY BUS,10.0
SUNGAI DANAU,Aug,2026-08-21,641102126200432 065,262-004,262004,TRUCK TANGKI HINO 130 HD DA 8567 CP 262-004,Truk Tangki,TR,WS-PERBAIKAN UNIT,262-004 CEK ACCU,1.0
SUNGAI DANAU,Aug,2026-08-21,641102125103832 165,251-038,251038,DUMP TRUCK HINO 130 HD DA 8675 CO 251-038,DT,TR,WS-PERBAIKAN UNIT,251-038 GNT BAN SEREP RR LH,1.0
SUNGAI DANAU,Aug,2026-08-21,641102125105532 095,251-055,251055,DUMP TRUCK HINO 130 HD DA 8015 CZ 251-055,DT,TR,WS-PERBAIKAN UNIT,251-055 GNT TALI PTO,2.0
SUNGAI DANAU,Aug,2026-08-21,641102125103732 065,251-037,251037,DUMP TRUCK HINO 130 HD DA 8674 CO 251-037,DT,TR,WS-PERBAIKAN UNIT,251-037 PSNG GPS,1.0
SUNGAI DANAU,Aug,2026-08-21,661202000000095 013,,,,,,WS-PERBAIKAN DAN MAINTENANCE UNIT,"DA 8116 JE GNT FILTER, PRBKN LOCK",2.0
SUNGAI DANAU,Aug,2026-08-21,641102126101432 165,261-014,261014,TRUCK TANGKI HINO 130 HD DA 8598 CN 261-014,Truk Tangki,TR,WS-PERBAIKAN UNIT,261-014 GNT BIRING FR LH + SEAL RODA,1.0
SUNGAI DANAU,Aug,2026-08-21,641102127100132 165,271-001,271001,ARM ROLL HINO 130 HD DA 8590 CQ 271-001,Arm Roll,TR,WS-PERBAIKAN UNIT,271-001 RAKIT BAN KOTA BARU,1.0
SUNGAI DANAU,Aug,2026-08-21,641102126201031 075,262-010,262010,TRUCK TANGKI HINO FM 260 DA 8112 JI 262-010,Truk Tangki,TR,WS-PERBAIKAN UNIT,"262-010 SERVICE GNT OLI A, CK BAUT RODA",1.0
SUNGAI DANAU,Aug,2026-08-21,661202000000095 013,,,,,,WS-PERBAIKAN DAN MAINTENANCE UNIT,DA 8116 JE GNT KAMPAS REM RR RH LH,3.0
SUNGAI DANAU,Aug,2026-08-21,641102127100132 115,271-001,271001,ARM ROLL HINO 130 HD DA 8590 CQ 271-001,Arm Roll,TR,WS-PERBAIKAN UNIT,271-001 LANJUT PSNG SEAL ROD LOCK ARMROL,8.0
SUNGAI DANAU,Aug,2026-08-21,641102126200832 165,262-008,262008,TRUCK TANGKI HINO FG 235 DA 8343 JD 262-008,Truk Tangki,TR,WS-PERBAIKAN UNIT,"262-008 BONGKAR BAN BOCOR,",1.0
SUNGAI DANAU,Aug,2026-08-21,661202000000095 012,,,,,,WS-PERBAIKAN DAN MAINTENANCE UNIT,PRBKN INSTALASI MESS KARYAWAN,2.5
SUNGAI DANAU,Aug,2026-08-21,641102123100332 095,231-003,231003,BUS ISUZU MINI BUS F 7120 AB/DA 7026 TAJ 231-003,Rental Bus,TR,WS-PERBAIKAN UNIT,"231-003 LANJUT DEMPUL BODY, CUCI UNIT BU",8.0
SUNGAI DANAU,Aug,2026-08-21,641202120000031 052,,,,,,WS-PERBAIKAN DAN MAINTENANCE UNIT,PRBKN PONDASI KOMPRESOR,1.0
SUNGAI DANAU,Aug,2026-08-21,641102126200832 165,262-008,262008,TRUCK TANGKI HINO FG 235 DA 8343 JD 262-008,Truk Tangki,TR,WS-PERBAIKAN UNIT,262-008 STORI ANTAR BAN 1100 DI POS 1,1.0
SUNGAI DANAU,Aug,2026-08-21,641202120000031 052,,,,,,WS-PERBAIKAN DAN MAINTENANCE UNIT,RAKIT BAN SEREP,1.0
SUNGAI DANAU,Aug,2026-08-21,641102126200432 065,262-004,262004,TRUCK TANGKI HINO 130 HD DA 8567 CP 262-004,Truk Tangki,TR,WS-PERBAIKAN UNIT,262-004 GNT ACCU BARU,2.0
SUNGAI DANAU,Aug,2026-08-21,641102123100132 165,231-001,231001,BUS HINO 130 MDBL DA 9577 CL/ DA 7219 CD 231-001,Rental Bus,TR,WS-PERBAIKAN UNIT,231-001 GNT BAN RR RH,2.0
SUNGAI DANAU,Aug,2026-08-22,641202120000031 052,,,,,,WS-PERBAIKAN DAN MAINTENANCE UNIT,KERJA BAKTI,1.0
SUNGAI DANAU,Aug,2026-08-22,641102125103432 045,251-034,251034,DUMP TRUCK HINO 130 HD DA 8206 CF 251-034,DT,TR,WS-PERBAIKAN UNIT,"251-034 PRBKN REM, GNT SEAL, KAMPAS REM",7.0
SUNGAI DANAU,Aug,2026-08-22,641102127100132 165,271-001,271001,ARM ROLL HINO 130 HD DA 8590 CQ 271-001,Arm Roll,TR,WS-PERBAIKAN UNIT,271-001 PSNG BAN KOTA BARU,2.0
SUNGAI DANAU,Aug,2026-08-22,641102123100332 095,231-003,231003,BUS ISUZU MINI BUS F 7120 AB/DA 7026 TAJ 231-003,Rental Bus,TR,WS-PERBAIKAN UNIT,231-003 EPOXI CAT BUS,3.0
SUNGAI DANAU,Aug,2026-08-22,641102123100332 095,231-003,231003,BUS ISUZU MINI BUS F 7120 AB/DA 7026 TAJ 231-003,Rental Bus,TR,WS-PERBAIKAN UNIT,231-003 PSNG KORAN TUTUP KACA & CAT EPOX,18.0
SUNGAI DANAU,Aug,2026-08-22,641102123100632 095,231-006,231006,BUS ISUZU NQR 231-006,,TR,WS-PERBAIKAN UNIT,"231-006 DEMPUL BODY, PASANG SKOTLET",2.0
SUNGAI DANAU,Aug,2026-08-22,661202000000095 013,,,,,,WS-PERBAIKAN DAN MAINTENANCE UNIT,MONITORING BANGUNAN WALET AFD I,2.0
SUNGAI DANAU,Aug,2026-08-22,641202120000031 052,,,,,,WS-PERBAIKAN DAN MAINTENANCE UNIT,AMBIL BAN DI PINANG 8 BIJI,2.0
SUNGAI DANAU,Aug,2026-08-22,641102123100532 025,231-005,231005,BUS HINO 130 MDBL DA 8705 CO 231-005,Rental Bus,TR,WS-PERBAIKAN UNIT,231-005 GNT TENSIONER AC,3.0
SUNGAI DANAU,Aug,2026-08-22,641102125104432 165,251-044,251044,DUMP TRUCK HINO 130HD DA 8571 CP 251-044,DT,TR,WS-PERBAIKAN UNIT,251-044 GNT BAN SEREP RR LH,3.0
SUNGAI DANAU,Aug,2026-08-23,641102123100332 095,231-003,231003,BUS ISUZU MINI BUS F 7120 AB/DA 7026 TAJ 231-003,Rental Bus,TR,WS-PERBAIKAN UNIT,"231-003 PRBN BODY BUS RR ATAS KACA, CAT",4.0
SUNGAI DANAU,Aug,2026-08-23,641102125103432 125,251-034,251034,DUMP TRUCK HINO 130 HD DA 8206 CF 251-034,DT,TR,WS-PERBAIKAN UNIT,"251-034 GNT KINGPIN RH LH, SIL REM, BIRI",8.0
SUNGAI DANAU,Aug,2026-08-23,641102123100432 025,231-004,231004,BUS HINO 130 MDBL DA 7445 CD 231-004,Rental Bus,TR,WS-PERBAIKAN UNIT,231-004 BERSIHKAN EVAPORATOR AC,3.0
SUNGAI DANAU,Aug,2026-08-23,661202000000095 013,,,,,,WS-PERBAIKAN DAN MAINTENANCE UNIT,MONITORING BANGUNAN WALET  AFD I,2.0
SUNGAI DANAU,Aug,2026-08-23,641102125103432 125,251-034,251034,DUMP TRUCK HINO 130 HD DA 8206 CF 251-034,DT,TR,WS-PERBAIKAN UNIT,"251-034 GNT KINGPIN RH LH, SIL REM, BIRI",8.0
SUNGAI DANAU,Aug,2026-08-23,641102126200631 075,262-006,262006,TRUCK TANGKI HINO FG 235 DA 8171 CR 262-006,Truk Tangki,TR,WS-PERBAIKAN UNIT,262-006 SERVICE GNT OLI D,2.0
SUNGAI DANAU,Aug,2026-08-23,661202000000095 033,,,,,,WS-PERBAIKAN DAN MAINTENANCE UNIT,DA 8987 CL PRBKN ELEKTRIK LAMPU & RITING,2.0
SUNGAI DANAU,Aug,2026-08-23,641102125103832 085,251-038,251038,DUMP TRUCK HINO 130 HD DA 8675 CO 251-038,DT,TR,WS-PERBAIKAN UNIT,251-038 BONGKAR GARDAN,2.0
SUNGAI DANAU,Aug,2026-08-23,641102125103832 085,251-038,251038,DUMP TRUCK HINO 130 HD DA 8675 CO 251-038,DT,TR,WS-PERBAIKAN UNIT,"251-038 PRBKN GARDAN, GNT KINGPIN RH & W",6.0
SUNGAI DANAU,Aug,2026-08-23,661202000000095 013,,,,,,WS-PERBAIKAN DAN MAINTENANCE UNIT,DA 8135 CK EVAKUASI UNIT TAKANG,4.0
SUNGAI DANAU,Aug,2026-08-23,641102123100332 095,231-003,231003,BUS ISUZU MINI BUS F 7120 AB/DA 7026 TAJ 231-003,Rental Bus,TR,WS-PERBAIKAN UNIT,"231-003 LANJUT CAT BODY, BERSIHKAN KACA",8.0
SUNGAI DANAU,Aug,2026-08-24,641102123100132 135,231-001,231001,BUS HINO 130 MDBL DA 9577 CL/ DA 7219 CD 231-001,Rental Bus,TR,WS-PERBAIKAN UNIT,231-001 GNT PIN SPG RR LH PATAH,4.0
SUNGAI DANAU,Aug,2026-08-24,641102125103732 165,251-037,251037,DUMP TRUCK HINO 130 HD DA 8674 CO 251-037,DT,TR,WS-PERBAIKAN UNIT,251-037 GNT SEAL BOREM & GNT JOINT PTO,2.0
SUNGAI DANAU,Aug,2026-08-24,641102126101332 165,261-013,261013,TRUCK TANGKI HINO 130 HD DA 8597 CN 261-013,Truk Tangki,TR,WS-PERBAIKAN UNIT,261-013 GNT VELG 1,1.0
SUNGAI DANAU,Aug,2026-08-24,641102127100331 075,271-003,271003,ARM ROLL HINO 130 HD DA 8508 JG 271-003,Arm Roll,TR,WS-PERBAIKAN UNIT,271-003 SERVICE GANTI OLI F,3.0
SUNGAI DANAU,Aug,2026-08-24,641102125103732 165,251-037,251037,DUMP TRUCK HINO 130 HD DA 8674 CO 251-037,DT,TR,WS-PERBAIKAN UNIT,251-037 GNT SEAL BOREM & GNT JOINT PTO,4.0
SUNGAI DANAU,Aug,2026-08-24,641102123100332 095,231-003,231003,BUS ISUZU MINI BUS F 7120 AB/DA 7026 TAJ 231-003,Rental Bus,TR,WS-PERBAIKAN UNIT,231-003 PRBKN LOCK PINTU FR RH,2.0
SUNGAI DANAU,Aug,2026-08-24,641102125104432 125,251-044,251044,DUMP TRUCK HINO 130HD DA 8571 CP 251-044,DT,TR,WS-PERBAIKAN UNIT,"251-044 GNT TIEROD RH, GNT SHOCK RH",2.0
SUNGAI DANAU,Aug,2026-08-24,661202000000095 013,,,,,,WS-PERBAIKAN DAN MAINTENANCE UNIT,MONITORING BANGUNAN WALET AFD I,2.0
SUNGAI DANAU,Aug,2026-08-24,641102123100132 135,231-001,231001,BUS HINO 130 MDBL DA 9577 CL/ DA 7219 CD 231-001,Rental Bus,TR,WS-PERBAIKAN UNIT,231-001 GNT PEN SPG RR LH PATAH,1.0
SUNGAI DANAU,Aug,2026-08-24,641102125106432 165,251-064,251064,DUMPTRUCK HINO 136 HDX 251-064,DT,TR,WS-PERBAIKAN UNIT,251-064 GNT BAN KOTA BARU 2,1.0
SUNGAI DANAU,Aug,2026-08-24,661202000000095 023,,,,,,WS-PERBAIKAN DAN MAINTENANCE UNIT,BONGKAR PASANG AC PLASMA BKB,5.0
SUNGAI DANAU,Aug,2026-08-24,641102126200332 135,262-003,262003,TRUCK TANGKI HINO 130 HD DA 8569 CP 262-003,Truk Tangki,TR,WS-PERBAIKAN UNIT,262-003 GNT SPG RR RH,4.0
SUNGAI DANAU,Aug,2026-08-24,641102123100132 165,231-001,231001,BUS HINO 130 MDBL DA 9577 CL/ DA 7219 CD 231-001,Rental Bus,TR,WS-PERBAIKAN UNIT,231-001 GNT BAN RIMBA BARU 2 RR RH,2.0
SUNGAI DANAU,Aug,2026-08-24,641102126200332 135,262-003,262003,TRUCK TANGKI HINO 130 HD DA 8569 CP 262-003,Truk Tangki,TR,WS-PERBAIKAN UNIT,262-003 GNT SPG HLP RR RH,2.0
SUNGAI DANAU,Aug,2026-08-24,661202000000095 053,,,,,,WS-PERBAIKAN DAN MAINTENANCE UNIT,DA 8136 XX BONGKAR MASTER KOPLING ATAS B,2.0
SUNGAI DANAU,Aug,2026-08-24,641102126101432 135,261-014,261014,TRUCK TANGKI HINO 130 HD DA 8598 CN 261-014,Truk Tangki,TR,WS-PERBAIKAN UNIT,261-014 GNT SPG RR RH LH,6.0
SUNGAI DANAU,Aug,2026-08-24,641102125106032 095,251-060,251060,DUMP TRUCK HINO 130HD DA 8476 JJ 251-060,DT,TR,WS-PERBAIKAN UNIT,"251-060 PRBKN LOCK PINTU BAK DUMP, LAS B",2.0
SUNGAI DANAU,Aug,2026-08-24,641102123100332 095,231-003,231003,BUS ISUZU MINI BUS F 7120 AB/DA 7026 TAJ 231-003,Rental Bus,TR,WS-PERBAIKAN UNIT,231-003 PSNG GREDER LOCK PINTU + RAKIT L,1.0
SUNGAI DANAU,Aug,2026-08-24,641202120000034 012,261-007,261007,TRUCK TANGKI HINO 130 HD DA 9526 CI/DA 8013 CM 261-007,Truk Tangki,TR,WS-PERBAIKAN UNIT,261-007 SERVIS REM FR,2.0
SUNGAI DANAU,Aug,2026-08-24,641102126101432 135,261-014,261014,TRUCK TANGKI HINO 130 HD DA 8598 CN 261-014,Truk Tangki,TR,WS-PERBAIKAN UNIT,261-014 GNT CENTERBOLT RR RH LH,2.0
SUNGAI DANAU,Aug,2026-08-24,641102126200332 095,262-003,262003,TRUCK TANGKI HINO 130 HD DA 8569 CP 262-003,Truk Tangki,TR,WS-PERBAIKAN UNIT,262-003 LAS DUDUKAN TANGKI CPO + KENCANG,1.0
SUNGAI DANAU,Aug,2026-08-24,641102125104132 145,251-041,251041,DUMP TRUCK HINO 130 HD DA 8680 CO 251-041,DT,TR,WS-PERBAIKAN UNIT,251-041 GNT KOPLING ATAS,1.0
SUNGAI DANAU,Aug,2026-08-24,641102125104732 165,251-047,251047,DUMP TRUCK HINO 130 HD DA 8923 CV 251-047,DT,TR,WS-PERBAIKAN UNIT,251-047 EVAKUASI BAN RR DI FFD,2.0
SUNGAI DANAU,Aug,2026-08-24,641102125104432 165,251-044,251044,DUMP TRUCK HINO 130HD DA 8571 CP 251-044,DT,TR,WS-PERBAIKAN UNIT,251-044 EVAKUASI BAN BOCOR FR DI FFD,2.0
SUNGAI DANAU,Aug,2026-08-25,661202000000095 013,,,,,,WS-PERBAIKAN DAN MAINTENANCE UNIT,MONITORING BANGUNAN WALET AFD I,2.0
SUNGAI DANAU,Aug,2026-08-25,641102123100332 095,231-003,231003,BUS ISUZU MINI BUS F 7120 AB/DA 7026 TAJ 231-003,Rental Bus,TR,WS-PERBAIKAN UNIT,231-003 PASANG TUTUP KACA UNTUK PERSIAPA,8.0
SUNGAI DANAU,Aug,2026-08-25,641102126101432 095,261-014,261014,TRUCK TANGKI HINO 130 HD DA 8598 CN 261-014,Truk Tangki,TR,WS-PERBAIKAN UNIT,"261-014 GNT BRAKET BUMPER, KLAM KNALPOT,",4.0
SUNGAI DANAU,Aug,2026-08-25,641102125104432 165,251-044,251044,DUMP TRUCK HINO 130HD DA 8571 CP 251-044,DT,TR,WS-PERBAIKAN UNIT,251-044 GNT BAN FR,4.0
SUNGAI DANAU,Aug,2026-08-25,641102126200332 095,262-003,262003,TRUCK TANGKI HINO 130 HD DA 8569 CP 262-003,Truk Tangki,TR,WS-PERBAIKAN UNIT,"262-003 LAS TANGKI BAGIAN DALAM, STEL KO",2.0
SUNGAI DANAU,Aug,2026-08-25,641102123100332 095,231-003,231003,BUS ISUZU MINI BUS F 7120 AB/DA 7026 TAJ 231-003,Rental Bus,TR,WS-PERBAIKAN UNIT,"231-003 CAT FULL BODY BUS, CAT BIRU & CA",14.0
SUNGAI DANAU,Aug,2026-08-25,641102126200932 095,262-009,262009,TRUCK TANGKI HINO FG 235 JK DA 8110 JI 262-009,Truk Tangki,TR,WS-PERBAIKAN UNIT,"262-009 LAS TANGKI CPO, KLAM TANGKI SOLA",4.0
SUNGAI DANAU,Aug,2026-08-25,641102125103432 095,251-034,251034,DUMP TRUCK HINO 130 HD DA 8206 CF 251-034,DT,TR,WS-PERBAIKAN UNIT,"251-034 GNT KNALPOT, GNT BAUT NUT",2.0
SUNGAI DANAU,Aug,2026-08-25,641102126200732 095,262-007,262007,TRUCK TANGKI HINO FG 235 DA 8342 JD 262-007,Truk Tangki,TR,WS-PERBAIKAN UNIT,"262-007 LAS TANGKI, CPO DALAM, GNT SPG,",4.0
SUNGAI DANAU,Aug,2026-08-25,661202000000095 013,,,,,,WS-PERBAIKAN DAN MAINTENANCE UNIT,PRBKN INSTALASI INTI BKB,2.0
SUNGAI DANAU,Aug,2026-08-26,661202000000095 053,,,,,,WS-PERBAIKAN DAN MAINTENANCE UNIT,DA 8136 XX PRBKN SEAL KOPLING ATAS BAWAH,8.0
SUNGAI DANAU,Aug,2026-08-26,641102126200832 095,262-008,262008,TRUCK TANGKI HINO FG 235 DA 8343 JD 262-008,Truk Tangki,TR,WS-PERBAIKAN UNIT,"262-008 LAS TANGKI CPO, STEL REM, BERSIH",5.0
SUNGAI DANAU,Aug,2026-08-26,661202000000095 023,,,,,,WS-PERBAIKAN DAN MAINTENANCE UNIT,PASANG AC PLASMA BKB,7.0
SUNGAI DANAU,Aug,2026-08-26,641102125104531 075,251-045,251045,DUMP TRUCK HINO 130 HD DA 8643 CQ 251-045,DT,TR,WS-PERBAIKAN UNIT,251-045 SERVICE GNTI OLI F,4.0
SUNGAI DANAU,Aug,2026-08-26,641102126200731 165,262-007,262007,TRUCK TANGKI HINO FG 235 DA 8342 JD 262-007,Truk Tangki,TR,WS-PERBAIKAN UNIT,262-007 GNT BAN KOTA BARU 2,2.0
SUNGAI DANAU,Aug,2026-08-26,641102125104432 125,251-044,251044,DUMP TRUCK HINO 130HD DA 8571 CP 251-044,DT,TR,WS-PERBAIKAN UNIT,251-044 BONGKAR AS BALAK,5.0
SUNGAI DANAU,Aug,2026-08-26,641102125103731 165,251-037,251037,DUMP TRUCK HINO 130 HD DA 8674 CO 251-037,DT,TR,WS-PERBAIKAN UNIT,251-037 GNT BAN KOTA BARU 1 KANAN,2.0
SUNGAI DANAU,Aug,2026-08-26,641102127100131 165,271-001,271001,ARM ROLL HINO 130 HD DA 8590 CQ 271-001,Arm Roll,TR,WS-PERBAIKAN UNIT,271-001 GNT BAN KOTA BARU 1 LH,1.0
SUNGAI DANAU,Aug,2026-08-26,641102125104432 125,251-044,251044,DUMP TRUCK HINO 130HD DA 8571 CP 251-044,DT,TR,WS-PERBAIKAN UNIT,251-044 GNT KINGPEN,1.0
SUNGAI DANAU,Aug,2026-08-26,641102127100332 165,271-003,271003,ARM ROLL HINO 130 HD DA 8508 JG 271-003,Arm Roll,TR,WS-PERBAIKAN UNIT,271-003 TAMBAL BAN RH DALAM,1.0
SUNGAI DANAU,Aug,2026-08-26,661202000000095 053,,,,,,WS-PERBAIKAN DAN MAINTENANCE UNIT,DA 8136 XX LANJUT PRBKN PEMADAM PKS,6.0
SUNGAI DANAU,Aug,2026-08-26,641102125103631 075,251-036,251036,DUMP TRUCK HINO 130 HD DA 8209 CF 251-036,DT,TR,WS-PERBAIKAN UNIT,251-036 SERVICE GANTI OLI F,2.0
SUNGAI DANAU,Aug,2026-08-26,641102125104432 125,251-044,251044,DUMP TRUCK HINO 130HD DA 8571 CP 251-044,DT,TR,WS-PERBAIKAN UNIT,251-044 GNATI AS BALAK & GNTI KINGPEN,8.0
SUNGAI DANAU,Aug,2026-08-26,641102131100232 075,311-002,311002,TRAILER MITSUBISHI FV 419P DA 9295 CC 311-002,Trailler,AB,WS-PERBAIKAN UNIT,311-002 CEK ENGINE + RADIATOR,1.0
SUNGAI DANAU,Aug,2026-08-26,641102125104732 165,251-047,251047,DUMP TRUCK HINO 130 HD DA 8923 CV 251-047,DT,TR,WS-PERBAIKAN UNIT,251-047 TAMBAL BAN RR,2.0
SUNGAI DANAU,Aug,2026-08-26,641202130000034 013,311-002,311002,TRAILER MITSUBISHI FV 419P DA 9295 CC 311-002,Trailler,AB,WS-PERBAIKAN DAN MAINTENANCE UNIT,311-002 MOBILISASI EXCA,2.0
SUNGAI DANAU,Aug,2026-08-26,641102126200432 065,262-004,262004,TRUCK TANGKI HINO 130 HD DA 8567 CP 262-004,Truk Tangki,TR,WS-PERBAIKAN UNIT,262-004 EVAKUASI GNT KEPALAH AKI PATAH,1.0
SUNGAI DANAU,Aug,2026-08-26,641102125104732 165,251-047,251047,DUMP TRUCK HINO 130 HD DA 8923 CV 251-047,DT,TR,WS-PERBAIKAN UNIT,251-047 TAMBAL BAN FR RH,1.0
SUNGAI DANAU,Aug,2026-08-26,641102131100232 065,311-002,311002,TRAILER MITSUBISHI FV 419P DA 9295 CC 311-002,Trailler,AB,WS-PERBAIKAN UNIT,311-002 PRBKN LAMPU MATI DI BB2,1.0
SUNGAI DANAU,Aug,2026-08-26,641202130000034 013,311-002,311002,TRAILER MITSUBISHI FV 419P DA 9295 CC 311-002,Trailler,AB,WS-PERBAIKAN DAN MAINTENANCE UNIT,311-002 MOBILISASI COMPACT,3.0
SUNGAI DANAU,Aug,2026-08-27,641102125104231 075,251-042,251042,DUMP TRUCK HINO 130 HD DA 8681 CO 251-042,DT,TR,WS-PERBAIKAN UNIT,251-042 SERVICE GNT OLI,2.0
SUNGAI DANAU,Aug,2026-08-27,661202000000095 053,,,,,,WS-PERBAIKAN DAN MAINTENANCE UNIT,DA 8136 XX PRBKN PEMADAM PKS,8.0
SUNGAI DANAU,Aug,2026-08-27,641102126200732 135,262-007,262007,TRUCK TANGKI HINO FG 235 DA 8342 JD 262-007,Truk Tangki,TR,WS-PERBAIKAN UNIT,262-007 BONGKAR SPG FR,4.0
SUNGAI DANAU,Aug,2026-08-27,641202120000031 052,,,,,,WS-PERBAIKAN DAN MAINTENANCE UNIT,AMBIL BAN KE PINANG,1.0
SUNGAI DANAU,Aug,2026-08-27,641202130000034 013,311-002,311002,TRAILER MITSUBISHI FV 419P DA 9295 CC 311-002,Trailler,AB,WS-PERBAIKAN UNIT,311-002 MOBILISASI DOZER,4.0
SUNGAI DANAU,Aug,2026-08-27,661202000000095 013,,,,,,WS-PERBAIKAN DAN MAINTENANCE UNIT,MONITORING BANGUNAN WALET AFD I,2.0
SUNGAI DANAU,Aug,2026-08-27,641102125104132 135,251-041,251041,DUMP TRUCK HINO 130 HD DA 8680 CO 251-041,DT,TR,WS-PERBAIKAN UNIT,"251-041 GNT CENTERBOLT RR LH, REM",3.0
SUNGAI DANAU,Aug,2026-08-27,641102123100332 015,231-003,231003,BUS ISUZU MINI BUS F 7120 AB/DA 7026 TAJ 231-003,Rental Bus,TR,WS-PERBAIKAN UNIT,231-003 PRBKN AC MATI,1.0
SUNGAI DANAU,Aug,2026-08-27,641102123100132 065,231-001,231001,BUS HINO 130 MDBL DA 9577 CL/ DA 7219 CD 231-001,Rental Bus,TR,WS-PERBAIKAN UNIT,231-001 PRBKN ACCU DI FFD INTI,2.0
SUNGAI DANAU,Aug,2026-08-27,641102127100432 095,271-004,271004,ARM ROLL HINO 130 HD DA 8337 JJ 271-004,Arm Roll,TR,WS-PERBAIKAN UNIT,271-004 PRBKN BAK AMROLL,1.0
SUNGAI DANAU,Aug,2026-08-27,641102125104132 135,251-041,251041,DUMP TRUCK HINO 130 HD DA 8680 CO 251-041,DT,TR,WS-PERBAIKAN UNIT,251-041 GNT CENTERBOLT RR + REM,2.0
SUNGAI DANAU,Aug,2026-08-27,661202000000095 023,,,,,,WS-PERBAIKAN DAN MAINTENANCE UNIT,GANTI SAMBUNGAN AC PLASMA BKB,2.0
SUNGAI DANAU,Aug,2026-08-27,641102125105432 045,251-054,251054,DUMP TRUCK HINO 130 HD DA 8016 CZ 251-054,DT,TR,WS-PERBAIKAN UNIT,251-054 GNT CYLINDER KOPLING ATAS,1.0
SUNGAI DANAU,Aug,2026-08-27,641102127100132 125,271-001,271001,ARM ROLL HINO 130 HD DA 8590 CQ 271-001,Arm Roll,TR,WS-PERBAIKAN UNIT,271-001 PRBKN LABRANG,1.0
SUNGAI DANAU,Aug,2026-08-27,641102126200932 165,262-009,262009,TRUCK TANGKI HINO FG 235 JK DA 8110 JI 262-009,Truk Tangki,TR,WS-PERBAIKAN UNIT,262-009 GNT BAN KOTA BARU 1 FR,1.0
SUNGAI DANAU,Aug,2026-08-27,641102127100132 095,271-001,271001,ARM ROLL HINO 130 HD DA 8590 CQ 271-001,Arm Roll,TR,WS-PERBAIKAN UNIT,271-001 PRBKN ROD DUMP,4.0
SUNGAI DANAU,Aug,2026-08-27,641102131100232 065,311-002,311002,TRAILER MITSUBISHI FV 419P DA 9295 CC 311-002,Trailler,AB,WS-PERBAIKAN UNIT,311-002 GNT DINAMO STAR,2.0
SUNGAI DANAU,Aug,2026-08-27,661202000000095 013,,,,,,WS-PERBAIKAN DAN MAINTENANCE UNIT,PRBKN INSTALASI MESS KARYAWAN INTI BKB,1.5
SUNGAI DANAU,Aug,2026-08-27,641102125104032 165,251-040,251040,DUMP TRUCK HINO 130 HD DA 8679 CO 251-040,DT,TR,WS-PERBAIKAN UNIT,251-040 EVAKUASI GNT BAN,3.0
SUNGAI DANAU,Aug,2026-08-27,641102126200732 135,262-007,262007,TRUCK TANGKI HINO FG 235 DA 8342 JD 262-007,Truk Tangki,TR,WS-PERBAIKAN UNIT,262-007 LANJUTKAN GNT SPG FR,5.0
SUNGAI DANAU,Aug,2026-08-27,641102125106332 165,251-063,251063,DUMPTRUCK 136 HDX 251-063,DT,TR,WS-PERBAIKAN UNIT,251-063 GNT BAN SEREP FR RH & SATUI TIMU,5.0
SUNGAI DANAU,Aug,2026-08-27,641102131100232 065,311-002,311002,TRAILER MITSUBISHI FV 419P DA 9295 CC 311-002,Trailler,AB,WS-PERBAIKAN UNIT,311-002 PRBKN DINAMO STARTER,2.0
SUNGAI DANAU,Aug,2026-08-27,641102123100232 045,231-002,231002,BUS HINO 130 MDBL DA 9592 CL/ DA 7223 CD 231-002,Rental Bus,TR,WS-PERBAIKAN UNIT,231-002 GNT SEAL KOPLING ATAS DI AFD II,2.0
SUNGAI DANAU,Aug,2026-08-27,641202130000034 013,311-002,311002,TRAILER MITSUBISHI FV 419P DA 9295 CC 311-002,Trailler,AB,WS-PERBAIKAN DAN MAINTENANCE UNIT,311-002 LANJUT MOBILISASI DOZER,2.0
SUNGAI DANAU,Aug,2026-08-28,661202000000095 013,,,,,,WS-PERBAIKAN DAN MAINTENANCE UNIT,MONITORING BANGUNAN WALET AFD I,2.0
SUNGAI DANAU,Aug,2026-08-28,641102125103432 045,251-034,251034,DUMP TRUCK HINO 130 HD DA 8206 CF 251-034,DT,TR,WS-PERBAIKAN UNIT,251-034 GNT BOOSTER REM ATAS,7.0
SUNGAI DANAU,Aug,2026-08-28,641102127100132 095,271-001,271001,ARM ROLL HINO 130 HD DA 8590 CQ 271-001,Arm Roll,TR,WS-PERBAIKAN UNIT,271-001 PASANG PIN ARM ARMROLL,3.0
SUNGAI DANAU,Aug,2026-08-28,641102126200832 165,262-008,262008,TRUCK TANGKI HINO FG 235 DA 8343 JD 262-008,Truk Tangki,TR,WS-PERBAIKAN UNIT,262-008 GNT BAN RR LH 2 BARU,4.0
SUNGAI DANAU,Aug,2026-08-28,661202000000095 023,,,,,,WS-PERBAIKAN DAN MAINTENANCE UNIT,DA 1280 TCU TUNE UP,7.0
SUNGAI DANAU,Aug,2026-08-28,661202000000095 013,,,,,,WS-PERBAIKAN DAN MAINTENANCE UNIT,CEK LAMPU PENERANGAN,1.0
SUNGAI DANAU,Aug,2026-08-28,641102125104032 165,251-040,251040,DUMP TRUCK HINO 130 HD DA 8679 CO 251-040,DT,TR,WS-PERBAIKAN UNIT,251-040 GNT BAN FR 2 BARU,4.0
SUNGAI DANAU,Aug,2026-08-28,641102125103532 135,251-035,251035,DUMP TRUCK HINO 130 HD DA 8207 CF 251-035,DT,TR,WS-PERBAIKAN UNIT,251-035 GNT SPRING RR LH,1.0
SUNGAI DANAU,Aug,2026-08-28,641102125105432 165,251-054,251054,DUMP TRUCK HINO 130 HD DA 8016 CZ 251-054,DT,TR,WS-PERBAIKAN UNIT,251-054 GNT BAN FR LH BARU 1,2.0
SUNGAI DANAU,Aug,2026-08-28,641102127100432 165,271-004,271004,ARM ROLL HINO 130 HD DA 8337 JJ 271-004,Arm Roll,TR,WS-PERBAIKAN UNIT,271-004 GNT BAN RR RH,2.0
SUNGAI DANAU,Aug,2026-08-28,661202000000095 053,,,,,,WS-PERBAIKAN DAN MAINTENANCE UNIT,CEK AC VILLA,2.0
SUNGAI DANAU,Aug,2026-08-28,641102125103532 135,251-035,251035,DUMP TRUCK HINO 130 HD DA 8207 CF 251-035,DT,TR,WS-PERBAIKAN UNIT,251-035 GNT PG RR RH LH,3.0
SUNGAI DANAU,Aug,2026-08-28,641102125103532 135,251-035,251035,DUMP TRUCK HINO 130 HD DA 8207 CF 251-035,DT,TR,WS-PERBAIKAN UNIT,"251-035 GNTI SPG RR, SHOCK, LAS SLEBOR R",5.0
SUNGAI DANAU,Aug,2026-08-28,641102126200832 165,262-008,262008,TRUCK TANGKI HINO FG 235 DA 8343 JD 262-008,Truk Tangki,TR,WS-PERBAIKAN UNIT,262-008 PASANG BAN RR RH,1.0
SUNGAI DANAU,Aug,2026-08-28,641202120000034 032,,,,,,WS-PERBAIKAN DAN MAINTENANCE UNIT,RAKIT PIPA KOMPRESSOR,2.0
SUNGAI DANAU,Aug,2026-08-28,641102125106432 165,251-064,251064,DUMPTRUCK HINO 136 HDX 251-064,DT,TR,WS-PERBAIKAN UNIT,251-064 GNT BAN SEREP RR DI FFD,2.0
SUNGAI DANAU,Aug,2026-08-28,641102125106432 165,251-064,251064,DUMPTRUCK HINO 136 HDX 251-064,DT,TR,WS-PERBAIKAN UNIT,251-064 EVAKUASI BAN RR RH DI D31,1.0
SUNGAI DANAU,Aug,2026-08-29,661202000000095 013,,,,,,WS-PERBAIKAN DAN MAINTENANCE UNIT,"DA 8955 TAO PASANG VANBELT, PRBKN KLAKSO",9.0
SUNGAI DANAU,Aug,2026-08-29,641202120000031 052,,,,,,WS-PERBAIKAN DAN MAINTENANCE UNIT,KERJA BAKTI,4.0
SUNGAI DANAU,Aug,2026-08-29,661202000000095 013,,,,,,WS-PERBAIKAN DAN MAINTENANCE UNIT,MONITORING BANGUNAN WALET AFD I,2.0
SUNGAI DANAU,Aug,2026-08-29,661202000000095 013,,,,,,WS-PERBAIKAN DAN MAINTENANCE UNIT,B 9398 IP LAS LANTAI KABIN KEROPOS,3.0
SUNGAI DANAU,Aug,2026-08-29,641202120000034 032,,,,,,WS-PERBAIKAN DAN MAINTENANCE UNIT,RAKIT PIPA ANGIN KOMPRESSOR,7.0
SUNGAI DANAU,Aug,2026-08-29,641102125106432 165,251-064,251064,DUMPTRUCK HINO 136 HDX 251-064,DT,TR,WS-PERBAIKAN UNIT,251-064 TAMBAL BAN RR RH,1.0
SUNGAI DANAU,Aug,2026-08-29,641202120000034 022,241-009,,,,,WS-PERBAIKAN UNIT,241-009 PRBKN LAMPU KABIN,1.0
SUNGAI DANAU,Aug,2026-08-29,641102125104432 165,251-044,251044,DUMP TRUCK HINO 130HD DA 8571 CP 251-044,DT,TR,WS-PERBAIKAN UNIT,251-044 TAMBAL + GANTI BAN DALAM RR,1.0
SUNGAI DANAU,Aug,2026-08-29,641102126200532 095,262-005,262005,TRUCK TANGKI HINO FG235 DA 8170 CR 262-005,Truk Tangki,TR,WS-PERBAIKAN UNIT,262-005 PENGELASAN TANGKI CPO,3.0
SUNGAI DANAU,Aug,2026-08-29,661202000000095 013,,,,,,WS-PERBAIKAN DAN MAINTENANCE UNIT,PASANG AC GM AGRONOMI,7.0
SUNGAI DANAU,Aug,2026-08-29,641102125104531 145,251-045,251045,DUMP TRUCK HINO 130 HD DA 8643 CQ 251-045,DT,TR,WS-PERBAIKAN UNIT,251-045 PRBKN JOINT PTO,4.0
SUNGAI DANAU,Aug,2026-08-29,641202120000034 032,,,,,,WS-PERBAIKAN DAN MAINTENANCE UNIT,RAKIT PIPA ANGIN KOMPRESSOR,2.0
SUNGAI DANAU,Aug,2026-08-29,641102125104932 045,251-049,251049,DUMP TRUCK HINO 130 HD DA 8924 CV 251-049,DT,TR,WS-PERBAIKAN UNIT,251-049 GNT SEAL KOPLING ATAS,4.0
SUNGAI DANAU,Aug,2026-08-29,641102125104432 165,251-044,251044,DUMP TRUCK HINO 130HD DA 8571 CP 251-044,DT,TR,WS-PERBAIKAN UNIT,251-044 EVAKUASI BAN DI FFD,2.0
SUNGAI DANAU,Aug,2026-08-30,641102125105732 054,251-057,251057,DUMP TRUCK HINO 130 HD 25-86 251-057,DT,TR,WS-PERBAIKAN UNIT,251-057 GNT SEAL GARDAN,2.0
SUNGAI DANAU,Aug,2026-08-30,641102125105632 095,251-056,251056,DUMP TRUCK HINO 130 HD 25-85 251-056,DT,TR,WS-PERBAIKAN UNIT,251-056 PENGELASAN PANGGAR BAK,4.0
SUNGAI DANAU,Aug,2026-08-30,661202000000095 013,,,,,,WS-PERBAIKAN DAN MAINTENANCE UNIT,MONITORING BANGUNAN WALET AFD I,2.0
SUNGAI DANAU,Aug,2026-08-30,641102125105732 045,251-057,251057,DUMP TRUCK HINO 130 HD 25-86 251-057,DT,TR,WS-PERBAIKAN UNIT,"251-057 PRBKN REM RR, GNT MASTER KOPLING",3.0
SUNGAI DANAU,Aug,2026-08-30,641102127100432 135,271-004,271004,ARM ROLL HINO 130 HD DA 8337 JJ 271-004,Arm Roll,TR,WS-PERBAIKAN UNIT,271-004 GNT SPG RR RH LH,2.0
SUNGAI DANAU,Aug,2026-08-30,641102127100432 045,271-004,271004,ARM ROLL HINO 130 HD DA 8337 JJ 271-004,Arm Roll,TR,WS-PERBAIKAN UNIT,271-004 PRBKN REM RR + STEL REM,2.0
SUNGAI DANAU,Aug,2026-08-30,641102127100432 095,271-004,271004,ARM ROLL HINO 130 HD DA 8337 JJ 271-004,Arm Roll,TR,WS-PERBAIKAN UNIT,271-004 LANJUT LAS ATAP KABIN,4.0
SUNGAI DANAU,Aug,2026-08-30,641102124200532 095,242-005,242005,TRUCK HINO 136 HDX 242-005,Tus,TR,WS-PERBAIKAN UNIT,242-005 GNT SPAKBOR RR RH,1.0
SUNGAI DANAU,Aug,2026-08-30,641102125103432 095,251-034,251034,DUMP TRUCK HINO 130 HD DA 8206 CF 251-034,DT,TR,WS-PERBAIKAN UNIT,251-034 EVAKUASI TIDAK BISA DUMPING,2.0
SUNGAI DANAU,Aug,2026-08-30,641102124200532 095,242-005,242005,TRUCK HINO 136 HDX 242-005,Tus,TR,WS-PERBAIKAN UNIT,"242-005 GNT SPAKBOR RR + CAT BAK TUS, LA",4.0
SUNGAI DANAU,Aug,2026-08-30,641102125104232 165,251-042,251042,DUMP TRUCK HINO 130 HD DA 8681 CO 251-042,DT,TR,WS-PERBAIKAN UNIT,251-042 EVAKUASI PRBKN BOLT NUT,4.0
SUNGAI DANAU,Aug,2026-08-30,641102126200532 095,262-005,262005,TRUCK TANGKI HINO FG235 DA 8170 CR 262-005,Truk Tangki,TR,WS-PERBAIKAN UNIT,262-005 LAS TANGKI CPO BAGIAN DALAM,1.0
SUNGAI DANAU,Aug,2026-08-30,641102125106032 145,251-060,251060,DUMP TRUCK HINO 130HD DA 8476 JJ 251-060,DT,TR,WS-PERBAIKAN UNIT,251-060 STEL REM RR,1.0
SUNGAI DANAU,Aug,2026-08-30,661202000000095 013,,,,,,WS-PERBAIKAN DAN MAINTENANCE UNIT,BONGKAR PASANG AC KANTOR BKB INTI,5.0
SUNGAI DANAU,Aug,2026-08-31,641102126101431 165,261-014,261014,TRUCK TANGKI HINO 130 HD DA 8598 CN 261-014,Truk Tangki,TR,WS-PERBAIKAN UNIT,261-014 GNT BAN KOTA BARU 1 FR LH,1.0
SUNGAI DANAU,Aug,2026-08-31,641102125104232 165,251-042,251042,DUMP TRUCK HINO 130 HD DA 8681 CO 251-042,DT,TR,WS-PERBAIKAN UNIT,251-042 CABUT BAUT NAT & GNT BAUT NAT,4.0
SUNGAI DANAU,Aug,2026-08-31,661202000000095 013,,,,,,WS-PERBAIKAN DAN MAINTENANCE UNIT,MONITORING BANGUNAN WALET AFD I,2.0
SUNGAI DANAU,Aug,2026-08-31,641202120000034 032,,,,,,WS-PERBAIKAN DAN MAINTENANCE UNIT,1RAKIT PIPA KOMPRESSOR,4.0
SUNGAI DANAU,Aug,2026-08-31,641202120000034 022,222-001,,,,,WS-PERBAIKAN DAN MAINTENANCE UNIT,222-001 SERVICE GNT OLI A,2.0
SUNGAI DANAU,Aug,2026-08-31,641102125106332 165,251-063,251063,DUMPTRUCK 136 HDX 251-063,DT,TR,WS-PERBAIKAN UNIT,251-063 GNT BAN SEREP FR RH,1.0
SUNGAI DANAU,Aug,2026-08-31,641202120000034 032,,,,,,WS-PERBAIKAN DAN MAINTENANCE UNIT,PASANG SELANG IMPACT,2.0
SUNGAI DANAU,Aug,2026-08-31,641102126200431 075,262-004,262004,TRUCK TANGKI HINO 130 HD DA 8567 CP 262-004,Truk Tangki,TR,WS-PERBAIKAN UNIT,"262-004 PASANG FILTER SOLAR, LAS SAFETY,",6.0
SUNGAI DANAU,Aug,2026-08-31,661202000000095 013,,,,,,WS-PERBAIKAN DAN MAINTENANCE UNIT,CEK LAMPU PENERANGAN,1.0
SUNGAI DANAU,Aug,2026-08-31,641102125104432 165,251-044,251044,DUMP TRUCK HINO 130HD DA 8571 CP 251-044,DT,TR,WS-PERBAIKAN UNIT,251-044 TAMBAL BAN RR RH,1.0
SUNGAI DANAU,Aug,2026-08-31,641102125103832 165,251-038,251038,DUMP TRUCK HINO 130 HD DA 8675 CO 251-038,DT,TR,WS-PERBAIKAN UNIT,251-038 GNT BAN SEREP RR RH DALAM,1.0
SUNGAI DANAU,Aug,2026-08-31,641202120000034 032,,,,,,WS-PERBAIKAN DAN MAINTENANCE UNIT,LANJUT RAKIT PIPA KOMPRESSOR,6.0
SUNGAI DANAU,Aug,2026-08-31,641202120000034 032,,,,,,WS-PERBAIKAN DAN MAINTENANCE UNIT,GNT OLI KOMPRESSOR,1.0
SUNGAI DANAU,Aug,2026-08-31,641102125103831 075,251-038,251038,DUMP TRUCK HINO 130 HD DA 8675 CO 251-038,DT,TR,WS-PERBAIKAN UNIT,251-038 SERVICE GANTI OLI D,2.0
SUNGAI DANAU,Aug,2026-08-31,641102125104532 115,251-045,251045,DUMP TRUCK HINO 130 HD DA 8643 CQ 251-045,DT,TR,WS-PERBAIKAN UNIT,251-045 BONGKAR BOOM/HIDROLIK DUMP,10.0
SUNGAI DANAU,Aug,2026-08-31,661202000000095 013,,,,,,WS-PERBAIKAN DAN MAINTENANCE UNIT,PRBKN LAMPU MESS KARYAWAN AFD 2,2.5
SUNGAI DANAU,Aug,2026-08-31,641102125103832 165,251-038,251038,DUMP TRUCK HINO 130 HD DA 8675 CO 251-038,DT,TR,WS-PERBAIKAN UNIT,251-038 EVAKUASI GNT BAN FR DI RAYON I,4.0
TANJUNG,Aug,2026-08-01,641105226200131 075,262-001,262001,TRUCK TANGKI HINO FG235 DA 1853 Z /DA 8705 ZE 262-001,Tangki Air,TR,WS-PERBAIKAN DAN MAINTENANCE UNIT,262-001 SERVICE,3.0
TANJUNG,Aug,2026-08-01,641205230000035 093,,,,,,WS-PERBAIKAN DAN MAINTENANCE UNIT,WS BONGKAR PAPAN SHOWE MEMBUAT ADAPTOR S,88.0
TANJUNG,Aug,2026-08-01,641105231201932 075,312-019,312019,DUMP TRUCK HINO FM 260 JD 312-019,DT FM 260 JD,AB,WS-PERBAIKAN DAN MAINTENANCE UNIT,"312-019 TAMBAH OLI ENGINE, GANTI AIR CLE",1.0
TANJUNG,Aug,2026-08-01,641105226200232 035,262-002,262002,TRUCK TANGKI HINO 130 HD DA 1521 Z 262-002,Tangki Air,TR,WS-PERBAIKAN DAN MAINTENANCE UNIT,262-002 LAS TANGKI DAN MEREPIRE LANTAI K,19.5
TANJUNG,Aug,2026-08-01,641105234201232 065,342-012,342012,BULLDOZER WEA B 220 342-012,Bulldozer,AB,WS-PERBAIKAN DAN MAINTENANCE UNIT,342-012 JAMPER ACCU,1.0
TANJUNG,Aug,2026-08-01,641105233203632 075,332-036,332036,EXCAVATOR HITACHI ZX350H-5G 332-036,Excavator,AB,WS-PERBAIKAN DAN MAINTENANCE UNIT,332-036 CEK OLI HYD,0.5
TANJUNG,Aug,2026-08-01,641105233203732 075,332-037,332037,EXCAVATOR HITACHI ZX350H-5G 332-037,Excavator,AB,WS-PERBAIKAN DAN MAINTENANCE UNIT,332-037 CEK OLI HYD,0.5
TANJUNG,Aug,2026-08-01,641105233202732 015,332-027,332027,EXCAVATOR HITACHI ZX350H-5G 332-027,Excavator Breaker 30 Ton,AB,WS-PERBAIKAN DAN MAINTENANCE UNIT,"332-027 CEK WAIRING RELAY AC, CEK TERMOS",6.0
TANJUNG,Aug,2026-08-01,641105234201232 065,342-012,342012,BULLDOZER WEA B 220 342-012,Bulldozer,AB,WS-PERBAIKAN DAN MAINTENANCE UNIT,342-012 JAMPER ACCU,2.0
TANJUNG,Aug,2026-08-01,641105234201732 035,342-017,342017,BULLDOZER KOMATSU D85E 342-017,Bulldozer,AB,WS-PERBAIKAN DAN MAINTENANCE UNIT,"342-017 BERSIHKAN KACA, LEM KACA,",5.0
TANJUNG,Aug,2026-08-01,641105233203631 035,332-036,332036,EXCAVATOR HITACHI ZX350H-5G 332-036,Excavator,AB,WS-PERBAIKAN DAN MAINTENANCE UNIT,332-036 GREASSING TAMBAH OLI ENGINE 3L,1.0
TANJUNG,Aug,2026-08-01,641105233203731 035,332-037,332037,EXCAVATOR HITACHI ZX350H-5G 332-037,Excavator,AB,WS-PERBAIKAN DAN MAINTENANCE UNIT,332-037 GREASSINGTAMBAH OLI ENGINE 4L,1.5
TANJUNG,Aug,2026-08-01,641105234201731 075,342-017,342017,BULLDOZER KOMATSU D85E 342-017,Bulldozer,AB,WS-PERBAIKAN DAN MAINTENANCE UNIT,342-017 TAMBAH OLI ENGINE,1.0
TANJUNG,Aug,2026-08-01,641105226200132 075,262-001,262001,TRUCK TANGKI HINO FG235 DA 1853 Z /DA 8705 ZE 262-001,Tangki Air,TR,WS-PERBAIKAN DAN MAINTENANCE UNIT,262-001 KENCANGKAN V-BELT WATER PUMP,3.0
TANJUNG,Aug,2026-08-01,641105226200132 075,262-001,262001,TRUCK TANGKI HINO FG235 DA 1853 Z /DA 8705 ZE 262-001,Tangki Air,TR,WS-PERBAIKAN DAN MAINTENANCE UNIT,262-001 GANTI V-BELT WATER PUMP,1.0
TANJUNG,Aug,2026-08-02,641105231202332 015,312-023,312023,DUMP TRUCK HINO FM 260 JD 312-023,DT FM 260 JD,AB,WS-PERBAIKAN DAN MAINTENANCE UNIT,312-023 GANTI TENSIONER AC,0.5
TANJUNG,Aug,2026-08-02,641105234201732 035,342-017,342017,BULLDOZER KOMATSU D85E 342-017,Bulldozer,AB,WS-PERBAIKAN DAN MAINTENANCE UNIT,342-017 BERSIHKAN FILTER SERAINER,3.0
TANJUNG,Aug,2026-08-02,641105233202631 035,332-026,332026,EXCAVATOR HITACHI ZX210F-5G 332-026,Excavator,AB,WS-PERBAIKAN DAN MAINTENANCE UNIT,332-026 GREASSING,2.0
TANJUNG,Aug,2026-08-02,641105233204931 035,332-049,332049,EXCAVATOR SHANTUI SE 215 W 332-049,Excavator Breaker 30 Ton,AB,WS-PERBAIKAN DAN MAINTENANCE UNIT,332-049 GREASSING,2.0
TANJUNG,Aug,2026-08-02,641105233203731 075,332-037,332037,EXCAVATOR HITACHI ZX350H-5G 332-037,Excavator,AB,WS-PERBAIKAN DAN MAINTENANCE UNIT,332-037 SERVICE DAN GREASSING,3.0
TANJUNG,Aug,2026-08-02,641105234201232 035,342-012,342012,BULLDOZER WEA B 220 342-012,Bulldozer,AB,WS-PERBAIKAN DAN MAINTENANCE UNIT,"342-012 GANTI FILTER SOLAR, BERSIHKAN AI",3.0
TANJUNG,Aug,2026-08-02,641105233202732 015,332-027,332027,EXCAVATOR HITACHI ZX350H-5G 332-027,Excavator Breaker 30 Ton,AB,WS-PERBAIKAN DAN MAINTENANCE UNIT,332-027 CEK ARUS KOMPRESOR AC MEMUTUS AT,10.5
TANJUNG,Aug,2026-08-02,641105226200232 035,262-002,262002,TRUCK TANGKI HINO 130 HD DA 1521 Z 262-002,Tangki Air,TR,WS-PERBAIKAN DAN MAINTENANCE UNIT,262-002 LAS TANGKI WT,1.5
TANJUNG,Aug,2026-08-02,641105233203632 035,332-036,332036,EXCAVATOR HITACHI ZX350H-5G 332-036,Excavator,AB,WS-PERBAIKAN DAN MAINTENANCE UNIT,332-036 PASANG LINK I DAN PASANG LOCK PI,2.0
TANJUNG,Aug,2026-08-02,641105231203432 065,312-034,312034,DUMP TRUCK HINO FM 280 JD 312-034,DT FM 260 JD,AB,WS-PERBAIKAN DAN MAINTENANCE UNIT,"312-034 RAKIT DAN PASANG LOTO, PERBAIKAN",4.5
TANJUNG,Aug,2026-08-02,641105231202832 065,312-028,312028,DUMP TRUCK HINO FM 280 JD 312-028,DT FM 260 JD,AB,WS-PERBAIKAN DAN MAINTENANCE UNIT,"312-028 PERBAIKAN KABEL SEN, BERSIHKAN K",3.0
TANJUNG,Aug,2026-08-02,641105233203631 075,332-036,332036,EXCAVATOR HITACHI ZX350H-5G 332-036,Excavator,AB,WS-PERBAIKAN DAN MAINTENANCE UNIT,332-036 SERVICE UNIT,2.0
TANJUNG,Aug,2026-08-02,611805004001000 000,332-033,332033,EXCAVATOR HITACHI ZX350H-5G 332-033,Excavator,AB,WS-PERBAIKAN DAN MAINTENANCE UNIT,332-033 GREASSING,1.0
TANJUNG,Aug,2026-08-02,641105233203731 035,332-037,332037,EXCAVATOR HITACHI ZX350H-5G 332-037,Excavator,AB,WS-PERBAIKAN DAN MAINTENANCE UNIT,332-037 GREASSING,1.0
TANJUNG,Aug,2026-08-02,641105233202731 035,332-027,332027,EXCAVATOR HITACHI ZX350H-5G 332-027,Excavator Breaker 30 Ton,AB,WS-PERBAIKAN DAN MAINTENANCE UNIT,332-027 GREASSING,0.5
TANJUNG,Aug,2026-08-02,611805004001000 000,332-033,332033,EXCAVATOR HITACHI ZX350H-5G 332-033,Excavator,AB,WS-PERBAIKAN DAN MAINTENANCE UNIT,332-033 ADJUST TRACK LH,1.0
TANJUNG,Aug,2026-08-03,641105233202631 035,332-026,332026,EXCAVATOR HITACHI ZX210F-5G 332-026,Excavator,AB,WS-PERBAIKAN DAN MAINTENANCE UNIT,332-026 GREASSING,1.0
TANJUNG,Aug,2026-08-03,641105233204931 035,332-049,332049,EXCAVATOR SHANTUI SE 215 W 332-049,Excavator Breaker 30 Ton,AB,WS-PERBAIKAN DAN MAINTENANCE UNIT,332-049 GREASSING,1.5
TANJUNG,Aug,2026-08-03,641105226200232 035,262-002,262002,TRUCK TANGKI HINO 130 HD DA 1521 Z 262-002,Tangki Air,TR,WS-PERBAIKAN DAN MAINTENANCE UNIT,262-002 PEMBUATAN SPAKBOR BELAKANG KANAN,11.0
TANJUNG,Aug,2026-08-03,641105231202132 015,312-021,312021,DUMP TRUCK HINO FM 260 JD 312-021,DT FM 260 JD,AB,WS-PERBAIKAN DAN MAINTENANCE UNIT,312-021 PASANG TERMOSTART,0.5
TANJUNG,Aug,2026-08-03,641105231201932 075,312-019,312019,DUMP TRUCK HINO FM 260 JD 312-019,DT FM 260 JD,AB,WS-PERBAIKAN DAN MAINTENANCE UNIT,312-019 TAMBAH OLI ENGINE,0.5
TANJUNG,Aug,2026-08-03,641105231203132 035,312-031,312031,DUMP TRUCK HINO FM 280 JD 312-031,DT FM 260 JD,AB,WS-PERBAIKAN DAN MAINTENANCE UNIT,312-031 GANTI BANTALAN KARET TORGUE ROD,2.0
TANJUNG,Aug,2026-08-03,641105234201232 145,342-012,342012,BULLDOZER WEA B 220 342-012,Bulldozer,AB,WS-PERBAIKAN DAN MAINTENANCE UNIT,"342-012 CEK FUEL SYSTEM, CEK AIR CLEANER",6.0
TANJUNG,Aug,2026-08-03,641105233203732 035,332-037,332037,EXCAVATOR HITACHI ZX350H-5G 332-037,Excavator,AB,WS-PERBAIKAN DAN MAINTENANCE UNIT,332-037 GANTI LOCK THEET,2.0
TANJUNG,Aug,2026-08-03,641105234201231 145,342-012,342012,BULLDOZER WEA B 220 342-012,Bulldozer,AB,WS-PERBAIKAN DAN MAINTENANCE UNIT,"342-012 CEK FUEL SYSTEM, BERSIHKAN OIL F",30.0
TANJUNG,Aug,2026-08-03,641105231203132 155,312-031,312031,DUMP TRUCK HINO FM 280 JD 312-031,DT FM 260 JD,AB,WS-PERBAIKAN DAN MAINTENANCE UNIT,312-031 WELDING SPAKBOR BELAKANG KIRI,0.5
TANJUNG,Aug,2026-08-03,661205000000095 093,,,,,,WS-PERBAIKAN DAN MAINTENANCE UNIT,BPA PASANG RADIO DAN SETTING ARUS CHANEL,2.0
TANJUNG,Aug,2026-08-03,641105231202731 075,312-027,312027,DUMP TRUCK HINO FM 280 JD 312-027,DT FM 260 JD,AB,WS-PERBAIKAN DAN MAINTENANCE UNIT,312-027 SERVICE,1.0
TANJUNG,Aug,2026-08-03,641105234201731 075,342-017,342017,BULLDOZER KOMATSU D85E 342-017,Bulldozer,AB,WS-PERBAIKAN DAN MAINTENANCE UNIT,342-017 SERVICE,3.0
TANJUNG,Aug,2026-08-03,641105233202731 035,332-027,332027,EXCAVATOR HITACHI ZX350H-5G 332-027,Excavator Breaker 30 Ton,AB,WS-PERBAIKAN DAN MAINTENANCE UNIT,332-027 GREASSING,1.0
TANJUNG,Aug,2026-08-03,611805004001000 000,332-033,332033,EXCAVATOR HITACHI ZX350H-5G 332-033,Excavator,AB,WS-PERBAIKAN DAN MAINTENANCE UNIT,332-033 GREASSING,1.0
TANJUNG,Aug,2026-08-03,641105233203631 035,332-036,332036,EXCAVATOR HITACHI ZX350H-5G 332-036,Excavator,AB,WS-PERBAIKAN DAN MAINTENANCE UNIT,332-036 GREASSING,0.5
TANJUNG,Aug,2026-08-03,641105231203031 035,312-030,312030,DUMP TRUCK HINO FM 280 JD 312-030,DT FM 260 JD,AB,WS-PERBAIKAN DAN MAINTENANCE UNIT,312-030 GREASSING,1.0
TANJUNG,Aug,2026-08-03,641105226200132 035,262-001,262001,TRUCK TANGKI HINO FG235 DA 1853 Z /DA 8705 ZE 262-001,Tangki Air,TR,WS-PERBAIKAN DAN MAINTENANCE UNIT,262-001 MENYETEL STELAN AIR YANG KURANG,1.5
TANJUNG,Aug,2026-08-04,641105233203232 155,332-032,332032,EXCAVATOR KOMATSU PC-200-8M1 332-032,Excavator,AB,WS-PERBAIKAN DAN MAINTENANCE UNIT,332-032 GANTI CALIER ROLLER,12.0
TANJUNG,Aug,2026-08-04,641105231203232 155,312-032,312032,DUMP TRUCK HINO FM 280 JD 312-032,DT FM 260 JD,AB,WS-PERBAIKAN DAN MAINTENANCE UNIT,"312-032 GANTI SHOPER CHASIS, KENCANGKAN",2.0
TANJUNG,Aug,2026-08-04,641105231203432 145,312-034,312034,DUMP TRUCK HINO FM 280 JD 312-034,DT FM 260 JD,AB,WS-PERBAIKAN DAN MAINTENANCE UNIT,312-034 EVAKUASI UNIT KE WS DAN NAIKAN T,25.0
TANJUNG,Aug,2026-08-04,641105233202732 115,332-027,332027,EXCAVATOR HITACHI ZX350H-5G 332-027,Excavator Breaker 30 Ton,AB,WS-PERBAIKAN DAN MAINTENANCE UNIT,332-027 TAMBAH OLI HYD,1.0
TANJUNG,Aug,2026-08-04,641105231202132 155,312-021,312021,DUMP TRUCK HINO FM 260 JD 312-021,DT FM 260 JD,AB,WS-PERBAIKAN DAN MAINTENANCE UNIT,312-021 LAS CHASIS,3.5
TANJUNG,Aug,2026-08-04,641105231203132 035,312-031,312031,DUMP TRUCK HINO FM 280 JD 312-031,DT FM 260 JD,AB,WS-PERBAIKAN DAN MAINTENANCE UNIT,312-031 LAS CHASIS VESSEL,7.5
TANJUNG,Aug,2026-08-04,641105234201732 035,342-017,342017,BULLDOZER KOMATSU D85E 342-017,Bulldozer,AB,WS-PERBAIKAN DAN MAINTENANCE UNIT,342-017 TAMBAH AIR RADIATOR DAN CEK AIR,1.5
TANJUNG,Aug,2026-08-04,641105233204932 155,332-049,332049,EXCAVATOR SHANTUI SE 215 W 332-049,Excavator Breaker 30 Ton,AB,WS-PERBAIKAN DAN MAINTENANCE UNIT,332-049 PASANG LOCK PIN TRACK LINK LH,3.0
TANJUNG,Aug,2026-08-04,641105231201532 065,312-015,312015,DUMP TRUCK HINO FM 260 JD 312-015,DT FM 260 JD,AB,WS-PERBAIKAN DAN MAINTENANCE UNIT,"312-015 GANTI ACCU, GANTI TYRE NO 6",10.0
TANJUNG,Aug,2026-08-04,641105231201532 035,312-015,312015,DUMP TRUCK HINO FM 260 JD 312-015,DT FM 260 JD,AB,WS-PERBAIKAN DAN MAINTENANCE UNIT,"312-015 CEK KEBOCORAN VAKUM, ISI FREON D",1.0
TANJUNG,Aug,2026-08-04,641105235101132 165,351-011,351011,GRADER CATERPILLAR 120 NG 351-011,Grader,AB,WS-PERBAIKAN DAN MAINTENANCE UNIT,351-011 GANTI TYRE DENGAN TYRE BEKAS,6.0
TANJUNG,Aug,2026-08-04,641105231203432 145,312-034,312034,DUMP TRUCK HINO FM 280 JD 312-034,DT FM 260 JD,AB,WS-PERBAIKAN DAN MAINTENANCE UNIT,"312-034 TURUNKAN T/M BONGKAR FLYWEL, BON",20.0
TANJUNG,Aug,2026-08-04,641105231202132 015,312-021,312021,DUMP TRUCK HINO FM 260 JD 312-021,DT FM 260 JD,AB,WS-PERBAIKAN DAN MAINTENANCE UNIT,"312-021 LEPAS HOSE DAN CEK KEBOCORAN, IS",3.0
TANJUNG,Aug,2026-08-04,641105231203232 155,312-032,312032,DUMP TRUCK HINO FM 280 JD 312-032,DT FM 260 JD,AB,WS-PERBAIKAN DAN MAINTENANCE UNIT,"312-032 LAS GANTUNGAN KUPU"" DAN LAS CHAS",13.0
TANJUNG,Aug,2026-08-04,641105231201532 065,312-015,312015,DUMP TRUCK HINO FM 260 JD 312-015,DT FM 260 JD,AB,WS-PERBAIKAN DAN MAINTENANCE UNIT,312-015 BAWA KE WS REJO BONGKAR ALTERNAT,6.0
TANJUNG,Aug,2026-08-04,641105226200132 065,262-001,262001,TRUCK TANGKI HINO FG235 DA 1853 Z /DA 8705 ZE 262-001,Tangki Air,TR,WS-PERBAIKAN DAN MAINTENANCE UNIT,262-001 REPAIR STARTING MOTOR,1.0
TANJUNG,Aug,2026-08-04,641105235101132 165,351-011,351011,GRADER CATERPILLAR 120 NG 351-011,Grader,AB,WS-PERBAIKAN DAN MAINTENANCE UNIT,351-011 BONGKAR DAN RAKIT TYRE GREDER,2.0
TANJUNG,Aug,2026-08-04,641105231202331 075,312-023,312023,DUMP TRUCK HINO FM 260 JD 312-023,DT FM 260 JD,AB,WS-PERBAIKAN DAN MAINTENANCE UNIT,312-023 SERVICE,2.0
TANJUNG,Aug,2026-08-04,641105233203731 035,332-037,332037,EXCAVATOR HITACHI ZX350H-5G 332-037,Excavator,AB,WS-PERBAIKAN DAN MAINTENANCE UNIT,332-037 GREASSING,0.5
TANJUNG,Aug,2026-08-04,611805004001000 000,332-033,332033,EXCAVATOR HITACHI ZX350H-5G 332-033,Excavator,AB,WS-PERBAIKAN DAN MAINTENANCE UNIT,332-033 GREASSING,0.5
TANJUNG,Aug,2026-08-04,641105231202232 035,312-022,312022,DUMP TRUCK HINO FM 260 JD 312-022,DT FM 260 JD,AB,WS-PERBAIKAN DAN MAINTENANCE UNIT,"312-022 PERBAIKAN HIGH-LOW, LAS DAN GANT",17.5
TANJUNG,Aug,2026-08-04,641105231202832 015,312-028,312028,DUMP TRUCK HINO FM 280 JD 312-028,DT FM 260 JD,AB,WS-PERBAIKAN DAN MAINTENANCE UNIT,312-028 GANTI TENSIONER AC,1.0
TANJUNG,Aug,2026-08-05,641105233204931 035,332-049,332049,EXCAVATOR SHANTUI SE 215 W 332-049,Excavator Breaker 30 Ton,AB,WS-PERBAIKAN DAN MAINTENANCE UNIT,332-049 GREASSING,0.5
TANJUNG,Aug,2026-08-05,641105233202631 035,332-026,332026,EXCAVATOR HITACHI ZX210F-5G 332-026,Excavator,AB,WS-PERBAIKAN DAN MAINTENANCE UNIT,332-026 GREASSING,0.5
TANJUNG,Aug,2026-08-05,641105231203432 145,312-034,312034,DUMP TRUCK HINO FM 280 JD 312-034,DT FM 260 JD,AB,WS-PERBAIKAN DAN MAINTENANCE UNIT,"312-034 BONGKAR HOSING T/M, BONGKAR SUPL",22.0
TANJUNG,Aug,2026-08-05,641105233204932 015,332-049,332049,EXCAVATOR SHANTUI SE 215 W 332-049,Excavator Breaker 30 Ton,AB,WS-PERBAIKAN DAN MAINTENANCE UNIT,332-049 BERSIHKAN FILTER AC KABIN LUAR D,2.0
TANJUNG,Aug,2026-08-05,641105226200232 035,262-002,262002,TRUCK TANGKI HINO 130 HD DA 1521 Z 262-002,Tangki Air,TR,WS-PERBAIKAN DAN MAINTENANCE UNIT,262-002 MERAKIT SPAKBOR KIRI KANAN,20.0
TANJUNG,Aug,2026-08-05,641105233202732 015,332-027,332027,EXCAVATOR HITACHI ZX350H-5G 332-027,Excavator Breaker 30 Ton,AB,WS-PERBAIKAN DAN MAINTENANCE UNIT,"332-027 TAMBAH FREON, CEK ELEKTRIKAL,CAT",7.5
TANJUNG,Aug,2026-08-05,641105233203232 155,332-032,332032,EXCAVATOR KOMATSU PC-200-8M1 332-032,Excavator,AB,WS-PERBAIKAN DAN MAINTENANCE UNIT,"332-032 KENCANGKAN TRACK RH LH, DAN GREA",2.0
TANJUNG,Aug,2026-08-05,641105231201532 065,312-015,312015,DUMP TRUCK HINO FM 260 JD 312-015,DT FM 260 JD,AB,WS-PERBAIKAN DAN MAINTENANCE UNIT,312-015 GANTI ALTERNATOR,1.5
TANJUNG,Aug,2026-08-05,641105233203232 155,332-032,332032,EXCAVATOR KOMATSU PC-200-8M1 332-032,Excavator,AB,WS-PERBAIKAN DAN MAINTENANCE UNIT,332-032 ADJUST TRACK DAN GREASSING UNIT,2.0
TANJUNG,Aug,2026-08-05,641205230000034 023,221-005,,,,,WS-PERBAIKAN DAN MAINTENANCE UNIT,221-005 SOLDER MODUL RESISTOR SPEED BLOW,3.5
TANJUNG,Aug,2026-08-05,641105233203632 015,332-036,332036,EXCAVATOR HITACHI ZX350H-5G 332-036,Excavator,AB,WS-PERBAIKAN DAN MAINTENANCE UNIT,332-036 PERBAIKAN SALURAN ANGIN BLOWER A,2.0
TANJUNG,Aug,2026-08-05,641105231203432 125,312-034,312034,DUMP TRUCK HINO FM 280 JD 312-034,DT FM 260 JD,AB,WS-PERBAIKAN DAN MAINTENANCE UNIT,312-034 PASANG GEAR BOX STERING,15.0
TANJUNG,Aug,2026-08-05,641105231203032 065,312-030,312030,DUMP TRUCK HINO FM 280 JD 312-030,DT FM 260 JD,AB,WS-PERBAIKAN DAN MAINTENANCE UNIT,312-030 KENCANGKAN BOLT ACCU,0.5
TANJUNG,Aug,2026-08-05,641105233203731 035,332-037,332037,EXCAVATOR HITACHI ZX350H-5G 332-037,Excavator,AB,WS-PERBAIKAN DAN MAINTENANCE UNIT,332-037 GREASSING,1.0
TANJUNG,Aug,2026-08-05,641105233202632 035,332-026,332026,EXCAVATOR HITACHI ZX210F-5G 332-026,Excavator,AB,WS-PERBAIKAN DAN MAINTENANCE UNIT,332-026 WASHING UNIT,0.5
TANJUNG,Aug,2026-08-05,641105231201932 035,312-019,312019,DUMP TRUCK HINO FM 260 JD 312-019,DT FM 260 JD,AB,WS-PERBAIKAN DAN MAINTENANCE UNIT,312-019 WASHING UNIT,0.5
TANJUNG,Aug,2026-08-05,641105233203631 035,332-036,332036,EXCAVATOR HITACHI ZX350H-5G 332-036,Excavator,AB,WS-PERBAIKAN DAN MAINTENANCE UNIT,332-036 GREASSING,0.5
TANJUNG,Aug,2026-08-05,641105231203432 125,312-034,312034,DUMP TRUCK HINO FM 280 JD 312-034,DT FM 260 JD,AB,WS-PERBAIKAN DAN MAINTENANCE UNIT,312-034 LEPAS GEAR BOX STERING,9.0
TANJUNG,Aug,2026-08-05,641105231202832 075,312-028,312028,DUMP TRUCK HINO FM 280 JD 312-028,DT FM 260 JD,AB,WS-PERBAIKAN DAN MAINTENANCE UNIT,312-028 TAMBAH AIR RADIATOR,0.5
TANJUNG,Aug,2026-08-06,641105231202832 065,312-028,312028,DUMP TRUCK HINO FM 280 JD 312-028,DT FM 260 JD,AB,WS-PERBAIKAN DAN MAINTENANCE UNIT,312-028 GANTI ANTENA RADIO RIG,1.0
TANJUNG,Aug,2026-08-06,641105231203432 145,312-034,312034,DUMP TRUCK HINO FM 280 JD 312-034,DT FM 260 JD,AB,WS-PERBAIKAN DAN MAINTENANCE UNIT,"312-034 BERSIHKAN T/M, PASANG HOUSSING F",22.0
TANJUNG,Aug,2026-08-06,641105226200132 025,262-001,262001,TRUCK TANGKI HINO FG235 DA 1853 Z /DA 8705 ZE 262-001,Tangki Air,TR,WS-PERBAIKAN DAN MAINTENANCE UNIT,262-001 GANTI SELANG FUEL DAN BUANG ANGI,4.5
TANJUNG,Aug,2026-08-06,661205000000095 093,,,,,,WS-PERBAIKAN DAN MAINTENANCE UNIT,"BPA SAMBUNGKAN KABEL SENSOR FIP, CP-01",1.5
TANJUNG,Aug,2026-08-06,641205230000035 093,,,,,,WS-PERBAIKAN DAN MAINTENANCE UNIT,WS MENAMBAH FINAL DRIVE DENGAN PLAT,9.0
TANJUNG,Aug,2026-08-06,611805004001000 000,332-033,332033,EXCAVATOR HITACHI ZX350H-5G 332-033,Excavator,AB,WS-PERBAIKAN DAN MAINTENANCE UNIT,332-033 CLEANING UNIT,6.0
TANJUNG,Aug,2026-08-06,611805004001000 000,332-033,332033,EXCAVATOR HITACHI ZX350H-5G 332-033,Excavator,AB,WS-PERBAIKAN DAN MAINTENANCE UNIT,"332-033 LEPAS ACCU, CUCI DAN TAMBAH AIR",5.0
TANJUNG,Aug,2026-08-06,641105231203432 145,312-034,312034,DUMP TRUCK HINO FM 280 JD 312-034,DT FM 260 JD,AB,WS-PERBAIKAN DAN MAINTENANCE UNIT,312-034 RESEAL GEARBOX,3.5
TANJUNG,Aug,2026-08-06,641105226200132 065,262-001,262001,TRUCK TANGKI HINO FG235 DA 1853 Z /DA 8705 ZE 262-001,Tangki Air,TR,WS-PERBAIKAN DAN MAINTENANCE UNIT,262-001 GANTI DINAMO START,5.0
TANJUNG,Aug,2026-08-06,641105226200232 035,262-002,262002,TRUCK TANGKI HINO 130 HD DA 1521 Z 262-002,Tangki Air,TR,WS-PERBAIKAN DAN MAINTENANCE UNIT,262-002 RAKIT SPAKBOR,8.0
TANJUNG,Aug,2026-08-06,641105234201732 035,342-017,342017,BULLDOZER KOMATSU D85E 342-017,Bulldozer,AB,WS-PERBAIKAN DAN MAINTENANCE UNIT,"342-017 GANTI O-RING, IKAT HOSE FUEL",3.0
TANJUNG,Aug,2026-08-06,641105231202132 015,312-021,312021,DUMP TRUCK HINO FM 260 JD 312-021,DT FM 260 JD,AB,WS-PERBAIKAN DAN MAINTENANCE UNIT,"312-021 KENCANGKAN BELT AC, DAN KENCANGK",2.0
TANJUNG,Aug,2026-08-06,611805004001000 000,332-033,332033,EXCAVATOR HITACHI ZX350H-5G 332-033,Excavator,AB,WS-PERBAIKAN DAN MAINTENANCE UNIT,332-033 SEMPROT UNIT,6.0
TANJUNG,Aug,2026-08-06,611805004001000 000,332-033,332033,EXCAVATOR HITACHI ZX350H-5G 332-033,Excavator,AB,WS-PERBAIKAN DAN MAINTENANCE UNIT,"332-033 PASANG ACCU, BERSIHKAN UNIT DAN",4.5
TANJUNG,Aug,2026-08-06,641105226200132 075,262-001,262001,TRUCK TANGKI HINO FG235 DA 1853 Z /DA 8705 ZE 262-001,Tangki Air,TR,WS-PERBAIKAN DAN MAINTENANCE UNIT,262-001 LEPAS SHAFT JOIN,5.0
TANJUNG,Aug,2026-08-06,611805004001000 000,332-033,332033,EXCAVATOR HITACHI ZX350H-5G 332-033,Excavator,AB,WS-PERBAIKAN DAN MAINTENANCE UNIT,"332-033 LEPAS TURBO,FIP DAN NOZZEL",9.0
TANJUNG,Aug,2026-08-06,641105233202731 035,332-027,332027,EXCAVATOR HITACHI ZX350H-5G 332-027,Excavator Breaker 30 Ton,AB,WS-PERBAIKAN DAN MAINTENANCE UNIT,332-027 GREASSING,1.0
TANJUNG,Aug,2026-08-06,641105233203731 035,332-037,332037,EXCAVATOR HITACHI ZX350H-5G 332-037,Excavator,AB,WS-PERBAIKAN DAN MAINTENANCE UNIT,332-037 GREASSING,1.5
TANJUNG,Aug,2026-08-06,641105234201732 075,342-017,342017,BULLDOZER KOMATSU D85E 342-017,Bulldozer,AB,WS-PERBAIKAN DAN MAINTENANCE UNIT,342-017 CEK INDIKATOR TORGUE CONVERTER D,2.0
TANJUNG,Aug,2026-08-06,641105231202232 065,312-022,312022,DUMP TRUCK HINO FM 260 JD 312-022,DT FM 260 JD,AB,WS-PERBAIKAN DAN MAINTENANCE UNIT,312-022 KENCANGKAN KEPALA ACCU,0.5
TANJUNG,Aug,2026-08-06,641105231203432 035,312-034,312034,DUMP TRUCK HINO FM 280 JD 312-034,DT FM 260 JD,AB,WS-PERBAIKAN DAN MAINTENANCE UNIT,"312-034 PASANG BLOWER FUEL FILTER, PASAN",8.0
TANJUNG,Aug,2026-08-06,611805004001000 000,332-033,332033,EXCAVATOR HITACHI ZX350H-5G 332-033,Excavator,AB,WS-PERBAIKAN DAN MAINTENANCE UNIT,332-033 MEMBERSIHKAN FIP,2.0
TANJUNG,Aug,2026-08-06,641105233203632 015,332-036,332036,EXCAVATOR HITACHI ZX350H-5G 332-036,Excavator,AB,WS-PERBAIKAN DAN MAINTENANCE UNIT,332-036 BONGKAR KONDENSOR AC DAN REPAIRE,5.5
TANJUNG,Aug,2026-08-06,641105226200132 075,262-001,262001,TRUCK TANGKI HINO FG235 DA 1853 Z /DA 8705 ZE 262-001,Tangki Air,TR,WS-PERBAIKAN DAN MAINTENANCE UNIT,"262-001 MELURUSKAN SHAFT PTO, PERBAIKAN",12.0
TANJUNG,Aug,2026-08-07,641105231203131 035,312-031,312031,DUMP TRUCK HINO FM 280 JD 312-031,DT FM 260 JD,AB,WS-PERBAIKAN DAN MAINTENANCE UNIT,312-031 GREASSING UNIT,1.0
TANJUNG,Aug,2026-08-07,611805004001000 000,332-033,332033,EXCAVATOR HITACHI ZX350H-5G 332-033,Excavator,AB,WS-PERBAIKAN DAN MAINTENANCE UNIT,"332-033 KURAS OLI HYD, LEPAS HOSE HYD PO",68.0
TANJUNG,Aug,2026-08-07,641105231202232 065,312-022,312022,DUMP TRUCK HINO FM 260 JD 312-022,DT FM 260 JD,AB,WS-PERBAIKAN DAN MAINTENANCE UNIT,312-022 PERBAIKAN KABEL LAMPU MUNDUR DAN,2.0
TANJUNG,Aug,2026-08-07,641105233203232 015,332-032,332032,EXCAVATOR KOMATSU PC-200-8M1 332-032,Excavator,AB,WS-PERBAIKAN DAN MAINTENANCE UNIT,"332-032 GANTI TENSIONER AC, LAS VESSEL ,",13.5
TANJUNG,Aug,2026-08-07,641105231203432 075,312-034,312034,DUMP TRUCK HINO FM 280 JD 312-034,DT FM 260 JD,AB,WS-PERBAIKAN DAN MAINTENANCE UNIT,"312-034 PASANG SEAL CRANSHAFT BELAKANG,",55.0
TANJUNG,Aug,2026-08-07,641105226200132 075,262-001,262001,TRUCK TANGKI HINO FG235 DA 1853 Z /DA 8705 ZE 262-001,Tangki Air,TR,WS-PERBAIKAN DAN MAINTENANCE UNIT,262-001 GANTI SPIDER SHAFT DAN PERBAIKAN,36.0
TANJUNG,Aug,2026-08-07,641105233204932 155,332-049,332049,EXCAVATOR SHANTUI SE 215 W 332-049,Excavator Breaker 30 Ton,AB,WS-PERBAIKAN DAN MAINTENANCE UNIT,"332-049 MENGENDORKAN TRACK LINK ,PASANG",2.0
TANJUNG,Aug,2026-08-07,641105231201532 015,312-015,312015,DUMP TRUCK HINO FM 260 JD 312-015,DT FM 260 JD,AB,WS-PERBAIKAN DAN MAINTENANCE UNIT,312-015 PAKUM KOMPRESOR AC ISI FREON AC,1.0
TANJUNG,Aug,2026-08-07,641105231201932 075,312-019,312019,DUMP TRUCK HINO FM 260 JD 312-019,DT FM 260 JD,AB,WS-PERBAIKAN DAN MAINTENANCE UNIT,312-019 TAMBAH OLI ENGINE,0.5
TANJUNG,Aug,2026-08-07,641205230000035 093,,,,,,WS-PERBAIKAN DAN MAINTENANCE UNIT,WS PERBAIKAN MESIN AIR,0.5
TANJUNG,Aug,2026-08-07,641105231202831 075,312-028,312028,DUMP TRUCK HINO FM 280 JD 312-028,DT FM 260 JD,AB,WS-PERBAIKAN DAN MAINTENANCE UNIT,312-028 SERVICE,2.0
TANJUNG,Aug,2026-08-07,641105233202731 035,332-027,332027,EXCAVATOR HITACHI ZX350H-5G 332-027,Excavator Breaker 30 Ton,AB,WS-PERBAIKAN DAN MAINTENANCE UNIT,332-027 GREASSING UNIT,1.0
TANJUNG,Aug,2026-08-07,641105231203131 075,312-031,312031,DUMP TRUCK HINO FM 280 JD 312-031,DT FM 260 JD,AB,WS-PERBAIKAN DAN MAINTENANCE UNIT,312-031 SERVICE,2.0
TANJUNG,Aug,2026-08-07,641105233203731 035,332-037,332037,EXCAVATOR HITACHI ZX350H-5G 332-037,Excavator,AB,WS-PERBAIKAN DAN MAINTENANCE UNIT,332-037 GREASSING UNIT,0.5
TANJUNG,Aug,2026-08-07,641105233203631 035,332-036,332036,EXCAVATOR HITACHI ZX350H-5G 332-036,Excavator,AB,WS-PERBAIKAN DAN MAINTENANCE UNIT,332-036 GREASSING UNIT,0.5
TANJUNG,Aug,2026-08-07,641105231202832 075,312-028,312028,DUMP TRUCK HINO FM 280 JD 312-028,DT FM 260 JD,AB,WS-PERBAIKAN DAN MAINTENANCE UNIT,312-028 PERBAIKAN REALES BEARING,2.0
TANJUNG,Aug,2026-08-07,641105231202232 105,312-022,312022,DUMP TRUCK HINO FM 260 JD 312-022,DT FM 260 JD,AB,WS-PERBAIKAN DAN MAINTENANCE UNIT,"312-022 BUAT WASER PIN VESSEL BELAKANG,",8.0
TANJUNG,Aug,2026-08-07,641105231203432 075,312-034,312034,DUMP TRUCK HINO FM 280 JD 312-034,DT FM 260 JD,AB,WS-PERBAIKAN DAN MAINTENANCE UNIT,"312-034 KENCANGKAN BOLT MOUNTING, ISI AI",4.0
TANJUNG,Aug,2026-08-08,641105231203132 035,312-031,312031,DUMP TRUCK HINO FM 280 JD 312-031,DT FM 260 JD,AB,WS-PERBAIKAN DAN MAINTENANCE UNIT,312-031 PERBAIKAN HOSE KLAKSON,1.0
TANJUNG,Aug,2026-08-08,641105226200232 035,262-012,,,,,WS-PERBAIKAN DAN MAINTENANCE UNIT,262-012 LEM PIPA DAN PERBAIKAN PIPA SPRA,2.0
TANJUNG,Aug,2026-08-08,641105231202132 115,312-021,312021,DUMP TRUCK HINO FM 260 JD 312-021,DT FM 260 JD,AB,WS-PERBAIKAN DAN MAINTENANCE UNIT,312-021 TAMBAH OLI HYD,0.5
TANJUNG,Aug,2026-08-08,641105233204931 035,332-049,332049,EXCAVATOR SHANTUI SE 215 W 332-049,Excavator Breaker 30 Ton,AB,WS-PERBAIKAN DAN MAINTENANCE UNIT,332-049 GREASSING,1.0
TANJUNG,Aug,2026-08-08,641105233202631 035,332-026,332026,EXCAVATOR HITACHI ZX210F-5G 332-026,Excavator,AB,WS-PERBAIKAN DAN MAINTENANCE UNIT,332-026 GREASSING,1.0
TANJUNG,Aug,2026-08-08,611805004001000 000,332-033,332033,EXCAVATOR HITACHI ZX350H-5G 332-033,Excavator,AB,WS-PERBAIKAN DAN MAINTENANCE UNIT,"332-033 MELEPAS COFER KIPAS RADIATOR, LE",50.0
TANJUNG,Aug,2026-08-08,641105231202232 065,312-022,312022,DUMP TRUCK HINO FM 260 JD 312-022,DT FM 260 JD,AB,WS-PERBAIKAN DAN MAINTENANCE UNIT,312-022 PERBAIKAN ELEKTRIKAL BACK LAMP D,2.0
TANJUNG,Aug,2026-08-08,641105231203432 075,312-034,312034,DUMP TRUCK HINO FM 280 JD 312-034,DT FM 260 JD,AB,WS-PERBAIKAN DAN MAINTENANCE UNIT,"312-034 CEK OLI ENGINE DAN AIR RADIATOR,",15.0
TANJUNG,Aug,2026-08-08,641205230000035 093,,,,,,WS-PERBAIKAN DAN MAINTENANCE UNIT,WS MERAKIT ATAU MEMASANG COPLER ANGIN PA,4.0
TANJUNG,Aug,2026-08-08,641105231202332 015,312-023,312023,DUMP TRUCK HINO FM 260 JD 312-023,DT FM 260 JD,AB,WS-PERBAIKAN DAN MAINTENANCE UNIT,"312-023 CEK EXTRAFAN AC, TAMBAH FREON, G",2.0
TANJUNG,Aug,2026-08-08,641105231203432 145,312-034,312034,DUMP TRUCK HINO FM 280 JD 312-034,DT FM 260 JD,AB,WS-PERBAIKAN DAN MAINTENANCE UNIT,"312-034 PASANG T/M, PASANG BOOSTER KOPLI",20.0
TANJUNG,Aug,2026-08-08,641105233203632 065,332-036,332036,EXCAVATOR HITACHI ZX350H-5G 332-036,Excavator,AB,WS-PERBAIKAN DAN MAINTENANCE UNIT,"332-036 GANTI FUSE AC, RAPIKAN KABEL ELE",2.0
TANJUNG,Aug,2026-08-08,641105233202731 035,332-027,332027,EXCAVATOR HITACHI ZX350H-5G 332-027,Excavator Breaker 30 Ton,AB,WS-PERBAIKAN DAN MAINTENANCE UNIT,332-027 greassing unit dan ispeksi unit,1.0
TANJUNG,Aug,2026-08-08,641105233203731 035,332-037,332037,EXCAVATOR HITACHI ZX350H-5G 332-037,Excavator,AB,WS-PERBAIKAN DAN MAINTENANCE UNIT,332-037 greassing unit dan ispeksi unit,1.0
TANJUNG,Aug,2026-08-08,641105233203631 035,332-036,332036,EXCAVATOR HITACHI ZX350H-5G 332-036,Excavator,AB,WS-PERBAIKAN DAN MAINTENANCE UNIT,332-036 greassing unit dan ispeksi unit,0.5
TANJUNG,Aug,2026-08-08,641105231203032 035,312-030,312030,DUMP TRUCK HINO FM 280 JD 312-030,DT FM 260 JD,AB,WS-PERBAIKAN DAN MAINTENANCE UNIT,"312-030 LAS SEFTY KUPU"" DUMP",2.0
TANJUNG,Aug,2026-08-08,641105231201932 065,312-019,312019,DUMP TRUCK HINO FM 260 JD 312-019,DT FM 260 JD,AB,WS-PERBAIKAN DAN MAINTENANCE UNIT,312-019 GANTI LAMPU MUNDUR,1.0
TANJUNG,Aug,2026-08-08,641105231202832 035,312-028,312028,DUMP TRUCK HINO FM 280 JD 312-028,DT FM 260 JD,AB,WS-PERBAIKAN DAN MAINTENANCE UNIT,"312-028 GANTI TORGUE BELAKANG RH LH, PRO",8.0
TANJUNG,Aug,2026-08-08,641105233203632 115,332-036,332036,EXCAVATOR HITACHI ZX350H-5G 332-036,Excavator,AB,WS-PERBAIKAN DAN MAINTENANCE UNIT,332-036 TAMBAH OLI HYD,0.5
TANJUNG,Aug,2026-08-08,641105233203632 065,332-036,332036,EXCAVATOR HITACHI ZX350H-5G 332-036,Excavator,AB,WS-PERBAIKAN DAN MAINTENANCE UNIT,332-036 GANTI LAMPU KEJA,1.0
TANJUNG,Aug,2026-08-08,641105231203432 025,312-034,312034,DUMP TRUCK HINO FM 280 JD 312-034,DT FM 260 JD,AB,WS-PERBAIKAN DAN MAINTENANCE UNIT,"312-034 CEK KEBOCORAN ANGIN, KENCANGKAN",4.0
TANJUNG,Aug,2026-08-09,611805004001000 000,332-033,332033,EXCAVATOR HITACHI ZX350H-5G 332-033,Excavator,AB,WS-PERBAIKAN DAN MAINTENANCE UNIT,332-033 LAS MUFLER,10.0
TANJUNG,Aug,2026-08-09,641105226200232 065,262-002,262002,TRUCK TANGKI HINO 130 HD DA 1521 Z 262-002,Tangki Air,TR,WS-PERBAIKAN DAN MAINTENANCE UNIT,262-002 PERBAIKAN RADIO DAN GANTI RADIO,4.0
TANJUNG,Aug,2026-08-09,641105233202732 035,332-027,332027,EXCAVATOR HITACHI ZX350H-5G 332-027,Excavator Breaker 30 Ton,AB,WS-PERBAIKAN DAN MAINTENANCE UNIT,332-027 TAMBAH OLI DEMPER,1.0
TANJUNG,Aug,2026-08-09,641105233203632 115,332-036,332036,EXCAVATOR HITACHI ZX350H-5G 332-036,Excavator,AB,WS-PERBAIKAN DAN MAINTENANCE UNIT,"332-036 KENCANGKAN HOSE HYD, MAIN PUMP C",1.5
TANJUNG,Aug,2026-08-09,641105231203432 065,312-034,312034,DUMP TRUCK HINO FM 280 JD 312-034,DT FM 260 JD,AB,WS-PERBAIKAN DAN MAINTENANCE UNIT,312-034 KENCANGKAN DAN BERSIHKAN SOKET S,2.0
TANJUNG,Aug,2026-08-09,641105226200232 075,262-002,262002,TRUCK TANGKI HINO 130 HD DA 1521 Z 262-002,Tangki Air,TR,WS-PERBAIKAN DAN MAINTENANCE UNIT,262-002 AMPLAS BAREL PISTON DAN MENG AMP,3.0
TANJUNG,Aug,2026-08-09,641105231202132 065,312-021,312021,DUMP TRUCK HINO FM 260 JD 312-021,DT FM 260 JD,AB,WS-PERBAIKAN DAN MAINTENANCE UNIT,"312-021 GANTI BAUT TERMINAL BETRY, CEK E",2.0
TANJUNG,Aug,2026-08-09,641105231202332 065,312-023,312023,DUMP TRUCK HINO FM 260 JD 312-023,DT FM 260 JD,AB,WS-PERBAIKAN DAN MAINTENANCE UNIT,312-023 ADJUST DISC CLUTCH DAN JAMPER AC,2.0
TANJUNG,Aug,2026-08-09,641105231202732 035,312-027,312027,DUMP TRUCK HINO FM 280 JD 312-027,DT FM 260 JD,AB,WS-PERBAIKAN DAN MAINTENANCE UNIT,"312-027 LAS EXHAOUSE PIPE, BIKIN BRAKET",13.5
TANJUNG,Aug,2026-08-09,641105231203432 145,312-034,312034,DUMP TRUCK HINO FM 280 JD 312-034,DT FM 260 JD,AB,WS-PERBAIKAN DAN MAINTENANCE UNIT,312-034 MENURUNKAN TRANSMISI MENGGANTI S,20.0
TANJUNG,Aug,2026-08-09,641105231202132 065,312-021,312021,DUMP TRUCK HINO FM 260 JD 312-021,DT FM 260 JD,AB,WS-PERBAIKAN DAN MAINTENANCE UNIT,312-021 GANTI KABEL PTO,2.0
TANJUNG,Aug,2026-08-09,641105233202731 035,332-027,332027,EXCAVATOR HITACHI ZX350H-5G 332-027,Excavator Breaker 30 Ton,AB,WS-PERBAIKAN DAN MAINTENANCE UNIT,332-027 GREASSING,1.0
TANJUNG,Aug,2026-08-09,641105233203631 035,332-036,332036,EXCAVATOR HITACHI ZX350H-5G 332-036,Excavator,AB,WS-PERBAIKAN DAN MAINTENANCE UNIT,332-036 GREASSING,1.0
TANJUNG,Aug,2026-08-09,641105233203731 035,332-037,332037,EXCAVATOR HITACHI ZX350H-5G 332-037,Excavator,AB,WS-PERBAIKAN DAN MAINTENANCE UNIT,332-037 GREASSING,0.5
TANJUNG,Aug,2026-08-10,641105233203632 035,332-036,332036,EXCAVATOR HITACHI ZX350H-5G 332-036,Excavator,AB,WS-PERBAIKAN DAN MAINTENANCE UNIT,332-036 GANTI MUFLER,3.0
TANJUNG,Aug,2026-08-10,611805004001000 000,332-033,332033,EXCAVATOR HITACHI ZX350H-5G 332-033,Excavator,AB,WS-PERBAIKAN DAN MAINTENANCE UNIT,332-033 LEPAS HEAD CYL,3.0
TANJUNG,Aug,2026-08-10,641105234201732 075,342-017,342017,BULLDOZER KOMATSU D85E 342-017,Bulldozer,AB,WS-PERBAIKAN DAN MAINTENANCE UNIT,342-017 TAMBAH OLI ENGINE,0.5
TANJUNG,Aug,2026-08-10,641105231202832 045,312-028,312028,DUMP TRUCK HINO FM 280 JD 312-028,DT FM 260 JD,AB,WS-PERBAIKAN DAN MAINTENANCE UNIT,312-028 STEL REM,2.0
TANJUNG,Aug,2026-08-10,641105231203032 135,312-030,312030,DUMP TRUCK HINO FM 280 JD 312-030,DT FM 260 JD,AB,WS-PERBAIKAN DAN MAINTENANCE UNIT,"312-030 GANTI SPRING NO 8,4 DAN 5, GREAS",24.0
TANJUNG,Aug,2026-08-10,641105231203132 035,312-031,312031,DUMP TRUCK HINO FM 280 JD 312-031,DT FM 260 JD,AB,WS-PERBAIKAN DAN MAINTENANCE UNIT,312-031 PERBAIKAN PTO,0.5
TANJUNG,Aug,2026-08-10,641105226101832 065,261-018,261018,TRUCK TANGKI HINO 130 HD DA 8678 CV 261-018,Fuel Tank,TR,WS-PERBAIKAN DAN MAINTENANCE UNIT,261-018 CEK FUSE ADA YANG SHORT,2.0
TANJUNG,Aug,2026-08-10,611805004001000 000,332-033,332033,EXCAVATOR HITACHI ZX350H-5G 332-033,Excavator,AB,WS-PERBAIKAN DAN MAINTENANCE UNIT,332-033 MEMBUAT BRAKET ENGINE,21.5
TANJUNG,Aug,2026-08-10,641105231203432 145,312-034,312034,DUMP TRUCK HINO FM 280 JD 312-034,DT FM 260 JD,AB,WS-PERBAIKAN DAN MAINTENANCE UNIT,312-034 TES RUNNING CEK KEBOCORAN DI T/M,12.0
TANJUNG,Aug,2026-08-10,641105231202732 015,312-027,312027,DUMP TRUCK HINO FM 280 JD 312-027,DT FM 260 JD,AB,WS-PERBAIKAN DAN MAINTENANCE UNIT,312-027 TAMBAH FREON DAN GANTI TENSIONER,1.0
TANJUNG,Aug,2026-08-10,641105231202132 065,312-021,312021,DUMP TRUCK HINO FM 260 JD 312-021,DT FM 260 JD,AB,WS-PERBAIKAN DAN MAINTENANCE UNIT,312-021 GANTI ALTER NATOR,5.0
TANJUNG,Aug,2026-08-10,641105233203631 035,332-036,332036,EXCAVATOR HITACHI ZX350H-5G 332-036,Excavator,AB,WS-PERBAIKAN DAN MAINTENANCE UNIT,332-036 GREASSING,1.0
TANJUNG,Aug,2026-08-10,641105233202631 075,332-026,332026,EXCAVATOR HITACHI ZX210F-5G 332-026,Excavator,AB,WS-PERBAIKAN DAN MAINTENANCE UNIT,332-026 SERVICE,3.0
TANJUNG,Aug,2026-08-10,641105233203731 035,332-037,332037,EXCAVATOR HITACHI ZX350H-5G 332-037,Excavator,AB,WS-PERBAIKAN DAN MAINTENANCE UNIT,332-037 GREASSING,1.0
TANJUNG,Aug,2026-08-11,641105231203132 165,312-031,312031,DUMP TRUCK HINO FM 280 JD 312-031,DT FM 260 JD,AB,WS-PERBAIKAN DAN MAINTENANCE UNIT,312-031 GANTI TYRE NO 6,2.0
TANJUNG,Aug,2026-08-11,641105231202132 115,312-021,312021,DUMP TRUCK HINO FM 260 JD 312-021,DT FM 260 JD,AB,WS-PERBAIKAN DAN MAINTENANCE UNIT,312-021 TAMBAH OLI HYD DUMP,1.5
TANJUNG,Aug,2026-08-11,641105233202631 035,332-026,332026,EXCAVATOR HITACHI ZX210F-5G 332-026,Excavator,AB,WS-PERBAIKAN DAN MAINTENANCE UNIT,332-026 GREASSING,1.0
TANJUNG,Aug,2026-08-11,641105233204931 035,332-049,332049,EXCAVATOR SHANTUI SE 215 W 332-049,Excavator Breaker 30 Ton,AB,WS-PERBAIKAN DAN MAINTENANCE UNIT,332-049 GREASSING,1.0
TANJUNG,Aug,2026-08-11,641105233203731 035,332-037,332037,EXCAVATOR HITACHI ZX350H-5G 332-037,Excavator,AB,WS-PERBAIKAN DAN MAINTENANCE UNIT,332-037 GREASSING,0.5
TANJUNG,Aug,2026-08-11,641105233203631 035,332-036,332036,EXCAVATOR HITACHI ZX350H-5G 332-036,Excavator,AB,WS-PERBAIKAN DAN MAINTENANCE UNIT,332-036 GREASSING,0.5
TANJUNG,Aug,2026-08-11,641105233202731 035,332-027,332027,EXCAVATOR HITACHI ZX350H-5G 332-027,Excavator Breaker 30 Ton,AB,WS-PERBAIKAN DAN MAINTENANCE UNIT,332-027 GREASSING,0.5
TANJUNG,Aug,2026-08-11,641105234201731 035,342-017,342017,BULLDOZER KOMATSU D85E 342-017,Bulldozer,AB,WS-PERBAIKAN DAN MAINTENANCE UNIT,342-017 GREASSING,0.5
TANJUNG,Aug,2026-08-11,641105234201231 035,342-012,342012,BULLDOZER WEA B 220 342-012,Bulldozer,AB,WS-PERBAIKAN DAN MAINTENANCE UNIT,342-012 GREASSING,1.0
TANJUNG,Aug,2026-08-11,611805004001000 000,332-033,332033,EXCAVATOR HITACHI ZX350H-5G 332-033,Excavator,AB,WS-PERBAIKAN DAN MAINTENANCE UNIT,"332-033 LEPAS WATER PUMP, LEPAS DINAMO S",30.0
TANJUNG,Aug,2026-08-11,641105226200132 075,262-001,262001,TRUCK TANGKI HINO FG235 DA 1853 Z /DA 8705 ZE 262-001,Tangki Air,TR,WS-PERBAIKAN DAN MAINTENANCE UNIT,262-001 RAKIT JOIN SHAFT PTO,6.0
TANJUNG,Aug,2026-08-11,641105231202732 115,312-027,312027,DUMP TRUCK HINO FM 280 JD 312-027,DT FM 260 JD,AB,WS-PERBAIKAN DAN MAINTENANCE UNIT,"312-027 TAMBAH OLI ENGINE, KENCANGKAN BO",0.5
TANJUNG,Aug,2026-08-11,641105231203232 015,312-032,312032,DUMP TRUCK HINO FM 280 JD 312-032,DT FM 260 JD,AB,WS-PERBAIKAN DAN MAINTENANCE UNIT,"312-032 ADJUST BELT AC, CEK TENSIONER AC",2.0
TANJUNG,Aug,2026-08-11,641205230000035 093,,,,,,WS-PERBAIKAN DAN MAINTENANCE UNIT,"WS LEPAS COVER BEARING ALTER NATOR, MENG",6.0
TANJUNG,Aug,2026-08-11,641105226200132 075,262-001,262001,TRUCK TANGKI HINO FG235 DA 1853 Z /DA 8705 ZE 262-001,Tangki Air,TR,WS-PERBAIKAN DAN MAINTENANCE UNIT,"262-001 , RAKIT SPIDER JOIN",6.0
TANJUNG,Aug,2026-08-11,641105231202332 065,312-023,312023,DUMP TRUCK HINO FM 260 JD 312-023,DT FM 260 JD,AB,WS-PERBAIKAN DAN MAINTENANCE UNIT,312-023 TAMBAH AIR ACCU DAN JAMBER ACCU,1.0
TANJUNG,Aug,2026-08-11,641105231202832 075,312-028,312028,DUMP TRUCK HINO FM 280 JD 312-028,DT FM 260 JD,AB,WS-PERBAIKAN DAN MAINTENANCE UNIT,312-028 MEMBERSIHKAN PISTON POMPA PTO DA,1.0
TANJUNG,Aug,2026-08-11,641105226200132 075,262-001,262001,TRUCK TANGKI HINO FG235 DA 1853 Z /DA 8705 ZE 262-001,Tangki Air,TR,WS-PERBAIKAN DAN MAINTENANCE UNIT,"262-001 PASANG SHAFT JOIN PTO, RAKIT BRA",18.0
TANJUNG,Aug,2026-08-11,641105231202832 145,312-028,312028,DUMP TRUCK HINO FM 280 JD 312-028,DT FM 260 JD,AB,WS-PERBAIKAN DAN MAINTENANCE UNIT,"312-028 ADJUST KABEL PTO, BERSIHKAN PTO",2.0
TANJUNG,Aug,2026-08-11,641105231202732 145,312-027,312027,DUMP TRUCK HINO FM 280 JD 312-027,DT FM 260 JD,AB,WS-PERBAIKAN DAN MAINTENANCE UNIT,312-027 ADJUST KOPLING,0.5
TANJUNG,Aug,2026-08-11,641105226101832 145,261-018,261018,TRUCK TANGKI HINO 130 HD DA 8678 CV 261-018,Fuel Tank,TR,WS-PERBAIKAN DAN MAINTENANCE UNIT,"261-018 BONGKAR BOOSTER KOPLING, GANTI D",2.0
TANJUNG,Aug,2026-08-11,641105231202732 145,312-027,312027,DUMP TRUCK HINO FM 280 JD 312-027,DT FM 260 JD,AB,WS-PERBAIKAN DAN MAINTENANCE UNIT,312-027 ADJUST KOPLING,1.0
TANJUNG,Aug,2026-08-11,641105233203632 065,332-036,332036,EXCAVATOR HITACHI ZX350H-5G 332-036,Excavator,AB,WS-PERBAIKAN DAN MAINTENANCE UNIT,332-036 PERBAIKAN LAMPU KERJA,1.5
TANJUNG,Aug,2026-08-11,641205230000035 093,241-001,,,,,WS-PERBAIKAN DAN MAINTENANCE UNIT,241-001 LEPAS MASTER KOPLING,1.5
TANJUNG,Aug,2026-08-11,641105226101832 145,261-018,261018,TRUCK TANGKI HINO 130 HD DA 8678 CV 261-018,Fuel Tank,TR,WS-PERBAIKAN DAN MAINTENANCE UNIT,261-018 GANTI PISTON MASTER KOPLING BAWA,4.0
TANJUNG,Aug,2026-08-12,641105233203632 075,332-036,332036,EXCAVATOR HITACHI ZX350H-5G 332-036,Excavator,AB,WS-PERBAIKAN DAN MAINTENANCE UNIT,332-036 GANTI DIPSTIK OLI ENGGINE DAN RE,4.0
TANJUNG,Aug,2026-08-12,611805004001000 000,332-033,332033,EXCAVATOR HITACHI ZX350H-5G 332-033,Excavator,AB,WS-PERBAIKAN DAN MAINTENANCE UNIT,"332-033 BERSIHKAN PISTON, LEPAS RING PIS",22.0
TANJUNG,Aug,2026-08-12,641105231201932 045,312-019,312019,DUMP TRUCK HINO FM 260 JD 312-019,DT FM 260 JD,AB,WS-PERBAIKAN DAN MAINTENANCE UNIT,312-019 GANTI DAN PASANG ADAFTER EXHAOUS,0.5
TANJUNG,Aug,2026-08-12,641105234201232 065,342-012,342012,BULLDOZER WEA B 220 342-012,Bulldozer,AB,WS-PERBAIKAN DAN MAINTENANCE UNIT,342-012 CEK WAIRING KUNCI KONTAK DAN ISO,1.0
TANJUNG,Aug,2026-08-12,641105231202332 075,312-023,312023,DUMP TRUCK HINO FM 260 JD 312-023,DT FM 260 JD,AB,WS-PERBAIKAN DAN MAINTENANCE UNIT,312-023 KENCANGKAN TUTUP PRIMING PUMP,1.5
TANJUNG,Aug,2026-08-12,641105231203432 145,312-034,312034,DUMP TRUCK HINO FM 280 JD 312-034,DT FM 260 JD,AB,WS-PERBAIKAN DAN MAINTENANCE UNIT,"312-034 LEPAS BEARING SHAFT T/M, PASANG",2.0
TANJUNG,Aug,2026-08-12,641105234201232 065,342-012,342012,BULLDOZER WEA B 220 342-012,Bulldozer,AB,WS-PERBAIKAN DAN MAINTENANCE UNIT,"342-012 PASANG BOLT RPM, ISOLASI KABEL S",2.0
TANJUNG,Aug,2026-08-12,641105231203432 035,312-034,312034,DUMP TRUCK HINO FM 280 JD 312-034,DT FM 260 JD,AB,WS-PERBAIKAN DAN MAINTENANCE UNIT,"312-034 REBUS BEARING DAN LEPAS, POTONG",8.0
TANJUNG,Aug,2026-08-12,641205230000032 093,,,,,,WS-PERBAIKAN DAN MAINTENANCE UNIT,WS RAKIT TYRE 2 PCS,4.5
TANJUNG,Aug,2026-08-12,641105233203631 035,332-036,332036,EXCAVATOR HITACHI ZX350H-5G 332-036,Excavator,AB,WS-PERBAIKAN DAN MAINTENANCE UNIT,332-036 GREASSING,1.0
TANJUNG,Aug,2026-08-12,641105226200132 155,262-001,262001,TRUCK TANGKI HINO FG235 DA 1853 Z /DA 8705 ZE 262-001,Tangki Air,TR,WS-PERBAIKAN DAN MAINTENANCE UNIT,262-001 PERBAIKAN LAFER TRACK PRESNELING,2.0
TANJUNG,Aug,2026-08-12,641105233202731 035,332-027,332027,EXCAVATOR HITACHI ZX350H-5G 332-027,Excavator Breaker 30 Ton,AB,WS-PERBAIKAN DAN MAINTENANCE UNIT,332-027 GREASSING,0.5
TANJUNG,Aug,2026-08-13,641105231202232 015,312-022,312022,DUMP TRUCK HINO FM 260 JD 312-022,DT FM 260 JD,AB,WS-PERBAIKAN DAN MAINTENANCE UNIT,"312-022 GANTI TENSINER AC, GANTI V-BELT",5.5
TANJUNG,Aug,2026-08-13,641105226200132 145,261-001,261001,TRUCK TANGKI TOYOTA DYNA DA 9457 C 261-001,,TR,WS-PERBAIKAN DAN MAINTENANCE UNIT,261-001 PERBAIKANTUAS PRASNELING TRANSMI,2.0
TANJUNG,Aug,2026-08-13,641105233202631 035,332-026,332026,EXCAVATOR HITACHI ZX210F-5G 332-026,Excavator,AB,WS-PERBAIKAN DAN MAINTENANCE UNIT,332-026 GREASSING,1.0
TANJUNG,Aug,2026-08-13,641105233204931 035,332-049,332049,EXCAVATOR SHANTUI SE 215 W 332-049,Excavator Breaker 30 Ton,AB,WS-PERBAIKAN DAN MAINTENANCE UNIT,332-049 GREASSING,1.5
TANJUNG,Aug,2026-08-13,641105233202731 035,332-027,332027,EXCAVATOR HITACHI ZX350H-5G 332-027,Excavator Breaker 30 Ton,AB,WS-PERBAIKAN DAN MAINTENANCE UNIT,332-027 GREASSING,1.0
TANJUNG,Aug,2026-08-13,641105233203231 035,332-032,332032,EXCAVATOR KOMATSU PC-200-8M1 332-032,Excavator,AB,WS-PERBAIKAN DAN MAINTENANCE UNIT,332-032 GREASSING,1.5
TANJUNG,Aug,2026-08-13,611805004001000 000,332-033,332033,EXCAVATOR HITACHI ZX350H-5G 332-033,Excavator,AB,WS-PERBAIKAN DAN MAINTENANCE UNIT,"332-033 SKUR KLEP VALVE, BERSIHKAN KLEP",50.0
TANJUNG,Aug,2026-08-13,641105231201932 075,312-019,312019,DUMP TRUCK HINO FM 260 JD 312-019,DT FM 260 JD,AB,WS-PERBAIKAN DAN MAINTENANCE UNIT,312-019 TAMBAH OLI ENGINE,1.0
TANJUNG,Aug,2026-08-13,641105226200132 035,262-001,262001,TRUCK TANGKI HINO FG235 DA 1853 Z /DA 8705 ZE 262-001,Tangki Air,TR,WS-PERBAIKAN DAN MAINTENANCE UNIT,262-001 TAB BAUT DAN PASANG SPRAYER,2.0
TANJUNG,Aug,2026-08-13,641105233203731 035,332-037,332037,EXCAVATOR HITACHI ZX350H-5G 332-037,Excavator,AB,WS-PERBAIKAN DAN MAINTENANCE UNIT,332-037 GREASSING,1.0
TANJUNG,Aug,2026-08-13,641105231203332 105,312-033,312033,DUMP TRUCK HINO FM 280 JD 312-033,,AB,WS-PERBAIKAN DAN MAINTENANCE UNIT,"312-033 PERBAIKAN FINAL DRIVE LH RH, BON",26.0
TANJUNG,Aug,2026-08-13,641105231202232 035,312-022,312022,DUMP TRUCK HINO FM 260 JD 312-022,DT FM 260 JD,AB,WS-PERBAIKAN DAN MAINTENANCE UNIT,"312-022 PERBAIKAN KEBOCORAN FUEL,",1.0
TANJUNG,Aug,2026-08-13,641105231203032 065,312-030,312030,DUMP TRUCK HINO FM 280 JD 312-030,DT FM 260 JD,AB,WS-PERBAIKAN DAN MAINTENANCE UNIT,312-030 CEK DAN GANTI SENSOR,1.0
TANJUNG,Aug,2026-08-13,641105231203232 035,312-032,312032,DUMP TRUCK HINO FM 280 JD 312-032,DT FM 260 JD,AB,WS-PERBAIKAN DAN MAINTENANCE UNIT,312-032 GANTI CROSS JOINT SHAFT DAN CROS,16.5
TANJUNG,Aug,2026-08-13,641105233204932 035,332-049,332049,EXCAVATOR SHANTUI SE 215 W 332-049,Excavator Breaker 30 Ton,AB,WS-PERBAIKAN DAN MAINTENANCE UNIT,"332-049 PASANG KAWAT BRAKET, PASANG LOCK",1.0
TANJUNG,Aug,2026-08-13,641105226200132 145,262-001,262001,TRUCK TANGKI HINO FG235 DA 1853 Z /DA 8705 ZE 262-001,Tangki Air,TR,WS-PERBAIKAN DAN MAINTENANCE UNIT,262-001 PERBAIKAN BRAKET PRESNELING,12.0
TANJUNG,Aug,2026-08-13,641205230000035 093,,,,,,WS-PERBAIKAN DAN MAINTENANCE UNIT,WS BUAT TIANG BENDERA,4.0
TANJUNG,Aug,2026-08-13,641105233204932 035,332-049,332049,EXCAVATOR SHANTUI SE 215 W 332-049,Excavator Breaker 30 Ton,AB,WS-PERBAIKAN DAN MAINTENANCE UNIT,332-049 KENCANGKAN HOSE PASANG SOFEL JOI,3.5
TANJUNG,Aug,2026-08-13,641105231203432 035,312-034,312034,DUMP TRUCK HINO FM 280 JD 312-034,DT FM 260 JD,AB,WS-PERBAIKAN DAN MAINTENANCE UNIT,312-034 GANTI CROSS JOINT SHAFT PTO,3.5
TANJUNG,Aug,2026-08-13,641205230000035 093,,,,,,WS-PERBAIKAN DAN MAINTENANCE UNIT,WS RAKIT PIPA AIR,3.0
TANJUNG,Aug,2026-08-13,641105233203631 035,332-036,332036,EXCAVATOR HITACHI ZX350H-5G 332-036,Excavator,AB,WS-PERBAIKAN DAN MAINTENANCE UNIT,332-036 GREASSING,1.0
TANJUNG,Aug,2026-08-13,641105233203731 035,332-037,332037,EXCAVATOR HITACHI ZX350H-5G 332-037,Excavator,AB,WS-PERBAIKAN DAN MAINTENANCE UNIT,332-037 GREASSING,1.0
TANJUNG,Aug,2026-08-13,641205230000034 023,241-001,,,,,WS-PERBAIKAN DAN MAINTENANCE UNIT,241-001 PASANG BOOSTER KOPLING DAN BUANG,4.0
TANJUNG,Aug,2026-08-13,641105231202132 115,312-021,312021,DUMP TRUCK HINO FM 260 JD 312-021,DT FM 260 JD,AB,WS-PERBAIKAN DAN MAINTENANCE UNIT,312-021 TAMBAH OLI HYD 5L,0.5
TANJUNG,Aug,2026-08-13,641105231202132 065,312-021,312021,DUMP TRUCK HINO FM 260 JD 312-021,DT FM 260 JD,AB,WS-PERBAIKAN DAN MAINTENANCE UNIT,"312-021 PERBAIKAN SEKRING LAMPU ROTARI,",4.0
TANJUNG,Aug,2026-08-13,641105226200132 035,262-001,262001,TRUCK TANGKI HINO FG235 DA 1853 Z /DA 8705 ZE 262-001,Tangki Air,TR,WS-PERBAIKAN DAN MAINTENANCE UNIT,262-001 MEMASANG V-BELT POMPA,1.0
TANJUNG,Aug,2026-08-13,641105231202732 015,312-027,312027,DUMP TRUCK HINO FM 280 JD 312-027,DT FM 260 JD,AB,WS-PERBAIKAN DAN MAINTENANCE UNIT,312-027 SETEL TENSIONER AC,0.5
TANJUNG,Aug,2026-08-14,641105231202232 015,312-022,312022,DUMP TRUCK HINO FM 260 JD 312-022,DT FM 260 JD,AB,WS-PERBAIKAN DAN MAINTENANCE UNIT,"312-022 TAMBAH FREON, PERBAIKAN LAMPU RO",3.0
TANJUNG,Aug,2026-08-14,611805004001000 000,332-033,332033,EXCAVATOR HITACHI ZX350H-5G 332-033,Excavator,AB,WS-PERBAIKAN DAN MAINTENANCE UNIT,332-033 SKUR VALVE,27.0
TANJUNG,Aug,2026-08-14,641105231202232 035,312-022,312022,DUMP TRUCK HINO FM 260 JD 312-022,DT FM 260 JD,AB,WS-PERBAIKAN DAN MAINTENANCE UNIT,"312-022 GANTI PRIMING PUMP, LEPAS PIPA B",4.5
TANJUNG,Aug,2026-08-14,641105234201232 065,342-012,342012,BULLDOZER WEA B 220 342-012,Bulldozer,AB,WS-PERBAIKAN DAN MAINTENANCE UNIT,"342-012 BERSIHKAN FILOTER FUEL , ISI SOL",3.5
TANJUNG,Aug,2026-08-14,641105233203632 015,332-036,332036,EXCAVATOR HITACHI ZX350H-5G 332-036,Excavator,AB,WS-PERBAIKAN DAN MAINTENANCE UNIT,332-036 MENUTUPI ANGIN BLOWER YANG TIDAK,6.0
TANJUNG,Aug,2026-08-14,641105226200132 145,262-001,262001,TRUCK TANGKI HINO FG235 DA 1853 Z /DA 8705 ZE 262-001,Tangki Air,TR,WS-PERBAIKAN DAN MAINTENANCE UNIT,"262-001 BUANG ANGIN, CEK BOOSTER, REPAIR",50.0
TANJUNG,Aug,2026-08-14,641105231202732 145,312-027,312027,DUMP TRUCK HINO FM 280 JD 312-027,DT FM 260 JD,AB,WS-PERBAIKAN DAN MAINTENANCE UNIT,"312-027 TURUNKAN T/M, LEPAS LONG SHAFT,",35.0
TANJUNG,Aug,2026-08-14,641105231202132 015,312-021,312021,DUMP TRUCK HINO FM 260 JD 312-021,DT FM 260 JD,AB,WS-PERBAIKAN DAN MAINTENANCE UNIT,"312-021 AMBIL PART FREON DI SERADANG, CH",2.0
TANJUNG,Aug,2026-08-14,641205230000035 093,,,,,,WS-PERBAIKAN DAN MAINTENANCE UNIT,WS LAS KATROL BENDERA TEMPAT TALI BENDER,3.5
TANJUNG,Aug,2026-08-14,641105231201532 035,312-015,312015,DUMP TRUCK HINO FM 260 JD 312-015,DT FM 260 JD,AB,WS-PERBAIKAN DAN MAINTENANCE UNIT,312-015 JAMPER ACCU,1.5
TANJUNG,Aug,2026-08-14,641105231202332 035,312-023,312023,DUMP TRUCK HINO FM 260 JD 312-023,DT FM 260 JD,AB,WS-PERBAIKAN DAN MAINTENANCE UNIT,312-023 LEPAS EXTRAFAN DAN REPAIR EXTRAF,4.0
TANJUNG,Aug,2026-08-14,641105233202732 035,332-027,332027,EXCAVATOR HITACHI ZX350H-5G 332-027,Excavator Breaker 30 Ton,AB,WS-PERBAIKAN DAN MAINTENANCE UNIT,332-027 PASANG LINK I DAN PIN LOCK,2.0
TANJUNG,Aug,2026-08-14,641105233203731 035,332-037,332037,EXCAVATOR HITACHI ZX350H-5G 332-037,Excavator,AB,WS-PERBAIKAN DAN MAINTENANCE UNIT,332-037 GREASSING,1.0
TANJUNG,Aug,2026-08-14,641105231203031 075,312-030,312030,DUMP TRUCK HINO FM 280 JD 312-030,DT FM 260 JD,AB,WS-PERBAIKAN DAN MAINTENANCE UNIT,312-030 SERVICE,2.0
TANJUNG,Aug,2026-08-14,641105233202731 035,332-027,332027,EXCAVATOR HITACHI ZX350H-5G 332-027,Excavator Breaker 30 Ton,AB,WS-PERBAIKAN DAN MAINTENANCE UNIT,332-027 GREASSING,1.0
TANJUNG,Aug,2026-08-14,641105231203132 065,312-031,312031,DUMP TRUCK HINO FM 280 JD 312-031,DT FM 260 JD,AB,WS-PERBAIKAN DAN MAINTENANCE UNIT,312-031 ISI SAMBUNG KLAM AKI,1.0
TANJUNG,Aug,2026-08-14,641105233203232 035,332-032,332032,EXCAVATOR KOMATSU PC-200-8M1 332-032,Excavator,AB,WS-PERBAIKAN DAN MAINTENANCE UNIT,"332-032 GANTI CARRER ROLLER RH LH , ADJ",10.5
TANJUNG,Aug,2026-08-14,641105233203632 075,332-036,332036,EXCAVATOR HITACHI ZX350H-5G 332-036,Excavator,AB,WS-PERBAIKAN DAN MAINTENANCE UNIT,332-036 TAMBAH AIR RADIATOR,1.0
TANJUNG,Aug,2026-08-14,641105231203232 065,312-032,312032,DUMP TRUCK HINO FM 280 JD 312-032,DT FM 260 JD,AB,WS-PERBAIKAN DAN MAINTENANCE UNIT,312-032 CARI ARUS LAMPU MUNDUR,1.5
TANJUNG,Aug,2026-08-15,661205000000095 093,,,,,,WS-PERBAIKAN DAN MAINTENANCE UNIT,BPA OPR 5 PERBAIKAN LAS BEMPER DEPAN,1.0
TANJUNG,Aug,2026-08-16,641105231202232 015,312-022,312022,DUMP TRUCK HINO FM 260 JD 312-022,DT FM 260 JD,AB,WS-PERBAIKAN DAN MAINTENANCE UNIT,312-022 LEPAS DAN GANTI DAN PASANG TIMIN,15.0
TANJUNG,Aug,2026-08-16,641105226200132 145,262-001,262001,TRUCK TANGKI HINO FG235 DA 1853 Z /DA 8705 ZE 262-001,Tangki Air,TR,WS-PERBAIKAN DAN MAINTENANCE UNIT,262-001 MEMBERSIHKAN DROG KOPLING DAN RE,8.0
TANJUNG,Aug,2026-08-16,641105231203432 035,312-034,312034,DUMP TRUCK HINO FM 280 JD 312-034,DT FM 260 JD,AB,WS-PERBAIKAN DAN MAINTENANCE UNIT,312-034 PERBAIKAN COVER RELEASE BEARING,4.0
TANJUNG,Aug,2026-08-16,641105231202132 075,312-021,312021,DUMP TRUCK HINO FM 260 JD 312-021,DT FM 260 JD,AB,WS-PERBAIKAN DAN MAINTENANCE UNIT,"312-021 BONGKAR RADIATOR, BUANG AIR RADI",3.5
TANJUNG,Aug,2026-08-16,641105231202232 035,312-022,312022,DUMP TRUCK HINO FM 260 JD 312-022,DT FM 260 JD,AB,WS-PERBAIKAN DAN MAINTENANCE UNIT,"312-022 PERBAIKAN RPM GAS, ADJUST RPM",4.0
TANJUNG,Aug,2026-08-16,641105231203432 035,312-034,312034,DUMP TRUCK HINO FM 280 JD 312-034,DT FM 260 JD,AB,WS-PERBAIKAN DAN MAINTENANCE UNIT,"312-034 PASANG HOSE GREASS, PASANG COVER",2.0
TANJUNG,Aug,2026-08-16,641105231201532 015,312-015,312015,DUMP TRUCK HINO FM 260 JD 312-015,DT FM 260 JD,AB,WS-PERBAIKAN DAN MAINTENANCE UNIT,"312-015 CEK KEBOCORAN FREON, BERSIHKAN K",1.0
TANJUNG,Aug,2026-08-16,641105231203432 145,312-034,312034,DUMP TRUCK HINO FM 280 JD 312-034,DT FM 260 JD,AB,WS-PERBAIKAN DAN MAINTENANCE UNIT,"312-034 PASANG T/M, PERBAIKAN BOOSTER KO",6.0
TANJUNG,Aug,2026-08-16,641105231203432 035,312-034,312034,DUMP TRUCK HINO FM 280 JD 312-034,DT FM 260 JD,AB,WS-PERBAIKAN DAN MAINTENANCE UNIT,312-034 GERINDA LUBANG SHAFT SPIDER JOIN,1.0
TANJUNG,Aug,2026-08-16,641105231203032 155,312-030,312030,DUMP TRUCK HINO FM 280 JD 312-030,DT FM 260 JD,AB,WS-PERBAIKAN DAN MAINTENANCE UNIT,312-030 PERBAIKAN SPAKBOR DAN TAMBAH AIR,2.0
TANJUNG,Aug,2026-08-16,641105231203432 075,312-034,312034,DUMP TRUCK HINO FM 280 JD 312-034,DT FM 260 JD,AB,WS-PERBAIKAN DAN MAINTENANCE UNIT,312-034 PASANG UNIFERSAL JOIN DAN PASANG,5.5
TANJUNG,Aug,2026-08-17,641105231203032 065,312-030,312030,DUMP TRUCK HINO FM 280 JD 312-030,DT FM 260 JD,AB,WS-PERBAIKAN DAN MAINTENANCE UNIT,"312-030 GANTI FUSE, CEK KONSELETING KABE",2.5
TANJUNG,Aug,2026-08-17,641105231203032 065,312-030,312030,DUMP TRUCK HINO FM 280 JD 312-030,DT FM 260 JD,AB,WS-PERBAIKAN DAN MAINTENANCE UNIT,312-030 PERBAIKAN LAMPU,3.0
TANJUNG,Aug,2026-08-17,641105233202731 035,332-027,332027,EXCAVATOR HITACHI ZX350H-5G 332-027,Excavator Breaker 30 Ton,AB,WS-PERBAIKAN DAN MAINTENANCE UNIT,332-027 GREASSING,1.0
TANJUNG,Aug,2026-08-17,641105233203231 035,332-032,332032,EXCAVATOR KOMATSU PC-200-8M1 332-032,Excavator,AB,WS-PERBAIKAN DAN MAINTENANCE UNIT,332-032 GREASSING,1.5
TANJUNG,Aug,2026-08-17,641105234201731 035,342-017,342017,BULLDOZER KOMATSU D85E 342-017,Bulldozer,AB,WS-PERBAIKAN DAN MAINTENANCE UNIT,342-017 GREASSING,1.0
TANJUNG,Aug,2026-08-17,641105233203631 035,332-036,332036,EXCAVATOR HITACHI ZX350H-5G 332-036,Excavator,AB,WS-PERBAIKAN DAN MAINTENANCE UNIT,332-036 GREASSING,1.5
TANJUNG,Aug,2026-08-17,641105231203432 145,312-034,312034,DUMP TRUCK HINO FM 280 JD 312-034,DT FM 260 JD,AB,WS-PERBAIKAN DAN MAINTENANCE UNIT,"312-034 PASANG SHAFT PTO, BUANG ANGIN BO",16.0
TANJUNG,Aug,2026-08-17,641105233202732 015,332-027,332027,EXCAVATOR HITACHI ZX350H-5G 332-027,Excavator Breaker 30 Ton,AB,WS-PERBAIKAN DAN MAINTENANCE UNIT,332-027 CEK PROBLEM AC DAN ISI FREON CEK,0.5
TANJUNG,Aug,2026-08-17,641105233203732 035,332-037,332037,EXCAVATOR HITACHI ZX350H-5G 332-037,Excavator,AB,WS-PERBAIKAN DAN MAINTENANCE UNIT,332-037 GANTI KUKU BUCKET,2.0
TANJUNG,Aug,2026-08-17,641105233202732 015,332-027,332027,EXCAVATOR HITACHI ZX350H-5G 332-027,Excavator Breaker 30 Ton,AB,WS-PERBAIKAN DAN MAINTENANCE UNIT,"332-027 LEPAS KONDENSOR AC DAN EXPANSI,",10.0
TANJUNG,Aug,2026-08-17,641105234201732 155,342-017,342017,BULLDOZER KOMATSU D85E 342-017,Bulldozer,AB,WS-PERBAIKAN DAN MAINTENANCE UNIT,"342-017 GANTI BELT TRACK SHOE, KENCANGKA",4.0
TANJUNG,Aug,2026-08-17,641105231203432 015,312-034,312034,DUMP TRUCK HINO FM 280 JD 312-034,DT FM 260 JD,AB,WS-PERBAIKAN DAN MAINTENANCE UNIT,"312-034 PASANG TENSIONER AC, TAMBAH OLI",3.0
TANJUNG,Aug,2026-08-17,641105226200132 035,262-001,262001,TRUCK TANGKI HINO FG235 DA 1853 Z /DA 8705 ZE 262-001,Tangki Air,TR,WS-PERBAIKAN DAN MAINTENANCE UNIT,262-001 LAS BRAKET JOIN PTO MESIN POMPA,4.0
TANJUNG,Aug,2026-08-17,641105231202732 065,312-027,312027,DUMP TRUCK HINO FM 280 JD 312-027,DT FM 260 JD,AB,WS-PERBAIKAN DAN MAINTENANCE UNIT,312-027 SAMBUNG KABEL LOTO DAN PASANG CO,1.0
TANJUNG,Aug,2026-08-17,641105231202832 015,312-028,312028,DUMP TRUCK HINO FM 280 JD 312-028,DT FM 260 JD,AB,WS-PERBAIKAN DAN MAINTENANCE UNIT,"312-028 GANTI TENSIONER AC, CEK RELEASE",0.5
TANJUNG,Aug,2026-08-17,641105231203432 025,312-034,312034,DUMP TRUCK HINO FM 280 JD 312-034,DT FM 260 JD,AB,WS-PERBAIKAN DAN MAINTENANCE UNIT,312-034 GANTI PESTO ANGIN,1.0
TANJUNG,Aug,2026-08-17,641105233203631 035,332-036,332036,EXCAVATOR HITACHI ZX350H-5G 332-036,Excavator,AB,WS-PERBAIKAN DAN MAINTENANCE UNIT,332-036 GREASSING,1.0
TANJUNG,Aug,2026-08-17,641105231201932 025,312-019,312019,DUMP TRUCK HINO FM 260 JD 312-019,DT FM 260 JD,AB,WS-PERBAIKAN DAN MAINTENANCE UNIT,"312-019 BONGKAR CHAMBER DEPAN, GANTI CHA",1.0
TANJUNG,Aug,2026-08-17,641105233203731 035,332-037,332037,EXCAVATOR HITACHI ZX350H-5G 332-037,Excavator,AB,WS-PERBAIKAN DAN MAINTENANCE UNIT,332-037 GREASSING,1.5
TANJUNG,Aug,2026-08-17,641105231203032 065,312-030,312030,DUMP TRUCK HINO FM 280 JD 312-030,DT FM 260 JD,AB,WS-PERBAIKAN DAN MAINTENANCE UNIT,"312-030 GANTI SEKRING DAN BOHLAM,",0.5
TANJUNG,Aug,2026-08-17,641105226200132 065,262-001,262001,TRUCK TANGKI HINO FG235 DA 1853 Z /DA 8705 ZE 262-001,Tangki Air,TR,WS-PERBAIKAN DAN MAINTENANCE UNIT,262-001 GANTI STARTING MOTOR,3.0
TANJUNG,Aug,2026-08-17,641105226200132 065,262-001,262001,TRUCK TANGKI HINO FG235 DA 1853 Z /DA 8705 ZE 262-001,Tangki Air,TR,WS-PERBAIKAN DAN MAINTENANCE UNIT,262-001 GANTI DINAMO START,4.0
TANJUNG,Aug,2026-08-17,641105231202832 145,312-028,312028,DUMP TRUCK HINO FM 280 JD 312-028,DT FM 260 JD,AB,WS-PERBAIKAN DAN MAINTENANCE UNIT,312-028 MEMASANG LONG SHAFT PTO BOOSTER,7.5
TANJUNG,Aug,2026-08-17,641105231202131 075,312-021,312021,DUMP TRUCK HINO FM 260 JD 312-021,DT FM 260 JD,AB,WS-PERBAIKAN DAN MAINTENANCE UNIT,312-021 SERVICE,2.0
TANJUNG,Aug,2026-08-17,641105231202132 015,312-021,312021,DUMP TRUCK HINO FM 260 JD 312-021,DT FM 260 JD,AB,WS-PERBAIKAN DAN MAINTENANCE UNIT,312-021 GANTI TENSIONER,3.0
TANJUNG,Aug,2026-08-17,641105231202732 035,312-027,312027,DUMP TRUCK HINO FM 280 JD 312-027,DT FM 260 JD,AB,WS-PERBAIKAN DAN MAINTENANCE UNIT,312-027 GANTI KUKU MACAN,4.5
TANJUNG,Aug,2026-08-18,641105231203432 025,312-034,312034,DUMP TRUCK HINO FM 280 JD 312-034,DT FM 260 JD,AB,WS-PERBAIKAN DAN MAINTENANCE UNIT,"312-034 TAMBAH TREEBOND, KENCANGKAN COVE",4.5
TANJUNG,Aug,2026-08-18,641105233202732 065,332-027,332027,EXCAVATOR HITACHI ZX350H-5G 332-027,Excavator Breaker 30 Ton,AB,WS-PERBAIKAN DAN MAINTENANCE UNIT,332-027 UBAH ARUS KABEL RADIO,2.0
TANJUNG,Aug,2026-08-18,641105231202832 015,312-028,312028,DUMP TRUCK HINO FM 280 JD 312-028,DT FM 260 JD,AB,WS-PERBAIKAN DAN MAINTENANCE UNIT,"312-028 GANTI KOMPRESOR AC, GANTI O-RING",14.5
TANJUNG,Aug,2026-08-18,641105231201932 105,312-019,312019,DUMP TRUCK HINO FM 260 JD 312-019,DT FM 260 JD,AB,WS-PERBAIKAN DAN MAINTENANCE UNIT,"312-019 LAS VESSEL, LAS TOLS GATE, LAS P",5.0
TANJUNG,Aug,2026-08-18,611805004001000 000,332-033,332033,EXCAVATOR HITACHI ZX350H-5G 332-033,Excavator,AB,WS-PERBAIKAN DAN MAINTENANCE UNIT,"332-033 CEK CLEANCE MAIN BEARING, GANTI",35.0
TANJUNG,Aug,2026-08-18,611805004001000 000,332-033,332033,EXCAVATOR HITACHI ZX350H-5G 332-033,Excavator,AB,WS-PERBAIKAN DAN MAINTENANCE UNIT,332-033 PASANG CABLE ENGINE DAN PASANG K,1.0
TANJUNG,Aug,2026-08-18,641105233204932 015,332-049,332049,EXCAVATOR SHANTUI SE 215 W 332-049,Excavator Breaker 30 Ton,AB,WS-PERBAIKAN DAN MAINTENANCE UNIT,"332-049 CHECK AC, LEPAS EVAPORATOR DAN D",4.0
TANJUNG,Aug,2026-08-18,641105226101832 035,261-018,261018,TRUCK TANGKI HINO 130 HD DA 8678 CV 261-018,Fuel Tank,TR,WS-PERBAIKAN DAN MAINTENANCE UNIT,"261-018 KENCANGKAN HOSE FUEL,",4.0
TANJUNG,Aug,2026-08-18,641105231201532 145,312-015,312015,DUMP TRUCK HINO FM 260 JD 312-015,DT FM 260 JD,AB,WS-PERBAIKAN DAN MAINTENANCE UNIT,"312-015 GANTI MOUNTING TRANSMISI, FR RH",12.0
TANJUNG,Aug,2026-08-18,611805004001000 000,332-033,332033,EXCAVATOR HITACHI ZX350H-5G 332-033,Excavator,AB,WS-PERBAIKAN DAN MAINTENANCE UNIT,"332-033 GANTI SEAL, LEPAS PISTON PUMP, L",4.0
TANJUNG,Aug,2026-08-18,641105233204932 015,332-049,332049,EXCAVATOR SHANTUI SE 215 W 332-049,Excavator Breaker 30 Ton,AB,WS-PERBAIKAN DAN MAINTENANCE UNIT,332-049 KLASING EVAPORATOR DAN RAKIT EVA,13.5
TANJUNG,Aug,2026-08-18,641105233203731 035,332-037,332037,EXCAVATOR HITACHI ZX350H-5G 332-037,Excavator,AB,WS-PERBAIKAN DAN MAINTENANCE UNIT,332-037 GREASSING,1.0
TANJUNG,Aug,2026-08-18,641105233202731 075,332-027,332027,EXCAVATOR HITACHI ZX350H-5G 332-027,Excavator Breaker 30 Ton,AB,WS-PERBAIKAN DAN MAINTENANCE UNIT,332-027 SERVICE,3.0
TANJUNG,Aug,2026-08-18,641105233203631 035,332-036,332036,EXCAVATOR HITACHI ZX350H-5G 332-036,Excavator,AB,WS-PERBAIKAN DAN MAINTENANCE UNIT,332-036 GREASSING,1.5
TANJUNG,Aug,2026-08-18,641105233202732 035,332-027,332027,EXCAVATOR HITACHI ZX350H-5G 332-027,Excavator Breaker 30 Ton,AB,WS-PERBAIKAN DAN MAINTENANCE UNIT,332-027 MEMOMPA FILTER YANG MASUK ANGIN,1.5
TANJUNG,Aug,2026-08-19,641105231202132 145,312-021,312021,DUMP TRUCK HINO FM 260 JD 312-021,DT FM 260 JD,AB,WS-PERBAIKAN DAN MAINTENANCE UNIT,"312-021 LEPAS LONG SHAFT, LEPAS SPIDER J",12.0
TANJUNG,Aug,2026-08-19,641105233203631 035,332-036,332036,EXCAVATOR HITACHI ZX350H-5G 332-036,Excavator,AB,WS-PERBAIKAN DAN MAINTENANCE UNIT,332-036 GREASSING,1.0
TANJUNG,Aug,2026-08-19,641105233203231 035,332-026,332026,EXCAVATOR HITACHI ZX210F-5G 332-026,Excavator,AB,WS-PERBAIKAN DAN MAINTENANCE UNIT,332-026 GREASSING,1.5
TANJUNG,Aug,2026-08-19,641105233204932 015,332-049,332049,EXCAVATOR SHANTUI SE 215 W 332-049,Excavator Breaker 30 Ton,AB,WS-PERBAIKAN DAN MAINTENANCE UNIT,"332-049 LEPAS KONDENSOR DAN FLASING, GAN",7.0
TANJUNG,Aug,2026-08-19,641105231202832 035,312-028,312028,DUMP TRUCK HINO FM 280 JD 312-028,DT FM 260 JD,AB,WS-PERBAIKAN DAN MAINTENANCE UNIT,312-028 TAMBAH KABEL TIES BUAT EXTRAFAN,3.0
TANJUNG,Aug,2026-08-19,641105233203632 115,332-036,332036,EXCAVATOR HITACHI ZX350H-5G 332-036,Excavator,AB,WS-PERBAIKAN DAN MAINTENANCE UNIT,332-036 TAMBAH OLI HYD,1.0
TANJUNG,Aug,2026-08-19,641105234201732 145,342-017,342017,BULLDOZER KOMATSU D85E 342-017,Bulldozer,AB,WS-PERBAIKAN DAN MAINTENANCE UNIT,"342-017 TAMBAH PELUMASAN PADA PEDAL GAS,",8.0
TANJUNG,Aug,2026-08-19,611805004001000 000,332-033,332033,EXCAVATOR HITACHI ZX350H-5G 332-033,Excavator,AB,WS-PERBAIKAN DAN MAINTENANCE UNIT,332-033 CLEANING RADIATOR,0.5
TANJUNG,Aug,2026-08-19,641105233204932 015,332-049,332049,EXCAVATOR SHANTUI SE 215 W 332-049,Excavator Breaker 30 Ton,AB,WS-PERBAIKAN DAN MAINTENANCE UNIT,"332-049 LEPAS COVER 1 SET COMPRESOR, SUS",24.0
TANJUNG,Aug,2026-08-19,641105231202732 065,312-027,312027,DUMP TRUCK HINO FM 280 JD 312-027,DT FM 260 JD,AB,WS-PERBAIKAN DAN MAINTENANCE UNIT,312-027 PASANG DINAMO START,2.0
TANJUNG,Aug,2026-08-19,641205230000035 093,,,,,,WS-PERBAIKAN DAN MAINTENANCE UNIT,WS BUAT WASTAFEL,5.0
TANJUNG,Aug,2026-08-19,641105226101832 035,261-018,261018,TRUCK TANGKI HINO 130 HD DA 8678 CV 261-018,Fuel Tank,TR,WS-PERBAIKAN DAN MAINTENANCE UNIT,"261-018 GANTI HOUSING POMPA FUEL, REPAIR",6.0
TANJUNG,Aug,2026-08-19,641105231202231 075,312-022,312022,DUMP TRUCK HINO FM 260 JD 312-022,DT FM 260 JD,AB,WS-PERBAIKAN DAN MAINTENANCE UNIT,312-022 SERVICE,1.0
TANJUNG,Aug,2026-08-19,641105233203731 075,332-037,332037,EXCAVATOR HITACHI ZX350H-5G 332-037,Excavator,AB,WS-PERBAIKAN DAN MAINTENANCE UNIT,332-037 SERVICE,3.0
TANJUNG,Aug,2026-08-19,641105231202132 115,312-021,312021,DUMP TRUCK HINO FM 260 JD 312-021,DT FM 260 JD,AB,WS-PERBAIKAN DAN MAINTENANCE UNIT,"312-021 TAMBAH OLI HYD, LEPAS HOSE HYD,",16.0
TANJUNG,Aug,2026-08-19,641105226200132 145,262-001,262001,TRUCK TANGKI HINO FG235 DA 1853 Z /DA 8705 ZE 262-001,Tangki Air,TR,WS-PERBAIKAN DAN MAINTENANCE UNIT,"262-001 BONGKAR TONGKAT PRASNELING, REPA",3.5
TANJUNG,Aug,2026-08-19,641105231203432 035,312-034,312034,DUMP TRUCK HINO FM 280 JD 312-034,DT FM 260 JD,AB,WS-PERBAIKAN DAN MAINTENANCE UNIT,312-034 PERBAIKAN SPAKBOR DEPAN SEBELAH,1.5
TANJUNG,Aug,2026-08-20,641105233204931 035,332-049,332049,EXCAVATOR SHANTUI SE 215 W 332-049,Excavator Breaker 30 Ton,AB,WS-PERBAIKAN DAN MAINTENANCE UNIT,332-049 GREASSING,1.0
TANJUNG,Aug,2026-08-20,641105233202631 035,332-026,332026,EXCAVATOR HITACHI ZX210F-5G 332-026,Excavator,AB,WS-PERBAIKAN DAN MAINTENANCE UNIT,332-026 GREASSING,1.5
TANJUNG,Aug,2026-08-20,641105233204932 015,332-049,332049,EXCAVATOR SHANTUI SE 215 W 332-049,Excavator Breaker 30 Ton,AB,WS-PERBAIKAN DAN MAINTENANCE UNIT,"332-049 PASANG COVER AC, DASBORD TAMBAH",10.5
TANJUNG,Aug,2026-08-20,641105231202132 145,312-021,312021,DUMP TRUCK HINO FM 260 JD 312-021,DT FM 260 JD,AB,WS-PERBAIKAN DAN MAINTENANCE UNIT,"312-021 GANTI RELEASE BEARING, LEVER CLU",72.0
TANJUNG,Aug,2026-08-20,641105231202231 035,312-022,312022,DUMP TRUCK HINO FM 260 JD 312-022,DT FM 260 JD,AB,WS-PERBAIKAN DAN MAINTENANCE UNIT,312-022 GREASSING DAN CEK CHAMBER,3.0
TANJUNG,Aug,2026-08-20,641205230000034 023,,,,,,WS-PERBAIKAN DAN MAINTENANCE UNIT,WS MEMBUAT TEMPAT POMPA AIR,33.0
TANJUNG,Aug,2026-08-20,641105233202632 015,332-026,332026,EXCAVATOR HITACHI ZX210F-5G 332-026,Excavator,AB,WS-PERBAIKAN DAN MAINTENANCE UNIT,332-026 PERBAIKAN AC UNIT,3.5
TANJUNG,Aug,2026-08-20,641105233204932 015,332-049,332049,EXCAVATOR SHANTUI SE 215 W 332-049,Excavator Breaker 30 Ton,AB,WS-PERBAIKAN DAN MAINTENANCE UNIT,"332-049 CEK OLI HYD, KENCANGKAN SIGHT GL",6.0
TANJUNG,Aug,2026-08-20,641205230000034 023,,,,,,WS-PERBAIKAN DAN MAINTENANCE UNIT,WS PASANG WASTAFEL,4.0
TANJUNG,Aug,2026-08-20,641105231202732 145,312-027,312027,DUMP TRUCK HINO FM 280 JD 312-027,DT FM 260 JD,AB,WS-PERBAIKAN DAN MAINTENANCE UNIT,"312-027 GANTI RELEASE BEARING, GANTI LEV",21.0
TANJUNG,Aug,2026-08-20,641105233204932 035,332-049,332049,EXCAVATOR SHANTUI SE 215 W 332-049,Excavator Breaker 30 Ton,AB,WS-PERBAIKAN DAN MAINTENANCE UNIT,332-049 GANTI LOCK PIN BUCKET + GREASSIN,1.0
TANJUNG,Aug,2026-08-20,641205230000034 023,221-007,,,,,WS-PERBAIKAN DAN MAINTENANCE UNIT,221-007 GANTI MESIN GREASSING,4.0
TANJUNG,Aug,2026-08-20,641105233202731 035,332-027,332027,EXCAVATOR HITACHI ZX350H-5G 332-027,Excavator Breaker 30 Ton,AB,WS-PERBAIKAN DAN MAINTENANCE UNIT,332-027 GREASSING,1.0
TANJUNG,Aug,2026-08-20,641105233203631 035,332-036,332036,EXCAVATOR HITACHI ZX350H-5G 332-036,Excavator,AB,WS-PERBAIKAN DAN MAINTENANCE UNIT,332-036 GREASSING,1.0
TANJUNG,Aug,2026-08-20,641105233203731 035,332-037,332037,EXCAVATOR HITACHI ZX350H-5G 332-037,Excavator,AB,WS-PERBAIKAN DAN MAINTENANCE UNIT,332-037 GREASSING,0.5
TANJUNG,Aug,2026-08-20,641105231202332 025,312-023,312023,DUMP TRUCK HINO FM 260 JD 312-023,DT FM 260 JD,AB,WS-PERBAIKAN DAN MAINTENANCE UNIT,"312-023 LEPAS HOSE, LEPAS CHAMBER, PASAN",12.0
TANJUNG,Aug,2026-08-20,641105234201732 075,342-017,342017,BULLDOZER KOMATSU D85E 342-017,Bulldozer,AB,WS-PERBAIKAN DAN MAINTENANCE UNIT,342-017 TAMBAH OLI ENGINE,1.5
TANJUNG,Aug,2026-08-20,611805004001000 000,332-033,332033,EXCAVATOR HITACHI ZX350H-5G 332-033,Excavator,AB,WS-PERBAIKAN DAN MAINTENANCE UNIT,332-033 LEPAS HOSE POMPA HYD,1.5
TANJUNG,Aug,2026-08-20,641105234201232 065,342-012,342012,BULLDOZER WEA B 220 342-012,Bulldozer,AB,WS-PERBAIKAN DAN MAINTENANCE UNIT,"342-012 PASANG KABEL RPM GAS, PASANG ANT",2.0
TANJUNG,Aug,2026-08-20,641105231202732 035,312-027,312027,DUMP TRUCK HINO FM 280 JD 312-027,DT FM 260 JD,AB,WS-PERBAIKAN DAN MAINTENANCE UNIT,"312-027 TAMBAH OLI SAFTY, GESER FUEL TAC",2.0
TANJUNG,Aug,2026-08-21,641105233204931 035,332-049,332049,EXCAVATOR SHANTUI SE 215 W 332-049,Excavator Breaker 30 Ton,AB,WS-PERBAIKAN DAN MAINTENANCE UNIT,332-049 GREASSING,1.0
TANJUNG,Aug,2026-08-21,641105233202631 035,332-026,332026,EXCAVATOR HITACHI ZX210F-5G 332-026,Excavator,AB,WS-PERBAIKAN DAN MAINTENANCE UNIT,332-026 GREASSING,1.5
TANJUNG,Aug,2026-08-21,641105231203432 035,312-034,312034,DUMP TRUCK HINO FM 280 JD 312-034,DT FM 260 JD,AB,WS-PERBAIKAN DAN MAINTENANCE UNIT,312-034 LAS BOOSTER SEBELAH KANAN YANG P,1.0
TANJUNG,Aug,2026-08-21,641105231203231 035,312-032,312032,DUMP TRUCK HINO FM 280 JD 312-032,DT FM 260 JD,AB,WS-PERBAIKAN DAN MAINTENANCE UNIT,"312-032 GREASSING, GANTI DING-DONG ATAS,",8.0
TANJUNG,Aug,2026-08-21,641105226200132 035,262-001,262001,TRUCK TANGKI HINO FG235 DA 1853 Z /DA 8705 ZE 262-001,Tangki Air,TR,WS-PERBAIKAN DAN MAINTENANCE UNIT,262-001 KENCANGKAN FAN BELT POMPA,0.5
TANJUNG,Aug,2026-08-21,641105231202832 035,312-028,312028,DUMP TRUCK HINO FM 280 JD 312-028,DT FM 260 JD,AB,WS-PERBAIKAN DAN MAINTENANCE UNIT,312-028 PERBAIKAN KABIN KERAS DI TUTUP,0.5
TANJUNG,Aug,2026-08-21,641105231203132 105,312-031,312031,DUMP TRUCK HINO FM 280 JD 312-031,DT FM 260 JD,AB,WS-PERBAIKAN DAN MAINTENANCE UNIT,"312-031 LAS KUPU"" VESSEL, LAS BUSSING KU",29.0
TANJUNG,Aug,2026-08-21,641105231203232 015,312-032,312032,DUMP TRUCK HINO FM 280 JD 312-032,DT FM 260 JD,AB,WS-PERBAIKAN DAN MAINTENANCE UNIT,"312-032 BERSIHKA EVAPORATOR, KENCANGKAN",1.5
TANJUNG,Aug,2026-08-21,661205000000095 093,,,,,,WS-PERBAIKAN DAN MAINTENANCE UNIT,"BPA LV-HSE BPA, PERBAIKAN ELEKTRIKAL LAM",1.0
TANJUNG,Aug,2026-08-21,641205230000034 023,221-005,,,,,WS-PERBAIKAN DAN MAINTENANCE UNIT,221-005 PASANG RADIO,0.5
TANJUNG,Aug,2026-08-21,641105233204932 035,332-049,332049,EXCAVATOR SHANTUI SE 215 W 332-049,Excavator Breaker 30 Ton,AB,WS-PERBAIKAN DAN MAINTENANCE UNIT,332-049 CEK KEBOCORAN DAN KENCANGKAN BAU,3.0
TANJUNG,Aug,2026-08-21,641105231203231 035,312-032,312032,DUMP TRUCK HINO FM 280 JD 312-032,DT FM 260 JD,AB,WS-PERBAIKAN DAN MAINTENANCE UNIT,312-032 SERVICE,3.0
TANJUNG,Aug,2026-08-21,641105233203731 035,332-037,332037,EXCAVATOR HITACHI ZX350H-5G 332-037,Excavator,AB,WS-PERBAIKAN DAN MAINTENANCE UNIT,332-037 GREASSING,1.0
TANJUNG,Aug,2026-08-21,641105233203631 035,332-036,332036,EXCAVATOR HITACHI ZX350H-5G 332-036,Excavator,AB,WS-PERBAIKAN DAN MAINTENANCE UNIT,332-036 GREASSING,1.0
TANJUNG,Aug,2026-08-21,641105233202731 035,332-027,332027,EXCAVATOR HITACHI ZX350H-5G 332-027,Excavator Breaker 30 Ton,AB,WS-PERBAIKAN DAN MAINTENANCE UNIT,332-027 GREASSING,0.5
TANJUNG,Aug,2026-08-21,641105235101132 035,351-011,351011,GRADER CATERPILLAR 120 NG 351-011,Grader,AB,WS-PERBAIKAN DAN MAINTENANCE UNIT,"351-011 LAS BOLT PATAH, LEPAS BOLT PATAH",36.0
TANJUNG,Aug,2026-08-21,641105234201732 065,342-017,342017,BULLDOZER KOMATSU D85E 342-017,Bulldozer,AB,WS-PERBAIKAN DAN MAINTENANCE UNIT,342-017 STEL CHANEL RADIO,1.0
TANJUNG,Aug,2026-08-22,641105233202631 015,332-026,332026,EXCAVATOR HITACHI ZX210F-5G 332-026,Excavator,AB,WS-PERBAIKAN DAN MAINTENANCE UNIT,332-026 GREASSING,1.0
TANJUNG,Aug,2026-08-22,641105233204931 015,332-049,332049,EXCAVATOR SHANTUI SE 215 W 332-049,Excavator Breaker 30 Ton,AB,WS-PERBAIKAN DAN MAINTENANCE UNIT,332-049 GREASSING,2.0
TANJUNG,Aug,2026-08-22,641105231203232 135,312-032,312032,DUMP TRUCK HINO FM 280 JD 312-032,DT FM 260 JD,AB,WS-PERBAIKAN DAN MAINTENANCE UNIT,"312-032 BONGKAR SPRING, MENGAMBIL SPRING",22.0
TANJUNG,Aug,2026-08-22,641105231201732 075,312-017,312017,DUMP TRUCK HINO FM 260 JD 312-017,DT Howo,AB,WS-PERBAIKAN DAN MAINTENANCE UNIT,312-017 TAMBAH AIR RADIATOR,0.5
TANJUNG,Aug,2026-08-22,641105233204932 035,332-049,332049,EXCAVATOR SHANTUI SE 215 W 332-049,Excavator Breaker 30 Ton,AB,WS-PERBAIKAN DAN MAINTENANCE UNIT,"332-049 LAS PIN TRACK, PASANG LOCK PIN,",9.0
TANJUNG,Aug,2026-08-22,641105226200132 145,262-001,262001,TRUCK TANGKI HINO FG235 DA 1853 Z /DA 8705 ZE 262-001,Tangki Air,TR,WS-PERBAIKAN DAN MAINTENANCE UNIT,"262-001 TURUNKAN KAMPAS KOPLING, GANTI K",40.0
TANJUNG,Aug,2026-08-22,641105231202132 035,312-021,312021,DUMP TRUCK HINO FM 260 JD 312-021,DT FM 260 JD,AB,WS-PERBAIKAN DAN MAINTENANCE UNIT,312-021 LAS SPAKBOR,6.0
TANJUNG,Aug,2026-08-22,641105226200132 035,262-001,262001,TRUCK TANGKI HINO FG235 DA 1853 Z /DA 8705 ZE 262-001,Tangki Air,TR,WS-PERBAIKAN DAN MAINTENANCE UNIT,262-001 MELEPAS MESIN POMPA AIR,3.0
TANJUNG,Aug,2026-08-22,641105233203631 075,332-036,332036,EXCAVATOR HITACHI ZX350H-5G 332-036,Excavator,AB,WS-PERBAIKAN DAN MAINTENANCE UNIT,332-036 SERVICE,3.0
TANJUNG,Aug,2026-08-22,641105233202731 015,332-027,332027,EXCAVATOR HITACHI ZX350H-5G 332-027,Excavator Breaker 30 Ton,AB,WS-PERBAIKAN DAN MAINTENANCE UNIT,332-027 GREASSING,0.5
TANJUNG,Aug,2026-08-22,641105233203231 015,332-032,332032,EXCAVATOR KOMATSU PC-200-8M1 332-032,Excavator,AB,WS-PERBAIKAN DAN MAINTENANCE UNIT,332-032 GREASSING,0.5
TANJUNG,Aug,2026-08-22,641105233203731 015,332-037,332037,EXCAVATOR HITACHI ZX350H-5G 332-037,Excavator,AB,WS-PERBAIKAN DAN MAINTENANCE UNIT,332-037 GREASSING,0.5
TANJUNG,Aug,2026-08-22,641105235101132 035,351-011,351011,GRADER CATERPILLAR 120 NG 351-011,Grader,AB,WS-PERBAIKAN DAN MAINTENANCE UNIT,351-011 PASANG CLAM HOSE TILT BLADE,1.0
TANJUNG,Aug,2026-08-22,641105231202331 075,312-023,312023,DUMP TRUCK HINO FM 260 JD 312-023,DT FM 260 JD,AB,WS-PERBAIKAN DAN MAINTENANCE UNIT,312-023 SERVICE,3.0
TANJUNG,Aug,2026-08-22,641105226200132 145,262-001,262001,TRUCK TANGKI HINO FG235 DA 1853 Z /DA 8705 ZE 262-001,Tangki Air,TR,WS-PERBAIKAN DAN MAINTENANCE UNIT,"262-001 PASANG DISC CLUTCH, PASANG COVER",13.5
TANJUNG,Aug,2026-08-22,641105231203132 035,312-031,312031,DUMP TRUCK HINO FM 280 JD 312-031,DT FM 260 JD,AB,WS-PERBAIKAN DAN MAINTENANCE UNIT,"312-031 PERBAIKAN TUTUP LOCK PIN VESSEL,",2.0
TANJUNG,Aug,2026-08-23,641105233202632 035,332-026,332026,EXCAVATOR HITACHI ZX210F-5G 332-026,Excavator,AB,WS-PERBAIKAN DAN MAINTENANCE UNIT,332-026 PASANG NO LAMBUNG,0.5
TANJUNG,Aug,2026-08-23,641105233203232 035,332-032,332032,EXCAVATOR KOMATSU PC-200-8M1 332-032,Excavator,AB,WS-PERBAIKAN DAN MAINTENANCE UNIT,332-032 PASANG NO LAMBUNG,0.5
TANJUNG,Aug,2026-08-23,641105231203131 035,312-031,312031,DUMP TRUCK HINO FM 280 JD 312-031,DT FM 260 JD,AB,WS-PERBAIKAN DAN MAINTENANCE UNIT,312-031 GREASSING,1.5
TANJUNG,Aug,2026-08-23,641105231202832 015,312-028,312028,DUMP TRUCK HINO FM 280 JD 312-028,DT FM 260 JD,AB,WS-PERBAIKAN DAN MAINTENANCE UNIT,312-028 ADJUST CLAT DAN PERBAIKAN AC YAN,4.5
TANJUNG,Aug,2026-08-23,641105231202232 065,312-022,312022,DUMP TRUCK HINO FM 260 JD 312-022,DT FM 260 JD,AB,WS-PERBAIKAN DAN MAINTENANCE UNIT,"312-022 PASANG LOTO DAN EMERGENCY STOP,",8.0
TANJUNG,Aug,2026-08-23,641105231201932 115,312-019,312019,DUMP TRUCK HINO FM 260 JD 312-019,DT FM 260 JD,AB,WS-PERBAIKAN DAN MAINTENANCE UNIT,312-019 LAS PLAT PENAHAN PINTU BELAKANG,2.0
TANJUNG,Aug,2026-08-23,641105231203032 065,312-030,312030,DUMP TRUCK HINO FM 280 JD 312-030,DT FM 260 JD,AB,WS-PERBAIKAN DAN MAINTENANCE UNIT,"312-030 PASANG LOTO DAN EMERGENCY STOP,",8.0
TANJUNG,Aug,2026-08-23,641105231202832 075,312-028,312028,DUMP TRUCK HINO FM 280 JD 312-028,DT FM 260 JD,AB,WS-PERBAIKAN DAN MAINTENANCE UNIT,312-028 GANTI ENGINE HOUSE BARU,0.5
TANJUNG,Aug,2026-08-23,641105231202732 065,312-027,312027,DUMP TRUCK HINO FM 280 JD 312-027,DT FM 260 JD,AB,WS-PERBAIKAN DAN MAINTENANCE UNIT,312-027 PERBAIKAN ANTENA RADIO RIG,0.5
TANJUNG,Aug,2026-08-23,641105233202632 035,332-026,332026,EXCAVATOR HITACHI ZX210F-5G 332-026,Excavator,AB,WS-PERBAIKAN DAN MAINTENANCE UNIT,"332-026 GANTI AIR CLEANER, CEK PANEL YAN",0.5
TANJUNG,Aug,2026-08-23,641105233204932 035,332-049,332049,EXCAVATOR SHANTUI SE 215 W 332-049,Excavator Breaker 30 Ton,AB,WS-PERBAIKAN DAN MAINTENANCE UNIT,332-049 GANTI NO LAMBUNG EXA,3.0
TANJUNG,Aug,2026-08-23,641105233203731 035,332-037,332037,EXCAVATOR HITACHI ZX350H-5G 332-037,Excavator,AB,WS-PERBAIKAN DAN MAINTENANCE UNIT,332-037 GREASSING,0.5
TANJUNG,Aug,2026-08-23,641105233203631 035,332-036,332036,EXCAVATOR HITACHI ZX350H-5G 332-036,Excavator,AB,WS-PERBAIKAN DAN MAINTENANCE UNIT,332-036 GREASSING,0.5
TANJUNG,Aug,2026-08-23,641105233202731 035,332-027,332027,EXCAVATOR HITACHI ZX350H-5G 332-027,Excavator Breaker 30 Ton,AB,WS-PERBAIKAN DAN MAINTENANCE UNIT,332-027 GREASSING,0.5
TANJUNG,Aug,2026-08-23,641105226200132 065,262-001,262001,TRUCK TANGKI HINO FG235 DA 1853 Z /DA 8705 ZE 262-001,Tangki Air,TR,WS-PERBAIKAN DAN MAINTENANCE UNIT,"262-001 CEK ELEKTRIKAL LAMPU KERJA RR, G",4.5
TANJUNG,Aug,2026-08-23,641105231202832 145,312-028,312028,DUMP TRUCK HINO FM 280 JD 312-028,DT FM 260 JD,AB,WS-PERBAIKAN DAN MAINTENANCE UNIT,312-028 ADJUST KOPLING,0.5
TANJUNG,Aug,2026-08-24,641105234201732 035,342-017,342017,BULLDOZER KOMATSU D85E 342-017,Bulldozer,AB,WS-PERBAIKAN DAN MAINTENANCE UNIT,342-017 BERSIHKAN FUEL FILTER DAN GANTI,2.0
TANJUNG,Aug,2026-08-24,641105233202631 035,332-026,332026,EXCAVATOR HITACHI ZX210F-5G 332-026,Excavator,AB,WS-PERBAIKAN DAN MAINTENANCE UNIT,332-026 GREASSING,1.5
TANJUNG,Aug,2026-08-24,641105233203231 035,332-032,332032,EXCAVATOR KOMATSU PC-200-8M1 332-032,Excavator,AB,WS-PERBAIKAN DAN MAINTENANCE UNIT,332-032 GREASSING,2.0
TANJUNG,Aug,2026-08-24,641105233203631 035,332-036,332036,EXCAVATOR HITACHI ZX350H-5G 332-036,Excavator,AB,WS-PERBAIKAN DAN MAINTENANCE UNIT,332-036 GREASSING,1.5
TANJUNG,Aug,2026-08-24,641105233203731 035,332-037,332037,EXCAVATOR HITACHI ZX350H-5G 332-037,Excavator,AB,WS-PERBAIKAN DAN MAINTENANCE UNIT,332-037 GREASSING,2.0
TANJUNG,Aug,2026-08-24,641105226101832 035,261-018,261018,TRUCK TANGKI HINO 130 HD DA 8678 CV 261-018,Fuel Tank,TR,WS-PERBAIKAN DAN MAINTENANCE UNIT,261-018 REPAIR LOBANG BOLT POMPA FUEL,6.0
TANJUNG,Aug,2026-08-24,611805004001000 000,332-033,332033,EXCAVATOR HITACHI ZX350H-5G 332-033,Excavator,AB,WS-PERBAIKAN DAN MAINTENANCE UNIT,"332-033 PASANG HOSE POMPA HYD, POMPA 1 D",2.0
TANJUNG,Aug,2026-08-24,641105231203132 065,312-031,312031,DUMP TRUCK HINO FM 280 JD 312-031,DT FM 260 JD,AB,WS-PERBAIKAN DAN MAINTENANCE UNIT,"312-031 ADJUST KABEL PTO, LAS SAFTY KUPU",4.0
TANJUNG,Aug,2026-08-24,641105233203232 035,332-032,332032,EXCAVATOR KOMATSU PC-200-8M1 332-032,Excavator,AB,WS-PERBAIKAN DAN MAINTENANCE UNIT,332-032 CEK DAN TAMBAH OLI SWING,1.5
TANJUNG,Aug,2026-08-24,641105234201732 035,342-017,342017,BULLDOZER KOMATSU D85E 342-017,Bulldozer,AB,WS-PERBAIKAN DAN MAINTENANCE UNIT,342-017 BERSIHKAN FUEL FILTER DAN GANTI,4.0
TANJUNG,Aug,2026-08-24,641105226101832 035,261-018,261018,TRUCK TANGKI HINO 130 HD DA 8678 CV 261-018,Fuel Tank,TR,WS-PERBAIKAN DAN MAINTENANCE UNIT,261-018 GANTI PAKING PIPA HISAP,2.0
TANJUNG,Aug,2026-08-24,641205230000034 023,221-005,,,,,WS-PERBAIKAN DAN MAINTENANCE UNIT,221-005 PERBAIKAN DINAMO START,1.0
TANJUNG,Aug,2026-08-24,641205230000035 093,,,,,,WS-PERBAIKAN DAN MAINTENANCE UNIT,"WS BONGKAR TYRE YANG KERAS 2 BAN , DAN R",8.0
TANJUNG,Aug,2026-08-24,641105233202732 065,332-027,332027,EXCAVATOR HITACHI ZX350H-5G 332-027,Excavator Breaker 30 Ton,AB,WS-PERBAIKAN DAN MAINTENANCE UNIT,"332-027 ISOLASI KABEL, GANTI SEKRING",0.5
TANJUNG,Aug,2026-08-24,641105231202332 065,312-023,312023,DUMP TRUCK HINO FM 260 JD 312-023,DT FM 260 JD,AB,WS-PERBAIKAN DAN MAINTENANCE UNIT,312-023 PERBAIKAN HM,0.5
TANJUNG,Aug,2026-08-24,641105231203132 065,312-031,312031,DUMP TRUCK HINO FM 280 JD 312-031,DT FM 260 JD,AB,WS-PERBAIKAN DAN MAINTENANCE UNIT,"312-031 GANTI LAMPU DEPAN RH, GANTI FUSE",2.0
TANJUNG,Aug,2026-08-25,641105233202631 035,332-026,332026,EXCAVATOR HITACHI ZX210F-5G 332-026,Excavator,AB,WS-PERBAIKAN DAN MAINTENANCE UNIT,332-026 GREASSING,1.0
TANJUNG,Aug,2026-08-25,641105233203231 035,332-032,332032,EXCAVATOR KOMATSU PC-200-8M1 332-032,Excavator,AB,WS-PERBAIKAN DAN MAINTENANCE UNIT,332-032 GREASSING,1.5
TANJUNG,Aug,2026-08-25,641105233204931 035,332-049,332049,EXCAVATOR SHANTUI SE 215 W 332-049,Excavator Breaker 30 Ton,AB,WS-PERBAIKAN DAN MAINTENANCE UNIT,332-049 GREASSING,1.0
TANJUNG,Aug,2026-08-25,641105233203731 035,332-037,332037,EXCAVATOR HITACHI ZX350H-5G 332-037,Excavator,AB,WS-PERBAIKAN DAN MAINTENANCE UNIT,332-037 GREASSING,1.5
TANJUNG,Aug,2026-08-25,611805004001000 000,332-033,332033,EXCAVATOR HITACHI ZX350H-5G 332-033,Excavator,AB,WS-PERBAIKAN DAN MAINTENANCE UNIT,"332-033 BERSIHKAN BLOCK ENGINE, PASANG L",15.0
TANJUNG,Aug,2026-08-25,611805004001000 000,332-033,332033,EXCAVATOR HITACHI ZX350H-5G 332-033,Excavator,AB,WS-PERBAIKAN DAN MAINTENANCE UNIT,"332-033 BONGKAR POMPA HYD, GANTI PISTON",10.0
TANJUNG,Aug,2026-08-25,641105231203032 015,312-030,312030,DUMP TRUCK HINO FM 280 JD 312-030,DT FM 260 JD,AB,WS-PERBAIKAN DAN MAINTENANCE UNIT,"312-030 CEK ARUS EXTRAFAN, GREASSING",2.0
TANJUNG,Aug,2026-08-25,641105226200132 035,262-001,262001,TRUCK TANGKI HINO FG235 DA 1853 Z /DA 8705 ZE 262-001,Tangki Air,TR,WS-PERBAIKAN DAN MAINTENANCE UNIT,262-001 GANTI V-BELT POMPA AIR,0.5
TANJUNG,Aug,2026-08-25,641105231202132 015,312-021,312021,DUMP TRUCK HINO FM 260 JD 312-021,DT FM 260 JD,AB,WS-PERBAIKAN DAN MAINTENANCE UNIT,"312-021 LEPAS EVAPORATOR AND FLASING, VA",3.0
TANJUNG,Aug,2026-08-25,641105234201732 075,342-017,342017,BULLDOZER KOMATSU D85E 342-017,Bulldozer,AB,WS-PERBAIKAN DAN MAINTENANCE UNIT,"342-017 BERSIHKAN FUEL FILTER,FUEL SAPAR",2.0
TANJUNG,Aug,2026-08-25,641105231202732 075,312-027,312027,DUMP TRUCK HINO FM 280 JD 312-027,DT FM 260 JD,AB,WS-PERBAIKAN DAN MAINTENANCE UNIT,"312-027 BONGKAR FUEL FILTER SAPARATOR, L",10.0
TANJUNG,Aug,2026-08-25,641105233202732 065,332-027,332027,EXCAVATOR HITACHI ZX350H-5G 332-027,Excavator Breaker 30 Ton,AB,WS-PERBAIKAN DAN MAINTENANCE UNIT,332-027 PERBAIKAN RADIO RIG,0.5
TANJUNG,Aug,2026-08-25,641105235101132 035,351-011,351011,GRADER CATERPILLAR 120 NG 351-011,Grader,AB,WS-PERBAIKAN DAN MAINTENANCE UNIT,"351-011 REPAIR LOBANG BOLT, PASANG CYL L",1.5
TANJUNG,Aug,2026-08-25,641105235101132 035,351-011,351011,GRADER CATERPILLAR 120 NG 351-011,Grader,AB,WS-PERBAIKAN DAN MAINTENANCE UNIT,351-011 PASANG HOSE KENCANGKAN NUT TIP B,2.0
TANJUNG,Aug,2026-08-25,641105231201932 145,312-019,312019,DUMP TRUCK HINO FM 260 JD 312-019,DT FM 260 JD,AB,WS-PERBAIKAN DAN MAINTENANCE UNIT,312-019 MENURUNKAN T/M BONGKAR DRUCK KOP,21.5
TANJUNG,Aug,2026-08-25,611805004001000 000,332-033,332033,EXCAVATOR HITACHI ZX350H-5G 332-033,Excavator,AB,WS-PERBAIKAN DAN MAINTENANCE UNIT,"332-033 PASANG CAP MAIN BAERING, TORQUE",9.5
TANJUNG,Aug,2026-08-25,641205230000035 093,,,,,,WS-PERBAIKAN DAN MAINTENANCE UNIT,WS RAKIT DUDUKAN POMPA AIR,9.0
TANJUNG,Aug,2026-08-25,641105231202732 015,312-027,312027,DUMP TRUCK HINO FM 280 JD 312-027,DT FM 260 JD,AB,WS-PERBAIKAN DAN MAINTENANCE UNIT,312-027 LEPAS KONDENSOR AND DRAIN FREON,0.5
TANJUNG,Aug,2026-08-25,641105231202832 065,312-028,312028,DUMP TRUCK HINO FM 280 JD 312-028,DT FM 260 JD,AB,WS-PERBAIKAN DAN MAINTENANCE UNIT,312-028 CEK ARUS AND PERBAIKAN ARUS HM,1.0
TANJUNG,Aug,2026-08-25,641105231201932 065,312-019,312019,DUMP TRUCK HINO FM 260 JD 312-019,DT FM 260 JD,AB,WS-PERBAIKAN DAN MAINTENANCE UNIT,312-019 GANTI KAMPAS KOPLING. RELEASE BE,15.0
TANJUNG,Aug,2026-08-25,641105231203231 035,312-032,312032,DUMP TRUCK HINO FM 280 JD 312-032,DT FM 260 JD,AB,WS-PERBAIKAN DAN MAINTENANCE UNIT,312-032 GREASSING,0.5
TANJUNG,Aug,2026-08-25,641105231203432 035,312-034,312034,DUMP TRUCK HINO FM 280 JD 312-034,DT FM 260 JD,AB,WS-PERBAIKAN DAN MAINTENANCE UNIT,312-034 GANTI FESTO ANGIN,1.5
TANJUNG,Aug,2026-08-25,641105231201532 065,312-015,312015,DUMP TRUCK HINO FM 260 JD 312-015,DT FM 260 JD,AB,WS-PERBAIKAN DAN MAINTENANCE UNIT,312-015 PASANG LAMPU KABIN,0.5
TANJUNG,Aug,2026-08-25,641105231203132 035,312-031,312031,DUMP TRUCK HINO FM 280 JD 312-031,DT FM 260 JD,AB,WS-PERBAIKAN DAN MAINTENANCE UNIT,"312-031 PERBAIKAN SELANG ANGIN BOCOR, GA",4.0
TANJUNG,Aug,2026-08-25,641105231202332 065,312-023,312023,DUMP TRUCK HINO FM 260 JD 312-023,DT FM 260 JD,AB,WS-PERBAIKAN DAN MAINTENANCE UNIT,312-023 GANTI LAMPU HEAD LAM LH,1.5
TANJUNG,Aug,2026-08-26,641105233202631 035,332-026,332026,EXCAVATOR HITACHI ZX210F-5G 332-026,Excavator,AB,WS-PERBAIKAN DAN MAINTENANCE UNIT,332-026 GREASSING,1.0
TANJUNG,Aug,2026-08-26,641105233203231 035,332-032,332032,EXCAVATOR KOMATSU PC-200-8M1 332-032,Excavator,AB,WS-PERBAIKAN DAN MAINTENANCE UNIT,332-032 GREASSING,1.5
TANJUNG,Aug,2026-08-26,641105231201932 145,312-019,312019,DUMP TRUCK HINO FM 260 JD 312-019,DT FM 260 JD,AB,WS-PERBAIKAN DAN MAINTENANCE UNIT,312-019 GANTI MOUNTING T/M RH TAMBAH OLI,6.0
TANJUNG,Aug,2026-08-26,611805004001000 000,332-033,332033,EXCAVATOR HITACHI ZX350H-5G 332-033,Excavator,AB,WS-PERBAIKAN DAN MAINTENANCE UNIT,"332-033 BERSIHKAN OLI COOLER, PASANG COV",20.0
TANJUNG,Aug,2026-08-26,641105231203432 075,312-034,312034,DUMP TRUCK HINO FM 280 JD 312-034,DT FM 260 JD,AB,WS-PERBAIKAN DAN MAINTENANCE UNIT,"312-034 PERBAIKAN KEBOCORAN OLI ENGINE,",11.0
TANJUNG,Aug,2026-08-26,641105234201232 155,342-012,342012,BULLDOZER WEA B 220 342-012,Bulldozer,AB,WS-PERBAIKAN DAN MAINTENANCE UNIT,"342-012 KENCANGIKAN BOLT TRACK SHOE, KEN",5.0
TANJUNG,Aug,2026-08-26,641205230000035 093,,,,,,WS-PERBAIKAN DAN MAINTENANCE UNIT,WS REPAIR BRAKET MESIN POMPA AIR,8.0
TANJUNG,Aug,2026-08-26,641105231203132 115,312-031,312031,DUMP TRUCK HINO FM 280 JD 312-031,DT FM 260 JD,AB,WS-PERBAIKAN DAN MAINTENANCE UNIT,312-031 GANTI KLAM HOSE HYD,2.0
TANJUNG,Aug,2026-08-26,641105233204932 035,332-049,332049,EXCAVATOR SHANTUI SE 215 W 332-049,Excavator Breaker 30 Ton,AB,WS-PERBAIKAN DAN MAINTENANCE UNIT,332-049 PASANG KUKU BUCKET DI FRONT,1.0
TANJUNG,Aug,2026-08-26,641205230000034 023,221-005,,,,,WS-PERBAIKAN DAN MAINTENANCE UNIT,221-005 RAKIT BRAKET APAR,12.0
TANJUNG,Aug,2026-08-26,611805004001000 000,332-033,332033,EXCAVATOR HITACHI ZX350H-5G 332-033,Excavator,AB,WS-PERBAIKAN DAN MAINTENANCE UNIT,"332-033 PASANG HOSE FLYWEEL, PASANG MOTO",35.0
TANJUNG,Aug,2026-08-26,641105231203132 015,312-031,312031,DUMP TRUCK HINO FM 280 JD 312-031,DT FM 260 JD,AB,WS-PERBAIKAN DAN MAINTENANCE UNIT,312-031 PERBAIKAN LOWRING AC DAN GANTI F,0.5
TANJUNG,Aug,2026-08-26,641105231202332 155,312-023,312023,DUMP TRUCK HINO FM 260 JD 312-023,DT FM 260 JD,AB,WS-PERBAIKAN DAN MAINTENANCE UNIT,312-023 BLIDING FUEL DAN JUMPER BETRY,3.5
TANJUNG,Aug,2026-08-26,641105231203232 075,312-032,312032,DUMP TRUCK HINO FM 280 JD 312-032,DT FM 260 JD,AB,WS-PERBAIKAN DAN MAINTENANCE UNIT,312-032 GANTI GEAR BOX,14.5
TANJUNG,Aug,2026-08-26,641105231202732 015,312-027,312027,DUMP TRUCK HINO FM 280 JD 312-027,DT FM 260 JD,AB,WS-PERBAIKAN DAN MAINTENANCE UNIT,"312-027 PASANG KOMPRESOR AC, CHEK BOCOR,",6.0
TANJUNG,Aug,2026-08-26,641105233202731 035,332-027,332027,EXCAVATOR HITACHI ZX350H-5G 332-027,Excavator Breaker 30 Ton,AB,WS-PERBAIKAN DAN MAINTENANCE UNIT,332-027 GREASSING,1.0
TANJUNG,Aug,2026-08-26,641105231203131 075,312-031,312031,DUMP TRUCK HINO FM 280 JD 312-031,DT FM 260 JD,AB,WS-PERBAIKAN DAN MAINTENANCE UNIT,312-031 SERVICE,2.0
TANJUNG,Aug,2026-08-26,641105233203631 035,332-036,332036,EXCAVATOR HITACHI ZX350H-5G 332-036,Excavator,AB,WS-PERBAIKAN DAN MAINTENANCE UNIT,332-036 GREASSING,1.0
TANJUNG,Aug,2026-08-26,641105233203731 035,332-037,332037,EXCAVATOR HITACHI ZX350H-5G 332-037,Excavator,AB,WS-PERBAIKAN DAN MAINTENANCE UNIT,332-037 GREASSING,1.0
TANJUNG,Aug,2026-08-26,641105233202732 155,332-027,332027,EXCAVATOR HITACHI ZX350H-5G 332-027,Excavator Breaker 30 Ton,AB,WS-PERBAIKAN DAN MAINTENANCE UNIT,"332-027 TAMBAH OLI DEMPER, ADJUST TRACK",1.0
TANJUNG,Aug,2026-08-26,641105231202332 065,312-019,312019,DUMP TRUCK HINO FM 260 JD 312-019,DT FM 260 JD,AB,WS-PERBAIKAN DAN MAINTENANCE UNIT,312-019 GANTI TORGUE ROD ATAS FR DEPAN D,8.0
TANJUNG,Aug,2026-08-27,641105233203231 035,332-032,332032,EXCAVATOR KOMATSU PC-200-8M1 332-032,Excavator,AB,WS-PERBAIKAN DAN MAINTENANCE UNIT,332-032 GREASSING,1.0
TANJUNG,Aug,2026-08-27,641105233203631 035,332-036,332036,EXCAVATOR HITACHI ZX350H-5G 332-036,Excavator,AB,WS-PERBAIKAN DAN MAINTENANCE UNIT,332-036 GREASSING,1.5
TANJUNG,Aug,2026-08-27,641105233203731 035,332-037,332037,EXCAVATOR HITACHI ZX350H-5G 332-037,Excavator,AB,WS-PERBAIKAN DAN MAINTENANCE UNIT,332-037 GREASSING,1.0
TANJUNG,Aug,2026-08-27,641105233204931 035,332-049,332049,EXCAVATOR SHANTUI SE 215 W 332-049,Excavator Breaker 30 Ton,AB,WS-PERBAIKAN DAN MAINTENANCE UNIT,332-049 GREASSING,1.5
TANJUNG,Aug,2026-08-27,641105231202231 035,312-022,312022,DUMP TRUCK HINO FM 260 JD 312-022,DT FM 260 JD,AB,WS-PERBAIKAN DAN MAINTENANCE UNIT,312-022 GREASSING DAN ADJUST RPM ENGINE,3.0
TANJUNG,Aug,2026-08-27,611805004001000 000,332-033,332033,EXCAVATOR HITACHI ZX350H-5G 332-033,Excavator,AB,WS-PERBAIKAN DAN MAINTENANCE UNIT,"332-033 PASANG CYL, PASANG FIP, BUAT DOU",66.0
TANJUNG,Aug,2026-08-27,641105231203132 065,312-031,312031,DUMP TRUCK HINO FM 280 JD 312-031,DT FM 260 JD,AB,WS-PERBAIKAN DAN MAINTENANCE UNIT,312-031 CAN NOT RUNNING,4.0
TANJUNG,Aug,2026-08-27,641105226200132 035,262-001,262001,TRUCK TANGKI HINO FG235 DA 1853 Z /DA 8705 ZE 262-001,Tangki Air,TR,WS-PERBAIKAN DAN MAINTENANCE UNIT,"262-001 PERBAIKAN CHASIS, LAS CHASIS, BL",14.0
TANJUNG,Aug,2026-08-27,641105226200132 045,261-001,261001,TRUCK TANGKI TOYOTA DYNA DA 9457 C 261-001,,TR,WS-PERBAIKAN DAN MAINTENANCE UNIT,261-001 ADJUST REM HEAD BREAK,2.0
TANJUNG,Aug,2026-08-27,641105233203632 015,332-036,332036,EXCAVATOR HITACHI ZX350H-5G 332-036,Excavator,AB,WS-PERBAIKAN DAN MAINTENANCE UNIT,"332-036 CEK KEBOCORAN, GANTI O-RING KOND",3.0
TANJUNG,Aug,2026-08-27,641105234201232 035,342-017,342017,BULLDOZER KOMATSU D85E 342-017,Bulldozer,AB,WS-PERBAIKAN DAN MAINTENANCE UNIT,"342-017 BERSIHKAN FILTER, GANTI AIR CLEA",2.0
TANJUNG,Aug,2026-08-27,641105231202731 075,312-027,312027,DUMP TRUCK HINO FM 280 JD 312-027,DT FM 260 JD,AB,WS-PERBAIKAN DAN MAINTENANCE UNIT,312-027 SERVICE,2.0
TANJUNG,Aug,2026-08-27,641105233203731 035,332-037,332037,EXCAVATOR HITACHI ZX350H-5G 332-037,Excavator,AB,WS-PERBAIKAN DAN MAINTENANCE UNIT,332-037 GREASSING,1.0
TANJUNG,Aug,2026-08-27,641105235101132 015,351-011,351011,GRADER CATERPILLAR 120 NG 351-011,Grader,AB,WS-PERBAIKAN DAN MAINTENANCE UNIT,"351-011 MANTENANCE AC UNIT, BERSIHKAN EV",2.0
TANJUNG,Aug,2026-08-27,641105233203631 035,332-036,332036,EXCAVATOR HITACHI ZX350H-5G 332-036,Excavator,AB,WS-PERBAIKAN DAN MAINTENANCE UNIT,332-036 GREASSING,1.5
TANJUNG,Aug,2026-08-27,641105233203632 115,332-036,332036,EXCAVATOR HITACHI ZX350H-5G 332-036,Excavator,AB,WS-PERBAIKAN DAN MAINTENANCE UNIT,332-036 TAMBAH OLI HYD,1.0
TANJUNG,Aug,2026-08-27,641105234201232 065,342-012,342012,BULLDOZER WEA B 220 342-012,Bulldozer,AB,WS-PERBAIKAN DAN MAINTENANCE UNIT,342-012 GANTI SEKRING DAN PINDAH POSISI,2.0
TANJUNG,Aug,2026-08-27,641105231202232 065,312-022,312022,DUMP TRUCK HINO FM 260 JD 312-022,DT FM 260 JD,AB,WS-PERBAIKAN DAN MAINTENANCE UNIT,312-022 PERBAIKAN LAMPU MUNDUR DAN GANTI,0.5
TANJUNG,Aug,2026-08-28,641105231203132 145,312-031,312031,DUMP TRUCK HINO FM 280 JD 312-031,DT FM 260 JD,AB,WS-PERBAIKAN DAN MAINTENANCE UNIT,312-031 IKAT L PRASNELING,1.5
TANJUNG,Aug,2026-08-28,641105231203032 145,312-030,312030,DUMP TRUCK HINO FM 280 JD 312-030,DT FM 260 JD,AB,WS-PERBAIKAN DAN MAINTENANCE UNIT,312-030 ADJUST KAMPAS KOPLING,2.0
TANJUNG,Aug,2026-08-28,641105233203231 035,332-032,332032,EXCAVATOR KOMATSU PC-200-8M1 332-032,Excavator,AB,WS-PERBAIKAN DAN MAINTENANCE UNIT,332-032 GREASSING,1.0
TANJUNG,Aug,2026-08-28,641105233202631 035,332-026,332026,EXCAVATOR HITACHI ZX210F-5G 332-026,Excavator,AB,WS-PERBAIKAN DAN MAINTENANCE UNIT,332-026 GREASSING,1.5
TANJUNG,Aug,2026-08-28,641105233204931 035,332-049,332049,EXCAVATOR SHANTUI SE 215 W 332-049,Excavator Breaker 30 Ton,AB,WS-PERBAIKAN DAN MAINTENANCE UNIT,332-049 GREASSING,0.5
TANJUNG,Aug,2026-08-28,641105231203232 065,312-032,312032,DUMP TRUCK HINO FM 280 JD 312-032,DT FM 260 JD,AB,WS-PERBAIKAN DAN MAINTENANCE UNIT,312-032 JAMPER ACCU DAN PERBAIKAN SKUN E,3.0
TANJUNG,Aug,2026-08-28,641105231202732 035,312-027,312027,DUMP TRUCK HINO FM 280 JD 312-027,DT FM 260 JD,AB,WS-PERBAIKAN DAN MAINTENANCE UNIT,312-027 EVAKUASI UNIT,2.0
TANJUNG,Aug,2026-08-28,611805004001000 000,332-033,332033,EXCAVATOR HITACHI ZX350H-5G 332-033,Excavator,AB,WS-PERBAIKAN DAN MAINTENANCE UNIT,"332-033 STEL VALVE INTEK DAN EXHOUST, PA",44.0
TANJUNG,Aug,2026-08-28,641105231202732 075,312-027,312027,DUMP TRUCK HINO FM 280 JD 312-027,DT FM 260 JD,AB,WS-PERBAIKAN DAN MAINTENANCE UNIT,"312-027 BUANG MUATAN, BONGKAR PTO",8.0
TANJUNG,Aug,2026-08-28,641105234201732 035,342-017,342017,BULLDOZER KOMATSU D85E 342-017,Bulldozer,AB,WS-PERBAIKAN DAN MAINTENANCE UNIT,342-017 GANTI FUEL FILTER DAN TES RUNNIN,2.0
TANJUNG,Aug,2026-08-28,641105231201532 015,312-015,312015,DUMP TRUCK HINO FM 260 JD 312-015,DT FM 260 JD,AB,WS-PERBAIKAN DAN MAINTENANCE UNIT,"312-015 GANTI PIPA HIGH VAKUM, ISI FREON",5.0
TANJUNG,Aug,2026-08-28,641105226200132 035,262-001,262001,TRUCK TANGKI HINO FG235 DA 1853 Z /DA 8705 ZE 262-001,Tangki Air,TR,WS-PERBAIKAN DAN MAINTENANCE UNIT,262-001 LAS BRAKET LONG SHAFT POMPA AIR,1.0
TANJUNG,Aug,2026-08-28,641105231203232 065,312-032,312032,DUMP TRUCK HINO FM 280 JD 312-032,DT FM 260 JD,AB,WS-PERBAIKAN DAN MAINTENANCE UNIT,312-032 GANTI ACCU,1.5
TANJUNG,Aug,2026-08-28,641105231203232 065,312-032,312032,DUMP TRUCK HINO FM 280 JD 312-032,DT FM 260 JD,AB,WS-PERBAIKAN DAN MAINTENANCE UNIT,312-032 LAS SPAKBOR DAN GANTI AKI BARU,3.0
TANJUNG,Aug,2026-08-28,641105231202732 115,312-027,312027,DUMP TRUCK HINO FM 280 JD 312-027,DT FM 260 JD,AB,WS-PERBAIKAN DAN MAINTENANCE UNIT,"312-027 TAMBAH OLI HYD, GANTI POMPA PTO,",11.0
TANJUNG,Aug,2026-08-28,641105226101832 045,261-018,261018,TRUCK TANGKI HINO 130 HD DA 8678 CV 261-018,Fuel Tank,TR,WS-PERBAIKAN DAN MAINTENANCE UNIT,261-018 ADJUST REM,3.0
TANJUNG,Aug,2026-08-28,641105233203731 035,332-037,332037,EXCAVATOR HITACHI ZX350H-5G 332-037,Excavator,AB,WS-PERBAIKAN DAN MAINTENANCE UNIT,332-037 GREASSING,0.5
TANJUNG,Aug,2026-08-28,641105231202831 075,312-028,312028,DUMP TRUCK HINO FM 280 JD 312-028,DT FM 260 JD,AB,WS-PERBAIKAN DAN MAINTENANCE UNIT,312-028 SERVICE,3.0
TANJUNG,Aug,2026-08-28,641105233203631 035,332-036,332036,EXCAVATOR HITACHI ZX350H-5G 332-036,Excavator,AB,WS-PERBAIKAN DAN MAINTENANCE UNIT,332-036 GREASSING,0.5
TANJUNG,Aug,2026-08-28,641105233202731 035,332-027,332027,EXCAVATOR HITACHI ZX350H-5G 332-027,Excavator Breaker 30 Ton,AB,WS-PERBAIKAN DAN MAINTENANCE UNIT,332-027 GREASSING,1.0
TANJUNG,Aug,2026-08-28,641105231202332 065,312-023,312023,DUMP TRUCK HINO FM 260 JD 312-023,DT FM 260 JD,AB,WS-PERBAIKAN DAN MAINTENANCE UNIT,312-023 GANTI PRIMING PUMP,0.5
TANJUNG,Aug,2026-08-28,641105231203132 035,312-031,312031,DUMP TRUCK HINO FM 280 JD 312-031,DT FM 260 JD,AB,WS-PERBAIKAN DAN MAINTENANCE UNIT,"312-031 PERBAIKAN BRAKET LH, DAN GANTI B",8.0
TANJUNG,Aug,2026-08-28,641105226200132 045,262-001,262001,TRUCK TANGKI HINO FG235 DA 1853 Z /DA 8705 ZE 262-001,Tangki Air,TR,WS-PERBAIKAN DAN MAINTENANCE UNIT,262-001 ADJUST HAND BREAKE,2.0
TANJUNG,Aug,2026-08-28,641105231202732 075,312-027,312027,DUMP TRUCK HINO FM 280 JD 312-027,DT FM 260 JD,AB,WS-PERBAIKAN DAN MAINTENANCE UNIT,312-027 BIKIN DAN PASANG LOCK JOIN PTO,5.5
TANJUNG,Aug,2026-08-28,641105234201232 065,342-012,342012,BULLDOZER WEA B 220 342-012,Bulldozer,AB,WS-PERBAIKAN DAN MAINTENANCE UNIT,342-012 PASANG LAMPU KERJA,2.0
TANJUNG,Aug,2026-08-29,641105231203032 015,312-030,312030,DUMP TRUCK HINO FM 280 JD 312-030,DT FM 260 JD,AB,WS-PERBAIKAN DAN MAINTENANCE UNIT,312-030 GANTI TENSIONER AC,1.5
TANJUNG,Aug,2026-08-29,661205000000095 093,,,,,,WS-PERBAIKAN DAN MAINTENANCE UNIT,"BPA SARANA HSE, CEK DINAMO START, CEK AC",2.0
TANJUNG,Aug,2026-08-29,641105231201532 035,312-015,312015,DUMP TRUCK HINO FM 260 JD 312-015,DT FM 260 JD,AB,WS-PERBAIKAN DAN MAINTENANCE UNIT,312-015 PASANG KACA RIBEN,2.0
TANJUNG,Aug,2026-08-29,641105231202332 065,312-023,312023,DUMP TRUCK HINO FM 260 JD 312-023,DT FM 260 JD,AB,WS-PERBAIKAN DAN MAINTENANCE UNIT,"312-023 TAMBAH AIR ACCU, JAMPER ACCU",2.0
TANJUNG,Aug,2026-08-29,641105231201932 075,312-019,312019,DUMP TRUCK HINO FM 260 JD 312-019,DT FM 260 JD,AB,WS-PERBAIKAN DAN MAINTENANCE UNIT,"312-019 CEK RADIATOR ENGINE, CEK KEBOCOR",12.0
TANJUNG,Aug,2026-08-29,641105233203631 035,332-036,332036,EXCAVATOR HITACHI ZX350H-5G 332-036,Excavator,AB,WS-PERBAIKAN DAN MAINTENANCE UNIT,332-036 GREASSING,0.5
TANJUNG,Aug,2026-08-29,641105233203731 035,332-037,332037,EXCAVATOR HITACHI ZX350H-5G 332-037,Excavator,AB,WS-PERBAIKAN DAN MAINTENANCE UNIT,332-037 GREASSING,0.5
TANJUNG,Aug,2026-08-29,641105233202731 035,332-027,332027,EXCAVATOR HITACHI ZX350H-5G 332-027,Excavator Breaker 30 Ton,AB,WS-PERBAIKAN DAN MAINTENANCE UNIT,332-027 GREASSING,1.0
TANJUNG,Aug,2026-08-29,641105231202732 065,312-027,312027,DUMP TRUCK HINO FM 280 JD 312-027,DT FM 260 JD,AB,WS-PERBAIKAN DAN MAINTENANCE UNIT,312-027 PERBAIKAN LAMPU MUNDUR,0.5
TANJUNG,Aug,2026-08-29,641105231201932 075,312-019,312019,DUMP TRUCK HINO FM 260 JD 312-019,DT FM 260 JD,AB,WS-PERBAIKAN DAN MAINTENANCE UNIT,312-019 PASANG RADIATOR DAN EVAKUASI UNI,9.0
TANJUNG,Aug,2026-08-29,641105234201732 065,342-017,342017,BULLDOZER KOMATSU D85E 342-017,Bulldozer,AB,WS-PERBAIKAN DAN MAINTENANCE UNIT,342-017 PERBAIKAN LAMPU BELAKANG,1.0
TANJUNG,Aug,2026-08-29,641105226200132 035,262-001,262001,TRUCK TANGKI HINO FG235 DA 1853 Z /DA 8705 ZE 262-001,Tangki Air,TR,WS-PERBAIKAN DAN MAINTENANCE UNIT,262-001 ADJUST V-BELT POMPA AIR,2.0
TANJUNG,Aug,2026-08-29,641105226200132 035,262-001,262001,TRUCK TANGKI HINO FG235 DA 1853 Z /DA 8705 ZE 262-001,Tangki Air,TR,WS-PERBAIKAN DAN MAINTENANCE UNIT,262-001 KENCANGKAN V-BELT POMPA AIR,1.0
TANJUNG,Aug,2026-08-29,641105231202831 035,312-028,312028,DUMP TRUCK HINO FM 280 JD 312-028,DT FM 260 JD,AB,WS-PERBAIKAN DAN MAINTENANCE UNIT,312-028 GREASSING,0.5
TANJUNG,Aug,2026-08-30,641105231203032 015,312-030,312030,DUMP TRUCK HINO FM 280 JD 312-030,DT FM 260 JD,AB,WS-PERBAIKAN DAN MAINTENANCE UNIT,312-030 GANTI TENSIONER AC,1.5
TANJUNG,Aug,2026-08-30,641105233202631 035,332-026,332026,EXCAVATOR HITACHI ZX210F-5G 332-026,Excavator,AB,WS-PERBAIKAN DAN MAINTENANCE UNIT,332-026 GREASSING,1.5
TANJUNG,Aug,2026-08-30,641105233203231 035,332-032,332032,EXCAVATOR KOMATSU PC-200-8M1 332-032,Excavator,AB,WS-PERBAIKAN DAN MAINTENANCE UNIT,332-032 GREASSING,2.0
TANJUNG,Aug,2026-08-30,641105233203631 035,332-036,332036,EXCAVATOR HITACHI ZX350H-5G 332-036,Excavator,AB,WS-PERBAIKAN DAN MAINTENANCE UNIT,332-036 GREASSING,1.5
TANJUNG,Aug,2026-08-30,641105233204931 035,332-049,332049,EXCAVATOR SHANTUI SE 215 W 332-049,Excavator Breaker 30 Ton,AB,WS-PERBAIKAN DAN MAINTENANCE UNIT,332-049 GREASSING,2.0
TANJUNG,Aug,2026-08-30,641105231202732 065,312-027,312027,DUMP TRUCK HINO FM 280 JD 312-027,DT FM 260 JD,AB,WS-PERBAIKAN DAN MAINTENANCE UNIT,312-027 perbaikan kabel ac unit,2.0
TANJUNG,Aug,2026-08-30,641105231201932 075,312-019,312019,DUMP TRUCK HINO FM 260 JD 312-019,DT FM 260 JD,AB,WS-PERBAIKAN DAN MAINTENANCE UNIT,312-019 LAS KNALPOT DAN BONGKAR CYL HEAD,3.5
TANJUNG,Aug,2026-08-30,641105231203132 075,312-031,312031,DUMP TRUCK HINO FM 280 JD 312-031,DT FM 260 JD,AB,WS-PERBAIKAN DAN MAINTENANCE UNIT,"312-031 GANTI COMPONEN VNT TURBO, BERSIH",9.0
TANJUNG,Aug,2026-08-30,641105234201232 075,342-012,342012,BULLDOZER WEA B 220 342-012,Bulldozer,AB,WS-PERBAIKAN DAN MAINTENANCE UNIT,342-012 TAMBAH OLI ENGINE,0.5
TANJUNG,Aug,2026-08-30,661205000000095 093,,,,,,WS-PERBAIKAN DAN MAINTENANCE UNIT,BPA LEPAS HOSE PIPA OLI ENGINE,4.0
TANJUNG,Aug,2026-08-30,641105231202132 075,312-021,312021,DUMP TRUCK HINO FM 260 JD 312-021,DT FM 260 JD,AB,WS-PERBAIKAN DAN MAINTENANCE UNIT,312-021 GANTI RADIATOR,4.0
TANJUNG,Aug,2026-08-30,641105231202732 025,312-027,312027,DUMP TRUCK HINO FM 280 JD 312-027,DT FM 260 JD,AB,WS-PERBAIKAN DAN MAINTENANCE UNIT,"312-027 GANTI BOSTER, ADJUST CLAT BUANG",4.0
TANJUNG,Aug,2026-08-30,641105231201932 075,312-019,312019,DUMP TRUCK HINO FM 260 JD 312-019,DT FM 260 JD,AB,WS-PERBAIKAN DAN MAINTENANCE UNIT,312-019 BERSIHKAN PART ENGINE DAN KOMPON,16.0
TANJUNG,Aug,2026-08-31,641105231201532 015,312-015,312015,DUMP TRUCK HINO FM 260 JD 312-015,DT FM 260 JD,AB,WS-PERBAIKAN DAN MAINTENANCE UNIT,312-015 PERBAIKAN AC,7.0
TANJUNG,Aug,2026-08-31,641105231203132 065,312-031,312031,DUMP TRUCK HINO FM 280 JD 312-031,DT FM 260 JD,AB,WS-PERBAIKAN DAN MAINTENANCE UNIT,"312-031 BERSIHKAN EGR, ECCU, SOKET TURBO",14.0
TANJUNG,Aug,2026-08-31,641105233202732 035,332-027,332027,EXCAVATOR HITACHI ZX350H-5G 332-027,Excavator Breaker 30 Ton,AB,WS-PERBAIKAN DAN MAINTENANCE UNIT,332-027 LAS HANDEL LOCK KABIN,0.5
TANJUNG,Aug,2026-08-31,641105233202732 115,332-027,332027,EXCAVATOR HITACHI ZX350H-5G 332-027,Excavator Breaker 30 Ton,AB,WS-PERBAIKAN DAN MAINTENANCE UNIT,"332-027 TAMBAH OLI HYD, SAMBUNG KABEL RO",1.5
TANJUNG,Aug,2026-08-31,641105231201932 075,312-019,312019,DUMP TRUCK HINO FM 260 JD 312-019,DT FM 260 JD,AB,WS-PERBAIKAN DAN MAINTENANCE UNIT,"312-019 BERSIHKAN PISTON, DAN UKUR KAPAN",6.0
TANJUNG,Aug,2026-08-31,641105231201932 075,312-019,312019,DUMP TRUCK HINO FM 260 JD 312-019,DT FM 260 JD,AB,WS-PERBAIKAN DAN MAINTENANCE UNIT,312-019 pasang booster,0.5
TANJUNG,Aug,2026-08-31,611805004001000 000,332-033,332033,EXCAVATOR HITACHI ZX350H-5G 332-033,Excavator,AB,WS-PERBAIKAN DAN MAINTENANCE UNIT,"332-033 TAB OLI ENGINE, GANTI ORING PIPA",23.0
TANJUNG,Aug,2026-08-31,641105231201532 015,312-015,312015,DUMP TRUCK HINO FM 260 JD 312-015,DT FM 260 JD,AB,WS-PERBAIKAN DAN MAINTENANCE UNIT,312-015 PERBAIKAN AC,8.5
TANJUNG,Aug,2026-08-31,641105231201932 075,312-019,312019,DUMP TRUCK HINO FM 260 JD 312-019,DT FM 260 JD,AB,WS-PERBAIKAN DAN MAINTENANCE UNIT,312-019 RAKIT TOLS UNTUK EMNCABUT LINER,6.0
TANJUNG,Aug,2026-08-31,641105231202132 015,312-021,312021,DUMP TRUCK HINO FM 260 JD 312-021,DT FM 260 JD,AB,WS-PERBAIKAN DAN MAINTENANCE UNIT,312-021 PERBAIKAN EXTRAFAN DAN CEK KEBOC,3.5
TANJUNG,Aug,2026-08-31,641105233202632 015,332-026,332026,EXCAVATOR HITACHI ZX210F-5G 332-026,Excavator,AB,WS-PERBAIKAN DAN MAINTENANCE UNIT,332-026 PERBAIKAN JALUR SPIRAL BLOWER,0.5
TANJUNG,Aug,2026-08-31,641105231201932 075,312-019,312019,DUMP TRUCK HINO FM 260 JD 312-019,DT FM 260 JD,AB,WS-PERBAIKAN DAN MAINTENANCE UNIT,312-019 PASANG RING PISTON DAN GANTI PIS,15.0
TANJUNG,Aug,2026-08-31,641105231202332 035,312-023,312023,DUMP TRUCK HINO FM 260 JD 312-023,DT FM 260 JD,AB,WS-PERBAIKAN DAN MAINTENANCE UNIT,312-023 GANTI BUM,3.0
TANJUNG,Aug,2026-08-31,641105231203432 155,312-034,312034,DUMP TRUCK HINO FM 280 JD 312-034,DT FM 260 JD,AB,WS-PERBAIKAN DAN MAINTENANCE UNIT,312-034 GANTI SPIDER JOIN,5.0
TANJUNG,Aug,2026-08-31,641105231203432 035,312-034,312034,DUMP TRUCK HINO FM 280 JD 312-034,DT FM 260 JD,AB,WS-PERBAIKAN DAN MAINTENANCE UNIT,312-034 GANTI SPIDER JOIN PTO,3.0
TANJUNG,Aug,2026-08-31,641105233203631 035,332-036,332036,EXCAVATOR HITACHI ZX350H-5G 332-036,Excavator,AB,WS-PERBAIKAN DAN MAINTENANCE UNIT,332-036 GREASSING,0.5
TANJUNG,Aug,2026-08-31,641105233203731 035,332-037,332037,EXCAVATOR HITACHI ZX350H-5G 332-037,Excavator,AB,WS-PERBAIKAN DAN MAINTENANCE UNIT,332-037 GREASSING,0.5
TANJUNG,Aug,2026-08-31,641105233202731 035,332-027,332027,EXCAVATOR HITACHI ZX350H-5G 332-027,Excavator Breaker 30 Ton,AB,WS-PERBAIKAN DAN MAINTENANCE UNIT,332-027 GREASSING DAN TAMBAH OLI DEMPER,0.5
TANJUNG,Aug,2026-08-31,641105231202832 065,312-028,312028,DUMP TRUCK HINO FM 280 JD 312-028,DT FM 260 JD,AB,WS-PERBAIKAN DAN MAINTENANCE UNIT,312-028 GANTI LAMPU H4,0.5
TANJUNG,Aug,2026-08-31,641105231203232 135,312-032,312032,DUMP TRUCK HINO FM 280 JD 312-032,DT FM 260 JD,AB,WS-PERBAIKAN DAN MAINTENANCE UNIT,312-032 BUKA DAN PASANG SPRING DEPAN RH,9.0
TANJUNG,Aug,2026-08-31,641105231202332 065,312-023,312023,DUMP TRUCK HINO FM 260 JD 312-023,DT FM 260 JD,AB,WS-PERBAIKAN DAN MAINTENANCE UNIT,"312-023 SAMBUNG KABEL LAMPU MUNDUR, SAMB",3.0
TANJUNG,Aug,2026-08-31,641105231202232 035,312-022,312022,DUMP TRUCK HINO FM 260 JD 312-022,DT FM 260 JD,AB,WS-PERBAIKAN DAN MAINTENANCE UNIT,312-022 GANTI TORGUE ROD BAWAH DAN ATAS,9.0
