id_unit,lokasi,bulan,nama_unit,kode_unit,kelompok_unit,Jenis_Sarmut,kategori,jenis_unit,unit_sewa,availability_pct,availability_target,utilisasi_pct,utilisasi_target,downtime_pct,downtime_target,source_file,efektif_hm_km_realisasi,standby_hm_km_realisasi,breakdown_hm_km_realisasi,tersedia_hm_km_realisasi,hm_km_ideal_target
342016,BUHUT,Apr,BULLDOZER KOMATSU D85E 342-016,342-016,BULLDOZER MEDIUM,Sarmut Kelompok Alat Berat,AB,Bulldozer,False,100.0,85.0,2.2,95.0,0.0,15.0,"SASARAN_MUTU_AB_2026_BUHUT,xlsx",4.399999999999636,195.6000000000004,0.0,200.0,200.0
342016,BUHUT,Feb,BULLDOZER KOMATSU D85E 342-016,342-016,BULLDOZER MEDIUM,Sarmut Kelompok Alat Berat,AB,Bulldozer,False,100.0,85.0,45.55,95.0,0.0,15.0,"SASARAN_MUTU_AB_2026_BUHUT,xlsx",91.10000000000036,108.89999999999964,0.0,200.0,200.0
342016,BUHUT,Jan,BULLDOZER KOMATSU D85E 342-016,342-016,BULLDOZER MEDIUM,Sarmut Kelompok Alat Berat,AB,Bulldozer,False,95.0,85.0,54.89,95.0,5.0,15.0,"SASARAN_MUTU_AB_2026_BUHUT,xlsx",104.30000000000018,85.69999999999982,10.0,190.0,200.0
342016,BUHUT,Jun,BULLDOZER KOMATSU D85E 342-016,342-016,BULLDOZER MEDIUM,Sarmut Kelompok Alat Berat,AB,Bulldozer,False,99.92,85.0,5.35,95.0,0.08,15.0,"SASARAN_MUTU_AB_2026_BUHUT,xlsx",10.699999999999818,189.1500000000001,0.15,199.85,200.0
342016,BUHUT,Mar,BULLDOZER KOMATSU D85E 342-016,342-016,BULLDOZER MEDIUM,Sarmut Kelompok Alat Berat,AB,Bulldozer,False,100.0,85.0,31.25,95.0,0.0,15.0,"SASARAN_MUTU_AB_2026_BUHUT,xlsx",62.5,137.5,0.0,200.0,200.0
342016,BUHUT,May,BULLDOZER KOMATSU D85E 342-016,342-016,BULLDOZER MEDIUM,Sarmut Kelompok Alat Berat,AB,Bulldozer,False,100.0,85.0,0.0,95.0,0.0,15.0,"SASARAN_MUTU_AB_2026_BUHUT,xlsx",0.0,200.0,0.0,200.0,200.0
371014,BUHUT,Apr,COMPACTOR SAKAI SV 526-D 371-014,371-014,COMPACTOR,Sarmut Kelompok Alat Berat,AB,Compactor,False,100.0,85.0,62.13,95.0,0.0,15.0,"SASARAN_MUTU_AB_2026_BUHUT,xlsx",93.19999999999982,56.80000000000018,0.0,150.0,150.0
371014,BUHUT,Feb,COMPACTOR SAKAI SV 526-D 371-014,371-014,COMPACTOR,Sarmut Kelompok Alat Berat,AB,Compactor,False,100.0,85.0,38.13,95.0,0.0,15.0,"SASARAN_MUTU_AB_2026_BUHUT,xlsx",57.19999999999982,92.80000000000018,0.0,150.0,150.0
371014,BUHUT,Jan,COMPACTOR SAKAI SV 526-D 371-014,371-014,COMPACTOR,Sarmut Kelompok Alat Berat,AB,Compactor,False,97.33,85.0,99.18,95.0,2.67,15.0,"SASARAN_MUTU_AB_2026_BUHUT,xlsx",144.80000000000018,1.199999999999818,4.0,146.0,150.0
371014,BUHUT,Jun,COMPACTOR SAKAI SV 526-D 371-014,371-014,COMPACTOR,Sarmut Kelompok Alat Berat,AB,Compactor,False,15.4,85.0,100.0,95.0,84.6,15.0,"SASARAN_MUTU_AB_2026_BUHUT,xlsx",23.09999999999945,5.400124791776761e-13,126.9,23.099999999999994,150.0
371014,BUHUT,Mar,COMPACTOR SAKAI SV 526-D 371-014,371-014,COMPACTOR,Sarmut Kelompok Alat Berat,AB,Compactor,False,98.0,85.0,44.69,95.0,2.0,15.0,"SASARAN_MUTU_AB_2026_BUHUT,xlsx",65.70000000000073,81.29999999999927,3.0,147.0,150.0
371014,BUHUT,May,COMPACTOR SAKAI SV 526-D 371-014,371-014,COMPACTOR,Sarmut Kelompok Alat Berat,AB,Compactor,False,23.33,85.0,100.0,95.0,76.67,15.0,"SASARAN_MUTU_AB_2026_BUHUT,xlsx",35.0,0.0,115.0,35.0,150.0
332038,BUHUT,Apr,EXCAVATOR HITACHI ZX 210 F-5G 332-038,332-038,EXCAVATOR MEDIUM,Sarmut Kelompok Alat Berat,AB,Excavator Breaker 20 Ton,False,96.83,85.0,68.72,95.0,3.17,15.0,"SASARAN_MUTU_AB_2026_BUHUT,xlsx",232.89999999999964,106.00000000000036,11.1,338.9,350.0
332038,BUHUT,Feb,EXCAVATOR HITACHI ZX 210 F-5G 332-038,332-038,EXCAVATOR MEDIUM,Sarmut Kelompok Alat Berat,AB,Excavator Breaker 20 Ton,False,95.43,85.0,83.26,95.0,4.57,15.0,"SASARAN_MUTU_AB_2026_BUHUT,xlsx",278.09999999999854,55.900000000001455,16.0,334.0,350.0
332038,BUHUT,Jan,EXCAVATOR HITACHI ZX 210 F-5G 332-038,332-038,EXCAVATOR MEDIUM,Sarmut Kelompok Alat Berat,AB,Excavator Breaker 20 Ton,False,100.0,85.0,90.03,95.0,0.0,15.0,"SASARAN_MUTU_AB_2026_BUHUT,xlsx",315.1000000000004,0.0,0.0,350.0,350.0
332038,BUHUT,Jun,EXCAVATOR HITACHI ZX 210 F-5G 332-038,332-038,EXCAVATOR MEDIUM,Sarmut Kelompok Alat Berat,AB,Excavator Breaker 20 Ton,False,97.24,85.0,57.79,95.0,2.76,15.0,"SASARAN_MUTU_AB_2026_BUHUT,xlsx",196.7000000000008,143.64999999999927,9.65,340.35,350.0
332038,BUHUT,Mar,EXCAVATOR HITACHI ZX 210 F-5G 332-038,332-038,EXCAVATOR MEDIUM,Sarmut Kelompok Alat Berat,AB,Excavator Breaker 20 Ton,False,98.49,85.0,82.33,95.0,1.51,15.0,"SASARAN_MUTU_AB_2026_BUHUT,xlsx",283.8000000000011,60.89999999999891,5.3,344.7,350.0
332038,BUHUT,May,EXCAVATOR HITACHI ZX 210 F-5G 332-038,332-038,EXCAVATOR MEDIUM,Sarmut Kelompok Alat Berat,AB,Excavator Breaker 20 Ton,False,78.57,85.0,71.64,95.0,21.43,15.0,"SASARAN_MUTU_AB_2026_BUHUT,xlsx",197.0,78.0,75.0,275.0,350.0
332045,BUHUT,Apr,EXCAVATOR HITACHI ZX 210 F-5G 332-045,332-045,EXCAVATOR MEDIUM,Sarmut Kelompok Alat Berat,AB,Excavator Breaker 20 Ton,False,95.39,85.0,55.89,95.0,4.61,15.0,"SASARAN_MUTU_AB_2026_BUHUT,xlsx",186.6000000000004,147.24999999999963,16.150000000000002,333.85,350.0
332045,BUHUT,Feb,EXCAVATOR HITACHI ZX 210 F-5G 332-045,332-045,EXCAVATOR MEDIUM,Sarmut Kelompok Alat Berat,AB,Excavator Breaker 20 Ton,False,85.09,85.0,64.67,95.0,14.91,15.0,"SASARAN_MUTU_AB_2026_BUHUT,xlsx",192.6000000000004,105.19999999999963,52.2,297.8,350.0
332045,BUHUT,Jan,EXCAVATOR HITACHI ZX 210 F-5G 332-045,332-045,EXCAVATOR MEDIUM,Sarmut Kelompok Alat Berat,AB,Excavator Breaker 20 Ton,False,92.74,85.0,74.86,95.0,7.26,15.0,"SASARAN_MUTU_AB_2026_BUHUT,xlsx",243.0,81.6,25.4,324.6,350.0
332045,BUHUT,Jun,EXCAVATOR HITACHI ZX 210 F-5G 332-045,332-045,EXCAVATOR MEDIUM,Sarmut Kelompok Alat Berat,AB,Excavator Breaker 20 Ton,False,91.07,85.0,51.48,95.0,8.93,15.0,"SASARAN_MUTU_AB_2026_BUHUT,xlsx",164.09999999999854,154.65000000000146,31.25,318.75,350.0
332045,BUHUT,Mar,EXCAVATOR HITACHI ZX 210 F-5G 332-045,332-045,EXCAVATOR MEDIUM,Sarmut Kelompok Alat Berat,AB,Excavator Breaker 20 Ton,False,97.09,85.0,78.66,95.0,2.91,15.0,"SASARAN_MUTU_AB_2026_BUHUT,xlsx",267.2999999999993,72.50000000000072,10.2,339.8,350.0
332045,BUHUT,May,EXCAVATOR HITACHI ZX 210 F-5G 332-045,332-045,EXCAVATOR MEDIUM,Sarmut Kelompok Alat Berat,AB,Excavator Breaker 20 Ton,False,97.09,85.0,40.94,95.0,2.91,15.0,"SASARAN_MUTU_AB_2026_BUHUT,xlsx",139.1,200.7,10.2,339.8,350.0
332052,BUHUT,Apr,EXCAVATOR HITACHI ZX 210G-5G 332-052,332-052,EXCAVATOR MEDIUM,Sarmut Kelompok Alat Berat,AB,Excavator Breaker 20 Ton,False,96.43,85.0,62.25,95.0,3.57,15.0,"SASARAN_MUTU_AB_2026_BUHUT,xlsx",210.1000000000004,127.39999999999964,12.5,337.5,350.0
332052,BUHUT,Feb,EXCAVATOR HITACHI ZX 210G-5G 332-052,332-052,EXCAVATOR MEDIUM,Sarmut Kelompok Alat Berat,AB,Excavator Breaker 20 Ton,False,97.46,85.0,83.55,95.0,2.54,15.0,"SASARAN_MUTU_AB_2026_BUHUT,xlsx",285.0,56.1,8.9,341.1,350.0
332052,BUHUT,Jan,EXCAVATOR HITACHI ZX 210G-5G 332-052,332-052,EXCAVATOR MEDIUM,Sarmut Kelompok Alat Berat,AB,Excavator Breaker 20 Ton,False,97.91,85.0,98.63,95.0,2.09,15.0,"SASARAN_MUTU_AB_2026_BUHUT,xlsx",338.0,4.7,7.3,342.7,350.0
332052,BUHUT,Jun,EXCAVATOR HITACHI ZX 210G-5G 332-052,332-052,EXCAVATOR MEDIUM,Sarmut Kelompok Alat Berat,AB,Excavator Breaker 20 Ton,False,98.77,85.0,68.85,95.0,1.23,15.0,"SASARAN_MUTU_AB_2026_BUHUT,xlsx",238.0,107.7,4.3,345.7,350.0
332052,BUHUT,Mar,EXCAVATOR HITACHI ZX 210G-5G 332-052,332-052,EXCAVATOR MEDIUM,Sarmut Kelompok Alat Berat,AB,Excavator Breaker 20 Ton,False,97.59,85.0,82.83,95.0,2.41,15.0,"SASARAN_MUTU_AB_2026_BUHUT,xlsx",282.89999999999964,58.65000000000036,8.45,341.55,350.0
332052,BUHUT,May,EXCAVATOR HITACHI ZX 210G-5G 332-052,332-052,EXCAVATOR MEDIUM,Sarmut Kelompok Alat Berat,AB,Excavator Breaker 20 Ton,False,99.86,85.0,63.75,95.0,0.14,15.0,"SASARAN_MUTU_AB_2026_BUHUT,xlsx",222.8,126.7,0.5,349.5,350.0
332055,BUHUT,Apr,EXCAVATOR HITACHI ZX350H-5G 332-055,332-055,EXCAVATOR MEDIUM,Sarmut Kelompok Alat Berat,AB,Excavator Breaker 30 Ton,False,98.1,85.0,64.92,95.0,1.9,15.0,"SASARAN_MUTU_AB_2026_BUHUT,xlsx",222.9000000000001,120.4499999999999,6.65,343.35,350.0
332055,BUHUT,Feb,EXCAVATOR HITACHI ZX350H-5G 332-055,332-055,EXCAVATOR MEDIUM,Sarmut Kelompok Alat Berat,AB,Excavator Breaker 30 Ton,False,99.34,85.0,83.61,95.0,0.66,15.0,"SASARAN_MUTU_AB_2026_BUHUT,xlsx",290.6999999999998,57.000000000000185,2.3,347.7,350.0
332055,BUHUT,Jan,EXCAVATOR HITACHI ZX350H-5G 332-055,332-055,EXCAVATOR MEDIUM,Sarmut Kelompok Alat Berat,AB,Excavator Breaker 30 Ton,False,99.71,85.0,96.59,95.0,0.29,15.0,"SASARAN_MUTU_AB_2026_BUHUT,xlsx",337.0999999999999,11.900000000000093,1.0,349.0,350.0
332055,BUHUT,Jun,EXCAVATOR HITACHI ZX350H-5G 332-055,332-055,EXCAVATOR MEDIUM,Sarmut Kelompok Alat Berat,AB,Excavator Breaker 30 Ton,False,99.3,85.0,83.44,95.0,0.7,15.0,"SASARAN_MUTU_AB_2026_BUHUT,xlsx",290.0,57.55,2.45,347.55,350.0
332055,BUHUT,Mar,EXCAVATOR HITACHI ZX350H-5G 332-055,332-055,EXCAVATOR MEDIUM,Sarmut Kelompok Alat Berat,AB,Excavator Breaker 30 Ton,False,98.06,85.0,80.68,95.0,1.94,15.0,"SASARAN_MUTU_AB_2026_BUHUT,xlsx",276.9000000000001,66.29999999999991,6.800000000000001,343.2,350.0
332055,BUHUT,May,EXCAVATOR HITACHI ZX350H-5G 332-055,332-055,EXCAVATOR MEDIUM,Sarmut Kelompok Alat Berat,AB,Excavator Breaker 30 Ton,False,98.6,85.0,54.1,95.0,1.4,15.0,"SASARAN_MUTU_AB_2026_BUHUT,xlsx",186.7,158.4,4.9,345.1,350.0
332039,BUHUT,Apr,EXCAVATOR HITACHI ZX 210 F-5G 332-039,332-039,EXCAVATOR MEDIUM,Sarmut Kelompok Alat Berat,AB,Excavator Bucket,False,94.9,85.0,75.45,95.0,5.1,15.0,"SASARAN_MUTU_AB_2026_BUHUT,xlsx",143.1999999999989,46.60000000000109,10.2,189.8,200.0
332039,BUHUT,Feb,EXCAVATOR HITACHI ZX 210 F-5G 332-039,332-039,EXCAVATOR MEDIUM,Sarmut Kelompok Alat Berat,AB,Excavator Bucket,False,100.0,85.0,100.0,95.0,0.0,15.0,"SASARAN_MUTU_AB_2026_BUHUT,xlsx",200.0,0.0,0.0,200.0,200.0
332039,BUHUT,Jan,EXCAVATOR HITACHI ZX 210 F-5G 332-039,332-039,EXCAVATOR MEDIUM,Sarmut Kelompok Alat Berat,AB,Excavator Bucket,False,100.0,85.0,122.0,95.0,0.0,15.0,"SASARAN_MUTU_AB_2026_BUHUT,xlsx",244.0,0.0,0.0,200.0,200.0
332039,BUHUT,Jun,EXCAVATOR HITACHI ZX 210 F-5G 332-039,332-039,EXCAVATOR MEDIUM,Sarmut Kelompok Alat Berat,AB,Excavator Bucket,False,96.35,85.0,100.0,95.0,3.65,15.0,"SASARAN_MUTU_AB_2026_BUHUT,xlsx",192.7000000000008,-7.27418125734403e-13,7.3,192.7,200.0
332039,BUHUT,Mar,EXCAVATOR HITACHI ZX 210 F-5G 332-039,332-039,EXCAVATOR MEDIUM,Sarmut Kelompok Alat Berat,AB,Excavator Bucket,False,90.9,85.0,99.5,95.0,9.1,15.0,"SASARAN_MUTU_AB_2026_BUHUT,xlsx",180.89999999999964,0.9000000000003645,18.2,181.8,200.0
332039,BUHUT,May,EXCAVATOR HITACHI ZX 210 F-5G 332-039,332-039,EXCAVATOR MEDIUM,Sarmut Kelompok Alat Berat,AB,Excavator Bucket,False,98.3,85.0,74.62,95.0,1.7,15.0,"SASARAN_MUTU_AB_2026_BUHUT,xlsx",146.7,49.90000000000001,3.4,196.6,200.0
332050,BUHUT,Apr,EXCAVATOR SHANTUI SE 215 W 332-050,332-050,EXCAVATOR MEDIUM,Sarmut Kelompok Alat Berat,AB,Excavator Bucket,False,0.0,85.0,0.0,95.0,100.0,15.0,"SASARAN_MUTU_AB_2026_BUHUT,xlsx",0.0,0.0,100.0,0.0,100.0
332050,BUHUT,Feb,EXCAVATOR SHANTUI SE 215 W 332-050,332-050,EXCAVATOR MEDIUM,Sarmut Kelompok Alat Berat,AB,Excavator Bucket,False,0.0,85.0,0.0,95.0,100.0,15.0,"SASARAN_MUTU_AB_2026_BUHUT,xlsx",0.0,0.0,100.0,0.0,100.0
332050,BUHUT,Jan,EXCAVATOR SHANTUI SE 215 W 332-050,332-050,EXCAVATOR MEDIUM,Sarmut Kelompok Alat Berat,AB,Excavator Bucket,False,0.0,85.0,0.0,95.0,100.0,15.0,"SASARAN_MUTU_AB_2026_BUHUT,xlsx",0.0,0.0,100.0,0.0,100.0
332050,BUHUT,Jun,EXCAVATOR SHANTUI SE 215 W 332-050,332-050,EXCAVATOR MEDIUM,Sarmut Kelompok Alat Berat,AB,Excavator Bucket,False,0.0,85.0,0.0,95.0,100.0,15.0,"SASARAN_MUTU_AB_2026_BUHUT,xlsx",0.0,0.0,100.0,0.0,100.0
332050,BUHUT,Mar,EXCAVATOR SHANTUI SE 215 W 332-050,332-050,EXCAVATOR MEDIUM,Sarmut Kelompok Alat Berat,AB,Excavator Bucket,False,0.0,85.0,0.0,95.0,100.0,15.0,"SASARAN_MUTU_AB_2026_BUHUT,xlsx",0.0,0.0,100.0,0.0,100.0
332050,BUHUT,May,EXCAVATOR SHANTUI SE 215 W 332-050,332-050,EXCAVATOR MEDIUM,Sarmut Kelompok Alat Berat,AB,Excavator Bucket,False,0.0,85.0,0.0,95.0,100.0,15.0,"SASARAN_MUTU_AB_2026_BUHUT,xlsx",0.0,0.0,100.0,0.0,100.0
332051,BUHUT,Apr,EXCAVATOR SHANTUI SE 215 W 332-051,332-051,EXCAVATOR MEDIUM,Sarmut Kelompok Alat Berat,AB,Excavator Bucket,False,5.5,85.0,70.91,95.0,94.5,15.0,"SASARAN_MUTU_AB_2026_BUHUT,xlsx",7.800000000000182,3.199999999999818,189.0,11.0,200.0
332051,BUHUT,Feb,EXCAVATOR SHANTUI SE 215 W 332-051,332-051,EXCAVATOR MEDIUM,Sarmut Kelompok Alat Berat,AB,Excavator Bucket,False,82.5,85.0,100.0,95.0,17.5,15.0,"SASARAN_MUTU_AB_2026_BUHUT,xlsx",165.0,0.0,35.0,165.0,200.0
332051,BUHUT,Jan,EXCAVATOR SHANTUI SE 215 W 332-051,332-051,EXCAVATOR MEDIUM,Sarmut Kelompok Alat Berat,AB,Excavator Bucket,False,42.58,85.0,91.96,95.0,57.42,15.0,"SASARAN_MUTU_AB_2026_BUHUT,xlsx",78.30000000000018,6.849999999999824,114.85,85.15,200.0
332051,BUHUT,Jun,EXCAVATOR SHANTUI SE 215 W 332-051,332-051,EXCAVATOR MEDIUM,Sarmut Kelompok Alat Berat,AB,Excavator Bucket,False,32.5,85.0,19.54,95.0,67.5,15.0,"SASARAN_MUTU_AB_2026_BUHUT,xlsx",12.699999999999818,52.30000000000018,135.0,65.0,200.0
332051,BUHUT,Mar,EXCAVATOR SHANTUI SE 215 W 332-051,332-051,EXCAVATOR MEDIUM,Sarmut Kelompok Alat Berat,AB,Excavator Bucket,False,79.7,85.0,100.0,95.0,20.3,15.0,"SASARAN_MUTU_AB_2026_BUHUT,xlsx",159.39999999999964,3.623767952376511e-13,40.6,159.4,200.0
332051,BUHUT,May,EXCAVATOR SHANTUI SE 215 W 332-051,332-051,EXCAVATOR MEDIUM,Sarmut Kelompok Alat Berat,AB,Excavator Bucket,False,100.0,85.0,0.0,95.0,0.0,15.0,"SASARAN_MUTU_AB_2026_BUHUT,xlsx",0.0,200.0,0.0,200.0,200.0
332059,BUHUT,Jun,EXCAVATOR KOMATSU PC210 332-059,332-059,EXCAVATOR MEDIUM,Sarmut Kelompok Alat Berat,AB,Excavator Bucket,False,100.0,85.0,5.0,95.0,0.0,15.0,"SASARAN_MUTU_AB_2026_BUHUT,xlsx",18.6,331.1,0.3,349.7,350.0
351014,BUHUT,Apr,GRADER XCMG GR-135 351-014,351-014,GRADER,Sarmut Kelompok Alat Berat,AB,Grader,False,97.33,85.0,61.99,95.0,2.67,15.0,"SASARAN_MUTU_AB_2026_BUHUT,xlsx",90.5,55.5,4.0,146.0,150.0
351014,BUHUT,Feb,GRADER XCMG GR-135 351-014,351-014,GRADER,Sarmut Kelompok Alat Berat,AB,Grader,False,99.03,85.0,33.73,95.0,0.97,15.0,"SASARAN_MUTU_AB_2026_BUHUT,xlsx",50.100000000000136,98.44999999999986,1.45,148.55,150.0
351014,BUHUT,Jan,GRADER XCMG GR-135 351-014,351-014,GRADER,Sarmut Kelompok Alat Berat,AB,Grader,False,99.33,85.0,18.32,95.0,0.67,15.0,"SASARAN_MUTU_AB_2026_BUHUT,xlsx",27.299999999999955,121.70000000000005,1.0,149.0,150.0
351014,BUHUT,Jun,GRADER XCMG GR-135 351-014,351-014,GRADER,Sarmut Kelompok Alat Berat,AB,Grader,False,100.0,85.0,18.13,95.0,0.0,15.0,"SASARAN_MUTU_AB_2026_BUHUT,xlsx",27.200000000000045,122.79999999999995,0.0,150.0,150.0
351014,BUHUT,Mar,GRADER XCMG GR-135 351-014,351-014,GRADER,Sarmut Kelompok Alat Berat,AB,Grader,False,99.53,85.0,34.16,95.0,0.47,15.0,"SASARAN_MUTU_AB_2026_BUHUT,xlsx",51.0,98.3,0.7,149.3,150.0
351014,BUHUT,May,GRADER XCMG GR-135 351-014,351-014,GRADER,Sarmut Kelompok Alat Berat,AB,Grader,False,100.0,85.0,35.2,95.0,0.0,15.0,"SASARAN_MUTU_AB_2026_BUHUT,xlsx",52.8,97.2,0.0,150.0,150.0
362002,BUHUT,Apr,WHEEL LOADER XCMG ZL50GN 362-002,362-002,WHEEL LOADER,Sarmut Kelompok Alat Berat,AB,Wheel Loader,False,98.0,85.0,75.31,95.0,2.0,15.0,"SASARAN_MUTU_AB_2026_BUHUT,xlsx",110.70000000000071,36.29999999999927,3.0,147.0,150.0
362002,BUHUT,Feb,WHEEL LOADER XCMG ZL50GN 362-002,362-002,WHEEL LOADER,Sarmut Kelompok Alat Berat,AB,Wheel Loader,False,100.0,85.0,100.0,95.0,0.0,15.0,"SASARAN_MUTU_AB_2026_BUHUT,xlsx",150.0,0.0,0.0,150.0,150.0
362002,BUHUT,Jan,WHEEL LOADER XCMG ZL50GN 362-002,362-002,WHEEL LOADER,Sarmut Kelompok Alat Berat,AB,Wheel Loader,False,100.0,85.0,157.2,95.0,0.0,15.0,"SASARAN_MUTU_AB_2026_BUHUT,xlsx",235.8000000000011,0.0,0.0,150.0,150.0
362002,BUHUT,Jun,WHEEL LOADER XCMG ZL50GN 362-002,362-002,WHEEL LOADER,Sarmut Kelompok Alat Berat,AB,Wheel Loader,False,97.7,85.0,64.41,95.0,2.3,15.0,"SASARAN_MUTU_AB_2026_BUHUT,xlsx",94.39999999999964,52.15000000000036,3.45,146.55,150.0
362002,BUHUT,Mar,WHEEL LOADER XCMG ZL50GN 362-002,362-002,WHEEL LOADER,Sarmut Kelompok Alat Berat,AB,Wheel Loader,False,100.0,85.0,100.0,95.0,0.0,15.0,"SASARAN_MUTU_AB_2026_BUHUT,xlsx",150.0,0.0,0.0,150.0,150.0
362002,BUHUT,May,WHEEL LOADER XCMG ZL50GN 362-002,362-002,WHEEL LOADER,Sarmut Kelompok Alat Berat,AB,Wheel Loader,False,99.33,85.0,43.76,95.0,0.67,15.0,"SASARAN_MUTU_AB_2026_BUHUT,xlsx",65.2,83.8,1.0,149.0,150.0
361006,SUNGAI DANAU,Apr,BACKHOE LOADER CAT 416 F 361-006,361-006,BACKHOE LOADER,Sarmut Kelompok Alat Berat,AB,Backhoe Loader,False,79.59,93.0,102.56,95.0,20.41,7.0,"SASARAN_MUTU_ALAT_BERAT_2026_SATUI,xlsx",40.0,2.0,10.0,39.0,49.0
361006,SUNGAI DANAU,May,BACKHOE LOADER CAT 416 F 361-006,361-006,BACKHOE LOADER,Sarmut Kelompok Alat Berat,AB,Backhoe Loader,False,70.19,93.0,128.32,95.0,29.81,7.0,"SASARAN_MUTU_ALAT_BERAT_2026_SATUI,xlsx",145.0,0.0,48.0,113.0,161.0
361007,SUNGAI DANAU,Apr,BACKHOE LOADER CAT 416 F 361-007,361-007,BACKHOE LOADER,Sarmut Kelompok Alat Berat,AB,Backhoe Loader,False,53.14,93.0,115.05,95.0,46.86,7.0,"SASARAN_MUTU_ALAT_BERAT_2026_SATUI,xlsx",107.0,11.0,82.0,93.0,175.0
361007,SUNGAI DANAU,Feb,BACKHOE LOADER CAT 416 F 361-007,361-007,BACKHOE LOADER,Sarmut Kelompok Alat Berat,AB,Backhoe Loader,False,85.71,93.0,144.2,95.0,14.29,7.0,"SASARAN_MUTU_ALAT_BERAT_2026_SATUI,xlsx",199.0,0.0,23.0,138.0,161.0
361007,SUNGAI DANAU,Jan,BACKHOE LOADER CAT 416 F 361-007,361-007,BACKHOE LOADER,Sarmut Kelompok Alat Berat,AB,Backhoe Loader,False,94.29,93.0,167.88,95.0,5.71,7.0,"SASARAN_MUTU_ALAT_BERAT_2026_SATUI,xlsx",277.0,5.0,10.0,165.0,175.0
361007,SUNGAI DANAU,Jun,BACKHOE LOADER CAT 416 F 361-007,361-007,BACKHOE LOADER,Sarmut Kelompok Alat Berat,AB,Backhoe Loader,False,62.5,93.0,92.38,95.0,37.5,7.0,"SASARAN_MUTU_ALAT_BERAT_2026_SATUI,xlsx",97.0,31.0,63.0,105.0,168.0
361007,SUNGAI DANAU,Mar,BACKHOE LOADER CAT 416 F 361-007,361-007,BACKHOE LOADER,Sarmut Kelompok Alat Berat,AB,Backhoe Loader,False,92.21,93.0,116.2,95.0,7.79,7.0,"SASARAN_MUTU_ALAT_BERAT_2026_SATUI,xlsx",165.0,13.0,12.0,142.0,154.0
361007,SUNGAI DANAU,May,BACKHOE LOADER CAT 416 F 361-007,361-007,BACKHOE LOADER,Sarmut Kelompok Alat Berat,AB,Backhoe Loader,False,59.63,93.0,73.96,95.0,40.37,7.0,"SASARAN_MUTU_ALAT_BERAT_2026_SATUI,xlsx",71.0,44.0,65.0,96.0,161.0
361009,SUNGAI DANAU,Apr,BACKHOE LOADER CATTERPILLAR 426F2 361-009,361-009,BACKHOE LOADER,Sarmut Kelompok Alat Berat,AB,Backhoe Loader,False,93.14,93.0,142.94,95.0,6.86,7.0,"SASARAN_MUTU_ALAT_BERAT_2026_SATUI,xlsx",233.0,4.0,12.0,163.0,175.0
361009,SUNGAI DANAU,Feb,BACKHOE LOADER CATTERPILLAR 426F2 361-009,361-009,BACKHOE LOADER,Sarmut Kelompok Alat Berat,AB,Backhoe Loader,False,100.0,93.0,116.15,95.0,0.0,7.0,"SASARAN_MUTU_ALAT_BERAT_2026_SATUI,xlsx",187.0,24.0,0.0,161.0,161.0
361009,SUNGAI DANAU,Jan,BACKHOE LOADER CATTERPILLAR 426F2 361-009,361-009,BACKHOE LOADER,Sarmut Kelompok Alat Berat,AB,Backhoe Loader,False,100.0,93.0,147.43,95.0,0.0,7.0,"SASARAN_MUTU_ALAT_BERAT_2026_SATUI,xlsx",258.0,7.0,0.0,175.0,175.0
361009,SUNGAI DANAU,Jun,BACKHOE LOADER CATTERPILLAR 426F2 361-009,361-009,BACKHOE LOADER,Sarmut Kelompok Alat Berat,AB,Backhoe Loader,False,91.67,93.0,162.99,95.0,8.33,7.0,"SASARAN_MUTU_ALAT_BERAT_2026_SATUI,xlsx",251.0,6.0,14.0,154.0,168.0
361009,SUNGAI DANAU,Mar,BACKHOE LOADER CATTERPILLAR 426F2 361-009,361-009,BACKHOE LOADER,Sarmut Kelompok Alat Berat,AB,Backhoe Loader,False,92.21,93.0,147.18,95.0,7.79,7.0,"SASARAN_MUTU_ALAT_BERAT_2026_SATUI,xlsx",209.0,1.0,12.0,142.0,154.0
361009,SUNGAI DANAU,May,BACKHOE LOADER CATTERPILLAR 426F2 361-009,361-009,BACKHOE LOADER,Sarmut Kelompok Alat Berat,AB,Backhoe Loader,False,98.76,93.0,154.72,95.0,1.24,7.0,"SASARAN_MUTU_ALAT_BERAT_2026_SATUI,xlsx",246.0,0.0,2.0,159.0,161.0
361010,SUNGAI DANAU,Apr,BACKHOE LOADER CATTERPILLAR 426F2 361-010,361-010,BACKHOE LOADER,Sarmut Kelompok Alat Berat,AB,Backhoe Loader,False,88.0,93.0,193.51,95.0,12.0,7.0,"SASARAN_MUTU_ALAT_BERAT_2026_SATUI,xlsx",298.0,0.0,21.0,154.0,175.0
361010,SUNGAI DANAU,Feb,BACKHOE LOADER CATTERPILLAR 426F2 361-010,361-010,BACKHOE LOADER,Sarmut Kelompok Alat Berat,AB,Backhoe Loader,False,83.85,93.0,168.15,95.0,16.15,7.0,"SASARAN_MUTU_ALAT_BERAT_2026_SATUI,xlsx",227.0,0.0,26.0,135.0,161.0
361010,SUNGAI DANAU,Jan,BACKHOE LOADER CATTERPILLAR 426F2 361-010,361-010,BACKHOE LOADER,Sarmut Kelompok Alat Berat,AB,Backhoe Loader,False,100.0,93.0,181.14,95.0,0.0,7.0,"SASARAN_MUTU_ALAT_BERAT_2026_SATUI,xlsx",317.0,0.0,0.0,175.0,175.0
361010,SUNGAI DANAU,Jun,BACKHOE LOADER CATTERPILLAR 426F2 361-010,361-010,BACKHOE LOADER,Sarmut Kelompok Alat Berat,AB,Backhoe Loader,False,95.83,93.0,203.73,95.0,4.17,7.0,"SASARAN_MUTU_ALAT_BERAT_2026_SATUI,xlsx",328.0,0.0,7.0,161.0,168.0
361010,SUNGAI DANAU,Mar,BACKHOE LOADER CATTERPILLAR 426F2 361-010,361-010,BACKHOE LOADER,Sarmut Kelompok Alat Berat,AB,Backhoe Loader,False,100.0,93.0,192.21,95.0,0.0,7.0,"SASARAN_MUTU_ALAT_BERAT_2026_SATUI,xlsx",296.0,0.0,0.0,154.0,154.0
361010,SUNGAI DANAU,May,BACKHOE LOADER CATTERPILLAR 426F2 361-010,361-010,BACKHOE LOADER,Sarmut Kelompok Alat Berat,AB,Backhoe Loader,False,86.96,93.0,203.57,95.0,13.04,7.0,"SASARAN_MUTU_ALAT_BERAT_2026_SATUI,xlsx",285.0,0.0,21.0,140.0,161.0
361013,SUNGAI DANAU,Apr,BACKHOE LOADER CATERPILLAR 416F 361-013,361-013,BACKHOE LOADER,Sarmut Kelompok Alat Berat,AB,Backhoe Loader,False,92.0,93.0,146.58,95.0,8.0,7.0,"SASARAN_MUTU_ALAT_BERAT_2026_SATUI,xlsx",236.0,28.0,14.0,161.0,175.0
361013,SUNGAI DANAU,Feb,BACKHOE LOADER CATERPILLAR 416F 361-013,361-013,BACKHOE LOADER,Sarmut Kelompok Alat Berat,AB,Backhoe Loader,False,100.0,93.0,160.25,95.0,0.0,7.0,"SASARAN_MUTU_ALAT_BERAT_2026_SATUI,xlsx",258.0,0.0,0.0,161.0,161.0
361013,SUNGAI DANAU,Jan,BACKHOE LOADER CATERPILLAR 416F 361-013,361-013,BACKHOE LOADER,Sarmut Kelompok Alat Berat,AB,Backhoe Loader,False,98.86,93.0,171.1,95.0,1.14,7.0,"SASARAN_MUTU_ALAT_BERAT_2026_SATUI,xlsx",296.0,0.0,2.0,173.0,175.0
361013,SUNGAI DANAU,Jun,BACKHOE LOADER CATERPILLAR 416F 361-013,361-013,BACKHOE LOADER,Sarmut Kelompok Alat Berat,AB,Backhoe Loader,False,92.86,93.0,172.44,95.0,7.14,7.0,"SASARAN_MUTU_ALAT_BERAT_2026_SATUI,xlsx",269.0,0.0,12.0,156.0,168.0
361013,SUNGAI DANAU,Mar,BACKHOE LOADER CATERPILLAR 416F 361-013,361-013,BACKHOE LOADER,Sarmut Kelompok Alat Berat,AB,Backhoe Loader,False,41.56,93.0,142.19,95.0,58.44,7.0,"SASARAN_MUTU_ALAT_BERAT_2026_SATUI,xlsx",91.0,7.0,90.0,64.0,154.0
361013,SUNGAI DANAU,May,BACKHOE LOADER CATERPILLAR 416F 361-013,361-013,BACKHOE LOADER,Sarmut Kelompok Alat Berat,AB,Backhoe Loader,False,100.0,93.0,134.16,95.0,0.0,7.0,"SASARAN_MUTU_ALAT_BERAT_2026_SATUI,xlsx",216.0,32.0,0.0,161.0,161.0
361014,SUNGAI DANAU,Apr,BACKHOE LOADER CATERPILLAR 416F2 361-014,361-014,BACKHOE LOADER,Sarmut Kelompok Alat Berat,AB,Backhoe Loader,False,90.86,93.0,174.21,95.0,9.14,7.0,"SASARAN_MUTU_ALAT_BERAT_2026_SATUI,xlsx",277.0,0.0,16.0,159.0,175.0
361014,SUNGAI DANAU,Feb,BACKHOE LOADER CATERPILLAR 416F2 361-014,361-014,BACKHOE LOADER,Sarmut Kelompok Alat Berat,AB,Backhoe Loader,False,89.44,93.0,177.78,95.0,10.56,7.0,"SASARAN_MUTU_ALAT_BERAT_2026_SATUI,xlsx",256.0,0.0,17.0,144.0,161.0
361014,SUNGAI DANAU,Jan,BACKHOE LOADER CATERPILLAR 416F2 361-014,361-014,BACKHOE LOADER,Sarmut Kelompok Alat Berat,AB,Backhoe Loader,False,51.43,93.0,180.0,95.0,48.57,7.0,"SASARAN_MUTU_ALAT_BERAT_2026_SATUI,xlsx",162.0,0.0,85.0,90.0,175.0
361014,SUNGAI DANAU,Jun,BACKHOE LOADER CATERPILLAR 416F2 361-014,361-014,BACKHOE LOADER,Sarmut Kelompok Alat Berat,AB,Backhoe Loader,False,100.0,93.0,191.67,95.0,0.0,7.0,"SASARAN_MUTU_ALAT_BERAT_2026_SATUI,xlsx",322.0,1.0,0.0,168.0,168.0
361014,SUNGAI DANAU,Mar,BACKHOE LOADER CATERPILLAR 416F2 361-014,361-014,BACKHOE LOADER,Sarmut Kelompok Alat Berat,AB,Backhoe Loader,False,54.55,93.0,190.48,95.0,45.45,7.0,"SASARAN_MUTU_ALAT_BERAT_2026_SATUI,xlsx",160.0,0.0,70.0,84.0,154.0
361014,SUNGAI DANAU,May,BACKHOE LOADER CATERPILLAR 416F2 361-014,361-014,BACKHOE LOADER,Sarmut Kelompok Alat Berat,AB,Backhoe Loader,False,98.76,93.0,192.45,95.0,1.24,7.0,"SASARAN_MUTU_ALAT_BERAT_2026_SATUI,xlsx",306.0,0.0,2.0,159.0,161.0
342004,SUNGAI DANAU,Feb,BULLDOZER CAT D6G DC-11 342-004,342-004,BULLDOZER MEDIUM,Sarmut Kelompok Alat Berat,AB,Bulldozer,False,82.04,93.0,80.21,95.0,17.96,7.0,"SASARAN_MUTU_ALAT_BERAT_2026_SATUI,xlsx",73.69999999999999,8.480000000000075,20.120000000000005,91.88,112.0
342004,SUNGAI DANAU,Jan,BULLDOZER CAT D6G DC-11 342-004,342-004,BULLDOZER MEDIUM,Sarmut Kelompok Alat Berat,AB,Bulldozer,False,43.81,93.0,85.62,95.0,56.19,7.0,"SASARAN_MUTU_ALAT_BERAT_2026_SATUI,xlsx",65.64000000000001,1.9399999999999973,98.33999999999996,76.66000000000003,175.0
342006,SUNGAI DANAU,Feb,BULLDOZER CAT D7G2 342-006,342-006,BULLDOZER MEDIUM,Sarmut Kelompok Alat Berat,AB,Bulldozer,False,100.0,93.0,146.43,95.0,0.0,7.0,"SASARAN_MUTU_ALAT_BERAT_2026_SATUI,xlsx",123.0,6.0,0.0,84.0,84.0
342006,SUNGAI DANAU,Jan,BULLDOZER CAT D7G2 342-006,342-006,BULLDOZER MEDIUM,Sarmut Kelompok Alat Berat,AB,Bulldozer,False,84.0,93.0,136.73,95.0,16.0,7.0,"SASARAN_MUTU_ALAT_BERAT_2026_SATUI,xlsx",201.0,7.0,28.0,147.0,175.0
342008,SUNGAI DANAU,Apr,BULLDOZER CAT D7G2 342-008,342-008,BULLDOZER MEDIUM,Sarmut Kelompok Alat Berat,AB,Bulldozer,False,85.71,93.0,90.6,95.0,14.29,7.0,"SASARAN_MUTU_ALAT_BERAT_2026_SATUI,xlsx",76.1,16.0,14.0,84.0,98.0
342008,SUNGAI DANAU,Jun,BULLDOZER CAT D7G2 342-008,342-008,BULLDOZER MEDIUM,Sarmut Kelompok Alat Berat,AB,Bulldozer,False,100.0,93.0,98.81,95.0,0.0,7.0,"SASARAN_MUTU_ALAT_BERAT_2026_SATUI,xlsx",166.0,27.0,0.0,168.0,168.0
342008,SUNGAI DANAU,May,BULLDOZER CAT D7G2 342-008,342-008,BULLDOZER MEDIUM,Sarmut Kelompok Alat Berat,AB,Bulldozer,False,100.0,93.0,38.51,95.0,0.0,7.0,"SASARAN_MUTU_ALAT_BERAT_2026_SATUI,xlsx",62.0,105.0,0.0,161.0,161.0
342014,SUNGAI DANAU,Apr,BULLDOZER WEA B 165 YS 342-014,342-014,BULLDOZER MEDIUM,Sarmut Kelompok Alat Berat,AB,Bulldozer,False,54.55,93.0,126.19,95.0,45.45,7.0,"SASARAN_MUTU_ALAT_BERAT_2026_SATUI,xlsx",53.0,0.0,35.0,42.0,77.0
342014,SUNGAI DANAU,Feb,BULLDOZER WEA B 165 YS 342-014,342-014,BULLDOZER MEDIUM,Sarmut Kelompok Alat Berat,AB,Bulldozer,False,89.29,93.0,136.0,95.0,10.71,7.0,"SASARAN_MUTU_ALAT_BERAT_2026_SATUI,xlsx",102.0,6.0,9.0,75.0,84.0
342014,SUNGAI DANAU,Jan,BULLDOZER WEA B 165 YS 342-014,342-014,BULLDOZER MEDIUM,Sarmut Kelompok Alat Berat,AB,Bulldozer,False,25.71,93.0,77.78,95.0,74.29,7.0,"SASARAN_MUTU_ALAT_BERAT_2026_SATUI,xlsx",35.0,20.0,130.0,45.0,175.0
342014,SUNGAI DANAU,Jun,BULLDOZER WEA B 165 YS 342-014,342-014,BULLDOZER MEDIUM,Sarmut Kelompok Alat Berat,AB,Bulldozer,False,95.83,93.0,106.83,95.0,4.17,7.0,"SASARAN_MUTU_ALAT_BERAT_2026_SATUI,xlsx",172.0,10.0,7.0,161.0,168.0
342018,SUNGAI DANAU,Feb,BULLDOZER KOMATSU D85E 342-018,342-018,BULLDOZER MEDIUM,Sarmut Kelompok Alat Berat,AB,Bulldozer,False,98.81,93.0,168.67,95.0,1.19,7.0,"SASARAN_MUTU_ALAT_BERAT_2026_SATUI,xlsx",140.0,6.0,1.0,83.0,84.0
342018,SUNGAI DANAU,Jan,BULLDOZER KOMATSU D85E 342-018,342-018,BULLDOZER MEDIUM,Sarmut Kelompok Alat Berat,AB,Bulldozer,False,97.71,93.0,166.08,95.0,2.29,7.0,"SASARAN_MUTU_ALAT_BERAT_2026_SATUI,xlsx",284.0,0.0,4.0,171.0,175.0
342018,SUNGAI DANAU,Jun,BULLDOZER KOMATSU D85E 342-018,342-018,BULLDOZER MEDIUM,Sarmut Kelompok Alat Berat,AB,Bulldozer,False,100.0,93.0,137.66,95.0,0.0,7.0,"SASARAN_MUTU_ALAT_BERAT_2026_SATUI,xlsx",106.0,2.0,0.0,77.0,77.0
342014,SUNGAI DANAU,May,BULLDOZER WEA B 165 YS 342-014,342-014,BULLDOZER MEDIUM,Sarmut Kelompok Alat Berat,AB,Bulldozer,False,0.0,93.0,0.0,95.0,0.0,7.0,"SASARAN_MUTU_ALAT_BERAT_2026_SATUI,xlsx",0.0,0.0,0.0,0.0,0.0
371002,SUNGAI DANAU,Apr,COMPACTOR IR 371-002,371-002,COMPACTOR,Sarmut Kelompok Alat Berat,AB,Compactor,False,70.29,93.0,54.47,95.0,29.71,7.0,"SASARAN_MUTU_ALAT_BERAT_2026_SATUI,xlsx",67.0,70.0,52.0,123.0,175.0
371002,SUNGAI DANAU,Feb,COMPACTOR IR 371-002,371-002,COMPACTOR,Sarmut Kelompok Alat Berat,AB,Compactor,False,100.0,93.0,22.98,95.0,0.0,7.0,"SASARAN_MUTU_ALAT_BERAT_2026_SATUI,xlsx",37.0,133.0,0.0,161.0,161.0
371002,SUNGAI DANAU,Jan,COMPACTOR IR 371-002,371-002,COMPACTOR,Sarmut Kelompok Alat Berat,AB,Compactor,False,100.0,93.0,42.86,95.0,0.0,7.0,"SASARAN_MUTU_ALAT_BERAT_2026_SATUI,xlsx",75.0,111.0,0.0,175.0,175.0
371002,SUNGAI DANAU,Jun,COMPACTOR IR 371-002,371-002,COMPACTOR,Sarmut Kelompok Alat Berat,AB,Compactor,False,6.55,93.0,136.36,95.0,93.45,7.0,"SASARAN_MUTU_ALAT_BERAT_2026_SATUI,xlsx",15.0,0.0,157.0,11.0,168.0
371002,SUNGAI DANAU,Mar,COMPACTOR IR 371-002,371-002,COMPACTOR,Sarmut Kelompok Alat Berat,AB,Compactor,False,95.45,93.0,85.71,95.0,4.55,7.0,"SASARAN_MUTU_ALAT_BERAT_2026_SATUI,xlsx",126.0,37.0,7.0,147.0,154.0
371002,SUNGAI DANAU,May,COMPACTOR IR 371-002,371-002,COMPACTOR,Sarmut Kelompok Alat Berat,AB,Compactor,False,3.73,93.0,100.0,95.0,96.27,7.0,"SASARAN_MUTU_ALAT_BERAT_2026_SATUI,xlsx",6.0,0.0,155.0,6.0,161.0
371005,SUNGAI DANAU,Apr,COMPACTOR SAKAI SV512D371-005,371-005,COMPACTOR,Sarmut Kelompok Alat Berat,AB,Compactor,False,100.0,93.0,49.14,95.0,0.0,7.0,"SASARAN_MUTU_ALAT_BERAT_2026_SATUI,xlsx",86.0,109.0,0.0,175.0,175.0
371005,SUNGAI DANAU,Feb,COMPACTOR SAKAI SV512D371-005,371-005,COMPACTOR,Sarmut Kelompok Alat Berat,AB,Compactor,False,100.0,93.0,27.33,95.0,0.0,7.0,"SASARAN_MUTU_ALAT_BERAT_2026_SATUI,xlsx",44.0,121.0,0.0,161.0,161.0
371005,SUNGAI DANAU,Jan,COMPACTOR SAKAI SV512D371-005,371-005,COMPACTOR,Sarmut Kelompok Alat Berat,AB,Compactor,False,99.43,93.0,75.29,95.0,0.57,7.0,"SASARAN_MUTU_ALAT_BERAT_2026_SATUI,xlsx",131.0,78.0,1.0,174.0,175.0
371005,SUNGAI DANAU,Jun,COMPACTOR SAKAI SV512D371-005,371-005,COMPACTOR,Sarmut Kelompok Alat Berat,AB,Compactor,False,100.0,93.0,58.93,95.0,0.0,7.0,"SASARAN_MUTU_ALAT_BERAT_2026_SATUI,xlsx",99.0,78.0,0.0,168.0,168.0
371005,SUNGAI DANAU,Mar,COMPACTOR SAKAI SV512D371-005,371-005,COMPACTOR,Sarmut Kelompok Alat Berat,AB,Compactor,False,90.91,93.0,57.14,95.0,9.09,7.0,"SASARAN_MUTU_ALAT_BERAT_2026_SATUI,xlsx",80.0,39.0,14.0,140.0,154.0
371005,SUNGAI DANAU,May,COMPACTOR SAKAI SV512D371-005,371-005,COMPACTOR,Sarmut Kelompok Alat Berat,AB,Compactor,False,100.0,93.0,29.81,95.0,0.0,7.0,"SASARAN_MUTU_ALAT_BERAT_2026_SATUI,xlsx",48.0,124.0,0.0,161.0,161.0
371011,SUNGAI DANAU,Apr,COMPACTOR SAKAI SV 526-D 371-011,371-011,COMPACTOR,Sarmut Kelompok Alat Berat,AB,Compactor,False,100.0,93.0,66.29,95.0,0.0,7.0,"SASARAN_MUTU_ALAT_BERAT_2026_SATUI,xlsx",116.0,98.0,0.0,175.0,175.0
371011,SUNGAI DANAU,Feb,COMPACTOR SAKAI SV 526-D 371-011,371-011,COMPACTOR,Sarmut Kelompok Alat Berat,AB,Compactor,False,100.0,93.0,67.7,95.0,0.0,7.0,"SASARAN_MUTU_ALAT_BERAT_2026_SATUI,xlsx",109.0,98.0,0.0,161.0,161.0
371011,SUNGAI DANAU,Jan,COMPACTOR SAKAI SV 526-D 371-011,371-011,COMPACTOR,Sarmut Kelompok Alat Berat,AB,Compactor,False,100.0,93.0,80.0,95.0,0.0,7.0,"SASARAN_MUTU_ALAT_BERAT_2026_SATUI,xlsx",140.0,99.0,0.0,175.0,175.0
371011,SUNGAI DANAU,Jun,COMPACTOR SAKAI SV 526-D 371-011,371-011,COMPACTOR,Sarmut Kelompok Alat Berat,AB,Compactor,False,100.0,93.0,56.55,95.0,0.0,7.0,"SASARAN_MUTU_ALAT_BERAT_2026_SATUI,xlsx",95.0,108.0,0.0,168.0,168.0
371011,SUNGAI DANAU,Mar,COMPACTOR SAKAI SV 526-D 371-011,371-011,COMPACTOR,Sarmut Kelompok Alat Berat,AB,Compactor,False,100.0,93.0,111.04,95.0,0.0,7.0,"SASARAN_MUTU_ALAT_BERAT_2026_SATUI,xlsx",171.0,22.0,0.0,154.0,154.0
371011,SUNGAI DANAU,May,COMPACTOR SAKAI SV 526-D 371-011,371-011,COMPACTOR,Sarmut Kelompok Alat Berat,AB,Compactor,False,100.0,93.0,31.06,95.0,0.0,7.0,"SASARAN_MUTU_ALAT_BERAT_2026_SATUI,xlsx",50.0,126.0,0.0,161.0,161.0
371015,SUNGAI DANAU,Apr,COMPACTOR DYNAPAC CA30D 371-015 ,371-015,COMPACTOR,Sarmut Kelompok Alat Berat,AB,Compactor,False,100.0,93.0,113.14,95.0,0.0,7.0,"SASARAN_MUTU_ALAT_BERAT_2026_SATUI,xlsx",198.0,33.0,0.0,175.0,175.0
371015,SUNGAI DANAU,Feb,COMPACTOR DYNAPAC CA30D 371-015 ,371-015,COMPACTOR,Sarmut Kelompok Alat Berat,AB,Compactor,False,100.0,93.0,55.28,95.0,0.0,7.0,"SASARAN_MUTU_ALAT_BERAT_2026_SATUI,xlsx",89.0,99.0,0.0,161.0,161.0
371015,SUNGAI DANAU,Jan,COMPACTOR DYNAPAC CA30D 371-015 ,371-015,COMPACTOR,Sarmut Kelompok Alat Berat,AB,Compactor,False,100.0,93.0,92.0,95.0,0.0,7.0,"SASARAN_MUTU_ALAT_BERAT_2026_SATUI,xlsx",161.0,57.0,0.0,175.0,175.0
371015,SUNGAI DANAU,Jun,COMPACTOR DYNAPAC CA30D 371-015 ,371-015,COMPACTOR,Sarmut Kelompok Alat Berat,AB,Compactor,False,100.0,93.0,32.14,95.0,0.0,7.0,"SASARAN_MUTU_ALAT_BERAT_2026_SATUI,xlsx",54.0,132.0,0.0,168.0,168.0
371015,SUNGAI DANAU,Mar,COMPACTOR DYNAPAC CA30D 371-015 ,371-015,COMPACTOR,Sarmut Kelompok Alat Berat,AB,Compactor,False,100.0,93.0,87.66,95.0,0.0,7.0,"SASARAN_MUTU_ALAT_BERAT_2026_SATUI,xlsx",135.0,35.0,0.0,154.0,154.0
371015,SUNGAI DANAU,May,COMPACTOR DYNAPAC CA30D 371-015 ,371-015,COMPACTOR,Sarmut Kelompok Alat Berat,AB,Compactor,False,100.0,93.0,27.95,95.0,0.0,7.0,"SASARAN_MUTU_ALAT_BERAT_2026_SATUI,xlsx",45.0,128.0,0.0,161.0,161.0
371016,SUNGAI DANAU,Apr,COMPACTOR DYNAPAC CA30D 371-016,371-016,COMPACTOR,Sarmut Kelompok Alat Berat,AB,Compactor,False,73.14,93.0,51.56,95.0,26.86,7.0,"SASARAN_MUTU_ALAT_BERAT_2026_SATUI,xlsx",66.0,86.0,47.0,128.0,175.0
371016,SUNGAI DANAU,Feb,COMPACTOR DYNAPAC CA30D 371-016,371-016,COMPACTOR,Sarmut Kelompok Alat Berat,AB,Compactor,False,86.96,93.0,75.71,95.0,13.04,7.0,"SASARAN_MUTU_ALAT_BERAT_2026_SATUI,xlsx",106.0,64.0,21.0,140.0,161.0
371016,SUNGAI DANAU,Jan,COMPACTOR DYNAPAC CA30D 371-016,371-016,COMPACTOR,Sarmut Kelompok Alat Berat,AB,Compactor,False,100.0,93.0,61.14,95.0,0.0,7.0,"SASARAN_MUTU_ALAT_BERAT_2026_SATUI,xlsx",107.0,102.0,0.0,175.0,175.0
371016,SUNGAI DANAU,Jun,COMPACTOR DYNAPAC CA30D 371-016,371-016,COMPACTOR,Sarmut Kelompok Alat Berat,AB,Compactor,False,100.0,93.0,62.5,95.0,0.0,7.0,"SASARAN_MUTU_ALAT_BERAT_2026_SATUI,xlsx",105.0,97.0,0.0,168.0,168.0
371016,SUNGAI DANAU,Mar,COMPACTOR DYNAPAC CA30D 371-016,371-016,COMPACTOR,Sarmut Kelompok Alat Berat,AB,Compactor,False,100.0,93.0,108.44,95.0,0.0,7.0,"SASARAN_MUTU_ALAT_BERAT_2026_SATUI,xlsx",167.0,21.0,0.0,154.0,154.0
371016,SUNGAI DANAU,May,COMPACTOR DYNAPAC CA30D 371-016,371-016,COMPACTOR,Sarmut Kelompok Alat Berat,AB,Compactor,False,100.0,93.0,36.02,95.0,0.0,7.0,"SASARAN_MUTU_ALAT_BERAT_2026_SATUI,xlsx",58.0,122.0,0.0,161.0,161.0
332010,SUNGAI DANAU,Apr,EXCAVATOR HITACHI ZAXIS ZX210F - 5G 332-010,332-010,EXCAVATOR MEDIUM,Sarmut Kelompok Alat Berat,AB,Excavator,False,63.43,93.0,115.32,95.0,36.57,7.0,"SASARAN_MUTU_ALAT_BERAT_2026_SATUI,xlsx",128.0,0.0,64.0,111.0,175.0
332010,SUNGAI DANAU,Feb,EXCAVATOR HITACHI ZAXIS ZX210F - 5G 332-010,332-010,EXCAVATOR MEDIUM,Sarmut Kelompok Alat Berat,AB,Excavator,False,54.29,93.0,200.0,95.0,45.71,7.0,"SASARAN_MUTU_ALAT_BERAT_2026_SATUI,xlsx",38.0,4.0,16.0,19.0,35.0
332010,SUNGAI DANAU,Mar,EXCAVATOR HITACHI ZAXIS ZX210F - 5G 332-010,332-010,EXCAVATOR MEDIUM,Sarmut Kelompok Alat Berat,AB,Excavator,False,7.79,93.0,83.33,95.0,92.21,7.0,"SASARAN_MUTU_ALAT_BERAT_2026_SATUI,xlsx",10.0,2.0,142.0,12.0,154.0
332010,SUNGAI DANAU,May,EXCAVATOR HITACHI ZAXIS ZX210F - 5G 332-010,332-010,EXCAVATOR MEDIUM,Sarmut Kelompok Alat Berat,AB,Excavator,False,61.49,93.0,59.6,95.0,38.51,7.0,"SASARAN_MUTU_ALAT_BERAT_2026_SATUI,xlsx",59.0,50.0,62.0,99.0,161.0
332025,SUNGAI DANAU,Apr,EXCAVATOR KOBELCO SK200-10 332-025,332-025,EXCAVATOR MEDIUM,Sarmut Kelompok Alat Berat,AB,Excavator,False,93.71,93.0,79.88,95.0,6.29,7.0,"SASARAN_MUTU_ALAT_BERAT_2026_SATUI,xlsx",131.0,53.0,11.0,164.0,175.0
332025,SUNGAI DANAU,Feb,EXCAVATOR KOBELCO SK200-10 332-025,332-025,EXCAVATOR MEDIUM,Sarmut Kelompok Alat Berat,AB,Excavator,False,95.65,93.0,127.27,95.0,4.35,7.0,"SASARAN_MUTU_ALAT_BERAT_2026_SATUI,xlsx",196.0,22.0,7.0,154.0,161.0
332025,SUNGAI DANAU,Jan,EXCAVATOR KOBELCO SK200-10 332-025,332-025,EXCAVATOR MEDIUM,Sarmut Kelompok Alat Berat,AB,Excavator,False,86.86,93.0,138.16,95.0,13.14,7.0,"SASARAN_MUTU_ALAT_BERAT_2026_SATUI,xlsx",210.0,1.0,23.0,152.0,175.0
332025,SUNGAI DANAU,Jun,EXCAVATOR KOBELCO SK200-10 332-025,332-025,EXCAVATOR MEDIUM,Sarmut Kelompok Alat Berat,AB,Excavator,False,89.88,93.0,146.36,95.0,10.12,7.0,"SASARAN_MUTU_ALAT_BERAT_2026_SATUI,xlsx",221.0,0.0,17.0,151.0,168.0
332025,SUNGAI DANAU,Mar,EXCAVATOR KOBELCO SK200-10 332-025,332-025,EXCAVATOR MEDIUM,Sarmut Kelompok Alat Berat,AB,Excavator,False,95.45,93.0,100.0,95.0,4.55,7.0,"SASARAN_MUTU_ALAT_BERAT_2026_SATUI,xlsx",147.0,6.0,7.0,147.0,154.0
332025,SUNGAI DANAU,May,EXCAVATOR KOBELCO SK200-10 332-025,332-025,EXCAVATOR MEDIUM,Sarmut Kelompok Alat Berat,AB,Excavator,False,100.0,93.0,40.37,95.0,0.0,7.0,"SASARAN_MUTU_ALAT_BERAT_2026_SATUI,xlsx",65.0,108.0,0.0,161.0,161.0
332029,SUNGAI DANAU,Apr,EXCAVATOR HITACHI ZX210F-5G 332-029,332-029,EXCAVATOR MEDIUM,Sarmut Kelompok Alat Berat,AB,Excavator,False,22.86,93.0,100.0,95.0,77.14,7.0,"SASARAN_MUTU_ALAT_BERAT_2026_SATUI,xlsx",40.0,2.0,135.0,40.0,175.0
332029,SUNGAI DANAU,Feb,EXCAVATOR HITACHI ZX210F-5G 332-029,332-029,EXCAVATOR MEDIUM,Sarmut Kelompok Alat Berat,AB,Excavator,False,85.71,93.0,89.86,95.0,14.29,7.0,"SASARAN_MUTU_ALAT_BERAT_2026_SATUI,xlsx",124.0,33.0,23.0,138.0,161.0
332029,SUNGAI DANAU,Jan,EXCAVATOR HITACHI ZX210F-5G 332-029,332-029,EXCAVATOR MEDIUM,Sarmut Kelompok Alat Berat,AB,Excavator,False,84.0,93.0,137.41,95.0,16.0,7.0,"SASARAN_MUTU_ALAT_BERAT_2026_SATUI,xlsx",202.0,0.0,28.0,147.0,175.0
332029,SUNGAI DANAU,Jun,EXCAVATOR HITACHI ZX210F-5G 332-029,332-029,EXCAVATOR MEDIUM,Sarmut Kelompok Alat Berat,AB,Excavator,False,73.21,93.0,104.88,95.0,26.79,7.0,"SASARAN_MUTU_ALAT_BERAT_2026_SATUI,xlsx",129.0,8.0,45.0,123.0,168.0
332029,SUNGAI DANAU,Mar,EXCAVATOR HITACHI ZX210F-5G 332-029,332-029,EXCAVATOR MEDIUM,Sarmut Kelompok Alat Berat,AB,Excavator,False,83.12,93.0,94.53,95.0,16.88,7.0,"SASARAN_MUTU_ALAT_BERAT_2026_SATUI,xlsx",121.0,7.0,26.0,128.0,154.0
332029,SUNGAI DANAU,May,EXCAVATOR HITACHI ZX210F-5G 332-029,332-029,EXCAVATOR MEDIUM,Sarmut Kelompok Alat Berat,AB,Excavator,False,21.12,93.0,52.94,95.0,78.88,7.0,"SASARAN_MUTU_ALAT_BERAT_2026_SATUI,xlsx",18.0,10.0,127.0,34.0,161.0
332034,SUNGAI DANAU,Apr,EXCAVATOR HITACHI ZX210F-5G 332-034,332-034,EXCAVATOR MEDIUM,Sarmut Kelompok Alat Berat,AB,Excavator,False,100.0,93.0,67.43,95.0,0.0,7.0,"SASARAN_MUTU_ALAT_BERAT_2026_SATUI,xlsx",118.0,73.0,0.0,175.0,175.0
332034,SUNGAI DANAU,Feb,EXCAVATOR HITACHI ZX210F-5G 332-034,332-034,EXCAVATOR MEDIUM,Sarmut Kelompok Alat Berat,AB,Excavator,False,96.89,93.0,85.9,95.0,3.11,7.0,"SASARAN_MUTU_ALAT_BERAT_2026_SATUI,xlsx",134.0,38.0,5.0,156.0,161.0
332034,SUNGAI DANAU,Jan,EXCAVATOR HITACHI ZX210F-5G 332-034,332-034,EXCAVATOR MEDIUM,Sarmut Kelompok Alat Berat,AB,Excavator,False,93.14,93.0,109.82,95.0,6.86,7.0,"SASARAN_MUTU_ALAT_BERAT_2026_SATUI,xlsx",179.0,10.0,12.0,163.0,175.0
332034,SUNGAI DANAU,Jun,EXCAVATOR HITACHI ZX210F-5G 332-034,332-034,EXCAVATOR MEDIUM,Sarmut Kelompok Alat Berat,AB,Excavator,False,92.86,93.0,86.54,95.0,7.14,7.0,"SASARAN_MUTU_ALAT_BERAT_2026_SATUI,xlsx",135.0,23.0,12.0,156.0,168.0
332034,SUNGAI DANAU,Mar,EXCAVATOR HITACHI ZX210F-5G 332-034,332-034,EXCAVATOR MEDIUM,Sarmut Kelompok Alat Berat,AB,Excavator,False,95.45,93.0,85.71,95.0,4.55,7.0,"SASARAN_MUTU_ALAT_BERAT_2026_SATUI,xlsx",126.0,14.0,7.0,147.0,154.0
332034,SUNGAI DANAU,May,EXCAVATOR HITACHI ZX210F-5G 332-034,332-034,EXCAVATOR MEDIUM,Sarmut Kelompok Alat Berat,AB,Excavator,False,91.93,93.0,68.92,95.0,8.07,7.0,"SASARAN_MUTU_ALAT_BERAT_2026_SATUI,xlsx",102.0,50.0,13.0,148.0,161.0
332035,SUNGAI DANAU,Apr,EXCAVATOR HITACHI ZX210F-5G 332-035,332-035,EXCAVATOR MEDIUM,Sarmut Kelompok Alat Berat,AB,Excavator,False,74.29,93.0,63.08,95.0,25.71,7.0,"SASARAN_MUTU_ALAT_BERAT_2026_SATUI,xlsx",82.0,67.0,45.0,130.0,175.0
332035,SUNGAI DANAU,Feb,EXCAVATOR HITACHI ZX210F-5G 332-035,332-035,EXCAVATOR MEDIUM,Sarmut Kelompok Alat Berat,AB,Excavator,False,84.47,93.0,126.47,95.0,15.53,7.0,"SASARAN_MUTU_ALAT_BERAT_2026_SATUI,xlsx",172.0,17.0,25.0,136.0,161.0
332035,SUNGAI DANAU,Jan,EXCAVATOR HITACHI ZX210F-5G 332-035,332-035,EXCAVATOR MEDIUM,Sarmut Kelompok Alat Berat,AB,Excavator,False,88.57,93.0,109.03,95.0,11.43,7.0,"SASARAN_MUTU_ALAT_BERAT_2026_SATUI,xlsx",169.0,26.0,20.0,155.0,175.0
332035,SUNGAI DANAU,Jun,EXCAVATOR HITACHI ZX210F-5G 332-035,332-035,EXCAVATOR MEDIUM,Sarmut Kelompok Alat Berat,AB,Excavator,False,57.14,93.0,57.29,95.0,42.86,7.0,"SASARAN_MUTU_ALAT_BERAT_2026_SATUI,xlsx",55.0,41.0,72.0,96.0,168.0
332035,SUNGAI DANAU,Mar,EXCAVATOR HITACHI ZX210F-5G 332-035,332-035,EXCAVATOR MEDIUM,Sarmut Kelompok Alat Berat,AB,Excavator,False,81.82,93.0,81.75,95.0,18.18,7.0,"SASARAN_MUTU_ALAT_BERAT_2026_SATUI,xlsx",103.0,12.0,28.0,126.0,154.0
332035,SUNGAI DANAU,May,EXCAVATOR HITACHI ZX210F-5G 332-035,332-035,EXCAVATOR MEDIUM,Sarmut Kelompok Alat Berat,AB,Excavator,False,73.91,93.0,59.66,95.0,26.09,7.0,"SASARAN_MUTU_ALAT_BERAT_2026_SATUI,xlsx",71.0,41.0,42.0,119.0,161.0
332040,SUNGAI DANAU,Apr,EXCAVATOR HITACHI ZX 210 F-5G 332-040,332-040,EXCAVATOR MEDIUM,Sarmut Kelompok Alat Berat,AB,Excavator,False,100.0,93.0,131.03,95.0,0.0,7.0,"SASARAN_MUTU_ALAT_BERAT_2026_SATUI,xlsx",229.30000000000035,9.50000000000182,0.0,175.0,175.0
332040,SUNGAI DANAU,Feb,EXCAVATOR HITACHI ZX 210 F-5G 332-040,332-040,EXCAVATOR MEDIUM,Sarmut Kelompok Alat Berat,AB,Excavator,False,100.0,93.0,107.76,95.0,0.0,7.0,"SASARAN_MUTU_ALAT_BERAT_2026_SATUI,xlsx",173.5,18.89999999999964,0.0,161.0,161.0
332040,SUNGAI DANAU,Jan,EXCAVATOR HITACHI ZX 210 F-5G 332-040,332-040,EXCAVATOR MEDIUM,Sarmut Kelompok Alat Berat,AB,Excavator,False,100.0,93.0,99.43,95.0,0.0,7.0,"SASARAN_MUTU_ALAT_BERAT_2026_SATUI,xlsx",174.0,31.700000000000728,0.0,175.0,175.0
332040,SUNGAI DANAU,Jun,EXCAVATOR HITACHI ZX 210 F-5G 332-040,332-040,EXCAVATOR MEDIUM,Sarmut Kelompok Alat Berat,AB,Excavator,False,98.21,93.0,104.36,95.0,1.79,7.0,"SASARAN_MUTU_ALAT_BERAT_2026_SATUI,xlsx",172.1999999999989,9.700000000000728,3.0,165.0,168.0
332040,SUNGAI DANAU,Mar,EXCAVATOR HITACHI ZX 210 F-5G 332-040,332-040,EXCAVATOR MEDIUM,Sarmut Kelompok Alat Berat,AB,Excavator,False,97.21,93.0,102.4,95.0,2.79,7.0,"SASARAN_MUTU_ALAT_BERAT_2026_SATUI,xlsx",153.29999999999927,25.299999999999272,4.300000000001091,149.6999999999989,154.0
332040,SUNGAI DANAU,May,EXCAVATOR HITACHI ZX 210 F-5G 332-040,332-040,EXCAVATOR MEDIUM,Sarmut Kelompok Alat Berat,AB,Excavator,False,96.46,93.0,134.32,95.0,3.54,7.0,"SASARAN_MUTU_ALAT_BERAT_2026_SATUI,xlsx",208.6000000000004,2.600000000000364,5.699999999998909,155.3000000000011,161.0
332041,SUNGAI DANAU,Apr,EXCAVATOR HITACHI ZX 210 F-5G 332-041,332-041,EXCAVATOR MEDIUM,Sarmut Kelompok Alat Berat,AB,Excavator,False,99.49,93.0,100.52,95.0,0.51,7.0,"SASARAN_MUTU_ALAT_BERAT_2026_SATUI,xlsx",175.0,33.799999999999955,0.8999999999999773,174.10000000000002,175.0
332041,SUNGAI DANAU,Feb,EXCAVATOR HITACHI ZX 210 F-5G 332-041,332-041,EXCAVATOR MEDIUM,Sarmut Kelompok Alat Berat,AB,Excavator,False,100.0,93.0,82.55,95.0,0.0,7.0,"SASARAN_MUTU_ALAT_BERAT_2026_SATUI,xlsx",132.9000000000001,38.29999999999996,0.0,161.0,161.0
332041,SUNGAI DANAU,Jan,EXCAVATOR HITACHI ZX 210 F-5G 332-041,332-041,EXCAVATOR MEDIUM,Sarmut Kelompok Alat Berat,AB,Excavator,False,88.57,93.0,113.29,95.0,11.43,7.0,"SASARAN_MUTU_ALAT_BERAT_2026_SATUI,xlsx",175.59999999999997,0.0,20.0,155.0,175.0
332041,SUNGAI DANAU,Jun,EXCAVATOR HITACHI ZX 210 F-5G 332-041,332-041,EXCAVATOR MEDIUM,Sarmut Kelompok Alat Berat,AB,Excavator,False,100.0,93.0,100.24,95.0,0.0,7.0,"SASARAN_MUTU_ALAT_BERAT_2026_SATUI,xlsx",168.39999999999964,3.600000000000364,0.0,168.0,168.0
332041,SUNGAI DANAU,Mar,EXCAVATOR HITACHI ZX 210 F-5G 332-041,332-041,EXCAVATOR MEDIUM,Sarmut Kelompok Alat Berat,AB,Excavator,False,97.4,93.0,85.33,95.0,2.6,7.0,"SASARAN_MUTU_ALAT_BERAT_2026_SATUI,xlsx",128.0000000000001,28.199999999999864,4.0,150.0,154.0
332041,SUNGAI DANAU,May,EXCAVATOR HITACHI ZX 210 F-5G 332-041,332-041,EXCAVATOR MEDIUM,Sarmut Kelompok Alat Berat,AB,Excavator,False,80.68,93.0,95.92,95.0,19.32,7.0,"SASARAN_MUTU_ALAT_BERAT_2026_SATUI,xlsx",124.59999999999992,11.199999999998909,31.100000000002183,129.89999999999782,161.0
332047,SUNGAI DANAU,Apr,EXCAVATOR HITACHI ZX 210 F-5G 332-047,332-047,EXCAVATOR MEDIUM,Sarmut Kelompok Alat Berat,AB,Excavator,False,98.86,93.0,104.16,95.0,1.14,7.0,"SASARAN_MUTU_ALAT_BERAT_2026_SATUI,xlsx",180.19999999999985,21.00000000000091,2.0,173.0,175.0
332047,SUNGAI DANAU,Feb,EXCAVATOR HITACHI ZX 210 F-5G 332-047,332-047,EXCAVATOR MEDIUM,Sarmut Kelompok Alat Berat,AB,Excavator,False,93.66,93.0,123.34,95.0,6.34,7.0,"SASARAN_MUTU_ALAT_BERAT_2026_SATUI,xlsx",186.0,7.5,10.199999999999818,150.80000000000018,161.0
332047,SUNGAI DANAU,Jan,EXCAVATOR HITACHI ZX 210 F-5G 332-047,332-047,EXCAVATOR MEDIUM,Sarmut Kelompok Alat Berat,AB,Excavator,False,92.29,93.0,131.33,95.0,7.71,7.0,"SASARAN_MUTU_ALAT_BERAT_2026_SATUI,xlsx",212.09999999999985,0.0,13.500000000000457,161.49999999999957,175.0
332047,SUNGAI DANAU,Jun,EXCAVATOR HITACHI ZX 210 F-5G 332-047,332-047,EXCAVATOR MEDIUM,Sarmut Kelompok Alat Berat,AB,Excavator,False,93.81,93.0,84.26,95.0,6.19,7.0,"SASARAN_MUTU_ALAT_BERAT_2026_SATUI,xlsx",132.7999999999996,29.49999999999891,10.400000000000546,157.59999999999943,168.0
332047,SUNGAI DANAU,Mar,EXCAVATOR HITACHI ZX 210 F-5G 332-047,332-047,EXCAVATOR MEDIUM,Sarmut Kelompok Alat Berat,AB,Excavator,False,100.0,93.0,83.7,95.0,0.0,7.0,"SASARAN_MUTU_ALAT_BERAT_2026_SATUI,xlsx",128.89999999999964,7.0,0.0,154.0,154.0
332047,SUNGAI DANAU,May,EXCAVATOR HITACHI ZX 210 F-5G 332-047,332-047,EXCAVATOR MEDIUM,Sarmut Kelompok Alat Berat,AB,Excavator,False,82.24,93.0,91.47,95.0,17.76,7.0,"SASARAN_MUTU_ALAT_BERAT_2026_SATUI,xlsx",121.10000000000036,15.599999999999454,28.600000000000364,132.39999999999964,161.0
332048,SUNGAI DANAU,Apr,EXCAVATOR HITACHI ZX 210 F-5G 332-048,332-048,EXCAVATOR MEDIUM,Sarmut Kelompok Alat Berat,AB,Excavator,False,77.71,93.0,99.26,95.0,22.29,7.0,"SASARAN_MUTU_ALAT_BERAT_2026_SATUI,xlsx",135.0,11.0,39.0,136.0,175.0
332048,SUNGAI DANAU,Feb,EXCAVATOR HITACHI ZX 210 F-5G 332-048,332-048,EXCAVATOR MEDIUM,Sarmut Kelompok Alat Berat,AB,Excavator,False,96.27,93.0,117.42,95.0,3.73,7.0,"SASARAN_MUTU_ALAT_BERAT_2026_SATUI,xlsx",182.0,7.0,6.0,155.0,161.0
332048,SUNGAI DANAU,Jan,EXCAVATOR HITACHI ZX 210 F-5G 332-048,332-048,EXCAVATOR MEDIUM,Sarmut Kelompok Alat Berat,AB,Excavator,False,96.57,93.0,109.47,95.0,3.43,7.0,"SASARAN_MUTU_ALAT_BERAT_2026_SATUI,xlsx",185.0,24.0,6.0,169.0,175.0
332048,SUNGAI DANAU,Jun,EXCAVATOR HITACHI ZX 210 F-5G 332-048,332-048,EXCAVATOR MEDIUM,Sarmut Kelompok Alat Berat,AB,Excavator,False,98.81,93.0,77.11,95.0,1.19,7.0,"SASARAN_MUTU_ALAT_BERAT_2026_SATUI,xlsx",128.0,43.0,2.0,166.0,168.0
332048,SUNGAI DANAU,Mar,EXCAVATOR HITACHI ZX 210 F-5G 332-048,332-048,EXCAVATOR MEDIUM,Sarmut Kelompok Alat Berat,AB,Excavator,False,95.45,93.0,94.56,95.0,4.55,7.0,"SASARAN_MUTU_ALAT_BERAT_2026_SATUI,xlsx",139.0,15.0,7.0,147.0,154.0
332048,SUNGAI DANAU,May,EXCAVATOR HITACHI ZX 210 F-5G 332-048,332-048,EXCAVATOR MEDIUM,Sarmut Kelompok Alat Berat,AB,Excavator,False,95.65,93.0,53.9,95.0,4.35,7.0,"SASARAN_MUTU_ALAT_BERAT_2026_SATUI,xlsx",83.0,86.0,7.0,154.0,161.0
331001,SUNGAI DANAU,Apr,EXCAVATOR HITACHI ZX48U-5A-CST 331-001,331-001,EXCAVATOR MINI,Sarmut Kelompok Alat Berat,AB,Excavator Mini,False,40.0,93.0,59.29,95.0,60.0,7.0,"SASARAN_MUTU_ALAT_BERAT_2026_SATUI,xlsx",41.5,29.5,105.0,70.0,175.0
331001,SUNGAI DANAU,Feb,EXCAVATOR HITACHI ZX48U-5A-CST 331-001,331-001,EXCAVATOR MINI,Sarmut Kelompok Alat Berat,AB,Excavator Mini,False,0.0,93.0,0.0,95.0,100.0,7.0,"SASARAN_MUTU_ALAT_BERAT_2026_SATUI,xlsx",0.0,0.0,161.0,0.0,161.0
331001,SUNGAI DANAU,Jan,EXCAVATOR HITACHI ZX48U-5A-CST 331-001,331-001,EXCAVATOR MINI,Sarmut Kelompok Alat Berat,AB,Excavator Mini,False,0.0,93.0,0.0,95.0,100.0,7.0,"SASARAN_MUTU_ALAT_BERAT_2026_SATUI,xlsx",0.0,0.0,175.0,0.0,175.0
331001,SUNGAI DANAU,Jun,EXCAVATOR HITACHI ZX48U-5A-CST 331-001,331-001,EXCAVATOR MINI,Sarmut Kelompok Alat Berat,AB,Excavator Mini,False,85.71,93.0,112.85,95.0,14.29,7.0,"SASARAN_MUTU_ALAT_BERAT_2026_SATUI,xlsx",162.5,9.5,24.0,144.0,168.0
331001,SUNGAI DANAU,Mar,EXCAVATOR HITACHI ZX48U-5A-CST 331-001,331-001,EXCAVATOR MINI,Sarmut Kelompok Alat Berat,AB,Excavator Mini,False,0.0,93.0,0.0,95.0,100.0,7.0,"SASARAN_MUTU_ALAT_BERAT_2026_SATUI,xlsx",0.0,0.0,154.0,0.0,154.0
331001,SUNGAI DANAU,May,EXCAVATOR HITACHI ZX48U-5A-CST 331-001,331-001,EXCAVATOR MINI,Sarmut Kelompok Alat Berat,AB,Excavator Mini,False,50.31,93.0,100.62,95.0,49.69,7.0,"SASARAN_MUTU_ALAT_BERAT_2026_SATUI,xlsx",81.5,3.0,80.0,81.0,161.0
331002,SUNGAI DANAU,Apr,EXCAVATOR HITACHI ZX33U-5A 331-002,331-002,EXCAVATOR MINI,Sarmut Kelompok Alat Berat,AB,Excavator Mini,False,34.86,93.0,100.0,95.0,65.14,7.0,"SASARAN_MUTU_ALAT_BERAT_2026_SATUI,xlsx",61.0,0.0,114.0,61.0,175.0
331002,SUNGAI DANAU,Feb,EXCAVATOR HITACHI ZX33U-5A 331-002,331-002,EXCAVATOR MINI,Sarmut Kelompok Alat Berat,AB,Excavator Mini,False,80.12,93.0,86.05,95.0,19.88,7.0,"SASARAN_MUTU_ALAT_BERAT_2026_SATUI,xlsx",111.0,27.0,32.0,129.0,161.0
331002,SUNGAI DANAU,Jan,EXCAVATOR HITACHI ZX33U-5A 331-002,331-002,EXCAVATOR MINI,Sarmut Kelompok Alat Berat,AB,Excavator Mini,False,84.0,93.0,108.84,95.0,16.0,7.0,"SASARAN_MUTU_ALAT_BERAT_2026_SATUI,xlsx",160.0,5.0,28.0,147.0,175.0
331002,SUNGAI DANAU,Jun,EXCAVATOR HITACHI ZX33U-5A 331-002,331-002,EXCAVATOR MINI,Sarmut Kelompok Alat Berat,AB,Excavator Mini,False,59.52,93.0,109.0,95.0,40.48,7.0,"SASARAN_MUTU_ALAT_BERAT_2026_SATUI,xlsx",109.0,0.0,68.0,100.0,168.0
331002,SUNGAI DANAU,Mar,EXCAVATOR HITACHI ZX33U-5A 331-002,331-002,EXCAVATOR MINI,Sarmut Kelompok Alat Berat,AB,Excavator Mini,False,38.96,93.0,68.33,95.0,61.04,7.0,"SASARAN_MUTU_ALAT_BERAT_2026_SATUI,xlsx",41.0,22.0,94.0,60.0,154.0
331002,SUNGAI DANAU,May,EXCAVATOR HITACHI ZX33U-5A 331-002,331-002,EXCAVATOR MINI,Sarmut Kelompok Alat Berat,AB,Excavator Mini,False,68.32,93.0,90.91,95.0,31.68,7.0,"SASARAN_MUTU_ALAT_BERAT_2026_SATUI,xlsx",100.0,20.0,51.0,110.0,161.0
331003,SUNGAI DANAU,Apr,EXCAVATOR HITACHI ZX 48U-5A 331-003,331-003,EXCAVATOR MINI,Sarmut Kelompok Alat Berat,AB,Excavator Mini,False,96.0,93.0,99.29,95.0,4.0,7.0,"SASARAN_MUTU_ALAT_BERAT_2026_SATUI,xlsx",166.79999999999995,14.099999999999966,7.0,168.0,175.0
331003,SUNGAI DANAU,Feb,EXCAVATOR HITACHI ZX 48U-5A 331-003,331-003,EXCAVATOR MINI,Sarmut Kelompok Alat Berat,AB,Excavator Mini,False,83.23,93.0,100.0,95.0,16.77,7.0,"SASARAN_MUTU_ALAT_BERAT_2026_SATUI,xlsx",134.0,10.5,27.0,134.0,161.0
331003,SUNGAI DANAU,Jan,EXCAVATOR HITACHI ZX 48U-5A 331-003,331-003,EXCAVATOR MINI,Sarmut Kelompok Alat Berat,AB,Excavator Mini,False,99.24,93.0,96.55,95.0,0.76,7.0,"SASARAN_MUTU_ALAT_BERAT_2026_SATUI,xlsx",100.6,13.699999999999989,0.8000000000000114,104.2,105.0
331003,SUNGAI DANAU,Jun,EXCAVATOR HITACHI ZX 48U-5A 331-003,331-003,EXCAVATOR MINI,Sarmut Kelompok Alat Berat,AB,Excavator Mini,False,79.52,93.0,85.4,95.0,20.48,7.0,"SASARAN_MUTU_ALAT_BERAT_2026_SATUI,xlsx",114.09999999999992,28.69999999999993,34.39999999999998,133.60000000000002,168.0
331003,SUNGAI DANAU,Mar,EXCAVATOR HITACHI ZX 48U-5A 331-003,331-003,EXCAVATOR MINI,Sarmut Kelompok Alat Berat,AB,Excavator Mini,False,100.0,93.0,93.18,95.0,0.0,7.0,"SASARAN_MUTU_ALAT_BERAT_2026_SATUI,xlsx",143.5,19.09999999999997,0.0,154.0,154.0
331003,SUNGAI DANAU,May,EXCAVATOR HITACHI ZX 48U-5A 331-003,331-003,EXCAVATOR MINI,Sarmut Kelompok Alat Berat,AB,Excavator Mini,False,100.0,93.0,74.78,95.0,0.0,7.0,"SASARAN_MUTU_ALAT_BERAT_2026_SATUI,xlsx",120.40000000000008,40.69999999999993,0.0,161.0,161.0
351004,SUNGAI DANAU,Apr,GRADER CATERPILAR 120 K 351-004,351-004,GRADER,Sarmut Kelompok Alat Berat,AB,Grader,False,100.0,93.0,66.29,95.0,0.0,7.0,"SASARAN_MUTU_ALAT_BERAT_2026_SATUI,xlsx",116.0,98.0,0.0,175.0,175.0
351004,SUNGAI DANAU,Feb,GRADER CATERPILAR 120 K 351-004,351-004,GRADER,Sarmut Kelompok Alat Berat,AB,Grader,False,100.0,93.0,67.7,95.0,0.0,7.0,"SASARAN_MUTU_ALAT_BERAT_2026_SATUI,xlsx",109.0,98.0,0.0,161.0,161.0
351004,SUNGAI DANAU,Jan,GRADER CATERPILAR 120 K 351-004,351-004,GRADER,Sarmut Kelompok Alat Berat,AB,Grader,False,100.0,93.0,80.57,95.0,0.0,7.0,"SASARAN_MUTU_ALAT_BERAT_2026_SATUI,xlsx",141.0,99.0,0.0,175.0,175.0
351004,SUNGAI DANAU,Jun,GRADER CATERPILAR 120 K 351-004,351-004,GRADER,Sarmut Kelompok Alat Berat,AB,Grader,False,95.83,93.0,60.25,95.0,4.17,7.0,"SASARAN_MUTU_ALAT_BERAT_2026_SATUI,xlsx",97.0,101.0,7.0,161.0,168.0
351004,SUNGAI DANAU,Mar,GRADER CATERPILAR 120 K 351-004,351-004,GRADER,Sarmut Kelompok Alat Berat,AB,Grader,False,100.0,93.0,111.04,95.0,0.0,7.0,"SASARAN_MUTU_ALAT_BERAT_2026_SATUI,xlsx",171.0,36.0,0.0,154.0,154.0
351004,SUNGAI DANAU,May,GRADER CATERPILAR 120 K 351-004,351-004,GRADER,Sarmut Kelompok Alat Berat,AB,Grader,False,100.0,93.0,31.06,95.0,0.0,7.0,"SASARAN_MUTU_ALAT_BERAT_2026_SATUI,xlsx",50.0,126.0,0.0,161.0,161.0
351007,SUNGAI DANAU,Apr,GRADER CATERPILLAR 120K 351-007,351-007,GRADER,Sarmut Kelompok Alat Berat,AB,Grader,False,92.0,93.0,35.4,95.0,8.0,7.0,"SASARAN_MUTU_ALAT_BERAT_2026_SATUI,xlsx",57.0,115.0,14.0,161.0,175.0
351007,SUNGAI DANAU,Feb,GRADER CATERPILLAR 120K 351-007,351-007,GRADER,Sarmut Kelompok Alat Berat,AB,Grader,False,82.61,93.0,27.82,95.0,17.39,7.0,"SASARAN_MUTU_ALAT_BERAT_2026_SATUI,xlsx",37.0,105.0,28.0,133.0,161.0
351007,SUNGAI DANAU,Jan,GRADER CATERPILLAR 120K 351-007,351-007,GRADER,Sarmut Kelompok Alat Berat,AB,Grader,False,90.86,93.0,45.28,95.0,9.14,7.0,"SASARAN_MUTU_ALAT_BERAT_2026_SATUI,xlsx",72.0,105.0,16.0,159.0,175.0
351007,SUNGAI DANAU,Jun,GRADER CATERPILLAR 120K 351-007,351-007,GRADER,Sarmut Kelompok Alat Berat,AB,Grader,False,100.0,93.0,0.0,95.0,0.0,7.0,"SASARAN_MUTU_ALAT_BERAT_2026_SATUI,xlsx",0.0,168.0,0.0,168.0,168.0
351007,SUNGAI DANAU,Mar,GRADER CATERPILLAR 120K 351-007,351-007,GRADER,Sarmut Kelompok Alat Berat,AB,Grader,False,86.36,93.0,94.74,95.0,13.64,7.0,"SASARAN_MUTU_ALAT_BERAT_2026_SATUI,xlsx",126.0,29.0,21.0,133.0,154.0
351007,SUNGAI DANAU,May,GRADER CATERPILLAR 120K 351-007,351-007,GRADER,Sarmut Kelompok Alat Berat,AB,Grader,False,100.0,93.0,0.0,95.0,0.0,7.0,"SASARAN_MUTU_ALAT_BERAT_2026_SATUI,xlsx",0.0,161.0,0.0,161.0,161.0
351013,SUNGAI DANAU,Apr,GRADER XCMG GR-135 351-013,351-013,GRADER,Sarmut Kelompok Alat Berat,AB,Grader,False,96.0,93.0,47.62,95.0,4.0,7.0,"SASARAN_MUTU_ALAT_BERAT_2026_SATUI,xlsx",80.0,106.0,7.0,168.0,175.0
351013,SUNGAI DANAU,Feb,GRADER XCMG GR-135 351-013,351-013,GRADER,Sarmut Kelompok Alat Berat,AB,Grader,False,100.0,93.0,27.33,95.0,0.0,7.0,"SASARAN_MUTU_ALAT_BERAT_2026_SATUI,xlsx",44.0,121.0,0.0,161.0,161.0
351013,SUNGAI DANAU,Jan,GRADER XCMG GR-135 351-013,351-013,GRADER,Sarmut Kelompok Alat Berat,AB,Grader,False,41.71,93.0,89.04,95.0,58.29,7.0,"SASARAN_MUTU_ALAT_BERAT_2026_SATUI,xlsx",65.0,15.0,102.0,73.0,175.0
351013,SUNGAI DANAU,Jun,GRADER XCMG GR-135 351-013,351-013,GRADER,Sarmut Kelompok Alat Berat,AB,Grader,False,100.0,93.0,55.36,95.0,0.0,7.0,"SASARAN_MUTU_ALAT_BERAT_2026_SATUI,xlsx",93.0,90.0,0.0,168.0,168.0
351013,SUNGAI DANAU,Mar,GRADER XCMG GR-135 351-013,351-013,GRADER,Sarmut Kelompok Alat Berat,AB,Grader,False,100.0,93.0,49.35,95.0,0.0,7.0,"SASARAN_MUTU_ALAT_BERAT_2026_SATUI,xlsx",76.0,65.0,0.0,154.0,154.0
351013,SUNGAI DANAU,May,GRADER XCMG GR-135 351-013,351-013,GRADER,Sarmut Kelompok Alat Berat,AB,Grader,False,100.0,93.0,28.57,95.0,0.0,7.0,"SASARAN_MUTU_ALAT_BERAT_2026_SATUI,xlsx",46.0,126.0,0.0,161.0,161.0
351015,SUNGAI DANAU,Apr,GRADER XCMG GR-135 351-015,351-015,GRADER,Sarmut Kelompok Alat Berat,AB,Grader,False,100.0,93.0,113.14,95.0,0.0,7.0,"SASARAN_MUTU_ALAT_BERAT_2026_SATUI,xlsx",198.0,33.0,0.0,175.0,175.0
351015,SUNGAI DANAU,Feb,GRADER XCMG GR-135 351-015,351-015,GRADER,Sarmut Kelompok Alat Berat,AB,Grader,False,100.0,93.0,50.31,95.0,0.0,7.0,"SASARAN_MUTU_ALAT_BERAT_2026_SATUI,xlsx",81.0,107.0,0.0,161.0,161.0
351015,SUNGAI DANAU,Jan,GRADER XCMG GR-135 351-015,351-015,GRADER,Sarmut Kelompok Alat Berat,AB,Grader,False,100.0,93.0,89.71,95.0,0.0,7.0,"SASARAN_MUTU_ALAT_BERAT_2026_SATUI,xlsx",157.0,62.0,0.0,175.0,175.0
351015,SUNGAI DANAU,Jun,GRADER XCMG GR-135 351-015,351-015,GRADER,Sarmut Kelompok Alat Berat,AB,Grader,False,100.0,93.0,31.55,95.0,0.0,7.0,"SASARAN_MUTU_ALAT_BERAT_2026_SATUI,xlsx",53.0,133.0,0.0,168.0,168.0
351015,SUNGAI DANAU,Mar,GRADER XCMG GR-135 351-015,351-015,GRADER,Sarmut Kelompok Alat Berat,AB,Grader,False,100.0,93.0,87.66,95.0,0.0,7.0,"SASARAN_MUTU_ALAT_BERAT_2026_SATUI,xlsx",135.0,35.0,0.0,154.0,154.0
351015,SUNGAI DANAU,May,GRADER XCMG GR-135 351-015,351-015,GRADER,Sarmut Kelompok Alat Berat,AB,Grader,False,100.0,93.0,24.84,95.0,0.0,7.0,"SASARAN_MUTU_ALAT_BERAT_2026_SATUI,xlsx",40.0,133.0,0.0,161.0,161.0
351016,SUNGAI DANAU,Apr,GRADER XCMG GR-135 351-016,351-016,GRADER,Sarmut Kelompok Alat Berat,AB,Grader,False,100.0,93.0,36.0,95.0,0.0,7.0,"SASARAN_MUTU_ALAT_BERAT_2026_SATUI,xlsx",63.0,135.0,0.0,175.0,175.0
351016,SUNGAI DANAU,Feb,GRADER XCMG GR-135 351-016,351-016,GRADER,Sarmut Kelompok Alat Berat,AB,Grader,False,100.0,93.0,38.51,95.0,0.0,7.0,"SASARAN_MUTU_ALAT_BERAT_2026_SATUI,xlsx",62.0,128.0,0.0,161.0,161.0
351016,SUNGAI DANAU,Jan,GRADER XCMG GR-135 351-016,351-016,GRADER,Sarmut Kelompok Alat Berat,AB,Grader,False,92.0,93.0,83.85,95.0,8.0,7.0,"SASARAN_MUTU_ALAT_BERAT_2026_SATUI,xlsx",135.0,71.0,14.0,161.0,175.0
351016,SUNGAI DANAU,Jun,GRADER XCMG GR-135 351-016,351-016,GRADER,Sarmut Kelompok Alat Berat,AB,Grader,False,100.0,93.0,61.9,95.0,0.0,7.0,"SASARAN_MUTU_ALAT_BERAT_2026_SATUI,xlsx",104.0,98.0,0.0,168.0,168.0
351016,SUNGAI DANAU,Mar,GRADER XCMG GR-135 351-016,351-016,GRADER,Sarmut Kelompok Alat Berat,AB,Grader,False,95.45,93.0,110.88,95.0,4.55,7.0,"SASARAN_MUTU_ALAT_BERAT_2026_SATUI,xlsx",163.0,20.0,7.0,147.0,154.0
351016,SUNGAI DANAU,May,GRADER XCMG GR-135 351-016,351-016,GRADER,Sarmut Kelompok Alat Berat,AB,Grader,False,100.0,93.0,36.02,95.0,0.0,7.0,"SASARAN_MUTU_ALAT_BERAT_2026_SATUI,xlsx",58.0,122.0,0.0,161.0,161.0
342012,TANJUNG,Apr,BULLDOZER WEA B 220 342-012,342-012,BULLDOZER MEDIUM,Sarmut Kelompok Alat Berat,AB,Bulldozer,False,100.0,90.0,0.0,90.0,0.0,10.0,"SASARAN_MUTU_AB_2026_TANJUNG,xlsx",0.0,200.0,0.0,200.0,200.0
342012,TANJUNG,Feb,BULLDOZER WEA B 220 342-012,342-012,BULLDOZER MEDIUM,Sarmut Kelompok Alat Berat,AB,Bulldozer,False,41.5,90.0,100.0,90.0,58.5,10.0,"SASARAN_MUTU_AB_2026_TANJUNG,xlsx",,,,,
342012,TANJUNG,Jan,BULLDOZER WEA B 220 342-012,342-012,BULLDOZER MEDIUM,Sarmut Kelompok Alat Berat,AB,Bulldozer,False,14.25,90.0,63.51,90.0,85.75,10.0,"SASARAN_MUTU_AB_2026_TANJUNG,xlsx",18.09999999999991,10.400000000000093,171.5,28.5,200.0
342012,TANJUNG,Jun,BULLDOZER WEA B 220 342-012,342-012,BULLDOZER MEDIUM,Sarmut Kelompok Alat Berat,AB,Bulldozer,False,26.2,90.0,100.0,90.0,73.8,10.0,"SASARAN_MUTU_AB_2026_TANJUNG,xlsx",52.40000000000009,0.0,147.6,52.400000000000006,200.0
342012,TANJUNG,Mar,BULLDOZER WEA B 220 342-012,342-012,BULLDOZER MEDIUM,Sarmut Kelompok Alat Berat,AB,Bulldozer,False,73.0,90.0,0.0,90.0,27.0,10.0,"SASARAN_MUTU_AB_2026_TANJUNG,xlsx",0.0,146.0,54.0,146.0,200.0
342012,TANJUNG,May,BULLDOZER WEA B 220 342-012,342-012,BULLDOZER MEDIUM,Sarmut Kelompok Alat Berat,AB,Bulldozer,False,43.75,90.0,67.2,90.0,56.25,10.0,"SASARAN_MUTU_AB_2026_TANJUNG,xlsx",58.80000000000018,28.69999999999981,112.5,87.5,200.0
342017,TANJUNG,Apr,BULLDOZER KOMATSU D85E 342-017,342-017,BULLDOZER MEDIUM,Sarmut Kelompok Alat Berat,AB,Bulldozer,False,99.5,90.0,9.55,90.0,0.5,10.0,"SASARAN_MUTU_AB_2026_TANJUNG,xlsx",19.0,180.0,1.0,199.0,200.0
342017,TANJUNG,Feb,BULLDOZER KOMATSU D85E 342-017,342-017,BULLDOZER MEDIUM,Sarmut Kelompok Alat Berat,AB,Bulldozer,False,100.0,90.0,103.15,90.0,0.0,10.0,"SASARAN_MUTU_AB_2026_TANJUNG,xlsx",,,,,
342017,TANJUNG,Jan,BULLDOZER KOMATSU D85E 342-017,342-017,BULLDOZER MEDIUM,Sarmut Kelompok Alat Berat,AB,Bulldozer,False,100.0,90.0,146.5,90.0,0.0,10.0,"SASARAN_MUTU_AB_2026_TANJUNG,xlsx",293.0,0.0,0.0,200.0,200.0
342017,TANJUNG,Jun,BULLDOZER KOMATSU D85E 342-017,342-017,BULLDOZER MEDIUM,Sarmut Kelompok Alat Berat,AB,Bulldozer,False,100.0,90.0,173.5,90.0,0.0,10.0,"SASARAN_MUTU_AB_2026_TANJUNG,xlsx",347.0,0.0,0.0,200.0,200.0
342017,TANJUNG,Mar,BULLDOZER KOMATSU D85E 342-017,342-017,BULLDOZER MEDIUM,Sarmut Kelompok Alat Berat,AB,Bulldozer,False,99.0,90.0,64.39,90.0,1.0,10.0,"SASARAN_MUTU_AB_2026_TANJUNG,xlsx",127.5,70.5,2.0,198.0,200.0
342017,TANJUNG,May,BULLDOZER KOMATSU D85E 342-017,342-017,BULLDOZER MEDIUM,Sarmut Kelompok Alat Berat,AB,Bulldozer,False,100.0,90.0,176.5,90.0,0.0,10.0,"SASARAN_MUTU_AB_2026_TANJUNG,xlsx",353.0,0.0,0.0,200.0,200.0
332004,TANJUNG,Apr,EXCAVATOR HITACHI ZAXIS ZX330 332-004,332-004,EXCAVATOR MEDIUM,Sarmut Kelompok Alat Berat,AB,Excavator,False,100.0,90.0,0.0,90.0,0.0,10.0,"SASARAN_MUTU_AB_2026_TANJUNG,xlsx",0.0,50.0,0.0,50.0,50.0
332004,TANJUNG,Mar,EXCAVATOR HITACHI ZAXIS ZX330 332-004,332-004,EXCAVATOR MEDIUM,Sarmut Kelompok Alat Berat,AB,Excavator,False,100.0,90.0,0.0,90.0,0.0,10.0,"SASARAN_MUTU_AB_2026_TANJUNG,xlsx",0.0,50.0,0.0,50.0,50.0
332026,TANJUNG,Apr,EXCAVATOR HITACHI ZX210F-5G 332-026,332-026,EXCAVATOR MEDIUM,Sarmut Kelompok Alat Berat,AB,Excavator,False,79.0,90.0,48.69,90.0,21.0,10.0,"SASARAN_MUTU_AB_2026_TANJUNG,xlsx",57.70000000000073,60.79999999999927,31.5,118.5,150.0
332026,TANJUNG,Feb,EXCAVATOR HITACHI ZX210F-5G 332-026,332-026,EXCAVATOR MEDIUM,Sarmut Kelompok Alat Berat,AB,Excavator,False,99.33,90.0,69.33,90.0,0.67,10.0,"SASARAN_MUTU_AB_2026_TANJUNG,xlsx",,,,,
332026,TANJUNG,Jan,EXCAVATOR HITACHI ZX210F-5G 332-026,332-026,EXCAVATOR MEDIUM,Sarmut Kelompok Alat Berat,AB,Excavator,False,100.0,90.0,124.0,90.0,0.0,10.0,"SASARAN_MUTU_AB_2026_TANJUNG,xlsx",186.0,0.0,0.0,150.0,150.0
332026,TANJUNG,Jun,EXCAVATOR HITACHI ZX210F-5G 332-026,332-026,EXCAVATOR MEDIUM,Sarmut Kelompok Alat Berat,AB,Excavator,False,100.0,90.0,151.53,90.0,0.0,10.0,"SASARAN_MUTU_AB_2026_TANJUNG,xlsx",227.29999999999927,0.0,0.0,150.0,150.0
332026,TANJUNG,Mar,EXCAVATOR HITACHI ZX210F-5G 332-026,332-026,EXCAVATOR MEDIUM,Sarmut Kelompok Alat Berat,AB,Excavator,False,99.33,90.0,92.68,90.0,0.67,10.0,"SASARAN_MUTU_AB_2026_TANJUNG,xlsx",138.10000000000036,10.899999999999636,1.0,149.0,150.0
332026,TANJUNG,May,EXCAVATOR HITACHI ZX210F-5G 332-026,332-026,EXCAVATOR MEDIUM,Sarmut Kelompok Alat Berat,AB,Excavator,False,100.0,90.0,145.27,90.0,0.0,10.0,"SASARAN_MUTU_AB_2026_TANJUNG,xlsx",217.89999999999964,0.0,0.0,150.0,150.0
332027,TANJUNG,Jun,EXCAVATOR HITACHI ZX350H-5G 332-027,332-027,EXCAVATOR MEDIUM,Sarmut Kelompok Alat Berat,AB,Excavator,False,30.2,90.0,100.0,90.0,69.8,10.0,"SASARAN_MUTU_AB_2026_TANJUNG,xlsx",15.099999999998545,1.4566126083082054e-12,34.9,15.1,50.0
332027,TANJUNG,May,EXCAVATOR HITACHI ZX350H-5G 332-027,332-027,EXCAVATOR MEDIUM,Sarmut Kelompok Alat Berat,AB,Excavator,False,71.0,90.0,18.31,90.0,29.0,10.0,"SASARAN_MUTU_AB_2026_TANJUNG,xlsx",6.5,29.0,14.5,35.5,50.0
332032,TANJUNG,Apr,EXCAVATOR KOMATSU PC-200-8M1 332-032,332-032,EXCAVATOR MEDIUM,Sarmut Kelompok Alat Berat,AB,Excavator,False,98.5,90.0,11.68,90.0,1.5,10.0,"SASARAN_MUTU_AB_2026_TANJUNG,xlsx",23.0,174.0,3.0,197.0,200.0
332032,TANJUNG,Feb,EXCAVATOR KOMATSU PC-200-8M1 332-032,332-032,EXCAVATOR MEDIUM,Sarmut Kelompok Alat Berat,AB,Excavator,False,94.25,90.0,72.25,90.0,5.75,10.0,"SASARAN_MUTU_AB_2026_TANJUNG,xlsx",,,,,
332032,TANJUNG,Jan,EXCAVATOR KOMATSU PC-200-8M1 332-032,332-032,EXCAVATOR MEDIUM,Sarmut Kelompok Alat Berat,AB,Excavator,False,93.4,90.0,100.0,90.0,6.6,10.0,"SASARAN_MUTU_AB_2026_TANJUNG,xlsx",186.79999999999927,0.0,13.200000000000728,186.79999999999927,200.0
332032,TANJUNG,Jun,EXCAVATOR KOMATSU PC-200-8M1 332-032,332-032,EXCAVATOR MEDIUM,Sarmut Kelompok Alat Berat,AB,Excavator,False,100.0,90.0,127.4,90.0,0.0,10.0,"SASARAN_MUTU_AB_2026_TANJUNG,xlsx",254.8000000000011,0.0,0.0,200.0,200.0
332032,TANJUNG,Mar,EXCAVATOR KOMATSU PC-200-8M1 332-032,332-032,EXCAVATOR MEDIUM,Sarmut Kelompok Alat Berat,AB,Excavator,False,83.5,90.0,64.07,90.0,16.5,10.0,"SASARAN_MUTU_AB_2026_TANJUNG,xlsx",107.0,60.0,33.0,167.0,200.0
332032,TANJUNG,May,EXCAVATOR KOMATSU PC-200-8M1 332-032,332-032,EXCAVATOR MEDIUM,Sarmut Kelompok Alat Berat,AB,Excavator,False,93.65,90.0,100.0,90.0,6.35,10.0,"SASARAN_MUTU_AB_2026_TANJUNG,xlsx",187.29999999999927,7.283063041541027e-13,12.7,187.3,200.0
332033,TANJUNG,Apr,EXCAVATOR HITACHI ZX350H-5G 332-033,332-033,EXCAVATOR MEDIUM,Sarmut Kelompok Alat Berat,AB,Excavator,False,99.0,90.0,6.77,90.0,1.0,10.0,"SASARAN_MUTU_AB_2026_TANJUNG,xlsx",20.099999999998545,276.90000000000146,3.0,297.0,300.0
332033,TANJUNG,Feb,EXCAVATOR HITACHI ZX350H-5G 332-033,332-033,EXCAVATOR MEDIUM,Sarmut Kelompok Alat Berat,AB,Excavator,False,98.5,90.0,74.31,90.0,1.5,10.0,"SASARAN_MUTU_AB_2026_TANJUNG,xlsx",,,,,
332033,TANJUNG,Jan,EXCAVATOR HITACHI ZX350H-5G 332-033,332-033,EXCAVATOR MEDIUM,Sarmut Kelompok Alat Berat,AB,Excavator,False,83.17,90.0,85.65,90.0,16.83,10.0,"SASARAN_MUTU_AB_2026_TANJUNG,xlsx",213.7000000000008,35.79999999999927,50.5,249.5,300.0
332033,TANJUNG,Jun,EXCAVATOR HITACHI ZX350H-5G 332-033,332-033,EXCAVATOR MEDIUM,Sarmut Kelompok Alat Berat,AB,Excavator,False,100.0,90.0,168.4,90.0,0.0,10.0,"SASARAN_MUTU_AB_2026_TANJUNG,xlsx",505.1999999999971,0.0,0.0,300.0,300.0
332033,TANJUNG,Mar,EXCAVATOR HITACHI ZX350H-5G 332-033,332-033,EXCAVATOR MEDIUM,Sarmut Kelompok Alat Berat,AB,Excavator,False,99.67,90.0,41.2,90.0,0.33,10.0,"SASARAN_MUTU_AB_2026_TANJUNG,xlsx",123.20000000000071,175.79999999999927,1.0,299.0,300.0
332033,TANJUNG,May,EXCAVATOR HITACHI ZX350H-5G 332-033,332-033,EXCAVATOR MEDIUM,Sarmut Kelompok Alat Berat,AB,Excavator,False,100.0,90.0,136.2,90.0,0.0,10.0,"SASARAN_MUTU_AB_2026_TANJUNG,xlsx",408.6000000000022,0.0,0.0,300.0,300.0
332036,TANJUNG,Apr,EXCAVATOR HITACHI ZX350H-5G 332-036,332-036,EXCAVATOR MEDIUM,Sarmut Kelompok Alat Berat,AB,Excavator,False,100.0,90.0,11.5,90.0,0.0,10.0,"SASARAN_MUTU_AB_2026_TANJUNG,xlsx",23.0,177.0,0.0,200.0,200.0
332036,TANJUNG,Feb,EXCAVATOR HITACHI ZX350H-5G 332-036,332-036,EXCAVATOR MEDIUM,Sarmut Kelompok Alat Berat,AB,Excavator,False,91.25,90.0,56.99,90.0,8.75,10.0,"SASARAN_MUTU_AB_2026_TANJUNG,xlsx",,,,,
332036,TANJUNG,Jan,EXCAVATOR HITACHI ZX350H-5G 332-036,332-036,EXCAVATOR MEDIUM,Sarmut Kelompok Alat Berat,AB,Excavator,False,58.55,90.0,100.0,90.0,41.45,10.0,"SASARAN_MUTU_AB_2026_TANJUNG,xlsx",117.09999999999854,0.0,82.90000000000146,117.09999999999854,200.0
332036,TANJUNG,Jun,EXCAVATOR HITACHI ZX350H-5G 332-036,332-036,EXCAVATOR MEDIUM,Sarmut Kelompok Alat Berat,AB,Excavator,False,100.0,90.0,204.8,90.0,0.0,10.0,"SASARAN_MUTU_AB_2026_TANJUNG,xlsx",409.6000000000022,0.0,0.0,200.0,200.0
332036,TANJUNG,Mar,EXCAVATOR HITACHI ZX350H-5G 332-036,332-036,EXCAVATOR MEDIUM,Sarmut Kelompok Alat Berat,AB,Excavator,False,98.75,90.0,16.81,90.0,1.25,10.0,"SASARAN_MUTU_AB_2026_TANJUNG,xlsx",33.20000000000073,164.29999999999927,2.5,197.5,200.0
332036,TANJUNG,May,EXCAVATOR HITACHI ZX350H-5G 332-036,332-036,EXCAVATOR MEDIUM,Sarmut Kelompok Alat Berat,AB,Excavator,False,100.0,90.0,133.3,90.0,0.0,10.0,"SASARAN_MUTU_AB_2026_TANJUNG,xlsx",266.59999999999854,0.0,0.0,200.0,200.0
332037,TANJUNG,Apr,EXCAVATOR HITACHI ZX350H-5G 332-037,332-037,EXCAVATOR MEDIUM,Sarmut Kelompok Alat Berat,AB,Excavator,False,99.33,90.0,6.81,90.0,0.67,10.0,"SASARAN_MUTU_AB_2026_TANJUNG,xlsx",20.299999999999272,277.7000000000007,2.0,298.0,300.0
332037,TANJUNG,Feb,EXCAVATOR HITACHI ZX350H-5G 332-037,332-037,EXCAVATOR MEDIUM,Sarmut Kelompok Alat Berat,AB,Excavator,False,98.73,90.0,91.46,90.0,1.27,10.0,"SASARAN_MUTU_AB_2026_TANJUNG,xlsx",,,,,
332037,TANJUNG,Jan,EXCAVATOR HITACHI ZX350H-5G 332-037,332-037,EXCAVATOR MEDIUM,Sarmut Kelompok Alat Berat,AB,Excavator,False,100.0,90.0,113.83,90.0,0.0,10.0,"SASARAN_MUTU_AB_2026_TANJUNG,xlsx",341.5,0.0,0.0,300.0,300.0
332037,TANJUNG,Jun,EXCAVATOR HITACHI ZX350H-5G 332-037,332-037,EXCAVATOR MEDIUM,Sarmut Kelompok Alat Berat,AB,Excavator,False,100.0,90.0,176.4,90.0,0.0,10.0,"SASARAN_MUTU_AB_2026_TANJUNG,xlsx",529.2000000000007,0.0,0.0,300.0,300.0
332037,TANJUNG,Mar,EXCAVATOR HITACHI ZX350H-5G 332-037,332-037,EXCAVATOR MEDIUM,Sarmut Kelompok Alat Berat,AB,Excavator,False,99.5,90.0,55.18,90.0,0.5,10.0,"SASARAN_MUTU_AB_2026_TANJUNG,xlsx",164.70000000000073,133.79999999999927,1.5,298.5,300.0
332037,TANJUNG,May,EXCAVATOR HITACHI ZX350H-5G 332-037,332-037,EXCAVATOR MEDIUM,Sarmut Kelompok Alat Berat,AB,Excavator,False,100.0,90.0,160.83,90.0,0.0,10.0,"SASARAN_MUTU_AB_2026_TANJUNG,xlsx",482.5,0.0,0.0,300.0,300.0
332049,TANJUNG,Apr,EXCAVATOR SHANTUI SE 215 W 332-049,332-049,EXCAVATOR MEDIUM,Sarmut Kelompok Alat Berat,AB,Excavator,False,97.5,90.0,64.62,90.0,2.5,10.0,"SASARAN_MUTU_AB_2026_TANJUNG,xlsx",63.0,34.5,2.5,97.5,100.0
332049,TANJUNG,Feb,EXCAVATOR SHANTUI SE 215 W 332-049,332-049,EXCAVATOR MEDIUM,Sarmut Kelompok Alat Berat,AB,Excavator,False,99.5,90.0,57.29,90.0,0.5,10.0,"SASARAN_MUTU_AB_2026_TANJUNG,xlsx",,,,,
332049,TANJUNG,Jan,EXCAVATOR SHANTUI SE 215 W 332-049,332-049,EXCAVATOR MEDIUM,Sarmut Kelompok Alat Berat,AB,Excavator,False,91.9,90.0,100.0,90.0,8.1,10.0,"SASARAN_MUTU_AB_2026_TANJUNG,xlsx",91.89999999999964,0.0,8.100000000000364,91.89999999999964,100.0
332049,TANJUNG,Jun,EXCAVATOR SHANTUI SE 215 W 332-049,332-049,EXCAVATOR MEDIUM,Sarmut Kelompok Alat Berat,AB,Excavator,False,100.0,90.0,148.8,90.0,0.0,10.0,"SASARAN_MUTU_AB_2026_TANJUNG,xlsx",148.80000000000018,0.0,0.0,100.0,100.0
332049,TANJUNG,May,EXCAVATOR SHANTUI SE 215 W 332-049,332-049,EXCAVATOR MEDIUM,Sarmut Kelompok Alat Berat,AB,Excavator,False,100.0,90.0,148.2,90.0,0.0,10.0,"SASARAN_MUTU_AB_2026_TANJUNG,xlsx",148.19999999999982,0.0,0.0,100.0,100.0
332002,TANJUNG,Jan,EXCAVATOR HITACHI ZAXIS ZX330 332-002,332-002,EXCAVATOR MEDIUM,Sarmut Kelompok Alat Berat,AB,Excavator,False,0.0,90.0,0.0,90.0,0.0,10.0,"SASARAN_MUTU_AB_2026_TANJUNG,xlsx",0.0,0.0,0.0,0.0,0.0
332002,TANJUNG,Feb,EXCAVATOR HITACHI ZAXIS ZX330 332-002,332-002,EXCAVATOR MEDIUM,Sarmut Kelompok Alat Berat,AB,Excavator,False,0.0,90.0,0.0,90.0,0.0,10.0,"SASARAN_MUTU_AB_2026_TANJUNG,xlsx",,,,,
332027,TANJUNG,Apr,EXCAVATOR HITACHI ZX350H-5G 332-027,332-027,EXCAVATOR MEDIUM,Sarmut Kelompok Alat Berat,AB,Excavator Breaker 30 Ton,False,100.0,90.0,2.8,90.0,0.0,10.0,"SASARAN_MUTU_AB_2026_TANJUNG,xlsx",1.4000000000014552,48.59999999999855,0.0,50.0,50.0
332027,TANJUNG,Feb,EXCAVATOR HITACHI ZX350H-5G 332-027,332-027,EXCAVATOR MEDIUM,Sarmut Kelompok Alat Berat,AB,Excavator Breaker 30 Ton,False,100.0,90.0,4.4,90.0,0.0,10.0,"SASARAN_MUTU_AB_2026_TANJUNG,xlsx",,,,,
332027,TANJUNG,Jan,EXCAVATOR HITACHI ZX350H-5G 332-027,332-027,EXCAVATOR MEDIUM,Sarmut Kelompok Alat Berat,AB,Excavator Breaker 30 Ton,False,75.0,90.0,100.0,90.0,25.0,10.0,"SASARAN_MUTU_AB_2026_TANJUNG,xlsx",37.5,0.0,12.5,37.5,50.0
332027,TANJUNG,Mar,EXCAVATOR HITACHI ZX350H-5G 332-027,332-027,EXCAVATOR MEDIUM,Sarmut Kelompok Alat Berat,AB,Excavator Breaker 30 Ton,False,100.0,90.0,25.2,90.0,0.0,10.0,"SASARAN_MUTU_AB_2026_TANJUNG,xlsx",12.599999999998545,37.400000000001455,0.0,50.0,50.0
332049,TANJUNG,Mar,EXCAVATOR SHANTUI SE 215 W 332-049,332-049,EXCAVATOR MEDIUM,Sarmut Kelompok Alat Berat,AB,Excavator Breaker 30 Ton,False,49.0,90.0,0.0,90.0,51.0,10.0,"SASARAN_MUTU_AB_2026_TANJUNG,xlsx",0.0,49.0,51.0,49.0,100.0
351011,TANJUNG,Apr,GRADER CATERPILLAR 120 NG 351-011,351-011,GRADER,Sarmut Kelompok Alat Berat,AB,Grader,False,100.0,90.0,7.95,90.0,0.0,10.0,"SASARAN_MUTU_AB_2026_TANJUNG,xlsx",15.899999999999636,184.1000000000004,0.0,200.0,200.0
351011,TANJUNG,Feb,GRADER CATERPILLAR 120 NG 351-011,351-011,GRADER,Sarmut Kelompok Alat Berat,AB,Grader,False,100.0,90.0,83.35,90.0,0.0,10.0,"SASARAN_MUTU_AB_2026_TANJUNG,xlsx",,,,,
351011,TANJUNG,Jan,GRADER CATERPILLAR 120 NG 351-011,351-011,GRADER,Sarmut Kelompok Alat Berat,AB,Grader,False,100.0,90.0,98.1,90.0,0.0,10.0,"SASARAN_MUTU_AB_2026_TANJUNG,xlsx",196.19999999999985,0.0,0.0,200.0,200.0
351011,TANJUNG,Jun,GRADER CATERPILLAR 120 NG 351-011,351-011,GRADER,Sarmut Kelompok Alat Berat,AB,Grader,False,100.0,90.0,137.15,90.0,0.0,10.0,"SASARAN_MUTU_AB_2026_TANJUNG,xlsx",274.2999999999993,0.0,0.0,200.0,200.0
351011,TANJUNG,Mar,GRADER CATERPILLAR 120 NG 351-011,351-011,GRADER,Sarmut Kelompok Alat Berat,AB,Grader,False,93.0,90.0,28.82,90.0,7.0,10.0,"SASARAN_MUTU_AB_2026_TANJUNG,xlsx",53.60000000000037,132.39999999999964,14.0,186.0,200.0
351011,TANJUNG,May,GRADER CATERPILLAR 120 NG 351-011,351-011,GRADER,Sarmut Kelompok Alat Berat,AB,Grader,False,100.0,90.0,139.45,90.0,0.0,10.0,"SASARAN_MUTU_AB_2026_TANJUNG,xlsx",278.90000000000055,0.0,0.0,200.0,200.0
322007,KUMAI,Apr,CRAWLER DUMPER PD5000TA 322-007,322-007,CRAWLER,Sarmut Kelompok Crawler,AB,Crawler,False,0.0,80.0,0.0,100.0,100.0,20.0,"SASARAN_MUTU_Crawler_2026_Kumai,xlsx",0.0,0.0,25.0,0.0,25.0
322007,KUMAI,Feb,CRAWLER DUMPER PD5000TA 322-007,322-007,CRAWLER,Sarmut Kelompok Crawler,AB,Crawler,False,0.0,80.0,0.0,100.0,100.0,20.0,"SASARAN_MUTU_Crawler_2026_Kumai,xlsx",0.0,0.0,23.0,0.0,23.0
322007,KUMAI,Jan,CRAWLER DUMPER PD5000TA 322-007,322-007,CRAWLER,Sarmut Kelompok Crawler,AB,Crawler,False,0.0,80.0,0.0,100.0,100.0,20.0,"SASARAN_MUTU_Crawler_2026_Kumai,xlsx",0.0,0.0,25.0,0.0,25.0
322007,KUMAI,Jun,CRAWLER DUMPER PD5000TA 322-007,322-007,CRAWLER,Sarmut Kelompok Crawler,AB,Crawler,False,95.83,80.0,30.43,100.0,4.17,20.0,"SASARAN_MUTU_Crawler_2026_Kumai,xlsx",7.0,16.0,1.0,23.0,24.0
322007,KUMAI,Mar,CRAWLER DUMPER PD5000TA 322-007,322-007,CRAWLER,Sarmut Kelompok Crawler,AB,Crawler,False,0.0,80.0,0.0,100.0,100.0,20.0,"SASARAN_MUTU_Crawler_2026_Kumai,xlsx",0.0,0.0,24.0,0.0,24.0
322007,KUMAI,May,CRAWLER DUMPER PD5000TA 322-007,322-007,CRAWLER,Sarmut Kelompok Crawler,AB,Crawler,False,26.09,80.0,0.0,100.0,73.91,20.0,"SASARAN_MUTU_Crawler_2026_Kumai,xlsx",0.0,6.0,17.0,6.0,23.0
322008,KUMAI,Apr,CRAWLER DUMPER PD5000TA 322-008,322-008,CRAWLER,Sarmut Kelompok Crawler,AB,Crawler,False,0.0,80.0,0.0,100.0,100.0,20.0,"SASARAN_MUTU_Crawler_2026_Kumai,xlsx",0.0,0.0,25.0,0.0,25.0
322008,KUMAI,Feb,CRAWLER DUMPER PD5000TA 322-008,322-008,CRAWLER,Sarmut Kelompok Crawler,AB,Crawler,False,0.0,80.0,0.0,100.0,100.0,20.0,"SASARAN_MUTU_Crawler_2026_Kumai,xlsx",0.0,0.0,23.0,0.0,23.0
322008,KUMAI,Jan,CRAWLER DUMPER PD5000TA 322-008,322-008,CRAWLER,Sarmut Kelompok Crawler,AB,Crawler,False,4.0,80.0,100.0,100.0,96.0,20.0,"SASARAN_MUTU_Crawler_2026_Kumai,xlsx",1.0,0.0,24.0,1.0,25.0
322008,KUMAI,Jun,CRAWLER DUMPER PD5000TA 322-008,322-008,CRAWLER,Sarmut Kelompok Crawler,AB,Crawler,False,0.0,80.0,0.0,100.0,100.0,20.0,"SASARAN_MUTU_Crawler_2026_Kumai,xlsx",0.0,0.0,24.0,0.0,24.0
322008,KUMAI,Mar,CRAWLER DUMPER PD5000TA 322-008,322-008,CRAWLER,Sarmut Kelompok Crawler,AB,Crawler,False,0.0,80.0,0.0,100.0,100.0,20.0,"SASARAN_MUTU_Crawler_2026_Kumai,xlsx",0.0,0.0,24.0,0.0,24.0
322008,KUMAI,May,CRAWLER DUMPER PD5000TA 322-008,322-008,CRAWLER,Sarmut Kelompok Crawler,AB,Crawler,False,0.0,80.0,0.0,100.0,100.0,20.0,"SASARAN_MUTU_Crawler_2026_Kumai,xlsx",0.0,0.0,23.0,0.0,23.0
322009,KUMAI,Apr,CROWN KD 5000 HZL 322-009,322-009,CRAWLER,Sarmut Kelompok Crawler,AB,Crawler,False,32.0,80.0,50.0,100.0,68.0,20.0,"SASARAN_MUTU_Crawler_2026_Kumai,xlsx",4.0,4.0,17.0,8.0,25.0
322009,KUMAI,Feb,CROWN KD 5000 HZL 322-009,322-009,CRAWLER,Sarmut Kelompok Crawler,AB,Crawler,False,91.3,80.0,90.48,100.0,8.7,20.0,"SASARAN_MUTU_Crawler_2026_Kumai,xlsx",19.0,4.0,2.0,21.0,23.0
322009,KUMAI,Jan,CROWN KD 5000 HZL 322-009,322-009,CRAWLER,Sarmut Kelompok Crawler,AB,Crawler,False,100.0,80.0,84.0,100.0,0.0,20.0,"SASARAN_MUTU_Crawler_2026_Kumai,xlsx",21.0,4.0,0.0,25.0,25.0
322009,KUMAI,Jun,CROWN KD 5000 HZL 322-009,322-009,CRAWLER,Sarmut Kelompok Crawler,AB,Crawler,False,100.0,80.0,0.0,100.0,0.0,20.0,"SASARAN_MUTU_Crawler_2026_Kumai,xlsx",0.0,24.0,0.0,24.0,24.0
322009,KUMAI,Mar,CROWN KD 5000 HZL 322-009,322-009,CRAWLER,Sarmut Kelompok Crawler,AB,Crawler,False,62.5,80.0,40.0,100.0,37.5,20.0,"SASARAN_MUTU_Crawler_2026_Kumai,xlsx",6.0,9.0,9.0,15.0,24.0
322009,KUMAI,May,CROWN KD 5000 HZL 322-009,322-009,CRAWLER,Sarmut Kelompok Crawler,AB,Crawler,False,21.74,80.0,20.0,100.0,78.26,20.0,"SASARAN_MUTU_Crawler_2026_Kumai,xlsx",1.0,4.0,18.0,5.0,23.0
322010,KUMAI,Apr,CROWN KD 5000 HZL 322-010,322-010,CRAWLER,Sarmut Kelompok Crawler,AB,Crawler,False,0.0,80.0,0.0,100.0,100.0,20.0,"SASARAN_MUTU_Crawler_2026_Kumai,xlsx",0.0,0.0,25.0,0.0,25.0
322010,KUMAI,Feb,CROWN KD 5000 HZL 322-010,322-010,CRAWLER,Sarmut Kelompok Crawler,AB,Crawler,False,0.0,80.0,0.0,100.0,100.0,20.0,"SASARAN_MUTU_Crawler_2026_Kumai,xlsx",0.0,0.0,23.0,0.0,23.0
322010,KUMAI,Jan,CROWN KD 5000 HZL 322-010,322-010,CRAWLER,Sarmut Kelompok Crawler,AB,Crawler,False,64.0,80.0,106.25,100.0,36.0,20.0,"SASARAN_MUTU_Crawler_2026_Kumai,xlsx",17.0,2.0,9.0,16.0,25.0
322010,KUMAI,Jun,CROWN KD 5000 HZL 322-010,322-010,CRAWLER,Sarmut Kelompok Crawler,AB,Crawler,False,0.0,80.0,0.0,100.0,100.0,20.0,"SASARAN_MUTU_Crawler_2026_Kumai,xlsx",0.0,0.0,24.0,0.0,24.0
322010,KUMAI,Mar,CROWN KD 5000 HZL 322-010,322-010,CRAWLER,Sarmut Kelompok Crawler,AB,Crawler,False,0.0,80.0,0.0,100.0,100.0,20.0,"SASARAN_MUTU_Crawler_2026_Kumai,xlsx",0.0,0.0,24.0,0.0,24.0
322010,KUMAI,May,CROWN KD 5000 HZL 322-010,322-010,CRAWLER,Sarmut Kelompok Crawler,AB,Crawler,False,0.0,80.0,0.0,100.0,100.0,20.0,"SASARAN_MUTU_Crawler_2026_Kumai,xlsx",0.0,0.0,23.0,0.0,23.0
322011,KUMAI,Apr,CRAWLER DUMPER PD5000TA 322-011,322-011,CRAWLER,Sarmut Kelompok Crawler,AB,Crawler,False,80.0,80.0,35.0,100.0,20.0,20.0,"SASARAN_MUTU_Crawler_2026_Kumai,xlsx",7.0,14.0,5.0,20.0,25.0
322011,KUMAI,Feb,CRAWLER DUMPER PD5000TA 322-011,322-011,CRAWLER,Sarmut Kelompok Crawler,AB,Crawler,False,0.0,80.0,0.0,100.0,100.0,20.0,"SASARAN_MUTU_Crawler_2026_Kumai,xlsx",0.0,0.0,23.0,0.0,23.0
322011,KUMAI,Jan,CRAWLER DUMPER PD5000TA 322-011,322-011,CRAWLER,Sarmut Kelompok Crawler,AB,Crawler,False,80.0,80.0,120.0,100.0,20.0,20.0,"SASARAN_MUTU_Crawler_2026_Kumai,xlsx",24.0,0.0,5.0,20.0,25.0
322011,KUMAI,Jun,CRAWLER DUMPER PD5000TA 322-011,322-011,CRAWLER,Sarmut Kelompok Crawler,AB,Crawler,False,95.83,80.0,8.7,100.0,4.17,20.0,"SASARAN_MUTU_Crawler_2026_Kumai,xlsx",2.0,21.0,1.0,23.0,24.0
322011,KUMAI,Mar,CRAWLER DUMPER PD5000TA 322-011,322-011,CRAWLER,Sarmut Kelompok Crawler,AB,Crawler,False,54.17,80.0,7.69,100.0,45.83,20.0,"SASARAN_MUTU_Crawler_2026_Kumai,xlsx",1.0,12.0,11.0,13.0,24.0
322011,KUMAI,May,CRAWLER DUMPER PD5000TA 322-011,322-011,CRAWLER,Sarmut Kelompok Crawler,AB,Crawler,False,100.0,80.0,4.35,100.0,0.0,20.0,"SASARAN_MUTU_Crawler_2026_Kumai,xlsx",1.0,22.0,0.0,23.0,23.0
322012,KUMAI,Apr,CRAWLER DUMPER PD5000TA 322-012,322-012,CRAWLER,Sarmut Kelompok Crawler,AB,Crawler,False,84.0,80.0,80.95,100.0,16.0,20.0,"SASARAN_MUTU_Crawler_2026_Kumai,xlsx",17.0,4.0,4.0,21.0,25.0
322012,KUMAI,Feb,CRAWLER DUMPER PD5000TA 322-012,322-012,CRAWLER,Sarmut Kelompok Crawler,AB,Crawler,False,91.3,80.0,100.0,100.0,8.7,20.0,"SASARAN_MUTU_Crawler_2026_Kumai,xlsx",21.0,1.0,2.0,21.0,23.0
322012,KUMAI,Jan,CRAWLER DUMPER PD5000TA 322-012,322-012,CRAWLER,Sarmut Kelompok Crawler,AB,Crawler,False,76.0,80.0,110.53,100.0,24.0,20.0,"SASARAN_MUTU_Crawler_2026_Kumai,xlsx",21.0,0.0,6.0,19.0,25.0
322012,KUMAI,Jun,CRAWLER DUMPER PD5000TA 322-012,322-012,CRAWLER,Sarmut Kelompok Crawler,AB,Crawler,False,95.83,80.0,108.7,100.0,4.17,20.0,"SASARAN_MUTU_Crawler_2026_Kumai,xlsx",25.0,2.0,1.0,23.0,24.0
322012,KUMAI,Mar,CRAWLER DUMPER PD5000TA 322-012,322-012,CRAWLER,Sarmut Kelompok Crawler,AB,Crawler,False,100.0,80.0,70.83,100.0,0.0,20.0,"SASARAN_MUTU_Crawler_2026_Kumai,xlsx",17.0,7.0,0.0,24.0,24.0
322012,KUMAI,May,CRAWLER DUMPER PD5000TA 322-012,322-012,CRAWLER,Sarmut Kelompok Crawler,AB,Crawler,False,78.26,80.0,111.11,100.0,21.74,20.0,"SASARAN_MUTU_Crawler_2026_Kumai,xlsx",20.0,0.0,5.0,18.0,23.0
322013,KUMAI,Apr,CARWLER DUMPER PD5000TA 322-013,322-013,CRAWLER,Sarmut Kelompok Crawler,AB,Crawler,False,84.0,80.0,109.52,100.0,16.0,20.0,"SASARAN_MUTU_Crawler_2026_Kumai,xlsx",23.0,0.0,4.0,21.0,25.0
322013,KUMAI,Feb,CARWLER DUMPER PD5000TA 322-013,322-013,CRAWLER,Sarmut Kelompok Crawler,AB,Crawler,False,0.0,80.0,0.0,100.0,100.0,20.0,"SASARAN_MUTU_Crawler_2026_Kumai,xlsx",0.0,0.0,23.0,0.0,23.0
322013,KUMAI,Jan,CARWLER DUMPER PD5000TA 322-013,322-013,CRAWLER,Sarmut Kelompok Crawler,AB,Crawler,False,0.0,80.0,0.0,100.0,100.0,20.0,"SASARAN_MUTU_Crawler_2026_Kumai,xlsx",0.0,0.0,25.0,0.0,25.0
322013,KUMAI,Jun,CARWLER DUMPER PD5000TA 322-013,322-013,CRAWLER,Sarmut Kelompok Crawler,AB,Crawler,False,100.0,80.0,104.17,100.0,0.0,20.0,"SASARAN_MUTU_Crawler_2026_Kumai,xlsx",25.0,1.0,0.0,24.0,24.0
322013,KUMAI,Mar,CARWLER DUMPER PD5000TA 322-013,322-013,CRAWLER,Sarmut Kelompok Crawler,AB,Crawler,False,66.67,80.0,68.75,100.0,33.33,20.0,"SASARAN_MUTU_Crawler_2026_Kumai,xlsx",11.0,5.0,8.0,16.0,24.0
322013,KUMAI,May,CARWLER DUMPER PD5000TA 322-013,322-013,CRAWLER,Sarmut Kelompok Crawler,AB,Crawler,False,100.0,80.0,108.7,100.0,0.0,20.0,"SASARAN_MUTU_Crawler_2026_Kumai,xlsx",25.0,1.0,0.0,23.0,23.0
322014,KUMAI,Apr,CRAWLER DUMPER PD5000TA 322-014,322-014,CRAWLER,Sarmut Kelompok Crawler,AB,Crawler,False,24.0,80.0,116.67,100.0,76.0,20.0,"SASARAN_MUTU_Crawler_2026_Kumai,xlsx",7.0,0.0,19.0,6.0,25.0
322014,KUMAI,Feb,CRAWLER DUMPER PD5000TA 322-014,322-014,CRAWLER,Sarmut Kelompok Crawler,AB,Crawler,False,100.0,80.0,91.3,100.0,0.0,20.0,"SASARAN_MUTU_Crawler_2026_Kumai,xlsx",21.0,3.0,0.0,23.0,23.0
322014,KUMAI,Jan,CRAWLER DUMPER PD5000TA 322-014,322-014,CRAWLER,Sarmut Kelompok Crawler,AB,Crawler,False,100.0,80.0,112.0,100.0,0.0,20.0,"SASARAN_MUTU_Crawler_2026_Kumai,xlsx",28.0,0.0,0.0,25.0,25.0
322014,KUMAI,Jun,CRAWLER DUMPER PD5000TA 322-014,322-014,CRAWLER,Sarmut Kelompok Crawler,AB,Crawler,False,0.0,80.0,0.0,100.0,100.0,20.0,"SASARAN_MUTU_Crawler_2026_Kumai,xlsx",0.0,0.0,24.0,0.0,24.0
322014,KUMAI,Mar,CRAWLER DUMPER PD5000TA 322-014,322-014,CRAWLER,Sarmut Kelompok Crawler,AB,Crawler,False,100.0,80.0,104.17,100.0,0.0,20.0,"SASARAN_MUTU_Crawler_2026_Kumai,xlsx",25.0,1.0,0.0,24.0,24.0
322014,KUMAI,May,CRAWLER DUMPER PD5000TA 322-014,322-014,CRAWLER,Sarmut Kelompok Crawler,AB,Crawler,False,0.0,80.0,0.0,100.0,100.0,20.0,"SASARAN_MUTU_Crawler_2026_Kumai,xlsx",0.0,0.0,23.0,0.0,23.0
322015,KUMAI,Apr,CRAWLER DUMPER PD5000TA 322-015,322-015,CRAWLER,Sarmut Kelompok Crawler,AB,Crawler,False,100.0,80.0,88.0,100.0,0.0,20.0,"SASARAN_MUTU_Crawler_2026_Kumai,xlsx",22.0,1.0,0.0,25.0,25.0
322015,KUMAI,Feb,CRAWLER DUMPER PD5000TA 322-015,322-015,CRAWLER,Sarmut Kelompok Crawler,AB,Crawler,False,0.0,80.0,0.0,100.0,100.0,20.0,"SASARAN_MUTU_Crawler_2026_Kumai,xlsx",0.0,0.0,23.0,0.0,23.0
322015,KUMAI,Jan,CRAWLER DUMPER PD5000TA 322-015,322-015,CRAWLER,Sarmut Kelompok Crawler,AB,Crawler,False,0.0,80.0,0.0,100.0,100.0,20.0,"SASARAN_MUTU_Crawler_2026_Kumai,xlsx",0.0,0.0,25.0,0.0,25.0
322015,KUMAI,Jun,CRAWLER DUMPER PD5000TA 322-015,322-015,CRAWLER,Sarmut Kelompok Crawler,AB,Crawler,False,100.0,80.0,100.0,100.0,0.0,20.0,"SASARAN_MUTU_Crawler_2026_Kumai,xlsx",24.0,1.0,0.0,24.0,24.0
322015,KUMAI,Mar,CRAWLER DUMPER PD5000TA 322-015,322-015,CRAWLER,Sarmut Kelompok Crawler,AB,Crawler,False,75.0,80.0,83.33,100.0,25.0,20.0,"SASARAN_MUTU_Crawler_2026_Kumai,xlsx",15.0,3.0,6.0,18.0,24.0
322015,KUMAI,May,CRAWLER DUMPER PD5000TA 322-015,322-015,CRAWLER,Sarmut Kelompok Crawler,AB,Crawler,False,100.0,80.0,113.04,100.0,0.0,20.0,"SASARAN_MUTU_Crawler_2026_Kumai,xlsx",26.0,1.0,0.0,23.0,23.0
322016,KUMAI,Apr,CRAWLER DUMPER PD5000TA 322-016,322-016,CRAWLER,Sarmut Kelompok Crawler,AB,Crawler,False,84.0,80.0,100.0,100.0,16.0,20.0,"SASARAN_MUTU_Crawler_2026_Kumai,xlsx",21.0,3.0,4.0,21.0,25.0
322016,KUMAI,Feb,CRAWLER DUMPER PD5000TA 322-016,322-016,CRAWLER,Sarmut Kelompok Crawler,AB,Crawler,False,100.0,80.0,104.35,100.0,0.0,20.0,"SASARAN_MUTU_Crawler_2026_Kumai,xlsx",24.0,1.0,0.0,23.0,23.0
322016,KUMAI,Jan,CRAWLER DUMPER PD5000TA 322-016,322-016,CRAWLER,Sarmut Kelompok Crawler,AB,Crawler,False,100.0,80.0,116.0,100.0,0.0,20.0,"SASARAN_MUTU_Crawler_2026_Kumai,xlsx",29.0,0.0,0.0,25.0,25.0
322016,KUMAI,Jun,CRAWLER DUMPER PD5000TA 322-016,322-016,CRAWLER,Sarmut Kelompok Crawler,AB,Crawler,False,66.67,80.0,118.75,100.0,33.33,20.0,"SASARAN_MUTU_Crawler_2026_Kumai,xlsx",19.0,0.0,8.0,16.0,24.0
322016,KUMAI,Mar,CRAWLER DUMPER PD5000TA 322-016,322-016,CRAWLER,Sarmut Kelompok Crawler,AB,Crawler,False,87.5,80.0,95.24,100.0,12.5,20.0,"SASARAN_MUTU_Crawler_2026_Kumai,xlsx",20.0,2.0,3.0,21.0,24.0
322016,KUMAI,May,CRAWLER DUMPER PD5000TA 322-016,322-016,CRAWLER,Sarmut Kelompok Crawler,AB,Crawler,False,73.91,80.0,94.12,100.0,26.09,20.0,"SASARAN_MUTU_Crawler_2026_Kumai,xlsx",16.0,2.0,6.0,17.0,23.0
322017,KUMAI,Apr,CRAWLER DUMPER PD-5000TA 322-017,322-017,CRAWLER,Sarmut Kelompok Crawler,AB,Crawler,False,80.0,80.0,100.0,100.0,20.0,20.0,"SASARAN_MUTU_Crawler_2026_Kumai,xlsx",20.0,0.0,5.0,20.0,25.0
322017,KUMAI,Feb,CRAWLER DUMPER PD-5000TA 322-017,322-017,CRAWLER,Sarmut Kelompok Crawler,AB,Crawler,False,100.0,80.0,104.35,100.0,0.0,20.0,"SASARAN_MUTU_Crawler_2026_Kumai,xlsx",24.0,0.0,0.0,23.0,23.0
322017,KUMAI,Jan,CRAWLER DUMPER PD-5000TA 322-017,322-017,CRAWLER,Sarmut Kelompok Crawler,AB,Crawler,False,60.0,80.0,133.33,100.0,40.0,20.0,"SASARAN_MUTU_Crawler_2026_Kumai,xlsx",20.0,0.0,10.0,15.0,25.0
322017,KUMAI,Jun,CRAWLER DUMPER PD-5000TA 322-017,322-017,CRAWLER,Sarmut Kelompok Crawler,AB,Crawler,False,83.33,80.0,110.0,100.0,16.67,20.0,"SASARAN_MUTU_Crawler_2026_Kumai,xlsx",22.0,1.0,4.0,20.0,24.0
322017,KUMAI,Mar,CRAWLER DUMPER PD-5000TA 322-017,322-017,CRAWLER,Sarmut Kelompok Crawler,AB,Crawler,False,79.17,80.0,57.89,100.0,20.83,20.0,"SASARAN_MUTU_Crawler_2026_Kumai,xlsx",11.0,9.0,5.0,19.0,24.0
322017,KUMAI,May,CRAWLER DUMPER PD-5000TA 322-017,322-017,CRAWLER,Sarmut Kelompok Crawler,AB,Crawler,False,86.96,80.0,85.0,100.0,13.04,20.0,"SASARAN_MUTU_Crawler_2026_Kumai,xlsx",17.0,4.0,3.0,20.0,23.0
322018,KUMAI,Apr,CRAWLER DUMPET PD-5000 TA 322-018,322-018,CRAWLER,Sarmut Kelompok Crawler,AB,Crawler,False,80.0,80.0,100.0,100.0,20.0,20.0,"SASARAN_MUTU_Crawler_2026_Kumai,xlsx",20.0,1.0,5.0,20.0,25.0
322018,KUMAI,Feb,CRAWLER DUMPET PD-5000 TA 322-018,322-018,CRAWLER,Sarmut Kelompok Crawler,AB,Crawler,False,100.0,80.0,108.7,100.0,0.0,20.0,"SASARAN_MUTU_Crawler_2026_Kumai,xlsx",25.0,0.0,0.0,23.0,23.0
322018,KUMAI,Jan,CRAWLER DUMPET PD-5000 TA 322-018,322-018,CRAWLER,Sarmut Kelompok Crawler,AB,Crawler,False,100.0,80.0,104.0,100.0,0.0,20.0,"SASARAN_MUTU_Crawler_2026_Kumai,xlsx",26.0,0.0,0.0,25.0,25.0
322018,KUMAI,Jun,CRAWLER DUMPET PD-5000 TA 322-018,322-018,CRAWLER,Sarmut Kelompok Crawler,AB,Crawler,False,95.83,80.0,113.04,100.0,4.17,20.0,"SASARAN_MUTU_Crawler_2026_Kumai,xlsx",26.0,0.0,1.0,23.0,24.0
322018,KUMAI,Mar,CRAWLER DUMPET PD-5000 TA 322-018,322-018,CRAWLER,Sarmut Kelompok Crawler,AB,Crawler,False,75.0,80.0,100.0,100.0,25.0,20.0,"SASARAN_MUTU_Crawler_2026_Kumai,xlsx",18.0,0.0,6.0,18.0,24.0
322018,KUMAI,May,CRAWLER DUMPET PD-5000 TA 322-018,322-018,CRAWLER,Sarmut Kelompok Crawler,AB,Crawler,False,100.0,80.0,104.35,100.0,0.0,20.0,"SASARAN_MUTU_Crawler_2026_Kumai,xlsx",24.0,1.0,0.0,23.0,23.0
322019,KUMAI,Apr,CRAWLER DUMPER PD-5000 TA 322-019,322-019,CRAWLER,Sarmut Kelompok Crawler,AB,Crawler,False,100.0,80.0,112.0,100.0,0.0,20.0,"SASARAN_MUTU_Crawler_2026_Kumai,xlsx",28.0,1.0,0.0,25.0,25.0
322019,KUMAI,Feb,CRAWLER DUMPER PD-5000 TA 322-019,322-019,CRAWLER,Sarmut Kelompok Crawler,AB,Crawler,False,100.0,80.0,108.7,100.0,0.0,20.0,"SASARAN_MUTU_Crawler_2026_Kumai,xlsx",25.0,3.0,0.0,23.0,23.0
322019,KUMAI,Jan,CRAWLER DUMPER PD-5000 TA 322-019,322-019,CRAWLER,Sarmut Kelompok Crawler,AB,Crawler,False,100.0,80.0,104.0,100.0,0.0,20.0,"SASARAN_MUTU_Crawler_2026_Kumai,xlsx",26.0,0.0,0.0,25.0,25.0
322019,KUMAI,Jun,CRAWLER DUMPER PD-5000 TA 322-019,322-019,CRAWLER,Sarmut Kelompok Crawler,AB,Crawler,False,100.0,80.0,116.67,100.0,0.0,20.0,"SASARAN_MUTU_Crawler_2026_Kumai,xlsx",28.0,0.0,0.0,24.0,24.0
322019,KUMAI,Mar,CRAWLER DUMPER PD-5000 TA 322-019,322-019,CRAWLER,Sarmut Kelompok Crawler,AB,Crawler,False,95.83,80.0,78.26,100.0,4.17,20.0,"SASARAN_MUTU_Crawler_2026_Kumai,xlsx",18.0,3.0,1.0,23.0,24.0
322019,KUMAI,May,CRAWLER DUMPER PD-5000 TA 322-019,322-019,CRAWLER,Sarmut Kelompok Crawler,AB,Crawler,False,95.65,80.0,127.27,100.0,4.35,20.0,"SASARAN_MUTU_Crawler_2026_Kumai,xlsx",28.0,1.0,1.0,22.0,23.0
322020,KUMAI,Apr,CRAWLER DUMPER PD-5000 TA 322-020,322-020,CRAWLER,Sarmut Kelompok Crawler,AB,Crawler,False,100.0,80.0,104.0,100.0,0.0,20.0,"SASARAN_MUTU_Crawler_2026_Kumai,xlsx",26.0,0.0,0.0,25.0,25.0
322020,KUMAI,Feb,CRAWLER DUMPER PD-5000 TA 322-020,322-020,CRAWLER,Sarmut Kelompok Crawler,AB,Crawler,False,100.0,80.0,108.7,100.0,0.0,20.0,"SASARAN_MUTU_Crawler_2026_Kumai,xlsx",25.0,1.0,0.0,23.0,23.0
322020,KUMAI,Jan,CRAWLER DUMPER PD-5000 TA 322-020,322-020,CRAWLER,Sarmut Kelompok Crawler,AB,Crawler,False,92.0,80.0,108.7,100.0,8.0,20.0,"SASARAN_MUTU_Crawler_2026_Kumai,xlsx",25.0,1.0,2.0,23.0,25.0
322020,KUMAI,Jun,CRAWLER DUMPER PD-5000 TA 322-020,322-020,CRAWLER,Sarmut Kelompok Crawler,AB,Crawler,False,95.83,80.0,86.96,100.0,4.17,20.0,"SASARAN_MUTU_Crawler_2026_Kumai,xlsx",20.0,4.0,1.0,23.0,24.0
322020,KUMAI,Mar,CRAWLER DUMPER PD-5000 TA 322-020,322-020,CRAWLER,Sarmut Kelompok Crawler,AB,Crawler,False,83.33,80.0,95.0,100.0,16.67,20.0,"SASARAN_MUTU_Crawler_2026_Kumai,xlsx",19.0,1.0,4.0,20.0,24.0
322020,KUMAI,May,CRAWLER DUMPER PD-5000 TA 322-020,322-020,CRAWLER,Sarmut Kelompok Crawler,AB,Crawler,False,78.26,80.0,122.22,100.0,21.74,20.0,"SASARAN_MUTU_Crawler_2026_Kumai,xlsx",22.0,0.0,5.0,18.0,23.0
322021,KUMAI,Apr,CRAWLER DUMPER PD - 5000TA 322-021,322-021,CRAWLER,Sarmut Kelompok Crawler,AB,Crawler,False,100.0,80.0,108.0,100.0,0.0,20.0,"SASARAN_MUTU_Crawler_2026_Kumai,xlsx",27.0,1.0,0.0,25.0,25.0
322021,KUMAI,Feb,CRAWLER DUMPER PD - 5000TA 322-021,322-021,CRAWLER,Sarmut Kelompok Crawler,AB,Crawler,False,100.0,80.0,113.04,100.0,0.0,20.0,"SASARAN_MUTU_Crawler_2026_Kumai,xlsx",26.0,2.0,0.0,23.0,23.0
322021,KUMAI,Jan,CRAWLER DUMPER PD - 5000TA 322-021,322-021,CRAWLER,Sarmut Kelompok Crawler,AB,Crawler,False,100.0,80.0,64.0,100.0,0.0,20.0,"SASARAN_MUTU_Crawler_2026_Kumai,xlsx",16.0,0.0,0.0,25.0,25.0
322021,KUMAI,Jun,CRAWLER DUMPER PD - 5000TA 322-021,322-021,CRAWLER,Sarmut Kelompok Crawler,AB,Crawler,False,79.17,80.0,115.79,100.0,20.83,20.0,"SASARAN_MUTU_Crawler_2026_Kumai,xlsx",22.0,0.0,5.0,19.0,24.0
322021,KUMAI,Mar,CRAWLER DUMPER PD - 5000TA 322-021,322-021,CRAWLER,Sarmut Kelompok Crawler,AB,Crawler,False,75.0,80.0,100.0,100.0,25.0,20.0,"SASARAN_MUTU_Crawler_2026_Kumai,xlsx",18.0,1.0,6.0,18.0,24.0
322021,KUMAI,May,CRAWLER DUMPER PD - 5000TA 322-021,322-021,CRAWLER,Sarmut Kelompok Crawler,AB,Crawler,False,95.65,80.0,113.64,100.0,4.35,20.0,"SASARAN_MUTU_Crawler_2026_Kumai,xlsx",25.0,2.0,1.0,22.0,23.0
322022,KUMAI,Apr,CRAWLER DUMPER PD - 5000TA 322-022,322-022,CRAWLER,Sarmut Kelompok Crawler,AB,Crawler,False,100.0,80.0,104.0,100.0,0.0,20.0,"SASARAN_MUTU_Crawler_2026_Kumai,xlsx",26.0,0.0,0.0,25.0,25.0
322022,KUMAI,Feb,CRAWLER DUMPER PD - 5000TA 322-022,322-022,CRAWLER,Sarmut Kelompok Crawler,AB,Crawler,False,100.0,80.0,113.04,100.0,0.0,20.0,"SASARAN_MUTU_Crawler_2026_Kumai,xlsx",26.0,0.0,0.0,23.0,23.0
322022,KUMAI,Jan,CRAWLER DUMPER PD - 5000TA 322-022,322-022,CRAWLER,Sarmut Kelompok Crawler,AB,Crawler,False,100.0,80.0,60.0,100.0,0.0,20.0,"SASARAN_MUTU_Crawler_2026_Kumai,xlsx",15.0,0.0,0.0,25.0,25.0
322022,KUMAI,Jun,CRAWLER DUMPER PD - 5000TA 322-022,322-022,CRAWLER,Sarmut Kelompok Crawler,AB,Crawler,False,100.0,80.0,95.83,100.0,0.0,20.0,"SASARAN_MUTU_Crawler_2026_Kumai,xlsx",23.0,1.0,0.0,24.0,24.0
322022,KUMAI,Mar,CRAWLER DUMPER PD - 5000TA 322-022,322-022,CRAWLER,Sarmut Kelompok Crawler,AB,Crawler,False,100.0,80.0,104.17,100.0,0.0,20.0,"SASARAN_MUTU_Crawler_2026_Kumai,xlsx",25.0,1.0,0.0,24.0,24.0
322022,KUMAI,May,CRAWLER DUMPER PD - 5000TA 322-022,322-022,CRAWLER,Sarmut Kelompok Crawler,AB,Crawler,False,100.0,80.0,117.39,100.0,0.0,20.0,"SASARAN_MUTU_Crawler_2026_Kumai,xlsx",27.0,0.0,0.0,23.0,23.0
322023,KUMAI,Apr,CRAWLER DUMPER PD - 5000TA 322-023,322-023,CRAWLER,Sarmut Kelompok Crawler,AB,Crawler,False,100.0,80.0,96.0,100.0,0.0,20.0,"SASARAN_MUTU_Crawler_2026_Kumai,xlsx",24.0,1.0,0.0,25.0,25.0
322023,KUMAI,Feb,CRAWLER DUMPER PD - 5000TA 322-023,322-023,CRAWLER,Sarmut Kelompok Crawler,AB,Crawler,False,100.0,80.0,100.0,100.0,0.0,20.0,"SASARAN_MUTU_Crawler_2026_Kumai,xlsx",23.0,0.0,0.0,23.0,23.0
322023,KUMAI,Jan,CRAWLER DUMPER PD - 5000TA 322-023,322-023,CRAWLER,Sarmut Kelompok Crawler,AB,Crawler,False,100.0,80.0,72.0,100.0,0.0,20.0,"SASARAN_MUTU_Crawler_2026_Kumai,xlsx",18.0,0.0,0.0,25.0,25.0
322023,KUMAI,Jun,CRAWLER DUMPER PD - 5000TA 322-023,322-023,CRAWLER,Sarmut Kelompok Crawler,AB,Crawler,False,87.5,80.0,109.52,100.0,12.5,20.0,"SASARAN_MUTU_Crawler_2026_Kumai,xlsx",23.0,0.0,3.0,21.0,24.0
322023,KUMAI,Mar,CRAWLER DUMPER PD - 5000TA 322-023,322-023,CRAWLER,Sarmut Kelompok Crawler,AB,Crawler,False,100.0,80.0,108.33,100.0,0.0,20.0,"SASARAN_MUTU_Crawler_2026_Kumai,xlsx",26.0,0.0,0.0,24.0,24.0
322023,KUMAI,May,CRAWLER DUMPER PD - 5000TA 322-023,322-023,CRAWLER,Sarmut Kelompok Crawler,AB,Crawler,False,100.0,80.0,113.04,100.0,0.0,20.0,"SASARAN_MUTU_Crawler_2026_Kumai,xlsx",26.0,1.0,0.0,23.0,23.0
322024,KUMAI,Apr,CRAWLER DUMPER PD - 5000TA 322-024,322-024,CRAWLER,Sarmut Kelompok Crawler,AB,Crawler,False,100.0,80.0,108.0,100.0,0.0,20.0,"SASARAN_MUTU_Crawler_2026_Kumai,xlsx",27.0,0.0,0.0,25.0,25.0
322024,KUMAI,Feb,CRAWLER DUMPER PD - 5000TA 322-024,322-024,CRAWLER,Sarmut Kelompok Crawler,AB,Crawler,False,86.96,80.0,110.0,100.0,13.04,20.0,"SASARAN_MUTU_Crawler_2026_Kumai,xlsx",22.0,0.0,3.0,20.0,23.0
322024,KUMAI,Jan,CRAWLER DUMPER PD - 5000TA 322-024,322-024,CRAWLER,Sarmut Kelompok Crawler,AB,Crawler,False,96.0,80.0,62.5,100.0,4.0,20.0,"SASARAN_MUTU_Crawler_2026_Kumai,xlsx",15.0,0.0,1.0,24.0,25.0
322024,KUMAI,Jun,CRAWLER DUMPER PD - 5000TA 322-024,322-024,CRAWLER,Sarmut Kelompok Crawler,AB,Crawler,False,91.67,80.0,109.09,100.0,8.33,20.0,"SASARAN_MUTU_Crawler_2026_Kumai,xlsx",24.0,0.0,2.0,22.0,24.0
322024,KUMAI,Mar,CRAWLER DUMPER PD - 5000TA 322-024,322-024,CRAWLER,Sarmut Kelompok Crawler,AB,Crawler,False,100.0,80.0,100.0,100.0,0.0,20.0,"SASARAN_MUTU_Crawler_2026_Kumai,xlsx",24.0,0.0,0.0,24.0,24.0
322024,KUMAI,May,CRAWLER DUMPER PD - 5000TA 322-024,322-024,CRAWLER,Sarmut Kelompok Crawler,AB,Crawler,False,100.0,80.0,113.04,100.0,0.0,20.0,"SASARAN_MUTU_Crawler_2026_Kumai,xlsx",26.0,0.0,0.0,23.0,23.0
322025,KUMAI,Apr,CRAWLER DUMPER PD-5000 322-025,322-025,CRAWLER,Sarmut Kelompok Crawler,AB,Crawler,False,100.0,80.0,24.0,100.0,0.0,20.0,"SASARAN_MUTU_Crawler_2026_Kumai,xlsx",6.0,0.0,0.0,25.0,25.0
322025,KUMAI,Jun,CRAWLER DUMPER PD-5000 322-025,322-025,CRAWLER,Sarmut Kelompok Crawler,AB,Crawler,False,100.0,80.0,108.33,100.0,0.0,20.0,"SASARAN_MUTU_Crawler_2026_Kumai,xlsx",26.0,0.0,0.0,24.0,24.0
322025,KUMAI,May,CRAWLER DUMPER PD-5000 322-025,322-025,CRAWLER,Sarmut Kelompok Crawler,AB,Crawler,False,100.0,80.0,78.26,100.0,0.0,20.0,"SASARAN_MUTU_Crawler_2026_Kumai,xlsx",18.0,5.0,0.0,23.0,23.0
322026,KUMAI,Apr,CRAWLER DUMPER PD-5000 322-026,322-026,CRAWLER,Sarmut Kelompok Crawler,AB,Crawler,False,100.0,80.0,0.0,100.0,0.0,20.0,"SASARAN_MUTU_Crawler_2026_Kumai,xlsx",0.0,0.0,0.0,25.0,25.0
322026,KUMAI,Jun,CRAWLER DUMPER PD-5000 322-026,322-026,CRAWLER,Sarmut Kelompok Crawler,AB,Crawler,False,100.0,80.0,4.17,100.0,0.0,20.0,"SASARAN_MUTU_Crawler_2026_Kumai,xlsx",1.0,0.0,0.0,24.0,24.0
322026,KUMAI,May,CRAWLER DUMPER PD-5000 322-026,322-026,CRAWLER,Sarmut Kelompok Crawler,AB,Crawler,False,100.0,80.0,0.0,100.0,0.0,20.0,"SASARAN_MUTU_Crawler_2026_Kumai,xlsx",0.0,0.0,0.0,23.0,23.0
322027,KUMAI,Apr,CRAWLER DUMPER PD-5000 322-027,322-027,CRAWLER,Sarmut Kelompok Crawler,AB,Crawler,False,100.0,80.0,0.0,100.0,0.0,20.0,"SASARAN_MUTU_Crawler_2026_Kumai,xlsx",0.0,0.0,0.0,25.0,25.0
322027,KUMAI,Jun,CRAWLER DUMPER PD-5000 322-027,322-027,CRAWLER,Sarmut Kelompok Crawler,AB,Crawler,False,100.0,80.0,20.83,100.0,0.0,20.0,"SASARAN_MUTU_Crawler_2026_Kumai,xlsx",5.0,19.0,0.0,24.0,24.0
322027,KUMAI,May,CRAWLER DUMPER PD-5000 322-027,322-027,CRAWLER,Sarmut Kelompok Crawler,AB,Crawler,False,100.0,80.0,8.7,100.0,0.0,20.0,"SASARAN_MUTU_Crawler_2026_Kumai,xlsx",2.0,5.0,0.0,23.0,23.0
322028,KUMAI,Apr,CRAWLER DUMPER PD-5000 322-028,322-028,CRAWLER,Sarmut Kelompok Crawler,AB,Crawler,False,100.0,80.0,80.0,100.0,0.0,20.0,"SASARAN_MUTU_Crawler_2026_Kumai,xlsx",20.0,4.0,0.0,25.0,25.0
322028,KUMAI,Jun,CRAWLER DUMPER PD-5000 322-028,322-028,CRAWLER,Sarmut Kelompok Crawler,AB,Crawler,False,87.5,80.0,76.19,100.0,12.5,20.0,"SASARAN_MUTU_Crawler_2026_Kumai,xlsx",16.0,5.0,3.0,21.0,24.0
322028,KUMAI,May,CRAWLER DUMPER PD-5000 322-028,322-028,CRAWLER,Sarmut Kelompok Crawler,AB,Crawler,False,82.61,80.0,78.95,100.0,17.39,20.0,"SASARAN_MUTU_Crawler_2026_Kumai,xlsx",15.0,6.0,4.0,19.0,23.0
322029,KUMAI,Apr,CRAWLER DUMPER PD-5000 322-029,322-029,CRAWLER,Sarmut Kelompok Crawler,AB,Crawler,False,100.0,80.0,8.0,100.0,0.0,20.0,"SASARAN_MUTU_Crawler_2026_Kumai,xlsx",2.0,21.0,0.0,25.0,25.0
322029,KUMAI,Jun,CRAWLER DUMPER PD-5000 322-029,322-029,CRAWLER,Sarmut Kelompok Crawler,AB,Crawler,False,0.0,80.0,0.0,100.0,100.0,20.0,"SASARAN_MUTU_Crawler_2026_Kumai,xlsx",0.0,0.0,24.0,0.0,24.0
322029,KUMAI,May,CRAWLER DUMPER PD-5000 322-029,322-029,CRAWLER,Sarmut Kelompok Crawler,AB,Crawler,False,52.17,80.0,33.33,100.0,47.83,20.0,"SASARAN_MUTU_Crawler_2026_Kumai,xlsx",4.0,9.0,11.0,12.0,23.0
322030,KUMAI,Apr,CRAWLER DUMPER PD-5000 322-030,322-030,CRAWLER,Sarmut Kelompok Crawler,AB,Crawler,False,100.0,80.0,68.0,100.0,0.0,20.0,"SASARAN_MUTU_Crawler_2026_Kumai,xlsx",17.0,8.0,0.0,25.0,25.0
322030,KUMAI,Jun,CRAWLER DUMPER PD-5000 322-030,322-030,CRAWLER,Sarmut Kelompok Crawler,AB,Crawler,False,91.67,80.0,109.09,100.0,8.33,20.0,"SASARAN_MUTU_Crawler_2026_Kumai,xlsx",24.0,1.0,2.0,22.0,24.0
322030,KUMAI,May,CRAWLER DUMPER PD-5000 322-030,322-030,CRAWLER,Sarmut Kelompok Crawler,AB,Crawler,False,95.65,80.0,86.36,100.0,4.35,20.0,"SASARAN_MUTU_Crawler_2026_Kumai,xlsx",19.0,4.0,1.0,22.0,23.0
312008,BUHUT,May,DUMP TRUCK HINO FM 260 JD 312-008,312-008,DUMP TRUCK,Sarmut Kelompok Dump Truck,AB,DT FM 260 JD,False,100.0,92.0,0.0,90.0,0.0,8.0,"SASARAN_MUTU_DT_2026_BUHUT,xlsx",,270.0,,270.0,270.0
312026,BUHUT,Apr,DUMP TRUCK HINO FM 280 JD 312-026,312-026,DUMP TRUCK,Sarmut Kelompok Dump Truck,AB,DT FM 260 JD,False,98.52,92.0,51.13,90.0,1.48,8.0,"SASARAN_MUTU_DT_2026_BUHUT,xlsx",136.0,130.0,4.0,266.0,270.0
312026,BUHUT,Feb,DUMP TRUCK HINO FM 280 JD 312-026,312-026,DUMP TRUCK,Sarmut Kelompok Dump Truck,AB,DT FM 260 JD,False,99.15,92.0,46.32,90.0,0.85,8.0,"SASARAN_MUTU_DT_2026_BUHUT,xlsx",124.0,143.7,2.3,267.7,270.0
312026,BUHUT,Jan,DUMP TRUCK HINO FM 280 JD 312-026,312-026,DUMP TRUCK,Sarmut Kelompok Dump Truck,AB,DT FM 260 JD,False,99.41,92.0,0.0,90.0,0.59,8.0,"SASARAN_MUTU_DT_2026_BUHUT,xlsx",,,1.6,268.4,270.0
312026,BUHUT,Jun,DUMP TRUCK HINO FM 280 JD 312-026,312-026,DUMP TRUCK,Sarmut Kelompok Dump Truck,AB,DT FM 260 JD,False,99.63,92.0,67.29,90.0,0.37,8.0,"SASARAN_MUTU_DT_2026_BUHUT,xlsx",181.0,88.0,1.0,269.0,270.0
312026,BUHUT,Mar,DUMP TRUCK HINO FM 280 JD 312-026,312-026,DUMP TRUCK,Sarmut Kelompok Dump Truck,AB,DT FM 260 JD,False,99.63,92.0,55.76,90.0,0.37,8.0,"SASARAN_MUTU_DT_2026_BUHUT,xlsx",150.0,119.0,1.0,269.0,270.0
312026,BUHUT,May,DUMP TRUCK HINO FM 280 JD 312-026,312-026,DUMP TRUCK,Sarmut Kelompok Dump Truck,AB,DT FM 260 JD,False,99.52,92.0,60.29,90.0,0.48,8.0,"SASARAN_MUTU_DT_2026_BUHUT,xlsx",162.0,106.7,1.3,268.7,270.0
312029,BUHUT,Apr,DUMP TRUCK HINO FM 280 JD 312-029,312-029,DUMP TRUCK,Sarmut Kelompok Dump Truck,AB,DT FM 260 JD,False,71.63,92.0,73.94,90.0,28.37,8.0,"SASARAN_MUTU_DT_2026_BUHUT,xlsx",143.0,50.400000000000006,76.6,193.4,270.0
312029,BUHUT,Feb,DUMP TRUCK HINO FM 280 JD 312-029,312-029,DUMP TRUCK,Sarmut Kelompok Dump Truck,AB,DT FM 260 JD,False,99.74,92.0,65.8,90.0,0.26,8.0,"SASARAN_MUTU_DT_2026_BUHUT,xlsx",177.2,92.1,0.7,269.3,270.0
312029,BUHUT,Jan,DUMP TRUCK HINO FM 280 JD 312-029,312-029,DUMP TRUCK,Sarmut Kelompok Dump Truck,AB,DT FM 260 JD,False,96.41,92.0,72.26,90.0,3.59,8.0,"SASARAN_MUTU_DT_2026_BUHUT,xlsx",188.1,72.19999999999997,9.7,260.3,270.0
312029,BUHUT,Jun,DUMP TRUCK HINO FM 280 JD 312-029,312-029,DUMP TRUCK,Sarmut Kelompok Dump Truck,AB,DT FM 260 JD,False,99.89,92.0,76.68,90.0,0.11,8.0,"SASARAN_MUTU_DT_2026_BUHUT,xlsx",206.8,62.89999999999999,0.3,269.7,270.0
312029,BUHUT,Mar,DUMP TRUCK HINO FM 280 JD 312-029,312-029,DUMP TRUCK,Sarmut Kelompok Dump Truck,AB,DT FM 260 JD,False,52.48,92.0,17.43,90.0,47.52,8.0,"SASARAN_MUTU_DT_2026_BUHUT,xlsx",24.7,117.0,128.3,141.7,270.0
312029,BUHUT,May,DUMP TRUCK HINO FM 280 JD 312-029,312-029,DUMP TRUCK,Sarmut Kelompok Dump Truck,AB,DT FM 260 JD,False,99.63,92.0,48.33,90.0,0.37,8.0,"SASARAN_MUTU_DT_2026_BUHUT,xlsx",130.0,139.0,1.0,269.0,270.0
312035,BUHUT,Apr,DUMP TRUCK HINO FM 280 JD 312-035,312-035,DUMP TRUCK,Sarmut Kelompok Dump Truck,AB,DT FM 260 JD,False,95.7,92.0,75.46,90.0,4.3,8.0,"SASARAN_MUTU_DT_2026_BUHUT,xlsx",195.0,63.4,11.6,258.4,270.0
312035,BUHUT,Feb,DUMP TRUCK HINO FM 280 JD 312-035,312-035,DUMP TRUCK,Sarmut Kelompok Dump Truck,AB,DT FM 260 JD,False,99.0,92.0,66.4,90.0,1.0,8.0,"SASARAN_MUTU_DT_2026_BUHUT,xlsx",177.5,89.8,2.7,267.3,270.0
312035,BUHUT,Jan,DUMP TRUCK HINO FM 280 JD 312-035,312-035,DUMP TRUCK,Sarmut Kelompok Dump Truck,AB,DT FM 260 JD,False,99.52,92.0,34.5,90.0,0.48,8.0,"SASARAN_MUTU_DT_2026_BUHUT,xlsx",92.70000000000005,175.99999999999994,1.3,268.7,270.0
312035,BUHUT,Jun,DUMP TRUCK HINO FM 280 JD 312-035,312-035,DUMP TRUCK,Sarmut Kelompok Dump Truck,AB,DT FM 260 JD,False,99.51,92.0,75.18,90.0,0.49,8.0,"SASARAN_MUTU_DT_2026_BUHUT,xlsx",202.0,66.68,1.32,268.68,270.0
312035,BUHUT,Mar,DUMP TRUCK HINO FM 280 JD 312-035,312-035,DUMP TRUCK,Sarmut Kelompok Dump Truck,AB,DT FM 260 JD,False,99.44,92.0,81.38,90.0,0.56,8.0,"SASARAN_MUTU_DT_2026_BUHUT,xlsx",218.5,50.0,1.5,268.5,270.0
312035,BUHUT,May,DUMP TRUCK HINO FM 280 JD 312-035,312-035,DUMP TRUCK,Sarmut Kelompok Dump Truck,AB,DT FM 260 JD,False,100.0,92.0,70.19,90.0,0.0,8.0,"SASARAN_MUTU_DT_2026_BUHUT,xlsx",189.5,80.5,0.0,270.0,270.0
312036,BUHUT,Apr,DUMP TRUCK HINO FM 280 JD 312-036,312-036,DUMP TRUCK,Sarmut Kelompok Dump Truck,AB,DT FM 260 JD,False,98.04,92.0,62.52,90.0,1.96,8.0,"SASARAN_MUTU_DT_2026_BUHUT,xlsx",165.50000000000023,99.19999999999978,5.3,264.7,270.0
312036,BUHUT,Feb,DUMP TRUCK HINO FM 280 JD 312-036,312-036,DUMP TRUCK,Sarmut Kelompok Dump Truck,AB,DT FM 260 JD,False,100.0,92.0,26.48,90.0,0.0,8.0,"SASARAN_MUTU_DT_2026_BUHUT,xlsx",71.5,198.5,0.0,270.0,270.0
312036,BUHUT,Jan,DUMP TRUCK HINO FM 280 JD 312-036,312-036,DUMP TRUCK,Sarmut Kelompok Dump Truck,AB,DT FM 260 JD,False,99.63,92.0,85.87,90.0,0.37,8.0,"SASARAN_MUTU_DT_2026_BUHUT,xlsx",231.0,38.0,1.0,269.0,270.0
312036,BUHUT,Jun,DUMP TRUCK HINO FM 280 JD 312-036,312-036,DUMP TRUCK,Sarmut Kelompok Dump Truck,AB,DT FM 260 JD,False,99.63,92.0,80.11,90.0,0.37,8.0,"SASARAN_MUTU_DT_2026_BUHUT,xlsx",215.5,53.5,1.0,269.0,270.0
312036,BUHUT,Mar,DUMP TRUCK HINO FM 280 JD 312-036,312-036,DUMP TRUCK,Sarmut Kelompok Dump Truck,AB,DT FM 260 JD,False,99.26,92.0,68.21,90.0,0.74,8.0,"SASARAN_MUTU_DT_2026_BUHUT,xlsx",182.79999999999995,85.20000000000005,2.0,268.0,270.0
312036,BUHUT,May,DUMP TRUCK HINO FM 280 JD 312-036,312-036,DUMP TRUCK,Sarmut Kelompok Dump Truck,AB,DT FM 260 JD,False,100.0,92.0,63.7,90.0,0.0,8.0,"SASARAN_MUTU_DT_2026_BUHUT,xlsx",172.0,98.0,0.0,270.0,270.0
312008,BUHUT,Apr,DUMP TRUCK HINO FM 260 JD 312-008,312-008,DUMP TRUCK,Sarmut Kelompok Dump Truck,AB,DT FM 260 JD,False,100.0,92.0,0.0,90.0,0.0,8.0,"SASARAN_MUTU_DT_2026_BUHUT,xlsx",0.0,270.0,0.0,270.0,270.0
312008,BUHUT,Mar,DUMP TRUCK HINO FM 260 JD 312-008,312-008,DUMP TRUCK,Sarmut Kelompok Dump Truck,AB,DT FM 260 JD,False,97.0,92.0,32.0,90.0,3.0,8.0,"SASARAN_MUTU_DT_2026_BUHUT,xlsx",84.0,177.0,9.0,261.0,270.0
312008,BUHUT,Jun,DUMP TRUCK HINO FM 260 JD 312-008,312-008,DUMP TRUCK,Sarmut Kelompok Dump Truck,AB,DT FM 260 JD,False,100.0,92.0,0.0,90.0,0.0,8.0,"SASARAN_MUTU_DT_2026_BUHUT,xlsx",,270.0,,270.0,270.0
312009,BUHUT LHL,Feb,DUMP TRUCK HINO FM 260 JD 312-009,312-009,DUMP TRUCK,Sarmut Kelompok Dump Truck,AB,DT Howo,False,100.0,95.0,0.0,100.0,0.0,5.0,"SASARAN_MUTU_2026_BUHUT_LHL,xlsx",0.0,,0.0,300.0,300.0
312009,BUHUT LHL,Jan,DUMP TRUCK HINO FM 260 JD 312-009,312-009,DUMP TRUCK,Sarmut Kelompok Dump Truck,AB,DT Howo,False,100.0,95.0,0.0,100.0,0.0,5.0,"SASARAN_MUTU_2026_BUHUT_LHL,xlsx",0.0,,0.0,300.0,300.0
312009,BUHUT LHL,Mar,DUMP TRUCK HINO FM 260 JD 312-009,312-009,DUMP TRUCK,Sarmut Kelompok Dump Truck,AB,DT Howo,False,100.0,95.0,0.0,100.0,0.0,5.0,"SASARAN_MUTU_2026_BUHUT_LHL,xlsx",,,,,
313001,BUHUT LHL,Apr,DUMP TRUCK HOWO NX 371 HP 313-001,313-001,DUMP TRUCK HOWO,Sarmut Kelompok Dump Truck,AB,DT Howo,False,96.77,95.0,49.33,100.0,3.23,5.0,"SASARAN_MUTU_2026_BUHUT_LHL,xlsx",,,,,
313001,BUHUT LHL,Feb,DUMP TRUCK HOWO NX 371 HP 313-001,313-001,DUMP TRUCK HOWO,Sarmut Kelompok Dump Truck,AB,DT Howo,False,97.67,95.0,44.51,100.0,2.33,5.0,"SASARAN_MUTU_2026_BUHUT_LHL,xlsx",130.39999999999995,,7.0,293.0,300.0
313001,BUHUT LHL,Jan,DUMP TRUCK HOWO NX 371 HP 313-001,313-001,DUMP TRUCK HOWO,Sarmut Kelompok Dump Truck,AB,DT Howo,False,98.83,95.0,69.95,100.0,1.17,5.0,"SASARAN_MUTU_2026_BUHUT_LHL,xlsx",207.4,,3.5,296.5,300.0
313001,BUHUT LHL,Jun,DUMP TRUCK HOWO NX 371 HP 313-001,313-001,DUMP TRUCK HOWO,Sarmut Kelompok Dump Truck,AB,DT Howo,False,99.33,95.0,12.42,100.0,0.67,5.0,"SASARAN_MUTU_2026_BUHUT_LHL,xlsx",37.0,,2.0,298.0,300.0
313001,BUHUT LHL,Mar,DUMP TRUCK HOWO NX 371 HP 313-001,313-001,DUMP TRUCK HOWO,Sarmut Kelompok Dump Truck,AB,DT Howo,False,98.0,95.0,37.38,100.0,2.0,5.0,"SASARAN_MUTU_2026_BUHUT_LHL,xlsx",,,,,
313001,BUHUT LHL,May,DUMP TRUCK HOWO NX 371 HP 313-001,313-001,DUMP TRUCK HOWO,Sarmut Kelompok Dump Truck,AB,DT Howo,False,99.1,95.0,22.13,100.0,0.9,5.0,"SASARAN_MUTU_2026_BUHUT_LHL,xlsx",,,,,
313002,BUHUT LHL,Apr,DUMP TRUCK HOWO NX 371 HP 313-002,313-002,DUMP TRUCK HOWO,Sarmut Kelompok Dump Truck,AB,DT Howo,False,95.1,95.0,63.41,100.0,4.9,5.0,"SASARAN_MUTU_2026_BUHUT_LHL,xlsx",,,,,
313002,BUHUT LHL,Feb,DUMP TRUCK HOWO NX 371 HP 313-002,313-002,DUMP TRUCK HOWO,Sarmut Kelompok Dump Truck,AB,DT Howo,False,97.8,95.0,57.98,100.0,2.2,5.0,"SASARAN_MUTU_2026_BUHUT_LHL,xlsx",170.10000000000002,,6.6000000000000005,293.4,300.0
313002,BUHUT LHL,Jan,DUMP TRUCK HOWO NX 371 HP 313-002,313-002,DUMP TRUCK HOWO,Sarmut Kelompok Dump Truck,AB,DT Howo,False,95.5,95.0,45.17,100.0,4.5,5.0,"SASARAN_MUTU_2026_BUHUT_LHL,xlsx",129.39999999999998,,13.5,286.5,300.0
313002,BUHUT LHL,Jun,DUMP TRUCK HOWO NX 371 HP 313-002,313-002,DUMP TRUCK HOWO,Sarmut Kelompok Dump Truck,AB,DT Howo,False,100.0,95.0,14.77,100.0,0.0,5.0,"SASARAN_MUTU_2026_BUHUT_LHL,xlsx",44.3,,0.0,300.0,300.0
313002,BUHUT LHL,Mar,DUMP TRUCK HOWO NX 371 HP 313-002,313-002,DUMP TRUCK HOWO,Sarmut Kelompok Dump Truck,AB,DT Howo,False,97.7,95.0,43.64,100.0,2.3,5.0,"SASARAN_MUTU_2026_BUHUT_LHL,xlsx",,,,,
313002,BUHUT LHL,May,DUMP TRUCK HOWO NX 371 HP 313-002,313-002,DUMP TRUCK HOWO,Sarmut Kelompok Dump Truck,AB,DT Howo,False,95.67,95.0,23.76,100.0,4.33,5.0,"SASARAN_MUTU_2026_BUHUT_LHL,xlsx",,,,,
313003,BUHUT LHL,Apr,DUMP TRUCK HOWO NX 371 HP 313-003,313-003,DUMP TRUCK HOWO,Sarmut Kelompok Dump Truck,AB,DT Howo,False,96.43,95.0,70.52,100.0,3.57,5.0,"SASARAN_MUTU_2026_BUHUT_LHL,xlsx",,,,,
313003,BUHUT LHL,Feb,DUMP TRUCK HOWO NX 371 HP 313-003,313-003,DUMP TRUCK HOWO,Sarmut Kelompok Dump Truck,AB,DT Howo,False,94.67,95.0,64.51,100.0,5.33,5.0,"SASARAN_MUTU_2026_BUHUT_LHL,xlsx",183.2,,16.0,284.0,300.0
313003,BUHUT LHL,Jan,DUMP TRUCK HOWO NX 371 HP 313-003,313-003,DUMP TRUCK HOWO,Sarmut Kelompok Dump Truck,AB,DT Howo,False,99.0,95.0,58.62,100.0,1.0,5.0,"SASARAN_MUTU_2026_BUHUT_LHL,xlsx",174.09999999999997,,3.0,297.0,300.0
313003,BUHUT LHL,Jun,DUMP TRUCK HOWO NX 371 HP 313-003,313-003,DUMP TRUCK HOWO,Sarmut Kelompok Dump Truck,AB,DT Howo,False,99.33,95.0,22.55,100.0,0.67,5.0,"SASARAN_MUTU_2026_BUHUT_LHL,xlsx",67.19999999999999,,2.0,298.0,300.0
313003,BUHUT LHL,Mar,DUMP TRUCK HOWO NX 371 HP 313-003,313-003,DUMP TRUCK HOWO,Sarmut Kelompok Dump Truck,AB,DT Howo,False,96.67,95.0,48.52,100.0,3.33,5.0,"SASARAN_MUTU_2026_BUHUT_LHL,xlsx",,,,,
313003,BUHUT LHL,May,DUMP TRUCK HOWO NX 371 HP 313-003,313-003,DUMP TRUCK HOWO,Sarmut Kelompok Dump Truck,AB,DT Howo,False,98.2,95.0,31.33,100.0,1.8,5.0,"SASARAN_MUTU_2026_BUHUT_LHL,xlsx",,,,,
313004,BUHUT LHL,Apr,DUMP TRUCK HOWO NX 371 HP 313-004,313-004,DUMP TRUCK HOWO,Sarmut Kelompok Dump Truck,AB,DT Howo,False,96.15,95.0,58.83,100.0,3.85,5.0,"SASARAN_MUTU_2026_BUHUT_LHL,xlsx",,,,,
313004,BUHUT LHL,Feb,DUMP TRUCK HOWO NX 371 HP 313-004,313-004,DUMP TRUCK HOWO,Sarmut Kelompok Dump Truck,AB,DT Howo,False,97.23,95.0,50.91,100.0,2.77,5.0,"SASARAN_MUTU_2026_BUHUT_LHL,xlsx",148.5,,8.3,291.7,300.0
313004,BUHUT LHL,Jan,DUMP TRUCK HOWO NX 371 HP 313-004,313-004,DUMP TRUCK HOWO,Sarmut Kelompok Dump Truck,AB,DT Howo,False,94.0,95.0,99.86,100.0,6.0,5.0,"SASARAN_MUTU_2026_BUHUT_LHL,xlsx",281.6000000000001,,18.0,282.0,300.0
313004,BUHUT LHL,Jun,DUMP TRUCK HOWO NX 371 HP 313-004,313-004,DUMP TRUCK HOWO,Sarmut Kelompok Dump Truck,AB,DT Howo,False,98.67,95.0,26.52,100.0,1.33,5.0,"SASARAN_MUTU_2026_BUHUT_LHL,xlsx",78.5,,4.0,296.0,300.0
313004,BUHUT LHL,Mar,DUMP TRUCK HOWO NX 371 HP 313-004,313-004,DUMP TRUCK HOWO,Sarmut Kelompok Dump Truck,AB,DT Howo,False,98.0,95.0,46.33,100.0,2.0,5.0,"SASARAN_MUTU_2026_BUHUT_LHL,xlsx",,,,,
313004,BUHUT LHL,May,DUMP TRUCK HOWO NX 371 HP 313-004,313-004,DUMP TRUCK HOWO,Sarmut Kelompok Dump Truck,AB,DT Howo,False,97.43,95.0,25.62,100.0,2.57,5.0,"SASARAN_MUTU_2026_BUHUT_LHL,xlsx",,,,,
313005,BUHUT LHL,Apr,DUMP TRUCK HOWO NX 371 HP 313-001,313-005,DUMP TRUCK HOWO,Sarmut Kelompok Dump Truck,AB,DT Howo,False,95.1,95.0,56.64,100.0,4.9,5.0,"SASARAN_MUTU_2026_BUHUT_LHL,xlsx",,,,,
313005,BUHUT LHL,Feb,DUMP TRUCK HOWO NX 371 HP 313-001,313-005,DUMP TRUCK HOWO,Sarmut Kelompok Dump Truck,AB,DT Howo,False,98.33,95.0,34.34,100.0,1.67,5.0,"SASARAN_MUTU_2026_BUHUT_LHL,xlsx",101.3,,5.0,295.0,300.0
313005,BUHUT LHL,Jan,DUMP TRUCK HOWO NX 371 HP 313-001,313-005,DUMP TRUCK HOWO,Sarmut Kelompok Dump Truck,AB,DT Howo,False,96.23,95.0,79.36,100.0,3.77,5.0,"SASARAN_MUTU_2026_BUHUT_LHL,xlsx",229.1,,11.3,288.7,300.0
313005,BUHUT LHL,Jun,DUMP TRUCK HOWO NX 371 HP 313-001,313-005,DUMP TRUCK HOWO,Sarmut Kelompok Dump Truck,AB,DT Howo,False,100.0,95.0,1.97,100.0,0.0,5.0,"SASARAN_MUTU_2026_BUHUT_LHL,xlsx",5.9,,0.0,300.0,300.0
313005,BUHUT LHL,Mar,DUMP TRUCK HOWO NX 371 HP 313-001,313-005,DUMP TRUCK HOWO,Sarmut Kelompok Dump Truck,AB,DT Howo,False,99.67,95.0,31.14,100.0,0.33,5.0,"SASARAN_MUTU_2026_BUHUT_LHL,xlsx",,,,,
313005,BUHUT LHL,May,DUMP TRUCK HOWO NX 371 HP 313-001,313-005,DUMP TRUCK HOWO,Sarmut Kelompok Dump Truck,AB,DT Howo,False,98.67,95.0,4.93,100.0,1.33,5.0,"SASARAN_MUTU_2026_BUHUT_LHL,xlsx",,,,,
313006,BUHUT LHL,Apr,DUMP TRUCK HOWO NX 371 HP 313-006,313-006,DUMP TRUCK HOWO,Sarmut Kelompok Dump Truck,AB,DT Howo,False,95.77,95.0,70.07,100.0,4.23,5.0,"SASARAN_MUTU_2026_BUHUT_LHL,xlsx",,,,,
313006,BUHUT LHL,Feb,DUMP TRUCK HOWO NX 371 HP 313-006,313-006,DUMP TRUCK HOWO,Sarmut Kelompok Dump Truck,AB,DT Howo,False,98.0,95.0,40.68,100.0,2.0,5.0,"SASARAN_MUTU_2026_BUHUT_LHL,xlsx",119.6,,6.0,294.0,300.0
313006,BUHUT LHL,Jan,DUMP TRUCK HOWO NX 371 HP 313-006,313-006,DUMP TRUCK HOWO,Sarmut Kelompok Dump Truck,AB,DT Howo,False,99.5,95.0,68.74,100.0,0.5,5.0,"SASARAN_MUTU_2026_BUHUT_LHL,xlsx",205.2,,1.5,298.5,300.0
313006,BUHUT LHL,Jun,DUMP TRUCK HOWO NX 371 HP 313-006,313-006,DUMP TRUCK HOWO,Sarmut Kelompok Dump Truck,AB,DT Howo,False,98.67,95.0,22.3,100.0,1.33,5.0,"SASARAN_MUTU_2026_BUHUT_LHL,xlsx",66.0,,4.0,296.0,300.0
313006,BUHUT LHL,Mar,DUMP TRUCK HOWO NX 371 HP 313-006,313-006,DUMP TRUCK HOWO,Sarmut Kelompok Dump Truck,AB,DT Howo,False,98.9,95.0,46.24,100.0,1.1,5.0,"SASARAN_MUTU_2026_BUHUT_LHL,xlsx",,,,,
313006,BUHUT LHL,May,DUMP TRUCK HOWO NX 371 HP 313-006,313-006,DUMP TRUCK HOWO,Sarmut Kelompok Dump Truck,AB,DT Howo,False,98.67,95.0,33.11,100.0,1.33,5.0,"SASARAN_MUTU_2026_BUHUT_LHL,xlsx",,,,,
313007,BUHUT LHL,Apr,DUMP TRUCK HOWO NX 371 HP 313-007,313-007,DUMP TRUCK HOWO,Sarmut Kelompok Dump Truck,AB,DT Howo,False,95.13,95.0,65.38,100.0,4.87,5.0,"SASARAN_MUTU_2026_BUHUT_LHL,xlsx",,,,,
313007,BUHUT LHL,Feb,DUMP TRUCK HOWO NX 371 HP 313-007,313-007,DUMP TRUCK HOWO,Sarmut Kelompok Dump Truck,AB,DT Howo,False,97.0,95.0,55.05,100.0,3.0,5.0,"SASARAN_MUTU_2026_BUHUT_LHL,xlsx",160.20000000000002,,9.0,291.0,300.0
313007,BUHUT LHL,Jan,DUMP TRUCK HOWO NX 371 HP 313-007,313-007,DUMP TRUCK HOWO,Sarmut Kelompok Dump Truck,AB,DT Howo,False,96.07,95.0,44.69,100.0,3.93,5.0,"SASARAN_MUTU_2026_BUHUT_LHL,xlsx",128.8,,11.8,288.2,300.0
313007,BUHUT LHL,Jun,DUMP TRUCK HOWO NX 371 HP 313-007,313-007,DUMP TRUCK HOWO,Sarmut Kelompok Dump Truck,AB,DT Howo,False,98.33,95.0,14.92,100.0,1.67,5.0,"SASARAN_MUTU_2026_BUHUT_LHL,xlsx",44.0,,5.0,295.0,300.0
313007,BUHUT LHL,Mar,DUMP TRUCK HOWO NX 371 HP 313-007,313-007,DUMP TRUCK HOWO,Sarmut Kelompok Dump Truck,AB,DT Howo,False,99.23,95.0,33.59,100.0,0.77,5.0,"SASARAN_MUTU_2026_BUHUT_LHL,xlsx",,,,,
313007,BUHUT LHL,May,DUMP TRUCK HOWO NX 371 HP 313-007,313-007,DUMP TRUCK HOWO,Sarmut Kelompok Dump Truck,AB,DT Howo,False,96.67,95.0,20.1,100.0,3.33,5.0,"SASARAN_MUTU_2026_BUHUT_LHL,xlsx",,,,,
312008,BUHUT LHL,Jan,DUMP TRUCK HINO FM 260 JD 312-008,312-008,DUMP TRUCK,Sarmut Kelompok Dump Truck,AB,DT Howo,False,100.0,95.0,0.0,100.0,0.0,5.0,"SASARAN_MUTU_2026_BUHUT_LHL,xlsx",0.0,,0.0,300.0,300.0
312008,BUHUT LHL,Feb,DUMP TRUCK HINO FM 260 JD 312-008,312-008,DUMP TRUCK,Sarmut Kelompok Dump Truck,AB,DT Howo,False,100.0,95.0,0.0,100.0,0.0,5.0,"SASARAN_MUTU_2026_BUHUT_LHL,xlsx",0.0,,0.0,300.0,300.0
254010,KUMAI,Jun,DUMP TRUCK 4X4 254-010,254-010,DUMP TRUCK 4x4,Sarmut Kelompok Dump Truck,TR,Arm Roll,False,100.0,85.0,125.0,100.0,0.0,15.0,"SASARAN_MUTU_Unit_Dump_Truck_2026_Kumai,xlsx",30.0,0.0,0.0,24.0,24.0
254010,KUMAI,May,DUMP TRUCK 4X4 254-010,254-010,DUMP TRUCK 4x4,Sarmut Kelompok Dump Truck,TR,Arm Roll,False,95.65,85.0,104.55,100.0,4.35,15.0,"SASARAN_MUTU_Unit_Dump_Truck_2026_Kumai,xlsx",23.0,0.0,1.0,22.0,23.0
271002,KUMAI,Apr,ARM ROLL HINO 130 HD DA 8589 CQ 271-002,271-002,TRUCK ARM ROLL,Sarmut Kelompok Dump Truck,TR,Arm Roll,False,0.0,85.0,0.0,100.0,100.0,15.0,"SASARAN_MUTU_Unit_Dump_Truck_2026_Kumai,xlsx",0.0,0.0,25.0,0.0,25.0
271002,KUMAI,Feb,ARM ROLL HINO 130 HD DA 8589 CQ 271-002,271-002,TRUCK ARM ROLL,Sarmut Kelompok Dump Truck,TR,Arm Roll,False,65.22,85.0,100.0,100.0,34.78,15.0,"SASARAN_MUTU_Unit_Dump_Truck_2026_Kumai,xlsx",15.0,3.0,8.0,15.0,23.0
271002,KUMAI,Jan,ARM ROLL HINO 130 HD DA 8589 CQ 271-002,271-002,TRUCK ARM ROLL,Sarmut Kelompok Dump Truck,TR,Arm Roll,False,16.0,85.0,100.0,100.0,84.0,15.0,"SASARAN_MUTU_Unit_Dump_Truck_2026_Kumai,xlsx",4.0,0.0,21.0,4.0,25.0
271002,KUMAI,Jun,ARM ROLL HINO 130 HD DA 8589 CQ 271-002,271-002,TRUCK ARM ROLL,Sarmut Kelompok Dump Truck,TR,Arm Roll,False,0.0,85.0,0.0,100.0,100.0,15.0,"SASARAN_MUTU_Unit_Dump_Truck_2026_Kumai,xlsx",0.0,0.0,24.0,0.0,24.0
271002,KUMAI,Mar,ARM ROLL HINO 130 HD DA 8589 CQ 271-002,271-002,TRUCK ARM ROLL,Sarmut Kelompok Dump Truck,TR,Arm Roll,False,0.0,85.0,0.0,100.0,100.0,15.0,"SASARAN_MUTU_Unit_Dump_Truck_2026_Kumai,xlsx",0.0,0.0,24.0,0.0,24.0
271002,KUMAI,May,ARM ROLL HINO 130 HD DA 8589 CQ 271-002,271-002,TRUCK ARM ROLL,Sarmut Kelompok Dump Truck,TR,Arm Roll,False,0.0,85.0,0.0,100.0,100.0,15.0,"SASARAN_MUTU_Unit_Dump_Truck_2026_Kumai,xlsx",0.0,0.0,23.0,0.0,23.0
271007,KUMAI,Jun,ARMROLL 271-007,271-007,TRUCK ARM ROLL,Sarmut Kelompok Dump Truck,TR,Arm Roll,False,100.0,85.0,125.0,100.0,0.0,15.0,"SASARAN_MUTU_Unit_Dump_Truck_2026_Kumai,xlsx",30.0,0.0,0.0,24.0,24.0
271007,KUMAI,May,ARMROLL 271-007,271-007,TRUCK ARM ROLL,Sarmut Kelompok Dump Truck,TR,Arm Roll,False,100.0,85.0,108.7,100.0,0.0,15.0,"SASARAN_MUTU_Unit_Dump_Truck_2026_Kumai,xlsx",25.0,0.0,0.0,23.0,23.0
272001,KUMAI,Apr,ARM ROLL ISUZU NPS 81 272-001,272-001,TRUCK ARM ROLL 4x4,Sarmut Kelompok Dump Truck,TR,Arm Roll,False,20.0,85.0,120.0,100.0,80.0,15.0,"SASARAN_MUTU_Unit_Dump_Truck_2026_Kumai,xlsx",6.0,0.0,20.0,5.0,25.0
272001,KUMAI,Feb,ARM ROLL ISUZU NPS 81 272-001,272-001,TRUCK ARM ROLL 4x4,Sarmut Kelompok Dump Truck,TR,Arm Roll,False,91.3,85.0,114.29,100.0,8.7,15.0,"SASARAN_MUTU_Unit_Dump_Truck_2026_Kumai,xlsx",24.0,2.0,2.0,21.0,23.0
272001,KUMAI,Jan,ARM ROLL ISUZU NPS 81 272-001,272-001,TRUCK ARM ROLL 4x4,Sarmut Kelompok Dump Truck,TR,Arm Roll,False,92.0,85.0,117.39,100.0,8.0,15.0,"SASARAN_MUTU_Unit_Dump_Truck_2026_Kumai,xlsx",27.0,0.0,2.0,23.0,25.0
272001,KUMAI,Jun,ARM ROLL ISUZU NPS 81 272-001,272-001,TRUCK ARM ROLL 4x4,Sarmut Kelompok Dump Truck,TR,Arm Roll,False,75.0,85.0,44.44,100.0,25.0,15.0,"SASARAN_MUTU_Unit_Dump_Truck_2026_Kumai,xlsx",8.0,10.0,6.0,18.0,24.0
272001,KUMAI,Mar,ARM ROLL ISUZU NPS 81 272-001,272-001,TRUCK ARM ROLL 4x4,Sarmut Kelompok Dump Truck,TR,Arm Roll,False,50.0,85.0,100.0,100.0,50.0,15.0,"SASARAN_MUTU_Unit_Dump_Truck_2026_Kumai,xlsx",12.0,0.0,12.0,12.0,24.0
272001,KUMAI,May,ARM ROLL ISUZU NPS 81 272-001,272-001,TRUCK ARM ROLL 4x4,Sarmut Kelompok Dump Truck,TR,Arm Roll,False,56.52,85.0,115.38,100.0,43.48,15.0,"SASARAN_MUTU_Unit_Dump_Truck_2026_Kumai,xlsx",15.0,1.0,10.0,13.0,23.0
272002,KUMAI,Apr,ARM ROLL ISUZU NPS 81 272-002,272-002,TRUCK ARM ROLL 4x4,Sarmut Kelompok Dump Truck,TR,Arm Roll,False,52.0,85.0,123.08,100.0,48.0,15.0,"SASARAN_MUTU_Unit_Dump_Truck_2026_Kumai,xlsx",16.0,0.0,12.0,13.0,25.0
272002,KUMAI,Feb,ARM ROLL ISUZU NPS 81 272-002,272-002,TRUCK ARM ROLL 4x4,Sarmut Kelompok Dump Truck,TR,Arm Roll,False,82.61,85.0,126.32,100.0,17.39,15.0,"SASARAN_MUTU_Unit_Dump_Truck_2026_Kumai,xlsx",24.0,0.0,4.0,19.0,23.0
272002,KUMAI,Jan,ARM ROLL ISUZU NPS 81 272-002,272-002,TRUCK ARM ROLL 4x4,Sarmut Kelompok Dump Truck,TR,Arm Roll,False,8.0,85.0,100.0,100.0,92.0,15.0,"SASARAN_MUTU_Unit_Dump_Truck_2026_Kumai,xlsx",2.0,0.0,23.0,2.0,25.0
272002,KUMAI,Jun,ARM ROLL ISUZU NPS 81 272-002,272-002,TRUCK ARM ROLL 4x4,Sarmut Kelompok Dump Truck,TR,Arm Roll,False,87.5,85.0,123.81,100.0,12.5,15.0,"SASARAN_MUTU_Unit_Dump_Truck_2026_Kumai,xlsx",26.0,0.0,3.0,21.0,24.0
272002,KUMAI,Mar,ARM ROLL ISUZU NPS 81 272-002,272-002,TRUCK ARM ROLL 4x4,Sarmut Kelompok Dump Truck,TR,Arm Roll,False,79.17,85.0,105.26,100.0,20.83,15.0,"SASARAN_MUTU_Unit_Dump_Truck_2026_Kumai,xlsx",20.0,0.0,5.0,19.0,24.0
272002,KUMAI,May,ARM ROLL ISUZU NPS 81 272-002,272-002,TRUCK ARM ROLL 4x4,Sarmut Kelompok Dump Truck,TR,Arm Roll,False,52.17,85.0,83.33,100.0,47.83,15.0,"SASARAN_MUTU_Unit_Dump_Truck_2026_Kumai,xlsx",10.0,5.0,11.0,12.0,23.0
272003,KUMAI,Apr,ARMROLL HINO 136 HDX 272-003,272-003,TRUCK ARM ROLL 4x4,Sarmut Kelompok Dump Truck,TR,Arm Roll,False,92.0,85.0,113.04,100.0,8.0,15.0,"SASARAN_MUTU_Unit_Dump_Truck_2026_Kumai,xlsx",26.0,0.0,2.0,23.0,25.0
272003,KUMAI,Feb,ARMROLL HINO 136 HDX 272-003,272-003,TRUCK ARM ROLL 4x4,Sarmut Kelompok Dump Truck,TR,Arm Roll,False,100.0,85.0,121.74,100.0,0.0,15.0,"SASARAN_MUTU_Unit_Dump_Truck_2026_Kumai,xlsx",28.0,0.0,0.0,23.0,23.0
272003,KUMAI,Jan,ARMROLL HINO 136 HDX 272-003,272-003,TRUCK ARM ROLL 4x4,Sarmut Kelompok Dump Truck,TR,Arm Roll,False,100.0,85.0,116.0,100.0,0.0,15.0,"SASARAN_MUTU_Unit_Dump_Truck_2026_Kumai,xlsx",29.0,0.0,0.0,25.0,25.0
272003,KUMAI,Jun,ARMROLL HINO 136 HDX 272-003,272-003,TRUCK ARM ROLL 4x4,Sarmut Kelompok Dump Truck,TR,Arm Roll,False,100.0,85.0,116.67,100.0,0.0,15.0,"SASARAN_MUTU_Unit_Dump_Truck_2026_Kumai,xlsx",28.0,1.0,0.0,24.0,24.0
272003,KUMAI,Mar,ARMROLL HINO 136 HDX 272-003,272-003,TRUCK ARM ROLL 4x4,Sarmut Kelompok Dump Truck,TR,Arm Roll,False,95.83,85.0,113.04,100.0,4.17,15.0,"SASARAN_MUTU_Unit_Dump_Truck_2026_Kumai,xlsx",26.0,0.0,1.0,23.0,24.0
272003,KUMAI,May,ARMROLL HINO 136 HDX 272-003,272-003,TRUCK ARM ROLL 4x4,Sarmut Kelompok Dump Truck,TR,Arm Roll,False,100.0,85.0,126.09,100.0,0.0,15.0,"SASARAN_MUTU_Unit_Dump_Truck_2026_Kumai,xlsx",29.0,0.0,0.0,23.0,23.0
272004,KUMAI,Apr,ARM ROLL HINO 136 HDX 272-004,272-004,TRUCK ARM ROLL 4x4,Sarmut Kelompok Dump Truck,TR,Arm Roll,False,100.0,85.0,116.0,100.0,0.0,15.0,"SASARAN_MUTU_Unit_Dump_Truck_2026_Kumai,xlsx",29.0,0.0,0.0,25.0,25.0
272004,KUMAI,Feb,ARM ROLL HINO 136 HDX 272-004,272-004,TRUCK ARM ROLL 4x4,Sarmut Kelompok Dump Truck,TR,Arm Roll,False,95.65,85.0,122.73,100.0,4.35,15.0,"SASARAN_MUTU_Unit_Dump_Truck_2026_Kumai,xlsx",27.0,0.0,1.0,22.0,23.0
272004,KUMAI,Jan,ARM ROLL HINO 136 HDX 272-004,272-004,TRUCK ARM ROLL 4x4,Sarmut Kelompok Dump Truck,TR,Arm Roll,False,100.0,85.0,120.0,100.0,0.0,15.0,"SASARAN_MUTU_Unit_Dump_Truck_2026_Kumai,xlsx",30.0,0.0,0.0,25.0,25.0
272004,KUMAI,Jun,ARM ROLL HINO 136 HDX 272-004,272-004,TRUCK ARM ROLL 4x4,Sarmut Kelompok Dump Truck,TR,Arm Roll,False,8.33,85.0,150.0,100.0,91.67,15.0,"SASARAN_MUTU_Unit_Dump_Truck_2026_Kumai,xlsx",3.0,0.0,22.0,2.0,24.0
272004,KUMAI,Mar,ARM ROLL HINO 136 HDX 272-004,272-004,TRUCK ARM ROLL 4x4,Sarmut Kelompok Dump Truck,TR,Arm Roll,False,100.0,85.0,108.33,100.0,0.0,15.0,"SASARAN_MUTU_Unit_Dump_Truck_2026_Kumai,xlsx",26.0,1.0,0.0,24.0,24.0
272004,KUMAI,May,ARM ROLL HINO 136 HDX 272-004,272-004,TRUCK ARM ROLL 4x4,Sarmut Kelompok Dump Truck,TR,Arm Roll,False,56.52,85.0,100.0,100.0,43.48,15.0,"SASARAN_MUTU_Unit_Dump_Truck_2026_Kumai,xlsx",13.0,1.0,10.0,13.0,23.0
272005,KUMAI,Apr,ARM ROLL HINO 136 HDX 272-005,272-005,TRUCK ARM ROLL 4x4,Sarmut Kelompok Dump Truck,TR,Arm Roll,False,92.0,85.0,108.7,100.0,8.0,15.0,"SASARAN_MUTU_Unit_Dump_Truck_2026_Kumai,xlsx",25.0,0.0,2.0,23.0,25.0
272005,KUMAI,Feb,ARM ROLL HINO 136 HDX 272-005,272-005,TRUCK ARM ROLL 4x4,Sarmut Kelompok Dump Truck,TR,Arm Roll,False,100.0,85.0,108.7,100.0,0.0,15.0,"SASARAN_MUTU_Unit_Dump_Truck_2026_Kumai,xlsx",25.0,0.0,0.0,23.0,23.0
272005,KUMAI,Jan,ARM ROLL HINO 136 HDX 272-005,272-005,TRUCK ARM ROLL 4x4,Sarmut Kelompok Dump Truck,TR,Arm Roll,False,96.0,85.0,120.83,100.0,4.0,15.0,"SASARAN_MUTU_Unit_Dump_Truck_2026_Kumai,xlsx",29.0,0.0,1.0,24.0,25.0
272005,KUMAI,Jun,ARM ROLL HINO 136 HDX 272-005,272-005,TRUCK ARM ROLL 4x4,Sarmut Kelompok Dump Truck,TR,Arm Roll,False,100.0,85.0,95.83,100.0,0.0,15.0,"SASARAN_MUTU_Unit_Dump_Truck_2026_Kumai,xlsx",23.0,1.0,0.0,24.0,24.0
272005,KUMAI,Mar,ARM ROLL HINO 136 HDX 272-005,272-005,TRUCK ARM ROLL 4x4,Sarmut Kelompok Dump Truck,TR,Arm Roll,False,95.83,85.0,104.35,100.0,4.17,15.0,"SASARAN_MUTU_Unit_Dump_Truck_2026_Kumai,xlsx",24.0,0.0,1.0,23.0,24.0
272005,KUMAI,May,ARM ROLL HINO 136 HDX 272-005,272-005,TRUCK ARM ROLL 4x4,Sarmut Kelompok Dump Truck,TR,Arm Roll,False,65.22,85.0,113.33,100.0,34.78,15.0,"SASARAN_MUTU_Unit_Dump_Truck_2026_Kumai,xlsx",17.0,0.0,8.0,15.0,23.0
272006,KUMAI,Jun,ARMROLL 4X4 272-006,272-006,TRUCK ARM ROLL 4x4,Sarmut Kelompok Dump Truck,TR,Arm Roll,False,100.0,85.0,120.83,100.0,0.0,15.0,"SASARAN_MUTU_Unit_Dump_Truck_2026_Kumai,xlsx",29.0,0.0,0.0,24.0,24.0
272006,KUMAI,May,ARMROLL 4X4 272-006,272-006,TRUCK ARM ROLL 4x4,Sarmut Kelompok Dump Truck,TR,Arm Roll,False,100.0,85.0,113.04,100.0,0.0,15.0,"SASARAN_MUTU_Unit_Dump_Truck_2026_Kumai,xlsx",26.0,0.0,0.0,23.0,23.0
251058,KUMAI,Apr,DUMP TRUCK HINO 130HD 251-058,251-058,DUMP TRUCK,Sarmut Kelompok Dump Truck,TR,DT Hino,False,100.0,85.0,108.0,100.0,0.0,15.0,"SASARAN_MUTU_Unit_Dump_Truck_2026_Kumai,xlsx",27.0,0.0,0.0,25.0,25.0
251058,KUMAI,Feb,DUMP TRUCK HINO 130HD 251-058,251-058,DUMP TRUCK,Sarmut Kelompok Dump Truck,TR,DT Hino,False,100.0,85.0,121.74,100.0,0.0,15.0,"SASARAN_MUTU_Unit_Dump_Truck_2026_Kumai,xlsx",28.0,0.0,0.0,23.0,23.0
251058,KUMAI,Jan,DUMP TRUCK HINO 130HD 251-058,251-058,DUMP TRUCK,Sarmut Kelompok Dump Truck,TR,DT Hino,False,100.0,85.0,116.0,100.0,0.0,15.0,"SASARAN_MUTU_Unit_Dump_Truck_2026_Kumai,xlsx",29.0,0.0,0.0,25.0,25.0
251058,KUMAI,Jun,DUMP TRUCK HINO 130HD 251-058,251-058,DUMP TRUCK,Sarmut Kelompok Dump Truck,TR,DT Hino,False,100.0,85.0,108.33,100.0,0.0,15.0,"SASARAN_MUTU_Unit_Dump_Truck_2026_Kumai,xlsx",26.0,0.0,0.0,24.0,24.0
251058,KUMAI,Mar,DUMP TRUCK HINO 130HD 251-058,251-058,DUMP TRUCK,Sarmut Kelompok Dump Truck,TR,DT Hino,False,87.5,85.0,119.05,100.0,12.5,15.0,"SASARAN_MUTU_Unit_Dump_Truck_2026_Kumai,xlsx",25.0,0.0,3.0,21.0,24.0
251058,KUMAI,May,DUMP TRUCK HINO 130HD 251-058,251-058,DUMP TRUCK,Sarmut Kelompok Dump Truck,TR,DT Hino,False,100.0,85.0,121.74,100.0,0.0,15.0,"SASARAN_MUTU_Unit_Dump_Truck_2026_Kumai,xlsx",28.0,2.0,0.0,23.0,23.0
251061,KUMAI,Apr,DUMP TRUCK HINO 136 HDX DA 8707 JL 251-061,251-061,DUMP TRUCK,Sarmut Kelompok Dump Truck,TR,DT Hino,False,100.0,85.0,112.0,100.0,0.0,15.0,"SASARAN_MUTU_Unit_Dump_Truck_2026_Kumai,xlsx",28.0,0.0,0.0,25.0,25.0
251061,KUMAI,Feb,DUMP TRUCK HINO 136 HDX DA 8707 JL 251-061,251-061,DUMP TRUCK,Sarmut Kelompok Dump Truck,TR,DT Hino,False,95.65,85.0,113.64,100.0,4.35,15.0,"SASARAN_MUTU_Unit_Dump_Truck_2026_Kumai,xlsx",25.0,0.0,1.0,22.0,23.0
251061,KUMAI,Jan,DUMP TRUCK HINO 136 HDX DA 8707 JL 251-061,251-061,DUMP TRUCK,Sarmut Kelompok Dump Truck,TR,DT Hino,False,100.0,85.0,120.0,100.0,0.0,15.0,"SASARAN_MUTU_Unit_Dump_Truck_2026_Kumai,xlsx",30.0,0.0,0.0,25.0,25.0
251061,KUMAI,Jun,DUMP TRUCK HINO 136 HDX DA 8707 JL 251-061,251-061,DUMP TRUCK,Sarmut Kelompok Dump Truck,TR,DT Hino,False,95.83,85.0,121.74,100.0,4.17,15.0,"SASARAN_MUTU_Unit_Dump_Truck_2026_Kumai,xlsx",28.0,0.0,1.0,23.0,24.0
251061,KUMAI,Mar,DUMP TRUCK HINO 136 HDX DA 8707 JL 251-061,251-061,DUMP TRUCK,Sarmut Kelompok Dump Truck,TR,DT Hino,False,95.83,85.0,117.39,100.0,4.17,15.0,"SASARAN_MUTU_Unit_Dump_Truck_2026_Kumai,xlsx",27.0,0.0,1.0,23.0,24.0
251061,KUMAI,May,DUMP TRUCK HINO 136 HDX DA 8707 JL 251-061,251-061,DUMP TRUCK,Sarmut Kelompok Dump Truck,TR,DT Hino,False,91.3,85.0,123.81,100.0,8.7,15.0,"SASARAN_MUTU_Unit_Dump_Truck_2026_Kumai,xlsx",26.0,0.0,2.0,21.0,23.0
251062,KUMAI,Apr,DUMP TRUCK HINO 136 HDX 251-062,251-062,DUMP TRUCK,Sarmut Kelompok Dump Truck,TR,DT Hino,False,96.0,85.0,104.17,100.0,4.0,15.0,"SASARAN_MUTU_Unit_Dump_Truck_2026_Kumai,xlsx",25.0,0.0,1.0,24.0,25.0
251062,KUMAI,Feb,DUMP TRUCK HINO 136 HDX 251-062,251-062,DUMP TRUCK,Sarmut Kelompok Dump Truck,TR,DT Hino,False,100.0,85.0,117.39,100.0,0.0,15.0,"SASARAN_MUTU_Unit_Dump_Truck_2026_Kumai,xlsx",27.0,0.0,0.0,23.0,23.0
251062,KUMAI,Jan,DUMP TRUCK HINO 136 HDX 251-062,251-062,DUMP TRUCK,Sarmut Kelompok Dump Truck,TR,DT Hino,False,96.0,85.0,120.83,100.0,4.0,15.0,"SASARAN_MUTU_Unit_Dump_Truck_2026_Kumai,xlsx",29.0,0.0,1.0,24.0,25.0
251062,KUMAI,Jun,DUMP TRUCK HINO 136 HDX 251-062,251-062,DUMP TRUCK,Sarmut Kelompok Dump Truck,TR,DT Hino,False,100.0,85.0,125.0,100.0,0.0,15.0,"SASARAN_MUTU_Unit_Dump_Truck_2026_Kumai,xlsx",30.0,0.0,0.0,24.0,24.0
251062,KUMAI,Mar,DUMP TRUCK HINO 136 HDX 251-062,251-062,DUMP TRUCK,Sarmut Kelompok Dump Truck,TR,DT Hino,False,95.83,85.0,104.35,100.0,4.17,15.0,"SASARAN_MUTU_Unit_Dump_Truck_2026_Kumai,xlsx",24.0,1.0,1.0,23.0,24.0
251062,KUMAI,May,DUMP TRUCK HINO 136 HDX 251-062,251-062,DUMP TRUCK,Sarmut Kelompok Dump Truck,TR,DT Hino,False,95.65,85.0,122.73,100.0,4.35,15.0,"SASARAN_MUTU_Unit_Dump_Truck_2026_Kumai,xlsx",27.0,0.0,1.0,22.0,23.0
254007,KUMAI,Apr,DUMP TRUCK HINO 130 HD 4X4 254-007,254-007,DUMP TRUCK 4x4,Sarmut Kelompok Dump Truck,TR,DT Hino,False,100.0,85.0,108.0,100.0,0.0,15.0,"SASARAN_MUTU_Unit_Dump_Truck_2026_Kumai,xlsx",27.0,0.0,0.0,25.0,25.0
254007,KUMAI,Feb,DUMP TRUCK HINO 130 HD 4X4 254-007,254-007,DUMP TRUCK 4x4,Sarmut Kelompok Dump Truck,TR,DT Hino,False,100.0,85.0,121.74,100.0,0.0,15.0,"SASARAN_MUTU_Unit_Dump_Truck_2026_Kumai,xlsx",28.0,0.0,0.0,23.0,23.0
254007,KUMAI,Jan,DUMP TRUCK HINO 130 HD 4X4 254-007,254-007,DUMP TRUCK 4x4,Sarmut Kelompok Dump Truck,TR,DT Hino,False,100.0,85.0,120.0,100.0,0.0,15.0,"SASARAN_MUTU_Unit_Dump_Truck_2026_Kumai,xlsx",30.0,0.0,0.0,25.0,25.0
254007,KUMAI,Jun,DUMP TRUCK HINO 130 HD 4X4 254-007,254-007,DUMP TRUCK 4x4,Sarmut Kelompok Dump Truck,TR,DT Hino,False,100.0,85.0,116.67,100.0,0.0,15.0,"SASARAN_MUTU_Unit_Dump_Truck_2026_Kumai,xlsx",28.0,0.0,0.0,24.0,24.0
254007,KUMAI,Mar,DUMP TRUCK HINO 130 HD 4X4 254-007,254-007,DUMP TRUCK 4x4,Sarmut Kelompok Dump Truck,TR,DT Hino,False,100.0,85.0,120.83,100.0,0.0,15.0,"SASARAN_MUTU_Unit_Dump_Truck_2026_Kumai,xlsx",29.0,0.0,0.0,24.0,24.0
254007,KUMAI,May,DUMP TRUCK HINO 130 HD 4X4 254-007,254-007,DUMP TRUCK 4x4,Sarmut Kelompok Dump Truck,TR,DT Hino,False,100.0,85.0,113.04,100.0,0.0,15.0,"SASARAN_MUTU_Unit_Dump_Truck_2026_Kumai,xlsx",26.0,1.0,0.0,23.0,23.0
254008,KUMAI,Apr,DUMP TRUCK HINO 130 HD 4X4 254-008,254-008,DUMP TRUCK 4x4,Sarmut Kelompok Dump Truck,TR,DT Hino,False,96.0,85.0,112.5,100.0,4.0,15.0,"SASARAN_MUTU_Unit_Dump_Truck_2026_Kumai,xlsx",27.0,0.0,1.0,24.0,25.0
254008,KUMAI,Feb,DUMP TRUCK HINO 130 HD 4X4 254-008,254-008,DUMP TRUCK 4x4,Sarmut Kelompok Dump Truck,TR,DT Hino,False,100.0,85.0,121.74,100.0,0.0,15.0,"SASARAN_MUTU_Unit_Dump_Truck_2026_Kumai,xlsx",28.0,0.0,0.0,23.0,23.0
254008,KUMAI,Jan,DUMP TRUCK HINO 130 HD 4X4 254-008,254-008,DUMP TRUCK 4x4,Sarmut Kelompok Dump Truck,TR,DT Hino,False,96.0,85.0,120.83,100.0,4.0,15.0,"SASARAN_MUTU_Unit_Dump_Truck_2026_Kumai,xlsx",29.0,0.0,1.0,24.0,25.0
254008,KUMAI,Jun,DUMP TRUCK HINO 130 HD 4X4 254-008,254-008,DUMP TRUCK 4x4,Sarmut Kelompok Dump Truck,TR,DT Hino,False,95.83,85.0,126.09,100.0,4.17,15.0,"SASARAN_MUTU_Unit_Dump_Truck_2026_Kumai,xlsx",29.0,0.0,1.0,23.0,24.0
254008,KUMAI,Mar,DUMP TRUCK HINO 130 HD 4X4 254-008,254-008,DUMP TRUCK 4x4,Sarmut Kelompok Dump Truck,TR,DT Hino,False,100.0,85.0,116.67,100.0,0.0,15.0,"SASARAN_MUTU_Unit_Dump_Truck_2026_Kumai,xlsx",28.0,0.0,0.0,24.0,24.0
254008,KUMAI,May,DUMP TRUCK HINO 130 HD 4X4 254-008,254-008,DUMP TRUCK 4x4,Sarmut Kelompok Dump Truck,TR,DT Hino,False,95.65,85.0,113.64,100.0,4.35,15.0,"SASARAN_MUTU_Unit_Dump_Truck_2026_Kumai,xlsx",25.0,0.0,1.0,22.0,23.0
254001,KUMAI,Apr,DUMP TRUCK ISUZU NPS 254-001,254-001,DUMP TRUCK 4x4,Sarmut Kelompok Dump Truck,TR,Isuzu Elf,False,0.0,85.0,0.0,100.0,100.0,15.0,"SASARAN_MUTU_Unit_Dump_Truck_2026_Kumai,xlsx",0.0,0.0,25.0,0.0,25.0
254001,KUMAI,Feb,DUMP TRUCK ISUZU NPS 254-001,254-001,DUMP TRUCK 4x4,Sarmut Kelompok Dump Truck,TR,Isuzu Elf,False,0.0,85.0,0.0,100.0,100.0,15.0,"SASARAN_MUTU_Unit_Dump_Truck_2026_Kumai,xlsx",0.0,0.0,23.0,0.0,23.0
254001,KUMAI,Jan,DUMP TRUCK ISUZU NPS 254-001,254-001,DUMP TRUCK 4x4,Sarmut Kelompok Dump Truck,TR,Isuzu Elf,False,0.0,85.0,0.0,100.0,100.0,15.0,"SASARAN_MUTU_Unit_Dump_Truck_2026_Kumai,xlsx",0.0,0.0,25.0,0.0,25.0
254001,KUMAI,Jun,DUMP TRUCK ISUZU NPS 254-001,254-001,DUMP TRUCK 4x4,Sarmut Kelompok Dump Truck,TR,Isuzu Elf,False,0.0,85.0,0.0,100.0,100.0,15.0,"SASARAN_MUTU_Unit_Dump_Truck_2026_Kumai,xlsx",0.0,0.0,24.0,0.0,24.0
254001,KUMAI,Mar,DUMP TRUCK ISUZU NPS 254-001,254-001,DUMP TRUCK 4x4,Sarmut Kelompok Dump Truck,TR,Isuzu Elf,False,0.0,85.0,0.0,100.0,100.0,15.0,"SASARAN_MUTU_Unit_Dump_Truck_2026_Kumai,xlsx",0.0,0.0,24.0,0.0,24.0
254001,KUMAI,May,DUMP TRUCK ISUZU NPS 254-001,254-001,DUMP TRUCK 4x4,Sarmut Kelompok Dump Truck,TR,Isuzu Elf,False,0.0,85.0,0.0,100.0,100.0,15.0,"SASARAN_MUTU_Unit_Dump_Truck_2026_Kumai,xlsx",0.0,0.0,23.0,0.0,23.0
254002,KUMAI,Apr,DUMP TRUCK ISUZU NPS 254-002,254-002,DUMP TRUCK 4x4,Sarmut Kelompok Dump Truck,TR,Isuzu Elf,False,88.0,85.0,109.09,100.0,12.0,15.0,"SASARAN_MUTU_Unit_Dump_Truck_2026_Kumai,xlsx",24.0,1.0,3.0,22.0,25.0
254002,KUMAI,Feb,DUMP TRUCK ISUZU NPS 254-002,254-002,DUMP TRUCK 4x4,Sarmut Kelompok Dump Truck,TR,Isuzu Elf,False,100.0,85.0,121.74,100.0,0.0,15.0,"SASARAN_MUTU_Unit_Dump_Truck_2026_Kumai,xlsx",28.0,0.0,0.0,23.0,23.0
254002,KUMAI,Jan,DUMP TRUCK ISUZU NPS 254-002,254-002,DUMP TRUCK 4x4,Sarmut Kelompok Dump Truck,TR,Isuzu Elf,False,88.0,85.0,122.73,100.0,12.0,15.0,"SASARAN_MUTU_Unit_Dump_Truck_2026_Kumai,xlsx",27.0,0.0,3.0,22.0,25.0
254002,KUMAI,Jun,DUMP TRUCK ISUZU NPS 254-002,254-002,DUMP TRUCK 4x4,Sarmut Kelompok Dump Truck,TR,Isuzu Elf,False,87.5,85.0,119.05,100.0,12.5,15.0,"SASARAN_MUTU_Unit_Dump_Truck_2026_Kumai,xlsx",25.0,0.0,3.0,21.0,24.0
254002,KUMAI,Mar,DUMP TRUCK ISUZU NPS 254-002,254-002,DUMP TRUCK 4x4,Sarmut Kelompok Dump Truck,TR,Isuzu Elf,False,100.0,85.0,120.83,100.0,0.0,15.0,"SASARAN_MUTU_Unit_Dump_Truck_2026_Kumai,xlsx",29.0,0.0,0.0,24.0,24.0
254002,KUMAI,May,DUMP TRUCK ISUZU NPS 254-002,254-002,DUMP TRUCK 4x4,Sarmut Kelompok Dump Truck,TR,Isuzu Elf,False,69.57,85.0,106.25,100.0,30.43,15.0,"SASARAN_MUTU_Unit_Dump_Truck_2026_Kumai,xlsx",17.0,0.0,7.0,16.0,23.0
254003,KUMAI,Apr,DUMP TRUCK ISUZU NPS 254-003,254-003,DUMP TRUCK 4x4,Sarmut Kelompok Dump Truck,TR,Isuzu Elf,False,24.0,85.0,133.33,100.0,76.0,15.0,"SASARAN_MUTU_Unit_Dump_Truck_2026_Kumai,xlsx",8.0,0.0,19.0,6.0,25.0
254003,KUMAI,Feb,DUMP TRUCK ISUZU NPS 254-003,254-003,DUMP TRUCK 4x4,Sarmut Kelompok Dump Truck,TR,Isuzu Elf,False,100.0,85.0,121.74,100.0,0.0,15.0,"SASARAN_MUTU_Unit_Dump_Truck_2026_Kumai,xlsx",28.0,0.0,0.0,23.0,23.0
254003,KUMAI,Jan,DUMP TRUCK ISUZU NPS 254-003,254-003,DUMP TRUCK 4x4,Sarmut Kelompok Dump Truck,TR,Isuzu Elf,False,100.0,85.0,108.0,100.0,0.0,15.0,"SASARAN_MUTU_Unit_Dump_Truck_2026_Kumai,xlsx",27.0,1.0,0.0,25.0,25.0
254003,KUMAI,Jun,DUMP TRUCK ISUZU NPS 254-003,254-003,DUMP TRUCK 4x4,Sarmut Kelompok Dump Truck,TR,Isuzu Elf,False,70.83,85.0,123.53,100.0,29.17,15.0,"SASARAN_MUTU_Unit_Dump_Truck_2026_Kumai,xlsx",21.0,0.0,7.0,17.0,24.0
254003,KUMAI,Mar,DUMP TRUCK ISUZU NPS 254-003,254-003,DUMP TRUCK 4x4,Sarmut Kelompok Dump Truck,TR,Isuzu Elf,False,91.67,85.0,95.45,100.0,8.33,15.0,"SASARAN_MUTU_Unit_Dump_Truck_2026_Kumai,xlsx",21.0,2.0,2.0,22.0,24.0
254003,KUMAI,May,DUMP TRUCK ISUZU NPS 254-003,254-003,DUMP TRUCK 4x4,Sarmut Kelompok Dump Truck,TR,Isuzu Elf,False,26.09,85.0,150.0,100.0,73.91,15.0,"SASARAN_MUTU_Unit_Dump_Truck_2026_Kumai,xlsx",9.0,0.0,17.0,6.0,23.0
254004,KUMAI,Apr,DUMP TRUCK ISUZU NPS 81 254-004,254-004,DUMP TRUCK 4x4,Sarmut Kelompok Dump Truck,TR,Isuzu Elf,False,100.0,85.0,104.0,100.0,0.0,15.0,"SASARAN_MUTU_Unit_Dump_Truck_2026_Kumai,xlsx",26.0,0.0,0.0,25.0,25.0
254004,KUMAI,Feb,DUMP TRUCK ISUZU NPS 81 254-004,254-004,DUMP TRUCK 4x4,Sarmut Kelompok Dump Truck,TR,Isuzu Elf,False,100.0,85.0,117.39,100.0,0.0,15.0,"SASARAN_MUTU_Unit_Dump_Truck_2026_Kumai,xlsx",27.0,0.0,0.0,23.0,23.0
254004,KUMAI,Jan,DUMP TRUCK ISUZU NPS 81 254-004,254-004,DUMP TRUCK 4x4,Sarmut Kelompok Dump Truck,TR,Isuzu Elf,False,100.0,85.0,116.0,100.0,0.0,15.0,"SASARAN_MUTU_Unit_Dump_Truck_2026_Kumai,xlsx",29.0,0.0,0.0,25.0,25.0
254004,KUMAI,Jun,DUMP TRUCK ISUZU NPS 81 254-004,254-004,DUMP TRUCK 4x4,Sarmut Kelompok Dump Truck,TR,Isuzu Elf,False,45.83,85.0,118.18,100.0,54.17,15.0,"SASARAN_MUTU_Unit_Dump_Truck_2026_Kumai,xlsx",13.0,0.0,13.0,11.0,24.0
254004,KUMAI,Mar,DUMP TRUCK ISUZU NPS 81 254-004,254-004,DUMP TRUCK 4x4,Sarmut Kelompok Dump Truck,TR,Isuzu Elf,False,87.5,85.0,100.0,100.0,12.5,15.0,"SASARAN_MUTU_Unit_Dump_Truck_2026_Kumai,xlsx",21.0,1.0,3.0,21.0,24.0
254004,KUMAI,May,DUMP TRUCK ISUZU NPS 81 254-004,254-004,DUMP TRUCK 4x4,Sarmut Kelompok Dump Truck,TR,Isuzu Elf,False,65.22,85.0,133.33,100.0,34.78,15.0,"SASARAN_MUTU_Unit_Dump_Truck_2026_Kumai,xlsx",20.0,0.0,8.0,15.0,23.0
254005,KUMAI,Apr,DUMP TRUCK ISUZU NPS 81 254-005,254-005,DUMP TRUCK 4x4,Sarmut Kelompok Dump Truck,TR,Isuzu Elf,False,92.0,85.0,117.39,100.0,8.0,15.0,"SASARAN_MUTU_Unit_Dump_Truck_2026_Kumai,xlsx",27.0,0.0,2.0,23.0,25.0
254005,KUMAI,Feb,DUMP TRUCK ISUZU NPS 81 254-005,254-005,DUMP TRUCK 4x4,Sarmut Kelompok Dump Truck,TR,Isuzu Elf,False,95.65,85.0,122.73,100.0,4.35,15.0,"SASARAN_MUTU_Unit_Dump_Truck_2026_Kumai,xlsx",27.0,0.0,1.0,22.0,23.0
254005,KUMAI,Jan,DUMP TRUCK ISUZU NPS 81 254-005,254-005,DUMP TRUCK 4x4,Sarmut Kelompok Dump Truck,TR,Isuzu Elf,False,84.0,85.0,123.81,100.0,16.0,15.0,"SASARAN_MUTU_Unit_Dump_Truck_2026_Kumai,xlsx",26.0,0.0,4.0,21.0,25.0
254005,KUMAI,Jun,DUMP TRUCK ISUZU NPS 81 254-005,254-005,DUMP TRUCK 4x4,Sarmut Kelompok Dump Truck,TR,Isuzu Elf,False,87.5,85.0,104.76,100.0,12.5,15.0,"SASARAN_MUTU_Unit_Dump_Truck_2026_Kumai,xlsx",22.0,1.0,3.0,21.0,24.0
254005,KUMAI,Mar,DUMP TRUCK ISUZU NPS 81 254-005,254-005,DUMP TRUCK 4x4,Sarmut Kelompok Dump Truck,TR,Isuzu Elf,False,87.5,85.0,123.81,100.0,12.5,15.0,"SASARAN_MUTU_Unit_Dump_Truck_2026_Kumai,xlsx",26.0,0.0,3.0,21.0,24.0
254005,KUMAI,May,DUMP TRUCK ISUZU NPS 81 254-005,254-005,DUMP TRUCK 4x4,Sarmut Kelompok Dump Truck,TR,Isuzu Elf,False,91.3,85.0,123.81,100.0,8.7,15.0,"SASARAN_MUTU_Unit_Dump_Truck_2026_Kumai,xlsx",26.0,0.0,2.0,21.0,23.0
254006,KUMAI,Apr,DUMP TRUCK ISUZU NPS 81 254-006,254-006,DUMP TRUCK 4x4,Sarmut Kelompok Dump Truck,TR,Isuzu Elf,False,100.0,85.0,116.0,100.0,0.0,15.0,"SASARAN_MUTU_Unit_Dump_Truck_2026_Kumai,xlsx",29.0,0.0,0.0,25.0,25.0
254006,KUMAI,Feb,DUMP TRUCK ISUZU NPS 81 254-006,254-006,DUMP TRUCK 4x4,Sarmut Kelompok Dump Truck,TR,Isuzu Elf,False,60.87,85.0,128.57,100.0,39.13,15.0,"SASARAN_MUTU_Unit_Dump_Truck_2026_Kumai,xlsx",18.0,0.0,9.0,14.0,23.0
254006,KUMAI,Jan,DUMP TRUCK ISUZU NPS 81 254-006,254-006,DUMP TRUCK 4x4,Sarmut Kelompok Dump Truck,TR,Isuzu Elf,False,100.0,85.0,116.0,100.0,0.0,15.0,"SASARAN_MUTU_Unit_Dump_Truck_2026_Kumai,xlsx",29.0,0.0,0.0,25.0,25.0
254006,KUMAI,Jun,DUMP TRUCK ISUZU NPS 81 254-006,254-006,DUMP TRUCK 4x4,Sarmut Kelompok Dump Truck,TR,Isuzu Elf,False,79.17,85.0,110.53,100.0,20.83,15.0,"SASARAN_MUTU_Unit_Dump_Truck_2026_Kumai,xlsx",21.0,0.0,5.0,19.0,24.0
254006,KUMAI,Mar,DUMP TRUCK ISUZU NPS 81 254-006,254-006,DUMP TRUCK 4x4,Sarmut Kelompok Dump Truck,TR,Isuzu Elf,False,100.0,85.0,112.5,100.0,0.0,15.0,"SASARAN_MUTU_Unit_Dump_Truck_2026_Kumai,xlsx",27.0,1.0,0.0,24.0,24.0
254006,KUMAI,May,DUMP TRUCK ISUZU NPS 81 254-006,254-006,DUMP TRUCK 4x4,Sarmut Kelompok Dump Truck,TR,Isuzu Elf,False,95.65,85.0,127.27,100.0,4.35,15.0,"SASARAN_MUTU_Unit_Dump_Truck_2026_Kumai,xlsx",28.0,0.0,1.0,22.0,23.0
254009,KUMAI,Apr,DUMP TRUCK ISUZU NKR 71  B 9853 BDG 254-009,254-009,DUMP TRUCK 4x4,Sarmut Kelompok Dump Truck,TR,Isuzu Elf,False,32.0,85.0,100.0,100.0,68.0,15.0,"SASARAN_MUTU_Unit_Dump_Truck_2026_Kumai,xlsx",8.0,0.0,17.0,8.0,25.0
254009,KUMAI,Feb,DUMP TRUCK ISUZU NKR 71  B 9853 BDG 254-009,254-009,DUMP TRUCK 4x4,Sarmut Kelompok Dump Truck,TR,Isuzu Elf,False,82.61,85.0,73.68,100.0,17.39,15.0,"SASARAN_MUTU_Unit_Dump_Truck_2026_Kumai,xlsx",14.0,5.0,4.0,19.0,23.0
254009,KUMAI,Jan,DUMP TRUCK ISUZU NKR 71  B 9853 BDG 254-009,254-009,DUMP TRUCK 4x4,Sarmut Kelompok Dump Truck,TR,Isuzu Elf,False,76.0,85.0,115.79,100.0,24.0,15.0,"SASARAN_MUTU_Unit_Dump_Truck_2026_Kumai,xlsx",22.0,0.0,6.0,19.0,25.0
254009,KUMAI,Jun,DUMP TRUCK ISUZU NKR 71  B 9853 BDG 254-009,254-009,DUMP TRUCK 4x4,Sarmut Kelompok Dump Truck,TR,Isuzu Elf,False,33.33,85.0,112.5,100.0,66.67,15.0,"SASARAN_MUTU_Unit_Dump_Truck_2026_Kumai,xlsx",9.0,0.0,16.0,8.0,24.0
254009,KUMAI,Mar,DUMP TRUCK ISUZU NKR 71  B 9853 BDG 254-009,254-009,DUMP TRUCK 4x4,Sarmut Kelompok Dump Truck,TR,Isuzu Elf,False,54.17,85.0,61.54,100.0,45.83,15.0,"SASARAN_MUTU_Unit_Dump_Truck_2026_Kumai,xlsx",8.0,5.0,11.0,13.0,24.0
254009,KUMAI,May,DUMP TRUCK ISUZU NKR 71  B 9853 BDG 254-009,254-009,DUMP TRUCK 4x4,Sarmut Kelompok Dump Truck,TR,Isuzu Elf,False,34.78,85.0,112.5,100.0,65.22,15.0,"SASARAN_MUTU_Unit_Dump_Truck_2026_Kumai,xlsx",9.0,0.0,15.0,8.0,23.0
271001,SUNGAI DANAU,Apr,ARM ROLL HINO 130 HD DA 8590 CQ 271-001,271-001,TRUCK ARM ROLL,Sarmut Kelompok Dump Truck,TR,Arm Roll,False,100.0,97.5,70.37,95.0,0.0,2.5,"SASARAN_MUTU_TRANSPORTASI_2026_SATUI,xlsx",,,,,
271001,SUNGAI DANAU,Feb,ARM ROLL HINO 130 HD DA 8590 CQ 271-001,271-001,TRUCK ARM ROLL,Sarmut Kelompok Dump Truck,TR,Arm Roll,False,100.0,97.5,91.3,95.0,0.0,2.5,"SASARAN_MUTU_TRANSPORTASI_2026_SATUI,xlsx",,,,,
271001,SUNGAI DANAU,Jan,ARM ROLL HINO 130 HD DA 8590 CQ 271-001,271-001,TRUCK ARM ROLL,Sarmut Kelompok Dump Truck,TR,Arm Roll,False,96.0,97.5,100.0,95.0,4.0,2.5,"SASARAN_MUTU_TRANSPORTASI_2026_SATUI,xlsx",,,,,
271001,SUNGAI DANAU,Jun,ARM ROLL HINO 130 HD DA 8590 CQ 271-001,271-001,TRUCK ARM ROLL,Sarmut Kelompok Dump Truck,TR,Arm Roll,False,100.0,97.5,100.0,95.0,0.0,2.5,"SASARAN_MUTU_TRANSPORTASI_2026_SATUI,xlsx",,,,,
271001,SUNGAI DANAU,Mar,ARM ROLL HINO 130 HD DA 8590 CQ 271-001,271-001,TRUCK ARM ROLL,Sarmut Kelompok Dump Truck,TR,Arm Roll,False,95.45,97.5,85.71,95.0,4.55,2.5,"SASARAN_MUTU_TRANSPORTASI_2026_SATUI,xlsx",,,,,
271001,SUNGAI DANAU,May,ARM ROLL HINO 130 HD DA 8590 CQ 271-001,271-001,TRUCK ARM ROLL,Sarmut Kelompok Dump Truck,TR,Arm Roll,False,100.0,97.5,100.0,95.0,0.0,2.5,"SASARAN_MUTU_TRANSPORTASI_2026_SATUI,xlsx",,,,,
271003,SUNGAI DANAU,Apr,ARM ROLL HINO 130 HD DA 8508 JG 271-003,271-003,TRUCK ARM ROLL,Sarmut Kelompok Dump Truck,TR,Arm Roll,False,100.0,97.5,88.89,95.0,0.0,2.5,"SASARAN_MUTU_TRANSPORTASI_2026_SATUI,xlsx",,,,,
271003,SUNGAI DANAU,Feb,ARM ROLL HINO 130 HD DA 8508 JG 271-003,271-003,TRUCK ARM ROLL,Sarmut Kelompok Dump Truck,TR,Arm Roll,False,100.0,97.5,91.3,95.0,0.0,2.5,"SASARAN_MUTU_TRANSPORTASI_2026_SATUI,xlsx",,,,,
271003,SUNGAI DANAU,Jan,ARM ROLL HINO 130 HD DA 8508 JG 271-003,271-003,TRUCK ARM ROLL,Sarmut Kelompok Dump Truck,TR,Arm Roll,False,96.0,97.5,95.83,95.0,4.0,2.5,"SASARAN_MUTU_TRANSPORTASI_2026_SATUI,xlsx",,,,,
271003,SUNGAI DANAU,Jun,ARM ROLL HINO 130 HD DA 8508 JG 271-003,271-003,TRUCK ARM ROLL,Sarmut Kelompok Dump Truck,TR,Arm Roll,False,100.0,97.5,95.83,95.0,0.0,2.5,"SASARAN_MUTU_TRANSPORTASI_2026_SATUI,xlsx",,,,,
271003,SUNGAI DANAU,Mar,ARM ROLL HINO 130 HD DA 8508 JG 271-003,271-003,TRUCK ARM ROLL,Sarmut Kelompok Dump Truck,TR,Arm Roll,False,95.45,97.5,85.71,95.0,4.55,2.5,"SASARAN_MUTU_TRANSPORTASI_2026_SATUI,xlsx",,,,,
271003,SUNGAI DANAU,May,ARM ROLL HINO 130 HD DA 8508 JG 271-003,271-003,TRUCK ARM ROLL,Sarmut Kelompok Dump Truck,TR,Arm Roll,False,95.65,97.5,100.0,95.0,4.35,2.5,"SASARAN_MUTU_TRANSPORTASI_2026_SATUI,xlsx",,,,,
271004,SUNGAI DANAU,Apr,ARM ROLL HINO 130 HD DA 8337 JJ 271-004,271-004,TRUCK ARM ROLL,Sarmut Kelompok Dump Truck,TR,Arm Roll,False,100.0,97.5,70.37,95.0,0.0,2.5,"SASARAN_MUTU_TRANSPORTASI_2026_SATUI,xlsx",,,,,
271004,SUNGAI DANAU,Feb,ARM ROLL HINO 130 HD DA 8337 JJ 271-004,271-004,TRUCK ARM ROLL,Sarmut Kelompok Dump Truck,TR,Arm Roll,False,100.0,97.5,86.96,95.0,0.0,2.5,"SASARAN_MUTU_TRANSPORTASI_2026_SATUI,xlsx",,,,,
271004,SUNGAI DANAU,Jan,ARM ROLL HINO 130 HD DA 8337 JJ 271-004,271-004,TRUCK ARM ROLL,Sarmut Kelompok Dump Truck,TR,Arm Roll,False,96.0,97.5,95.83,95.0,4.0,2.5,"SASARAN_MUTU_TRANSPORTASI_2026_SATUI,xlsx",,,,,
271004,SUNGAI DANAU,Jun,ARM ROLL HINO 130 HD DA 8337 JJ 271-004,271-004,TRUCK ARM ROLL,Sarmut Kelompok Dump Truck,TR,Arm Roll,False,100.0,97.5,95.83,95.0,0.0,2.5,"SASARAN_MUTU_TRANSPORTASI_2026_SATUI,xlsx",,,,,
271004,SUNGAI DANAU,Mar,ARM ROLL HINO 130 HD DA 8337 JJ 271-004,271-004,TRUCK ARM ROLL,Sarmut Kelompok Dump Truck,TR,Arm Roll,False,100.0,97.5,86.36,95.0,0.0,2.5,"SASARAN_MUTU_TRANSPORTASI_2026_SATUI,xlsx",,,,,
271004,SUNGAI DANAU,May,ARM ROLL HINO 130 HD DA 8337 JJ 271-004,271-004,TRUCK ARM ROLL,Sarmut Kelompok Dump Truck,TR,Arm Roll,False,95.65,97.5,95.45,95.0,4.35,2.5,"SASARAN_MUTU_TRANSPORTASI_2026_SATUI,xlsx",,,,,
251034,SUNGAI DANAU,Apr,DUMP TRUCK HINO 130 HD DA 8206 CF 251-034,251-034,DUMP TRUCK,Sarmut Kelompok Dump Truck,TR,DT,False,96.3,97.5,92.31,95.0,3.7,2.5,"SASARAN_MUTU_TRANSPORTASI_2026_SATUI,xlsx",,,,,
251034,SUNGAI DANAU,Feb,DUMP TRUCK HINO 130 HD DA 8206 CF 251-034,251-034,DUMP TRUCK,Sarmut Kelompok Dump Truck,TR,DT,False,100.0,97.5,95.65,95.0,0.0,2.5,"SASARAN_MUTU_TRANSPORTASI_2026_SATUI,xlsx",,,,,
251034,SUNGAI DANAU,Jan,DUMP TRUCK HINO 130 HD DA 8206 CF 251-034,251-034,DUMP TRUCK,Sarmut Kelompok Dump Truck,TR,DT,False,84.0,97.5,90.48,95.0,16.0,2.5,"SASARAN_MUTU_TRANSPORTASI_2026_SATUI,xlsx",,,,,
251034,SUNGAI DANAU,Jun,DUMP TRUCK HINO 130 HD DA 8206 CF 251-034,251-034,DUMP TRUCK,Sarmut Kelompok Dump Truck,TR,DT,False,100.0,97.5,100.0,95.0,0.0,2.5,"SASARAN_MUTU_TRANSPORTASI_2026_SATUI,xlsx",,,,,
251034,SUNGAI DANAU,Mar,DUMP TRUCK HINO 130 HD DA 8206 CF 251-034,251-034,DUMP TRUCK,Sarmut Kelompok Dump Truck,TR,DT,False,100.0,97.5,100.0,95.0,0.0,2.5,"SASARAN_MUTU_TRANSPORTASI_2026_SATUI,xlsx",,,,,
251034,SUNGAI DANAU,May,DUMP TRUCK HINO 130 HD DA 8206 CF 251-034,251-034,DUMP TRUCK,Sarmut Kelompok Dump Truck,TR,DT,False,100.0,97.5,100.0,95.0,0.0,2.5,"SASARAN_MUTU_TRANSPORTASI_2026_SATUI,xlsx",,,,,
251035,SUNGAI DANAU,Apr,DUMP TRUCK HINO 130 HD DA 8207 CF 251-035,251-035,DUMP TRUCK,Sarmut Kelompok Dump Truck,TR,DT,False,100.0,97.5,92.59,95.0,0.0,2.5,"SASARAN_MUTU_TRANSPORTASI_2026_SATUI,xlsx",,,,,
251035,SUNGAI DANAU,Feb,DUMP TRUCK HINO 130 HD DA 8207 CF 251-035,251-035,DUMP TRUCK,Sarmut Kelompok Dump Truck,TR,DT,False,100.0,97.5,95.65,95.0,0.0,2.5,"SASARAN_MUTU_TRANSPORTASI_2026_SATUI,xlsx",,,,,
251035,SUNGAI DANAU,Jan,DUMP TRUCK HINO 130 HD DA 8207 CF 251-035,251-035,DUMP TRUCK,Sarmut Kelompok Dump Truck,TR,DT,False,100.0,97.5,92.0,95.0,0.0,2.5,"SASARAN_MUTU_TRANSPORTASI_2026_SATUI,xlsx",,,,,
251035,SUNGAI DANAU,Jun,DUMP TRUCK HINO 130 HD DA 8207 CF 251-035,251-035,DUMP TRUCK,Sarmut Kelompok Dump Truck,TR,DT,False,95.83,97.5,100.0,95.0,4.17,2.5,"SASARAN_MUTU_TRANSPORTASI_2026_SATUI,xlsx",,,,,
251035,SUNGAI DANAU,Mar,DUMP TRUCK HINO 130 HD DA 8207 CF 251-035,251-035,DUMP TRUCK,Sarmut Kelompok Dump Truck,TR,DT,False,81.82,97.5,83.33,95.0,18.18,2.5,"SASARAN_MUTU_TRANSPORTASI_2026_SATUI,xlsx",,,,,
251035,SUNGAI DANAU,May,DUMP TRUCK HINO 130 HD DA 8207 CF 251-035,251-035,DUMP TRUCK,Sarmut Kelompok Dump Truck,TR,DT,False,95.65,97.5,95.45,95.0,4.35,2.5,"SASARAN_MUTU_TRANSPORTASI_2026_SATUI,xlsx",,,,,
251036,SUNGAI DANAU,Apr,DUMP TRUCK HINO 130 HD DA 8209 CF 251-036,251-036,DUMP TRUCK,Sarmut Kelompok Dump Truck,TR,DT,False,92.59,97.5,92.0,95.0,7.41,2.5,"SASARAN_MUTU_TRANSPORTASI_2026_SATUI,xlsx",,,,,
251036,SUNGAI DANAU,Feb,DUMP TRUCK HINO 130 HD DA 8209 CF 251-036,251-036,DUMP TRUCK,Sarmut Kelompok Dump Truck,TR,DT,False,91.3,97.5,100.0,95.0,8.7,2.5,"SASARAN_MUTU_TRANSPORTASI_2026_SATUI,xlsx",,,,,
251036,SUNGAI DANAU,Jan,DUMP TRUCK HINO 130 HD DA 8209 CF 251-036,251-036,DUMP TRUCK,Sarmut Kelompok Dump Truck,TR,DT,False,100.0,97.5,96.0,95.0,0.0,2.5,"SASARAN_MUTU_TRANSPORTASI_2026_SATUI,xlsx",,,,,
251036,SUNGAI DANAU,Jun,DUMP TRUCK HINO 130 HD DA 8209 CF 251-036,251-036,DUMP TRUCK,Sarmut Kelompok Dump Truck,TR,DT,False,95.83,97.5,108.7,95.0,4.17,2.5,"SASARAN_MUTU_TRANSPORTASI_2026_SATUI,xlsx",,,,,
251036,SUNGAI DANAU,Mar,DUMP TRUCK HINO 130 HD DA 8209 CF 251-036,251-036,DUMP TRUCK,Sarmut Kelompok Dump Truck,TR,DT,False,95.45,97.5,100.0,95.0,4.55,2.5,"SASARAN_MUTU_TRANSPORTASI_2026_SATUI,xlsx",,,,,
251036,SUNGAI DANAU,May,DUMP TRUCK HINO 130 HD DA 8209 CF 251-036,251-036,DUMP TRUCK,Sarmut Kelompok Dump Truck,TR,DT,False,91.3,97.5,109.52,95.0,8.7,2.5,"SASARAN_MUTU_TRANSPORTASI_2026_SATUI,xlsx",,,,,
251037,SUNGAI DANAU,Apr,DUMP TRUCK HINO 130 HD DA 8674 CO 251-037,251-037,DUMP TRUCK,Sarmut Kelompok Dump Truck,TR,DT,False,100.0,97.5,96.3,95.0,0.0,2.5,"SASARAN_MUTU_TRANSPORTASI_2026_SATUI,xlsx",,,,,
251037,SUNGAI DANAU,Feb,DUMP TRUCK HINO 130 HD DA 8674 CO 251-037,251-037,DUMP TRUCK,Sarmut Kelompok Dump Truck,TR,DT,False,95.65,97.5,100.0,95.0,4.35,2.5,"SASARAN_MUTU_TRANSPORTASI_2026_SATUI,xlsx",,,,,
251037,SUNGAI DANAU,Jan,DUMP TRUCK HINO 130 HD DA 8674 CO 251-037,251-037,DUMP TRUCK,Sarmut Kelompok Dump Truck,TR,DT,False,92.0,97.5,100.0,95.0,8.0,2.5,"SASARAN_MUTU_TRANSPORTASI_2026_SATUI,xlsx",,,,,
251037,SUNGAI DANAU,Jun,DUMP TRUCK HINO 130 HD DA 8674 CO 251-037,251-037,DUMP TRUCK,Sarmut Kelompok Dump Truck,TR,DT,False,100.0,97.5,100.0,95.0,0.0,2.5,"SASARAN_MUTU_TRANSPORTASI_2026_SATUI,xlsx",,,,,
251037,SUNGAI DANAU,Mar,DUMP TRUCK HINO 130 HD DA 8674 CO 251-037,251-037,DUMP TRUCK,Sarmut Kelompok Dump Truck,TR,DT,False,95.45,97.5,100.0,95.0,4.55,2.5,"SASARAN_MUTU_TRANSPORTASI_2026_SATUI,xlsx",,,,,
251037,SUNGAI DANAU,May,DUMP TRUCK HINO 130 HD DA 8674 CO 251-037,251-037,DUMP TRUCK,Sarmut Kelompok Dump Truck,TR,DT,False,95.65,97.5,95.45,95.0,4.35,2.5,"SASARAN_MUTU_TRANSPORTASI_2026_SATUI,xlsx",,,,,
251038,SUNGAI DANAU,Apr,DUMP TRUCK HINO 130 HD DA 8675 CO 251-038,251-038,DUMP TRUCK,Sarmut Kelompok Dump Truck,TR,DT,False,100.0,97.5,96.3,95.0,0.0,2.5,"SASARAN_MUTU_TRANSPORTASI_2026_SATUI,xlsx",,,,,
251038,SUNGAI DANAU,Feb,DUMP TRUCK HINO 130 HD DA 8675 CO 251-038,251-038,DUMP TRUCK,Sarmut Kelompok Dump Truck,TR,DT,False,100.0,97.5,95.65,95.0,0.0,2.5,"SASARAN_MUTU_TRANSPORTASI_2026_SATUI,xlsx",,,,,
251038,SUNGAI DANAU,Jan,DUMP TRUCK HINO 130 HD DA 8675 CO 251-038,251-038,DUMP TRUCK,Sarmut Kelompok Dump Truck,TR,DT,False,100.0,97.5,92.0,95.0,0.0,2.5,"SASARAN_MUTU_TRANSPORTASI_2026_SATUI,xlsx",,,,,
251038,SUNGAI DANAU,Jun,DUMP TRUCK HINO 130 HD DA 8675 CO 251-038,251-038,DUMP TRUCK,Sarmut Kelompok Dump Truck,TR,DT,False,100.0,97.5,95.83,95.0,0.0,2.5,"SASARAN_MUTU_TRANSPORTASI_2026_SATUI,xlsx",,,,,
251038,SUNGAI DANAU,Mar,DUMP TRUCK HINO 130 HD DA 8675 CO 251-038,251-038,DUMP TRUCK,Sarmut Kelompok Dump Truck,TR,DT,False,100.0,97.5,95.45,95.0,0.0,2.5,"SASARAN_MUTU_TRANSPORTASI_2026_SATUI,xlsx",,,,,
251038,SUNGAI DANAU,May,DUMP TRUCK HINO 130 HD DA 8675 CO 251-038,251-038,DUMP TRUCK,Sarmut Kelompok Dump Truck,TR,DT,False,100.0,97.5,78.26,95.0,0.0,2.5,"SASARAN_MUTU_TRANSPORTASI_2026_SATUI,xlsx",,,,,
251039,SUNGAI DANAU,Apr,DUMP TRUCK HINO 130 HD DA 8678 CO 251-039,251-039,DUMP TRUCK,Sarmut Kelompok Dump Truck,TR,DT,False,100.0,97.5,103.7,95.0,0.0,2.5,"SASARAN_MUTU_TRANSPORTASI_2026_SATUI,xlsx",,,,,
251039,SUNGAI DANAU,Feb,DUMP TRUCK HINO 130 HD DA 8678 CO 251-039,251-039,DUMP TRUCK,Sarmut Kelompok Dump Truck,TR,DT,False,100.0,97.5,91.3,95.0,0.0,2.5,"SASARAN_MUTU_TRANSPORTASI_2026_SATUI,xlsx",,,,,
251039,SUNGAI DANAU,Jan,DUMP TRUCK HINO 130 HD DA 8678 CO 251-039,251-039,DUMP TRUCK,Sarmut Kelompok Dump Truck,TR,DT,False,100.0,97.5,100.0,95.0,0.0,2.5,"SASARAN_MUTU_TRANSPORTASI_2026_SATUI,xlsx",,,,,
251039,SUNGAI DANAU,Jun,DUMP TRUCK HINO 130 HD DA 8678 CO 251-039,251-039,DUMP TRUCK,Sarmut Kelompok Dump Truck,TR,DT,False,100.0,97.5,108.33,95.0,0.0,2.5,"SASARAN_MUTU_TRANSPORTASI_2026_SATUI,xlsx",,,,,
251039,SUNGAI DANAU,Mar,DUMP TRUCK HINO 130 HD DA 8678 CO 251-039,251-039,DUMP TRUCK,Sarmut Kelompok Dump Truck,TR,DT,False,100.0,97.5,104.55,95.0,0.0,2.5,"SASARAN_MUTU_TRANSPORTASI_2026_SATUI,xlsx",,,,,
251039,SUNGAI DANAU,May,DUMP TRUCK HINO 130 HD DA 8678 CO 251-039,251-039,DUMP TRUCK,Sarmut Kelompok Dump Truck,TR,DT,False,100.0,97.5,104.35,95.0,0.0,2.5,"SASARAN_MUTU_TRANSPORTASI_2026_SATUI,xlsx",,,,,
251040,SUNGAI DANAU,Apr,DUMP TRUCK HINO 130 HD DA 8679 CO 251-040,251-040,DUMP TRUCK,Sarmut Kelompok Dump Truck,TR,DT,False,96.3,97.5,88.46,95.0,3.7,2.5,"SASARAN_MUTU_TRANSPORTASI_2026_SATUI,xlsx",,,,,
251040,SUNGAI DANAU,Feb,DUMP TRUCK HINO 130 HD DA 8679 CO 251-040,251-040,DUMP TRUCK,Sarmut Kelompok Dump Truck,TR,DT,False,100.0,97.5,91.3,95.0,0.0,2.5,"SASARAN_MUTU_TRANSPORTASI_2026_SATUI,xlsx",,,,,
251040,SUNGAI DANAU,Jan,DUMP TRUCK HINO 130 HD DA 8679 CO 251-040,251-040,DUMP TRUCK,Sarmut Kelompok Dump Truck,TR,DT,False,100.0,97.5,92.0,95.0,0.0,2.5,"SASARAN_MUTU_TRANSPORTASI_2026_SATUI,xlsx",,,,,
251040,SUNGAI DANAU,Jun,DUMP TRUCK HINO 130 HD DA 8679 CO 251-040,251-040,DUMP TRUCK,Sarmut Kelompok Dump Truck,TR,DT,False,100.0,97.5,83.33,95.0,0.0,2.5,"SASARAN_MUTU_TRANSPORTASI_2026_SATUI,xlsx",,,,,
251040,SUNGAI DANAU,Mar,DUMP TRUCK HINO 130 HD DA 8679 CO 251-040,251-040,DUMP TRUCK,Sarmut Kelompok Dump Truck,TR,DT,False,100.0,97.5,86.36,95.0,0.0,2.5,"SASARAN_MUTU_TRANSPORTASI_2026_SATUI,xlsx",,,,,
251040,SUNGAI DANAU,May,DUMP TRUCK HINO 130 HD DA 8679 CO 251-040,251-040,DUMP TRUCK,Sarmut Kelompok Dump Truck,TR,DT,False,100.0,97.5,104.35,95.0,0.0,2.5,"SASARAN_MUTU_TRANSPORTASI_2026_SATUI,xlsx",,,,,
251041,SUNGAI DANAU,Apr,DUMP TRUCK HINO 130 HD DA 8680 CO 251-041,251-041,DUMP TRUCK,Sarmut Kelompok Dump Truck,TR,DT,False,100.0,97.5,96.3,95.0,0.0,2.5,"SASARAN_MUTU_TRANSPORTASI_2026_SATUI,xlsx",,,,,
251041,SUNGAI DANAU,Feb,DUMP TRUCK HINO 130 HD DA 8680 CO 251-041,251-041,DUMP TRUCK,Sarmut Kelompok Dump Truck,TR,DT,False,100.0,97.5,100.0,95.0,0.0,2.5,"SASARAN_MUTU_TRANSPORTASI_2026_SATUI,xlsx",,,,,
251041,SUNGAI DANAU,Jan,DUMP TRUCK HINO 130 HD DA 8680 CO 251-041,251-041,DUMP TRUCK,Sarmut Kelompok Dump Truck,TR,DT,False,100.0,97.5,96.0,95.0,0.0,2.5,"SASARAN_MUTU_TRANSPORTASI_2026_SATUI,xlsx",,,,,
251041,SUNGAI DANAU,Jun,DUMP TRUCK HINO 130 HD DA 8680 CO 251-041,251-041,DUMP TRUCK,Sarmut Kelompok Dump Truck,TR,DT,False,100.0,97.5,104.17,95.0,0.0,2.5,"SASARAN_MUTU_TRANSPORTASI_2026_SATUI,xlsx",,,,,
251041,SUNGAI DANAU,Mar,DUMP TRUCK HINO 130 HD DA 8680 CO 251-041,251-041,DUMP TRUCK,Sarmut Kelompok Dump Truck,TR,DT,False,100.0,97.5,95.45,95.0,0.0,2.5,"SASARAN_MUTU_TRANSPORTASI_2026_SATUI,xlsx",,,,,
251041,SUNGAI DANAU,May,DUMP TRUCK HINO 130 HD DA 8680 CO 251-041,251-041,DUMP TRUCK,Sarmut Kelompok Dump Truck,TR,DT,False,100.0,97.5,95.65,95.0,0.0,2.5,"SASARAN_MUTU_TRANSPORTASI_2026_SATUI,xlsx",,,,,
251042,SUNGAI DANAU,Apr,DUMP TRUCK HINO 130 HD DA 8681 CO 251-042,251-042,DUMP TRUCK,Sarmut Kelompok Dump Truck,TR,DT,False,100.0,97.5,100.0,95.0,0.0,2.5,"SASARAN_MUTU_TRANSPORTASI_2026_SATUI,xlsx",,,,,
251042,SUNGAI DANAU,Feb,DUMP TRUCK HINO 130 HD DA 8681 CO 251-042,251-042,DUMP TRUCK,Sarmut Kelompok Dump Truck,TR,DT,False,100.0,97.5,95.65,95.0,0.0,2.5,"SASARAN_MUTU_TRANSPORTASI_2026_SATUI,xlsx",,,,,
251042,SUNGAI DANAU,Jan,DUMP TRUCK HINO 130 HD DA 8681 CO 251-042,251-042,DUMP TRUCK,Sarmut Kelompok Dump Truck,TR,DT,False,100.0,97.5,92.0,95.0,0.0,2.5,"SASARAN_MUTU_TRANSPORTASI_2026_SATUI,xlsx",,,,,
251042,SUNGAI DANAU,Jun,DUMP TRUCK HINO 130 HD DA 8681 CO 251-042,251-042,DUMP TRUCK,Sarmut Kelompok Dump Truck,TR,DT,False,100.0,97.5,100.0,95.0,0.0,2.5,"SASARAN_MUTU_TRANSPORTASI_2026_SATUI,xlsx",,,,,
251042,SUNGAI DANAU,Mar,DUMP TRUCK HINO 130 HD DA 8681 CO 251-042,251-042,DUMP TRUCK,Sarmut Kelompok Dump Truck,TR,DT,False,95.45,97.5,100.0,95.0,4.55,2.5,"SASARAN_MUTU_TRANSPORTASI_2026_SATUI,xlsx",,,,,
251042,SUNGAI DANAU,May,DUMP TRUCK HINO 130 HD DA 8681 CO 251-042,251-042,DUMP TRUCK,Sarmut Kelompok Dump Truck,TR,DT,False,100.0,97.5,104.35,95.0,0.0,2.5,"SASARAN_MUTU_TRANSPORTASI_2026_SATUI,xlsx",,,,,
251044,SUNGAI DANAU,Apr,DUMP TRUCK HINO 130HD DA 8571 CP 251-044,251-044,DUMP TRUCK,Sarmut Kelompok Dump Truck,TR,DT,False,96.3,97.5,96.15,95.0,3.7,2.5,"SASARAN_MUTU_TRANSPORTASI_2026_SATUI,xlsx",,,,,
251044,SUNGAI DANAU,Feb,DUMP TRUCK HINO 130HD DA 8571 CP 251-044,251-044,DUMP TRUCK,Sarmut Kelompok Dump Truck,TR,DT,False,100.0,97.5,100.0,95.0,0.0,2.5,"SASARAN_MUTU_TRANSPORTASI_2026_SATUI,xlsx",,,,,
251044,SUNGAI DANAU,Jan,DUMP TRUCK HINO 130HD DA 8571 CP 251-044,251-044,DUMP TRUCK,Sarmut Kelompok Dump Truck,TR,DT,False,88.0,97.5,90.91,95.0,12.0,2.5,"SASARAN_MUTU_TRANSPORTASI_2026_SATUI,xlsx",,,,,
251044,SUNGAI DANAU,Jun,DUMP TRUCK HINO 130HD DA 8571 CP 251-044,251-044,DUMP TRUCK,Sarmut Kelompok Dump Truck,TR,DT,False,100.0,97.5,95.83,95.0,0.0,2.5,"SASARAN_MUTU_TRANSPORTASI_2026_SATUI,xlsx",,,,,
251044,SUNGAI DANAU,Mar,DUMP TRUCK HINO 130HD DA 8571 CP 251-044,251-044,DUMP TRUCK,Sarmut Kelompok Dump Truck,TR,DT,False,100.0,97.5,100.0,95.0,0.0,2.5,"SASARAN_MUTU_TRANSPORTASI_2026_SATUI,xlsx",,,,,
251044,SUNGAI DANAU,May,DUMP TRUCK HINO 130HD DA 8571 CP 251-044,251-044,DUMP TRUCK,Sarmut Kelompok Dump Truck,TR,DT,False,95.65,97.5,95.45,95.0,4.35,2.5,"SASARAN_MUTU_TRANSPORTASI_2026_SATUI,xlsx",,,,,
251045,SUNGAI DANAU,Apr,DUMP TRUCK HINO 130 HD DA 8643 CQ 251-045,251-045,DUMP TRUCK,Sarmut Kelompok Dump Truck,TR,DT,False,88.89,97.5,91.67,95.0,11.11,2.5,"SASARAN_MUTU_TRANSPORTASI_2026_SATUI,xlsx",,,,,
251045,SUNGAI DANAU,Feb,DUMP TRUCK HINO 130 HD DA 8643 CQ 251-045,251-045,DUMP TRUCK,Sarmut Kelompok Dump Truck,TR,DT,False,69.57,97.5,81.25,95.0,30.43,2.5,"SASARAN_MUTU_TRANSPORTASI_2026_SATUI,xlsx",,,,,
251045,SUNGAI DANAU,Jan,DUMP TRUCK HINO 130 HD DA 8643 CQ 251-045,251-045,DUMP TRUCK,Sarmut Kelompok Dump Truck,TR,DT,False,100.0,97.5,100.0,95.0,0.0,2.5,"SASARAN_MUTU_TRANSPORTASI_2026_SATUI,xlsx",,,,,
251045,SUNGAI DANAU,Jun,DUMP TRUCK HINO 130 HD DA 8643 CQ 251-045,251-045,DUMP TRUCK,Sarmut Kelompok Dump Truck,TR,DT,False,100.0,97.5,104.17,95.0,0.0,2.5,"SASARAN_MUTU_TRANSPORTASI_2026_SATUI,xlsx",,,,,
251045,SUNGAI DANAU,Mar,DUMP TRUCK HINO 130 HD DA 8643 CQ 251-045,251-045,DUMP TRUCK,Sarmut Kelompok Dump Truck,TR,DT,False,100.0,97.5,90.91,95.0,0.0,2.5,"SASARAN_MUTU_TRANSPORTASI_2026_SATUI,xlsx",,,,,
251045,SUNGAI DANAU,May,DUMP TRUCK HINO 130 HD DA 8643 CQ 251-045,251-045,DUMP TRUCK,Sarmut Kelompok Dump Truck,TR,DT,False,91.3,97.5,76.19,95.0,8.7,2.5,"SASARAN_MUTU_TRANSPORTASI_2026_SATUI,xlsx",,,,,
251046,SUNGAI DANAU,Apr,DUMP TRUCK HINO 130 HD DA 8642 CQ 251-046,251-046,DUMP TRUCK,Sarmut Kelompok Dump Truck,TR,DT,False,96.3,97.5,92.31,95.0,3.7,2.5,"SASARAN_MUTU_TRANSPORTASI_2026_SATUI,xlsx",,,,,
251046,SUNGAI DANAU,Feb,DUMP TRUCK HINO 130 HD DA 8642 CQ 251-046,251-046,DUMP TRUCK,Sarmut Kelompok Dump Truck,TR,DT,False,100.0,97.5,95.65,95.0,0.0,2.5,"SASARAN_MUTU_TRANSPORTASI_2026_SATUI,xlsx",,,,,
251046,SUNGAI DANAU,Jan,DUMP TRUCK HINO 130 HD DA 8642 CQ 251-046,251-046,DUMP TRUCK,Sarmut Kelompok Dump Truck,TR,DT,False,100.0,97.5,92.0,95.0,0.0,2.5,"SASARAN_MUTU_TRANSPORTASI_2026_SATUI,xlsx",,,,,
251046,SUNGAI DANAU,Jun,DUMP TRUCK HINO 130 HD DA 8642 CQ 251-046,251-046,DUMP TRUCK,Sarmut Kelompok Dump Truck,TR,DT,False,100.0,97.5,100.0,95.0,0.0,2.5,"SASARAN_MUTU_TRANSPORTASI_2026_SATUI,xlsx",,,,,
251046,SUNGAI DANAU,Mar,DUMP TRUCK HINO 130 HD DA 8642 CQ 251-046,251-046,DUMP TRUCK,Sarmut Kelompok Dump Truck,TR,DT,False,100.0,97.5,95.45,95.0,0.0,2.5,"SASARAN_MUTU_TRANSPORTASI_2026_SATUI,xlsx",,,,,
251046,SUNGAI DANAU,May,DUMP TRUCK HINO 130 HD DA 8642 CQ 251-046,251-046,DUMP TRUCK,Sarmut Kelompok Dump Truck,TR,DT,False,95.65,97.5,100.0,95.0,4.35,2.5,"SASARAN_MUTU_TRANSPORTASI_2026_SATUI,xlsx",,,,,
251047,SUNGAI DANAU,Apr,DUMP TRUCK HINO 130 HD DA 8923 CV 251-047,251-047,DUMP TRUCK,Sarmut Kelompok Dump Truck,TR,DT,False,100.0,97.5,96.3,95.0,0.0,2.5,"SASARAN_MUTU_TRANSPORTASI_2026_SATUI,xlsx",,,,,
251047,SUNGAI DANAU,Feb,DUMP TRUCK HINO 130 HD DA 8923 CV 251-047,251-047,DUMP TRUCK,Sarmut Kelompok Dump Truck,TR,DT,False,91.3,97.5,95.24,95.0,8.7,2.5,"SASARAN_MUTU_TRANSPORTASI_2026_SATUI,xlsx",,,,,
251047,SUNGAI DANAU,Jan,DUMP TRUCK HINO 130 HD DA 8923 CV 251-047,251-047,DUMP TRUCK,Sarmut Kelompok Dump Truck,TR,DT,False,96.0,97.5,91.67,95.0,4.0,2.5,"SASARAN_MUTU_TRANSPORTASI_2026_SATUI,xlsx",,,,,
251047,SUNGAI DANAU,Jun,DUMP TRUCK HINO 130 HD DA 8923 CV 251-047,251-047,DUMP TRUCK,Sarmut Kelompok Dump Truck,TR,DT,False,100.0,97.5,100.0,95.0,0.0,2.5,"SASARAN_MUTU_TRANSPORTASI_2026_SATUI,xlsx",,,,,
251047,SUNGAI DANAU,Mar,DUMP TRUCK HINO 130 HD DA 8923 CV 251-047,251-047,DUMP TRUCK,Sarmut Kelompok Dump Truck,TR,DT,False,95.45,97.5,85.71,95.0,4.55,2.5,"SASARAN_MUTU_TRANSPORTASI_2026_SATUI,xlsx",,,,,
251047,SUNGAI DANAU,May,DUMP TRUCK HINO 130 HD DA 8923 CV 251-047,251-047,DUMP TRUCK,Sarmut Kelompok Dump Truck,TR,DT,False,100.0,97.5,100.0,95.0,0.0,2.5,"SASARAN_MUTU_TRANSPORTASI_2026_SATUI,xlsx",,,,,
251048,SUNGAI DANAU,Apr,DUMP TRUCK HINO 130 HD DA 8921 CV 251-048,251-048,DUMP TRUCK,Sarmut Kelompok Dump Truck,TR,DT,False,100.0,97.5,92.59,95.0,0.0,2.5,"SASARAN_MUTU_TRANSPORTASI_2026_SATUI,xlsx",,,,,
251048,SUNGAI DANAU,Feb,DUMP TRUCK HINO 130 HD DA 8921 CV 251-048,251-048,DUMP TRUCK,Sarmut Kelompok Dump Truck,TR,DT,False,100.0,97.5,100.0,95.0,0.0,2.5,"SASARAN_MUTU_TRANSPORTASI_2026_SATUI,xlsx",,,,,
251048,SUNGAI DANAU,Jan,DUMP TRUCK HINO 130 HD DA 8921 CV 251-048,251-048,DUMP TRUCK,Sarmut Kelompok Dump Truck,TR,DT,False,100.0,97.5,108.0,95.0,0.0,2.5,"SASARAN_MUTU_TRANSPORTASI_2026_SATUI,xlsx",,,,,
251048,SUNGAI DANAU,Jun,DUMP TRUCK HINO 130 HD DA 8921 CV 251-048,251-048,DUMP TRUCK,Sarmut Kelompok Dump Truck,TR,DT,False,95.83,97.5,100.0,95.0,4.17,2.5,"SASARAN_MUTU_TRANSPORTASI_2026_SATUI,xlsx",,,,,
251048,SUNGAI DANAU,Mar,DUMP TRUCK HINO 130 HD DA 8921 CV 251-048,251-048,DUMP TRUCK,Sarmut Kelompok Dump Truck,TR,DT,False,100.0,97.5,104.55,95.0,0.0,2.5,"SASARAN_MUTU_TRANSPORTASI_2026_SATUI,xlsx",,,,,
251048,SUNGAI DANAU,May,DUMP TRUCK HINO 130 HD DA 8921 CV 251-048,251-048,DUMP TRUCK,Sarmut Kelompok Dump Truck,TR,DT,False,100.0,97.5,104.35,95.0,0.0,2.5,"SASARAN_MUTU_TRANSPORTASI_2026_SATUI,xlsx",,,,,
251049,SUNGAI DANAU,Apr,DUMP TRUCK HINO 130 HD DA 8924 CV 251-049,251-049,DUMP TRUCK,Sarmut Kelompok Dump Truck,TR,DT,False,100.0,97.5,96.3,95.0,0.0,2.5,"SASARAN_MUTU_TRANSPORTASI_2026_SATUI,xlsx",,,,,
251049,SUNGAI DANAU,Feb,DUMP TRUCK HINO 130 HD DA 8924 CV 251-049,251-049,DUMP TRUCK,Sarmut Kelompok Dump Truck,TR,DT,False,100.0,97.5,95.65,95.0,0.0,2.5,"SASARAN_MUTU_TRANSPORTASI_2026_SATUI,xlsx",,,,,
251049,SUNGAI DANAU,Jan,DUMP TRUCK HINO 130 HD DA 8924 CV 251-049,251-049,DUMP TRUCK,Sarmut Kelompok Dump Truck,TR,DT,False,100.0,97.5,88.0,95.0,0.0,2.5,"SASARAN_MUTU_TRANSPORTASI_2026_SATUI,xlsx",,,,,
251049,SUNGAI DANAU,Jun,DUMP TRUCK HINO 130 HD DA 8924 CV 251-049,251-049,DUMP TRUCK,Sarmut Kelompok Dump Truck,TR,DT,False,100.0,97.5,112.5,95.0,0.0,2.5,"SASARAN_MUTU_TRANSPORTASI_2026_SATUI,xlsx",,,,,
251049,SUNGAI DANAU,Mar,DUMP TRUCK HINO 130 HD DA 8924 CV 251-049,251-049,DUMP TRUCK,Sarmut Kelompok Dump Truck,TR,DT,False,100.0,97.5,90.91,95.0,0.0,2.5,"SASARAN_MUTU_TRANSPORTASI_2026_SATUI,xlsx",,,,,
251049,SUNGAI DANAU,May,DUMP TRUCK HINO 130 HD DA 8924 CV 251-049,251-049,DUMP TRUCK,Sarmut Kelompok Dump Truck,TR,DT,False,100.0,97.5,104.35,95.0,0.0,2.5,"SASARAN_MUTU_TRANSPORTASI_2026_SATUI,xlsx",,,,,
251050,SUNGAI DANAU,Apr,DUMP TRUCK HINO 130 HD DA 8925 CV 251-050,251-050,DUMP TRUCK,Sarmut Kelompok Dump Truck,TR,DT,False,100.0,97.5,92.59,95.0,0.0,2.5,"SASARAN_MUTU_TRANSPORTASI_2026_SATUI,xlsx",,,,,
251050,SUNGAI DANAU,Feb,DUMP TRUCK HINO 130 HD DA 8925 CV 251-050,251-050,DUMP TRUCK,Sarmut Kelompok Dump Truck,TR,DT,False,95.65,97.5,100.0,95.0,4.35,2.5,"SASARAN_MUTU_TRANSPORTASI_2026_SATUI,xlsx",,,,,
251050,SUNGAI DANAU,Jan,DUMP TRUCK HINO 130 HD DA 8925 CV 251-050,251-050,DUMP TRUCK,Sarmut Kelompok Dump Truck,TR,DT,False,100.0,97.5,100.0,95.0,0.0,2.5,"SASARAN_MUTU_TRANSPORTASI_2026_SATUI,xlsx",,,,,
251050,SUNGAI DANAU,Jun,DUMP TRUCK HINO 130 HD DA 8925 CV 251-050,251-050,DUMP TRUCK,Sarmut Kelompok Dump Truck,TR,DT,False,100.0,97.5,95.83,95.0,0.0,2.5,"SASARAN_MUTU_TRANSPORTASI_2026_SATUI,xlsx",,,,,
251050,SUNGAI DANAU,Mar,DUMP TRUCK HINO 130 HD DA 8925 CV 251-050,251-050,DUMP TRUCK,Sarmut Kelompok Dump Truck,TR,DT,False,95.45,97.5,100.0,95.0,4.55,2.5,"SASARAN_MUTU_TRANSPORTASI_2026_SATUI,xlsx",,,,,
251050,SUNGAI DANAU,May,DUMP TRUCK HINO 130 HD DA 8925 CV 251-050,251-050,DUMP TRUCK,Sarmut Kelompok Dump Truck,TR,DT,False,100.0,97.5,108.7,95.0,0.0,2.5,"SASARAN_MUTU_TRANSPORTASI_2026_SATUI,xlsx",,,,,
251051,SUNGAI DANAU,Apr,DUMP TRUCK HINO 130 HD DA 8012 CZ 251-051,251-051,DUMP TRUCK,Sarmut Kelompok Dump Truck,TR,DT,False,100.0,97.5,85.19,95.0,0.0,2.5,"SASARAN_MUTU_TRANSPORTASI_2026_SATUI,xlsx",,,,,
251051,SUNGAI DANAU,Feb,DUMP TRUCK HINO 130 HD DA 8012 CZ 251-051,251-051,DUMP TRUCK,Sarmut Kelompok Dump Truck,TR,DT,False,100.0,97.5,100.0,95.0,0.0,2.5,"SASARAN_MUTU_TRANSPORTASI_2026_SATUI,xlsx",,,,,
251051,SUNGAI DANAU,Jan,DUMP TRUCK HINO 130 HD DA 8012 CZ 251-051,251-051,DUMP TRUCK,Sarmut Kelompok Dump Truck,TR,DT,False,100.0,97.5,96.0,95.0,0.0,2.5,"SASARAN_MUTU_TRANSPORTASI_2026_SATUI,xlsx",,,,,
251051,SUNGAI DANAU,Jun,DUMP TRUCK HINO 130 HD DA 8012 CZ 251-051,251-051,DUMP TRUCK,Sarmut Kelompok Dump Truck,TR,DT,False,100.0,97.5,104.17,95.0,0.0,2.5,"SASARAN_MUTU_TRANSPORTASI_2026_SATUI,xlsx",,,,,
251051,SUNGAI DANAU,Mar,DUMP TRUCK HINO 130 HD DA 8012 CZ 251-051,251-051,DUMP TRUCK,Sarmut Kelompok Dump Truck,TR,DT,False,95.45,97.5,100.0,95.0,4.55,2.5,"SASARAN_MUTU_TRANSPORTASI_2026_SATUI,xlsx",,,,,
251051,SUNGAI DANAU,May,DUMP TRUCK HINO 130 HD DA 8012 CZ 251-051,251-051,DUMP TRUCK,Sarmut Kelompok Dump Truck,TR,DT,False,100.0,97.5,104.35,95.0,0.0,2.5,"SASARAN_MUTU_TRANSPORTASI_2026_SATUI,xlsx",,,,,
251052,SUNGAI DANAU,Apr,DUMP TRUCK HINO 130 HD DA 8013 CZ 251-052,251-052,DUMP TRUCK,Sarmut Kelompok Dump Truck,TR,DT,False,100.0,97.5,100.0,95.0,0.0,2.5,"SASARAN_MUTU_TRANSPORTASI_2026_SATUI,xlsx",,,,,
251052,SUNGAI DANAU,Feb,DUMP TRUCK HINO 130 HD DA 8013 CZ 251-052,251-052,DUMP TRUCK,Sarmut Kelompok Dump Truck,TR,DT,False,100.0,97.5,95.65,95.0,0.0,2.5,"SASARAN_MUTU_TRANSPORTASI_2026_SATUI,xlsx",,,,,
251052,SUNGAI DANAU,Jan,DUMP TRUCK HINO 130 HD DA 8013 CZ 251-052,251-052,DUMP TRUCK,Sarmut Kelompok Dump Truck,TR,DT,False,100.0,97.5,104.0,95.0,0.0,2.5,"SASARAN_MUTU_TRANSPORTASI_2026_SATUI,xlsx",,,,,
251052,SUNGAI DANAU,Jun,DUMP TRUCK HINO 130 HD DA 8013 CZ 251-052,251-052,DUMP TRUCK,Sarmut Kelompok Dump Truck,TR,DT,False,100.0,97.5,91.67,95.0,0.0,2.5,"SASARAN_MUTU_TRANSPORTASI_2026_SATUI,xlsx",,,,,
251052,SUNGAI DANAU,Mar,DUMP TRUCK HINO 130 HD DA 8013 CZ 251-052,251-052,DUMP TRUCK,Sarmut Kelompok Dump Truck,TR,DT,False,95.45,97.5,95.24,95.0,4.55,2.5,"SASARAN_MUTU_TRANSPORTASI_2026_SATUI,xlsx",,,,,
251052,SUNGAI DANAU,May,DUMP TRUCK HINO 130 HD DA 8013 CZ 251-052,251-052,DUMP TRUCK,Sarmut Kelompok Dump Truck,TR,DT,False,95.65,97.5,100.0,95.0,4.35,2.5,"SASARAN_MUTU_TRANSPORTASI_2026_SATUI,xlsx",,,,,
251053,SUNGAI DANAU,Apr,DUMP TRUCK HINO 130 HD DA 8014 CZ 251-053,251-053,DUMP TRUCK,Sarmut Kelompok Dump Truck,TR,DT,False,100.0,97.5,92.59,95.0,0.0,2.5,"SASARAN_MUTU_TRANSPORTASI_2026_SATUI,xlsx",,,,,
251053,SUNGAI DANAU,Feb,DUMP TRUCK HINO 130 HD DA 8014 CZ 251-053,251-053,DUMP TRUCK,Sarmut Kelompok Dump Truck,TR,DT,False,100.0,97.5,82.61,95.0,0.0,2.5,"SASARAN_MUTU_TRANSPORTASI_2026_SATUI,xlsx",,,,,
251053,SUNGAI DANAU,Jan,DUMP TRUCK HINO 130 HD DA 8014 CZ 251-053,251-053,DUMP TRUCK,Sarmut Kelompok Dump Truck,TR,DT,False,100.0,97.5,80.0,95.0,0.0,2.5,"SASARAN_MUTU_TRANSPORTASI_2026_SATUI,xlsx",,,,,
251053,SUNGAI DANAU,Jun,DUMP TRUCK HINO 130 HD DA 8014 CZ 251-053,251-053,DUMP TRUCK,Sarmut Kelompok Dump Truck,TR,DT,False,100.0,97.5,108.33,95.0,0.0,2.5,"SASARAN_MUTU_TRANSPORTASI_2026_SATUI,xlsx",,,,,
251053,SUNGAI DANAU,Mar,DUMP TRUCK HINO 130 HD DA 8014 CZ 251-053,251-053,DUMP TRUCK,Sarmut Kelompok Dump Truck,TR,DT,False,95.45,97.5,76.19,95.0,4.55,2.5,"SASARAN_MUTU_TRANSPORTASI_2026_SATUI,xlsx",,,,,
251053,SUNGAI DANAU,May,DUMP TRUCK HINO 130 HD DA 8014 CZ 251-053,251-053,DUMP TRUCK,Sarmut Kelompok Dump Truck,TR,DT,False,100.0,97.5,108.7,95.0,0.0,2.5,"SASARAN_MUTU_TRANSPORTASI_2026_SATUI,xlsx",,,,,
251054,SUNGAI DANAU,Apr,DUMP TRUCK HINO 130 HD DA 8016 CZ 251-054,251-054,DUMP TRUCK,Sarmut Kelompok Dump Truck,TR,DT,False,100.0,97.5,96.3,95.0,0.0,2.5,"SASARAN_MUTU_TRANSPORTASI_2026_SATUI,xlsx",,,,,
251054,SUNGAI DANAU,Feb,DUMP TRUCK HINO 130 HD DA 8016 CZ 251-054,251-054,DUMP TRUCK,Sarmut Kelompok Dump Truck,TR,DT,False,100.0,97.5,95.65,95.0,0.0,2.5,"SASARAN_MUTU_TRANSPORTASI_2026_SATUI,xlsx",,,,,
251054,SUNGAI DANAU,Jan,DUMP TRUCK HINO 130 HD DA 8016 CZ 251-054,251-054,DUMP TRUCK,Sarmut Kelompok Dump Truck,TR,DT,False,100.0,97.5,96.0,95.0,0.0,2.5,"SASARAN_MUTU_TRANSPORTASI_2026_SATUI,xlsx",,,,,
251054,SUNGAI DANAU,Jun,DUMP TRUCK HINO 130 HD DA 8016 CZ 251-054,251-054,DUMP TRUCK,Sarmut Kelompok Dump Truck,TR,DT,False,100.0,97.5,100.0,95.0,0.0,2.5,"SASARAN_MUTU_TRANSPORTASI_2026_SATUI,xlsx",,,,,
251054,SUNGAI DANAU,Mar,DUMP TRUCK HINO 130 HD DA 8016 CZ 251-054,251-054,DUMP TRUCK,Sarmut Kelompok Dump Truck,TR,DT,False,95.45,97.5,95.24,95.0,4.55,2.5,"SASARAN_MUTU_TRANSPORTASI_2026_SATUI,xlsx",,,,,
251054,SUNGAI DANAU,May,DUMP TRUCK HINO 130 HD DA 8016 CZ 251-054,251-054,DUMP TRUCK,Sarmut Kelompok Dump Truck,TR,DT,False,100.0,97.5,100.0,95.0,0.0,2.5,"SASARAN_MUTU_TRANSPORTASI_2026_SATUI,xlsx",,,,,
251055,SUNGAI DANAU,Apr,DUMP TRUCK HINO 130 HD DA 8015 CZ 251-055,251-055,DUMP TRUCK,Sarmut Kelompok Dump Truck,TR,DT,False,96.3,97.5,96.15,95.0,3.7,2.5,"SASARAN_MUTU_TRANSPORTASI_2026_SATUI,xlsx",,,,,
251055,SUNGAI DANAU,Feb,DUMP TRUCK HINO 130 HD DA 8015 CZ 251-055,251-055,DUMP TRUCK,Sarmut Kelompok Dump Truck,TR,DT,False,100.0,97.5,95.65,95.0,0.0,2.5,"SASARAN_MUTU_TRANSPORTASI_2026_SATUI,xlsx",,,,,
251055,SUNGAI DANAU,Jan,DUMP TRUCK HINO 130 HD DA 8015 CZ 251-055,251-055,DUMP TRUCK,Sarmut Kelompok Dump Truck,TR,DT,False,100.0,97.5,96.0,95.0,0.0,2.5,"SASARAN_MUTU_TRANSPORTASI_2026_SATUI,xlsx",,,,,
251055,SUNGAI DANAU,Jun,DUMP TRUCK HINO 130 HD DA 8015 CZ 251-055,251-055,DUMP TRUCK,Sarmut Kelompok Dump Truck,TR,DT,False,100.0,97.5,95.83,95.0,0.0,2.5,"SASARAN_MUTU_TRANSPORTASI_2026_SATUI,xlsx",,,,,
251055,SUNGAI DANAU,Mar,DUMP TRUCK HINO 130 HD DA 8015 CZ 251-055,251-055,DUMP TRUCK,Sarmut Kelompok Dump Truck,TR,DT,False,100.0,97.5,95.45,95.0,0.0,2.5,"SASARAN_MUTU_TRANSPORTASI_2026_SATUI,xlsx",,,,,
251055,SUNGAI DANAU,May,DUMP TRUCK HINO 130 HD DA 8015 CZ 251-055,251-055,DUMP TRUCK,Sarmut Kelompok Dump Truck,TR,DT,False,100.0,97.5,104.35,95.0,0.0,2.5,"SASARAN_MUTU_TRANSPORTASI_2026_SATUI,xlsx",,,,,
251056,SUNGAI DANAU,Apr,DUMP TRUCK HINO 130 HD 25-85 251-056,251-056,DUMP TRUCK,Sarmut Kelompok Dump Truck,TR,DT,False,100.0,97.5,107.41,95.0,0.0,2.5,"SASARAN_MUTU_TRANSPORTASI_2026_SATUI,xlsx",,,,,
251056,SUNGAI DANAU,Feb,DUMP TRUCK HINO 130 HD 25-85 251-056,251-056,DUMP TRUCK,Sarmut Kelompok Dump Truck,TR,DT,False,100.0,97.5,95.65,95.0,0.0,2.5,"SASARAN_MUTU_TRANSPORTASI_2026_SATUI,xlsx",,,,,
251056,SUNGAI DANAU,Jan,DUMP TRUCK HINO 130 HD 25-85 251-056,251-056,DUMP TRUCK,Sarmut Kelompok Dump Truck,TR,DT,False,100.0,97.5,108.0,95.0,0.0,2.5,"SASARAN_MUTU_TRANSPORTASI_2026_SATUI,xlsx",,,,,
251056,SUNGAI DANAU,Jun,DUMP TRUCK HINO 130 HD 25-85 251-056,251-056,DUMP TRUCK,Sarmut Kelompok Dump Truck,TR,DT,False,100.0,97.5,120.83,95.0,0.0,2.5,"SASARAN_MUTU_TRANSPORTASI_2026_SATUI,xlsx",,,,,
251056,SUNGAI DANAU,Mar,DUMP TRUCK HINO 130 HD 25-85 251-056,251-056,DUMP TRUCK,Sarmut Kelompok Dump Truck,TR,DT,False,100.0,97.5,104.55,95.0,0.0,2.5,"SASARAN_MUTU_TRANSPORTASI_2026_SATUI,xlsx",,,,,
251056,SUNGAI DANAU,May,DUMP TRUCK HINO 130 HD 25-85 251-056,251-056,DUMP TRUCK,Sarmut Kelompok Dump Truck,TR,DT,False,100.0,97.5,117.39,95.0,0.0,2.5,"SASARAN_MUTU_TRANSPORTASI_2026_SATUI,xlsx",,,,,
251057,SUNGAI DANAU,Apr,DUMP TRUCK HINO 130 HD 25-86 251-057,251-057,DUMP TRUCK,Sarmut Kelompok Dump Truck,TR,DT,False,100.0,97.5,100.0,95.0,0.0,2.5,"SASARAN_MUTU_TRANSPORTASI_2026_SATUI,xlsx",,,,,
251057,SUNGAI DANAU,Feb,DUMP TRUCK HINO 130 HD 25-86 251-057,251-057,DUMP TRUCK,Sarmut Kelompok Dump Truck,TR,DT,False,100.0,97.5,100.0,95.0,0.0,2.5,"SASARAN_MUTU_TRANSPORTASI_2026_SATUI,xlsx",,,,,
251057,SUNGAI DANAU,Jan,DUMP TRUCK HINO 130 HD 25-86 251-057,251-057,DUMP TRUCK,Sarmut Kelompok Dump Truck,TR,DT,False,100.0,97.5,100.0,95.0,0.0,2.5,"SASARAN_MUTU_TRANSPORTASI_2026_SATUI,xlsx",,,,,
251057,SUNGAI DANAU,Jun,DUMP TRUCK HINO 130 HD 25-86 251-057,251-057,DUMP TRUCK,Sarmut Kelompok Dump Truck,TR,DT,False,100.0,97.5,104.17,95.0,0.0,2.5,"SASARAN_MUTU_TRANSPORTASI_2026_SATUI,xlsx",,,,,
251057,SUNGAI DANAU,Mar,DUMP TRUCK HINO 130 HD 25-86 251-057,251-057,DUMP TRUCK,Sarmut Kelompok Dump Truck,TR,DT,False,95.45,97.5,95.24,95.0,4.55,2.5,"SASARAN_MUTU_TRANSPORTASI_2026_SATUI,xlsx",,,,,
251057,SUNGAI DANAU,May,DUMP TRUCK HINO 130 HD 25-86 251-057,251-057,DUMP TRUCK,Sarmut Kelompok Dump Truck,TR,DT,False,100.0,97.5,113.04,95.0,0.0,2.5,"SASARAN_MUTU_TRANSPORTASI_2026_SATUI,xlsx",,,,,
251060,SUNGAI DANAU,Apr,DUMP TRUCK HINO 130HD DA 8476 JJ 251-060,251-060,DUMP TRUCK,Sarmut Kelompok Dump Truck,TR,DT,False,100.0,97.5,96.3,95.0,0.0,2.5,"SASARAN_MUTU_TRANSPORTASI_2026_SATUI,xlsx",,,,,
251060,SUNGAI DANAU,Feb,DUMP TRUCK HINO 130HD DA 8476 JJ 251-060,251-060,DUMP TRUCK,Sarmut Kelompok Dump Truck,TR,DT,False,100.0,97.5,100.0,95.0,0.0,2.5,"SASARAN_MUTU_TRANSPORTASI_2026_SATUI,xlsx",,,,,
251060,SUNGAI DANAU,Jan,DUMP TRUCK HINO 130HD DA 8476 JJ 251-060,251-060,DUMP TRUCK,Sarmut Kelompok Dump Truck,TR,DT,False,100.0,97.5,104.0,95.0,0.0,2.5,"SASARAN_MUTU_TRANSPORTASI_2026_SATUI,xlsx",,,,,
251060,SUNGAI DANAU,Jun,DUMP TRUCK HINO 130HD DA 8476 JJ 251-060,251-060,DUMP TRUCK,Sarmut Kelompok Dump Truck,TR,DT,False,95.83,97.5,113.04,95.0,4.17,2.5,"SASARAN_MUTU_TRANSPORTASI_2026_SATUI,xlsx",,,,,
251060,SUNGAI DANAU,Mar,DUMP TRUCK HINO 130HD DA 8476 JJ 251-060,251-060,DUMP TRUCK,Sarmut Kelompok Dump Truck,TR,DT,False,100.0,97.5,100.0,95.0,0.0,2.5,"SASARAN_MUTU_TRANSPORTASI_2026_SATUI,xlsx",,,,,
251060,SUNGAI DANAU,May,DUMP TRUCK HINO 130HD DA 8476 JJ 251-060,251-060,DUMP TRUCK,Sarmut Kelompok Dump Truck,TR,DT,False,100.0,97.5,104.35,95.0,0.0,2.5,"SASARAN_MUTU_TRANSPORTASI_2026_SATUI,xlsx",,,,,
251063,SUNGAI DANAU,Apr,DUMPTRUCK 136 HDX 251-063,251-063,DUMP TRUCK,Sarmut Kelompok Dump Truck,TR,DT,False,100.0,97.5,100.0,95.0,0.0,2.5,"SASARAN_MUTU_TRANSPORTASI_2026_SATUI,xlsx",,,,,
251063,SUNGAI DANAU,Feb,DUMPTRUCK 136 HDX 251-063,251-063,DUMP TRUCK,Sarmut Kelompok Dump Truck,TR,DT,False,100.0,97.5,100.0,95.0,0.0,2.5,"SASARAN_MUTU_TRANSPORTASI_2026_SATUI,xlsx",,,,,
251063,SUNGAI DANAU,Jan,DUMPTRUCK 136 HDX 251-063,251-063,DUMP TRUCK,Sarmut Kelompok Dump Truck,TR,DT,False,100.0,97.5,100.0,95.0,0.0,2.5,"SASARAN_MUTU_TRANSPORTASI_2026_SATUI,xlsx",,,,,
251063,SUNGAI DANAU,Jun,DUMPTRUCK 136 HDX 251-063,251-063,DUMP TRUCK,Sarmut Kelompok Dump Truck,TR,DT,False,100.0,97.5,91.67,95.0,0.0,2.5,"SASARAN_MUTU_TRANSPORTASI_2026_SATUI,xlsx",,,,,
251063,SUNGAI DANAU,Mar,DUMPTRUCK 136 HDX 251-063,251-063,DUMP TRUCK,Sarmut Kelompok Dump Truck,TR,DT,False,100.0,97.5,104.55,95.0,0.0,2.5,"SASARAN_MUTU_TRANSPORTASI_2026_SATUI,xlsx",,,,,
251063,SUNGAI DANAU,May,DUMPTRUCK 136 HDX 251-063,251-063,DUMP TRUCK,Sarmut Kelompok Dump Truck,TR,DT,False,100.0,97.5,117.39,95.0,0.0,2.5,"SASARAN_MUTU_TRANSPORTASI_2026_SATUI,xlsx",,,,,
251064,SUNGAI DANAU,Apr,DUMPTRUCK HINO 136 HDX 251-064,251-064,DUMP TRUCK,Sarmut Kelompok Dump Truck,TR,DT,False,100.0,97.5,96.3,95.0,0.0,2.5,"SASARAN_MUTU_TRANSPORTASI_2026_SATUI,xlsx",,,,,
251064,SUNGAI DANAU,Feb,DUMPTRUCK HINO 136 HDX 251-064,251-064,DUMP TRUCK,Sarmut Kelompok Dump Truck,TR,DT,False,91.3,97.5,95.24,95.0,8.7,2.5,"SASARAN_MUTU_TRANSPORTASI_2026_SATUI,xlsx",,,,,
251064,SUNGAI DANAU,Jan,DUMPTRUCK HINO 136 HDX 251-064,251-064,DUMP TRUCK,Sarmut Kelompok Dump Truck,TR,DT,False,100.0,97.5,72.0,95.0,0.0,2.5,"SASARAN_MUTU_TRANSPORTASI_2026_SATUI,xlsx",,,,,
251064,SUNGAI DANAU,Jun,DUMPTRUCK HINO 136 HDX 251-064,251-064,DUMP TRUCK,Sarmut Kelompok Dump Truck,TR,DT,False,100.0,97.5,104.17,95.0,0.0,2.5,"SASARAN_MUTU_TRANSPORTASI_2026_SATUI,xlsx",,,,,
251064,SUNGAI DANAU,Mar,DUMPTRUCK HINO 136 HDX 251-064,251-064,DUMP TRUCK,Sarmut Kelompok Dump Truck,TR,DT,False,100.0,97.5,100.0,95.0,0.0,2.5,"SASARAN_MUTU_TRANSPORTASI_2026_SATUI,xlsx",,,,,
251064,SUNGAI DANAU,May,DUMPTRUCK HINO 136 HDX 251-064,251-064,DUMP TRUCK,Sarmut Kelompok Dump Truck,TR,DT,False,100.0,97.5,104.35,95.0,0.0,2.5,"SASARAN_MUTU_TRANSPORTASI_2026_SATUI,xlsx",,,,,
251059,SUNGAI DANAU,Apr,DUMP TRUCK HINO 130HD DA 8475 JJ 251-059,251-059,DUMP TRUCK,Sarmut Kelompok Dump Truck,TR,Tarif Tetap,False,100.0,97.5,96.3,95.0,0.0,2.5,"SASARAN_MUTU_TRANSPORTASI_2026_SATUI,xlsx",,,,,
251059,SUNGAI DANAU,Feb,DUMP TRUCK HINO 130HD DA 8475 JJ 251-059,251-059,DUMP TRUCK,Sarmut Kelompok Dump Truck,TR,Tarif Tetap,False,100.0,97.5,100.0,95.0,0.0,2.5,"SASARAN_MUTU_TRANSPORTASI_2026_SATUI,xlsx",,,,,
251059,SUNGAI DANAU,Jan,DUMP TRUCK HINO 130HD DA 8475 JJ 251-059,251-059,DUMP TRUCK,Sarmut Kelompok Dump Truck,TR,Tarif Tetap,False,100.0,97.5,104.0,95.0,0.0,2.5,"SASARAN_MUTU_TRANSPORTASI_2026_SATUI,xlsx",,,,,
251059,SUNGAI DANAU,Jun,DUMP TRUCK HINO 130HD DA 8475 JJ 251-059,251-059,DUMP TRUCK,Sarmut Kelompok Dump Truck,TR,Tarif Tetap,False,100.0,97.5,104.17,95.0,0.0,2.5,"SASARAN_MUTU_TRANSPORTASI_2026_SATUI,xlsx",,,,,
251059,SUNGAI DANAU,Mar,DUMP TRUCK HINO 130HD DA 8475 JJ 251-059,251-059,DUMP TRUCK,Sarmut Kelompok Dump Truck,TR,Tarif Tetap,False,100.0,97.5,104.55,95.0,0.0,2.5,"SASARAN_MUTU_TRANSPORTASI_2026_SATUI,xlsx",,,,,
251059,SUNGAI DANAU,May,DUMP TRUCK HINO 130HD DA 8475 JJ 251-059,251-059,DUMP TRUCK,Sarmut Kelompok Dump Truck,TR,Tarif Tetap,False,100.0,97.5,86.96,95.0,0.0,2.5,"SASARAN_MUTU_TRANSPORTASI_2026_SATUI,xlsx",,,,,
312002,TANJUNG,Apr,DUMP TRUCK HINO FM 260 JD 312-002,312-002,DUMP TRUCK,Sarmut Kelompok Dump Truck,AB,DT FM 260 JD,False,0.0,85.0,0.0,95.0,100.0,15.0,"SASARAN_MUTU_DT_2026_TANJUNG,xlsx",,,,,
312002,TANJUNG,Jun,DUMP TRUCK HINO FM 260 JD 312-002,312-002,DUMP TRUCK,Sarmut Kelompok Dump Truck,AB,DT FM 260 JD,False,38.29,85.0,0.0,95.0,61.71,15.0,"SASARAN_MUTU_DT_2026_TANJUNG,xlsx",,,,,
312002,TANJUNG,Mar,DUMP TRUCK HINO FM 260 JD 312-002,312-002,DUMP TRUCK,Sarmut Kelompok Dump Truck,AB,DT FM 260 JD,False,0.0,85.0,0.0,95.0,100.0,15.0,"SASARAN_MUTU_DT_2026_TANJUNG,xlsx",,,,,
312002,TANJUNG,May,DUMP TRUCK HINO FM 260 JD 312-002,312-002,DUMP TRUCK,Sarmut Kelompok Dump Truck,AB,DT FM 260 JD,False,0.0,85.0,0.0,95.0,100.0,15.0,"SASARAN_MUTU_DT_2026_TANJUNG,xlsx",,,,,
312007,TANJUNG,Jan,DUMP TRUCK HINO FM 260 JD 312-007,312-007,DUMP TRUCK,Sarmut Kelompok Dump Truck,AB,DT FM 260 JD,False,100.0,85.0,0.0,95.0,0.0,15.0,"SASARAN_MUTU_DT_2026_TANJUNG,xlsx",,,,,
312015,TANJUNG,Apr,DUMP TRUCK HINO FM 260 JD 312-015,312-015,DUMP TRUCK,Sarmut Kelompok Dump Truck,AB,DT FM 260 JD,False,100.0,85.0,0.0,95.0,0.0,15.0,"SASARAN_MUTU_DT_2026_TANJUNG,xlsx",,,,,
312015,TANJUNG,Feb,DUMP TRUCK HINO FM 260 JD 312-015,312-015,DUMP TRUCK,Sarmut Kelompok Dump Truck,AB,DT FM 260 JD,False,74.0,85.0,7.22,95.0,26.0,15.0,"SASARAN_MUTU_DT_2026_TANJUNG,xlsx",,,,,
312015,TANJUNG,Jan,DUMP TRUCK HINO FM 260 JD 312-015,312-015,DUMP TRUCK,Sarmut Kelompok Dump Truck,AB,DT FM 260 JD,False,90.97,85.0,33.04,95.0,9.03,15.0,"SASARAN_MUTU_DT_2026_TANJUNG,xlsx",,,,,
312015,TANJUNG,Jun,DUMP TRUCK HINO FM 260 JD 312-015,312-015,DUMP TRUCK,Sarmut Kelompok Dump Truck,AB,DT FM 260 JD,False,72.11,85.0,83.56,95.0,27.89,15.0,"SASARAN_MUTU_DT_2026_TANJUNG,xlsx",,,,,
312015,TANJUNG,Mar,DUMP TRUCK HINO FM 260 JD 312-015,312-015,DUMP TRUCK,Sarmut Kelompok Dump Truck,AB,DT FM 260 JD,False,88.57,85.0,0.0,95.0,11.43,15.0,"SASARAN_MUTU_DT_2026_TANJUNG,xlsx",,,,,
312015,TANJUNG,May,DUMP TRUCK HINO FM 260 JD 312-015,312-015,DUMP TRUCK,Sarmut Kelompok Dump Truck,AB,DT FM 260 JD,False,90.34,85.0,84.69,95.0,9.66,15.0,"SASARAN_MUTU_DT_2026_TANJUNG,xlsx",,,,,
312021,TANJUNG,Apr,DUMP TRUCK HINO FM 260 JD 312-021,312-021,DUMP TRUCK,Sarmut Kelompok Dump Truck,AB,DT FM 260 JD,False,99.57,85.0,7.66,95.0,0.43,15.0,"SASARAN_MUTU_DT_2026_TANJUNG,xlsx",,,,,
312021,TANJUNG,Feb,DUMP TRUCK HINO FM 260 JD 312-021,312-021,DUMP TRUCK,Sarmut Kelompok Dump Truck,AB,DT FM 260 JD,False,91.09,85.0,59.85,95.0,8.91,15.0,"SASARAN_MUTU_DT_2026_TANJUNG,xlsx",,,,,
312021,TANJUNG,Jan,DUMP TRUCK HINO FM 260 JD 312-021,312-021,DUMP TRUCK,Sarmut Kelompok Dump Truck,AB,DT FM 260 JD,False,75.83,85.0,76.26,95.0,24.17,15.0,"SASARAN_MUTU_DT_2026_TANJUNG,xlsx",,,,,
312021,TANJUNG,Jun,DUMP TRUCK HINO FM 260 JD 312-021,312-021,DUMP TRUCK,Sarmut Kelompok Dump Truck,AB,DT FM 260 JD,False,100.0,85.0,140.0,95.0,0.0,15.0,"SASARAN_MUTU_DT_2026_TANJUNG,xlsx",,,,,
312021,TANJUNG,Mar,DUMP TRUCK HINO FM 260 JD 312-021,312-021,DUMP TRUCK,Sarmut Kelompok Dump Truck,AB,DT FM 260 JD,False,99.57,85.0,7.35,95.0,0.43,15.0,"SASARAN_MUTU_DT_2026_TANJUNG,xlsx",,,,,
312021,TANJUNG,May,DUMP TRUCK HINO FM 260 JD 312-021,312-021,DUMP TRUCK,Sarmut Kelompok Dump Truck,AB,DT FM 260 JD,False,94.74,85.0,100.0,95.0,5.26,15.0,"SASARAN_MUTU_DT_2026_TANJUNG,xlsx",,,,,
312022,TANJUNG,Apr,DUMP TRUCK HINO FM 260 JD 312-022,312-022,DUMP TRUCK,Sarmut Kelompok Dump Truck,AB,DT FM 260 JD,False,99.43,85.0,7.5,95.0,0.57,15.0,"SASARAN_MUTU_DT_2026_TANJUNG,xlsx",,,,,
312022,TANJUNG,Feb,DUMP TRUCK HINO FM 260 JD 312-022,312-022,DUMP TRUCK,Sarmut Kelompok Dump Truck,AB,DT FM 260 JD,False,92.91,85.0,76.08,95.0,7.09,15.0,"SASARAN_MUTU_DT_2026_TANJUNG,xlsx",,,,,
312022,TANJUNG,Jan,DUMP TRUCK HINO FM 260 JD 312-022,312-022,DUMP TRUCK,Sarmut Kelompok Dump Truck,AB,DT FM 260 JD,False,93.77,85.0,69.41,95.0,6.23,15.0,"SASARAN_MUTU_DT_2026_TANJUNG,xlsx",,,,,
312022,TANJUNG,Jun,DUMP TRUCK HINO FM 260 JD 312-022,312-022,DUMP TRUCK,Sarmut Kelompok Dump Truck,AB,DT FM 260 JD,False,100.0,85.0,123.26,95.0,0.0,15.0,"SASARAN_MUTU_DT_2026_TANJUNG,xlsx",,,,,
312022,TANJUNG,Mar,DUMP TRUCK HINO FM 260 JD 312-022,312-022,DUMP TRUCK,Sarmut Kelompok Dump Truck,AB,DT FM 260 JD,False,92.91,85.0,9.62,95.0,7.09,15.0,"SASARAN_MUTU_DT_2026_TANJUNG,xlsx",,,,,
312022,TANJUNG,May,DUMP TRUCK HINO FM 260 JD 312-022,312-022,DUMP TRUCK,Sarmut Kelompok Dump Truck,AB,DT FM 260 JD,False,82.86,85.0,100.0,95.0,17.14,15.0,"SASARAN_MUTU_DT_2026_TANJUNG,xlsx",,,,,
312023,TANJUNG,Apr,DUMP TRUCK HINO FM 260 JD 312-023,312-023,DUMP TRUCK,Sarmut Kelompok Dump Truck,AB,DT FM 260 JD,False,93.14,85.0,2.76,95.0,6.86,15.0,"SASARAN_MUTU_DT_2026_TANJUNG,xlsx",,,,,
312023,TANJUNG,Feb,DUMP TRUCK HINO FM 260 JD 312-023,312-023,DUMP TRUCK,Sarmut Kelompok Dump Truck,AB,DT FM 260 JD,False,96.14,85.0,67.99,95.0,3.86,15.0,"SASARAN_MUTU_DT_2026_TANJUNG,xlsx",,,,,
312023,TANJUNG,Jan,DUMP TRUCK HINO FM 260 JD 312-023,312-023,DUMP TRUCK,Sarmut Kelompok Dump Truck,AB,DT FM 260 JD,False,93.86,85.0,86.73,95.0,6.14,15.0,"SASARAN_MUTU_DT_2026_TANJUNG,xlsx",,,,,
312023,TANJUNG,Jun,DUMP TRUCK HINO FM 260 JD 312-023,312-023,DUMP TRUCK,Sarmut Kelompok Dump Truck,AB,DT FM 260 JD,False,94.37,85.0,100.0,95.0,5.63,15.0,"SASARAN_MUTU_DT_2026_TANJUNG,xlsx",,,,,
312023,TANJUNG,Mar,DUMP TRUCK HINO FM 260 JD 312-023,312-023,DUMP TRUCK,Sarmut Kelompok Dump Truck,AB,DT FM 260 JD,False,98.71,85.0,47.29,95.0,1.29,15.0,"SASARAN_MUTU_DT_2026_TANJUNG,xlsx",,,,,
312023,TANJUNG,May,DUMP TRUCK HINO FM 260 JD 312-023,312-023,DUMP TRUCK,Sarmut Kelompok Dump Truck,AB,DT FM 260 JD,False,100.0,85.0,109.91,95.0,0.0,15.0,"SASARAN_MUTU_DT_2026_TANJUNG,xlsx",,,,,
312027,TANJUNG,Apr,DUMP TRUCK HINO FM 280 JD 312-027,312-027,DUMP TRUCK,Sarmut Kelompok Dump Truck,AB,DT FM 260 JD,False,98.2,85.0,8.29,95.0,1.8,15.0,"SASARAN_MUTU_DT_2026_TANJUNG,xlsx",,,,,
312027,TANJUNG,Feb,DUMP TRUCK HINO FM 280 JD 312-027,312-027,DUMP TRUCK,Sarmut Kelompok Dump Truck,AB,DT FM 260 JD,False,94.71,85.0,72.55,95.0,5.29,15.0,"SASARAN_MUTU_DT_2026_TANJUNG,xlsx",,,,,
312027,TANJUNG,Jan,DUMP TRUCK HINO FM 280 JD 312-027,312-027,DUMP TRUCK,Sarmut Kelompok Dump Truck,AB,DT FM 260 JD,False,95.69,85.0,89.82,95.0,4.31,15.0,"SASARAN_MUTU_DT_2026_TANJUNG,xlsx",,,,,
312027,TANJUNG,Jun,DUMP TRUCK HINO FM 280 JD 312-027,312-027,DUMP TRUCK,Sarmut Kelompok Dump Truck,AB,DT FM 260 JD,False,100.0,85.0,129.23,95.0,0.0,15.0,"SASARAN_MUTU_DT_2026_TANJUNG,xlsx",,,,,
312027,TANJUNG,Mar,DUMP TRUCK HINO FM 280 JD 312-027,312-027,DUMP TRUCK,Sarmut Kelompok Dump Truck,AB,DT FM 260 JD,False,99.43,85.0,59.89,95.0,0.57,15.0,"SASARAN_MUTU_DT_2026_TANJUNG,xlsx",,,,,
312027,TANJUNG,May,DUMP TRUCK HINO FM 280 JD 312-027,312-027,DUMP TRUCK,Sarmut Kelompok Dump Truck,AB,DT FM 260 JD,False,39.6,85.0,100.0,95.0,60.4,15.0,"SASARAN_MUTU_DT_2026_TANJUNG,xlsx",,,,,
312028,TANJUNG,Apr,DUMP TRUCK HINO FM 280 JD 312-028,312-028,DUMP TRUCK,Sarmut Kelompok Dump Truck,AB,DT FM 260 JD,False,100.0,85.0,7.49,95.0,0.0,15.0,"SASARAN_MUTU_DT_2026_TANJUNG,xlsx",,,,,
312028,TANJUNG,Feb,DUMP TRUCK HINO FM 280 JD 312-028,312-028,DUMP TRUCK,Sarmut Kelompok Dump Truck,AB,DT FM 260 JD,False,98.2,85.0,72.21,95.0,1.8,15.0,"SASARAN_MUTU_DT_2026_TANJUNG,xlsx",,,,,
312028,TANJUNG,Jan,DUMP TRUCK HINO FM 280 JD 312-028,312-028,DUMP TRUCK,Sarmut Kelompok Dump Truck,AB,DT FM 260 JD,False,91.91,85.0,89.24,95.0,8.09,15.0,"SASARAN_MUTU_DT_2026_TANJUNG,xlsx",,,,,
312028,TANJUNG,Jun,DUMP TRUCK HINO FM 280 JD 312-028,312-028,DUMP TRUCK,Sarmut Kelompok Dump Truck,AB,DT FM 260 JD,False,100.0,85.0,146.86,95.0,0.0,15.0,"SASARAN_MUTU_DT_2026_TANJUNG,xlsx",,,,,
312028,TANJUNG,Mar,DUMP TRUCK HINO FM 280 JD 312-028,312-028,DUMP TRUCK,Sarmut Kelompok Dump Truck,AB,DT FM 260 JD,False,96.86,85.0,64.16,95.0,3.14,15.0,"SASARAN_MUTU_DT_2026_TANJUNG,xlsx",,,,,
312028,TANJUNG,May,DUMP TRUCK HINO FM 280 JD 312-028,312-028,DUMP TRUCK,Sarmut Kelompok Dump Truck,AB,DT FM 260 JD,False,100.0,85.0,136.97,95.0,0.0,15.0,"SASARAN_MUTU_DT_2026_TANJUNG,xlsx",,,,,
312030,TANJUNG,Apr,DUMP TRUCK HINO FM 280 JD 312-030,312-030,DUMP TRUCK,Sarmut Kelompok Dump Truck,AB,DT FM 260 JD,False,99.06,85.0,8.28,95.0,0.94,15.0,"SASARAN_MUTU_DT_2026_TANJUNG,xlsx",,,,,
312030,TANJUNG,Feb,DUMP TRUCK HINO FM 280 JD 312-030,312-030,DUMP TRUCK,Sarmut Kelompok Dump Truck,AB,DT FM 260 JD,False,98.43,85.0,73.06,95.0,1.57,15.0,"SASARAN_MUTU_DT_2026_TANJUNG,xlsx",,,,,
312030,TANJUNG,Jan,DUMP TRUCK HINO FM 280 JD 312-030,312-030,DUMP TRUCK,Sarmut Kelompok Dump Truck,AB,DT FM 260 JD,False,87.83,85.0,91.48,95.0,12.17,15.0,"SASARAN_MUTU_DT_2026_TANJUNG,xlsx",,,,,
312030,TANJUNG,Jun,DUMP TRUCK HINO FM 280 JD 312-030,312-030,DUMP TRUCK,Sarmut Kelompok Dump Truck,AB,DT FM 260 JD,False,100.0,85.0,137.71,95.0,0.0,15.0,"SASARAN_MUTU_DT_2026_TANJUNG,xlsx",,,,,
312030,TANJUNG,Mar,DUMP TRUCK HINO FM 280 JD 312-030,312-030,DUMP TRUCK,Sarmut Kelompok Dump Truck,AB,DT FM 260 JD,False,99.86,85.0,57.05,95.0,0.14,15.0,"SASARAN_MUTU_DT_2026_TANJUNG,xlsx",,,,,
312030,TANJUNG,May,DUMP TRUCK HINO FM 280 JD 312-030,312-030,DUMP TRUCK,Sarmut Kelompok Dump Truck,AB,DT FM 260 JD,False,100.0,85.0,139.89,95.0,0.0,15.0,"SASARAN_MUTU_DT_2026_TANJUNG,xlsx",,,,,
312031,TANJUNG,Apr,DUMP TRUCK HINO FM 280 JD 312-031,312-031,DUMP TRUCK,Sarmut Kelompok Dump Truck,AB,DT FM 260 JD,False,98.34,85.0,3.46,95.0,1.66,15.0,"SASARAN_MUTU_DT_2026_TANJUNG,xlsx",,,,,
312031,TANJUNG,Feb,DUMP TRUCK HINO FM 280 JD 312-031,312-031,DUMP TRUCK,Sarmut Kelompok Dump Truck,AB,DT FM 260 JD,False,0.0,85.0,0.0,95.0,100.0,15.0,"SASARAN_MUTU_DT_2026_TANJUNG,xlsx",,,,,
312031,TANJUNG,Jan,DUMP TRUCK HINO FM 280 JD 312-031,312-031,DUMP TRUCK,Sarmut Kelompok Dump Truck,AB,DT FM 260 JD,False,0.0,85.0,0.0,95.0,100.0,15.0,"SASARAN_MUTU_DT_2026_TANJUNG,xlsx",,,,,
312031,TANJUNG,Jun,DUMP TRUCK HINO FM 280 JD 312-031,312-031,DUMP TRUCK,Sarmut Kelompok Dump Truck,AB,DT FM 260 JD,False,100.0,85.0,117.2,95.0,0.0,15.0,"SASARAN_MUTU_DT_2026_TANJUNG,xlsx",,,,,
312031,TANJUNG,Mar,DUMP TRUCK HINO FM 280 JD 312-031,312-031,DUMP TRUCK,Sarmut Kelompok Dump Truck,AB,DT FM 260 JD,False,88.57,85.0,0.0,95.0,11.43,15.0,"SASARAN_MUTU_DT_2026_TANJUNG,xlsx",,,,,
312031,TANJUNG,May,DUMP TRUCK HINO FM 280 JD 312-031,312-031,DUMP TRUCK,Sarmut Kelompok Dump Truck,AB,DT FM 260 JD,False,84.34,85.0,100.0,95.0,15.66,15.0,"SASARAN_MUTU_DT_2026_TANJUNG,xlsx",,,,,
312032,TANJUNG,Apr,DUMP TRUCK HINO FM 280 JD 312-032,312-032,DUMP TRUCK,Sarmut Kelompok Dump Truck,AB,DT FM 260 JD,False,99.86,85.0,7.3,95.0,0.14,15.0,"SASARAN_MUTU_DT_2026_TANJUNG,xlsx",,,,,
312032,TANJUNG,Feb,DUMP TRUCK HINO FM 280 JD 312-032,312-032,DUMP TRUCK,Sarmut Kelompok Dump Truck,AB,DT FM 260 JD,False,97.14,85.0,69.06,95.0,2.86,15.0,"SASARAN_MUTU_DT_2026_TANJUNG,xlsx",,,,,
312032,TANJUNG,Jan,DUMP TRUCK HINO FM 280 JD 312-032,312-032,DUMP TRUCK,Sarmut Kelompok Dump Truck,AB,DT FM 260 JD,False,93.63,85.0,92.19,95.0,6.37,15.0,"SASARAN_MUTU_DT_2026_TANJUNG,xlsx",,,,,
312032,TANJUNG,Jun,DUMP TRUCK HINO FM 280 JD 312-032,312-032,DUMP TRUCK,Sarmut Kelompok Dump Truck,AB,DT FM 260 JD,False,100.0,85.0,147.14,95.0,0.0,15.0,"SASARAN_MUTU_DT_2026_TANJUNG,xlsx",,,,,
312032,TANJUNG,Mar,DUMP TRUCK HINO FM 280 JD 312-032,312-032,DUMP TRUCK,Sarmut Kelompok Dump Truck,AB,DT FM 260 JD,False,99.4,85.0,55.85,95.0,0.6,15.0,"SASARAN_MUTU_DT_2026_TANJUNG,xlsx",,,,,
312032,TANJUNG,May,DUMP TRUCK HINO FM 280 JD 312-032,312-032,DUMP TRUCK,Sarmut Kelompok Dump Truck,AB,DT FM 260 JD,False,100.0,85.0,137.69,95.0,0.0,15.0,"SASARAN_MUTU_DT_2026_TANJUNG,xlsx",,,,,
312034,TANJUNG,Apr,DUMP TRUCK HINO FM 280 JD 312-034,312-034,DUMP TRUCK,Sarmut Kelompok Dump Truck,AB,DT FM 260 JD,False,100.0,85.0,8.71,95.0,0.0,15.0,"SASARAN_MUTU_DT_2026_TANJUNG,xlsx",,,,,
312034,TANJUNG,Feb,DUMP TRUCK HINO FM 280 JD 312-034,312-034,DUMP TRUCK,Sarmut Kelompok Dump Truck,AB,DT FM 260 JD,False,90.4,85.0,72.76,95.0,9.6,15.0,"SASARAN_MUTU_DT_2026_TANJUNG,xlsx",,,,,
312034,TANJUNG,Jan,DUMP TRUCK HINO FM 280 JD 312-034,312-034,DUMP TRUCK,Sarmut Kelompok Dump Truck,AB,DT FM 260 JD,False,93.4,85.0,79.32,95.0,6.6,15.0,"SASARAN_MUTU_DT_2026_TANJUNG,xlsx",,,,,
312034,TANJUNG,Jun,DUMP TRUCK HINO FM 280 JD 312-034,312-034,DUMP TRUCK,Sarmut Kelompok Dump Truck,AB,DT FM 260 JD,False,96.77,85.0,100.0,95.0,3.23,15.0,"SASARAN_MUTU_DT_2026_TANJUNG,xlsx",,,,,
312034,TANJUNG,Mar,DUMP TRUCK HINO FM 280 JD 312-034,312-034,DUMP TRUCK,Sarmut Kelompok Dump Truck,AB,DT FM 260 JD,False,97.49,85.0,5.42,95.0,2.51,15.0,"SASARAN_MUTU_DT_2026_TANJUNG,xlsx",,,,,
312034,TANJUNG,May,DUMP TRUCK HINO FM 280 JD 312-034,312-034,DUMP TRUCK,Sarmut Kelompok Dump Truck,AB,DT FM 260 JD,False,100.0,85.0,123.49,95.0,0.0,15.0,"SASARAN_MUTU_DT_2026_TANJUNG,xlsx",,,,,
312019,TANJUNG,Jun,DUMP TRUCK HINO FM 260 JD 312-019,312-019,DUMP TRUCK,Sarmut Kelompok Dump Truck,AB,DT FM 260 JD,False,94.0,85.0,45.0,95.0,6.0,15.0,"SASARAN_MUTU_DT_2026_TANJUNG,xlsx",,,,,
312002,TANJUNG,Jan,DUMP TRUCK HINO FM 260 JD 312-002,312-002,DUMP TRUCK,Sarmut Kelompok Dump Truck,AB,DT FM 260 JD,False,0.0,85.0,0.0,95.0,0.0,15.0,"SASARAN_MUTU_DT_2026_TANJUNG,xlsx",,,,,
312002,TANJUNG,Feb,DUMP TRUCK HINO FM 260 JD 312-002,312-002,DUMP TRUCK,Sarmut Kelompok Dump Truck,AB,DT FM 260 JD,False,0.0,85.0,0.0,95.0,0.0,15.0,"SASARAN_MUTU_DT_2026_TANJUNG,xlsx",,,,,
312007,TANJUNG,Feb,DUMP TRUCK HINO FM 260 JD 312-007,312-007,DUMP TRUCK,Sarmut Kelompok Dump Truck,AB,DT FM 260 JD,False,100.0,85.0,0.0,95.0,0.0,15.0,"SASARAN_MUTU_DT_2026_TANJUNG,xlsx",,,,,
261018,TANJUNG,Apr,TRUCK TANGKI HINO 130 HD DA 8678 CV 261-018,261-018,TANGKI SERIES 300,Sarmut Kelompok Dump Truck,TR,Fuel Tank,False,100.0,85.0,166.67,95.0,0.0,15.0,"SASARAN_MUTU_DT_2026_TANJUNG,xlsx",,,,,
261018,TANJUNG,Feb,TRUCK TANGKI HINO 130 HD DA 8678 CV 261-018,261-018,TANGKI SERIES 300,Sarmut Kelompok Dump Truck,TR,Fuel Tank,False,100.0,85.0,200.0,95.0,0.0,15.0,"SASARAN_MUTU_DT_2026_TANJUNG,xlsx",,,,,
261018,TANJUNG,Jan,TRUCK TANGKI HINO 130 HD DA 8678 CV 261-018,261-018,TANGKI SERIES 300,Sarmut Kelompok Dump Truck,TR,Fuel Tank,False,100.0,85.0,222.22,95.0,0.0,15.0,"SASARAN_MUTU_DT_2026_TANJUNG,xlsx",,,,,
261018,TANJUNG,Jun,TRUCK TANGKI HINO 130 HD DA 8678 CV 261-018,261-018,TANGKI SERIES 300,Sarmut Kelompok Dump Truck,TR,Fuel Tank,False,100.0,85.0,298.89,95.0,0.0,15.0,"SASARAN_MUTU_DT_2026_TANJUNG,xlsx",,,,,
261018,TANJUNG,Mar,TRUCK TANGKI HINO 130 HD DA 8678 CV 261-018,261-018,TANGKI SERIES 300,Sarmut Kelompok Dump Truck,TR,Fuel Tank,False,98.89,85.0,179.78,95.0,1.11,15.0,"SASARAN_MUTU_DT_2026_TANJUNG,xlsx",,,,,
261018,TANJUNG,May,TRUCK TANGKI HINO 130 HD DA 8678 CV 261-018,261-018,TANGKI SERIES 300,Sarmut Kelompok Dump Truck,TR,Fuel Tank,False,100.0,85.0,247.78,95.0,0.0,15.0,"SASARAN_MUTU_DT_2026_TANJUNG,xlsx",,,,,
262001,TANJUNG,Apr,TRUCK TANGKI HINO FG235 DA 1853 Z /DA 8705 ZE 262-001,262-001,TANGKI SERIES 500,Sarmut Kelompok Dump Truck,TR,Tangki Air,False,90.0,85.0,101.23,95.0,10.0,15.0,"SASARAN_MUTU_DT_2026_TANJUNG,xlsx",,,,,
262001,TANJUNG,Jun,TRUCK TANGKI HINO FG235 DA 1853 Z /DA 8705 ZE 262-001,262-001,TANGKI SERIES 500,Sarmut Kelompok Dump Truck,TR,Tangki Air,False,100.0,85.0,237.78,95.0,0.0,15.0,"SASARAN_MUTU_DT_2026_TANJUNG,xlsx",,,,,
262001,TANJUNG,Mar,TRUCK TANGKI HINO FG235 DA 1853 Z /DA 8705 ZE 262-001,262-001,TANGKI SERIES 500,Sarmut Kelompok Dump Truck,TR,Tangki Air,False,100.0,85.0,143.33,95.0,0.0,15.0,"SASARAN_MUTU_DT_2026_TANJUNG,xlsx",,,,,
262001,TANJUNG,May,TRUCK TANGKI HINO FG235 DA 1853 Z /DA 8705 ZE 262-001,262-001,TANGKI SERIES 500,Sarmut Kelompok Dump Truck,TR,Tangki Air,False,100.0,85.0,222.22,95.0,0.0,15.0,"SASARAN_MUTU_DT_2026_TANJUNG,xlsx",,,,,
262002,TANJUNG,Apr,TRUCK TANGKI HINO 130 HD DA 1521 Z 262-002,262-002,TANGKI SERIES 500,Sarmut Kelompok Dump Truck,TR,Tangki Air,False,100.0,85.0,0.0,95.0,0.0,15.0,"SASARAN_MUTU_DT_2026_TANJUNG,xlsx",,,,,
262002,TANJUNG,Jan,TRUCK TANGKI HINO 130 HD DA 1521 Z 262-002,262-002,TANGKI SERIES 500,Sarmut Kelompok Dump Truck,TR,Tangki Air,False,73.33,85.0,100.0,95.0,26.67,15.0,"SASARAN_MUTU_DT_2026_TANJUNG,xlsx",,,,,
262002,TANJUNG,Jun,TRUCK TANGKI HINO 130 HD DA 1521 Z 262-002,262-002,TANGKI SERIES 500,Sarmut Kelompok Dump Truck,TR,Tangki Air,False,100.0,85.0,0.0,95.0,0.0,15.0,"SASARAN_MUTU_DT_2026_TANJUNG,xlsx",,,,,
262002,TANJUNG,Mar,TRUCK TANGKI HINO 130 HD DA 1521 Z 262-002,262-002,TANGKI SERIES 500,Sarmut Kelompok Dump Truck,TR,Tangki Air,False,100.0,85.0,0.0,95.0,0.0,15.0,"SASARAN_MUTU_DT_2026_TANJUNG,xlsx",,,,,
262002,TANJUNG,May,TRUCK TANGKI HINO 130 HD DA 1521 Z 262-002,262-002,TANGKI SERIES 500,Sarmut Kelompok Dump Truck,TR,Tangki Air,False,100.0,85.0,0.0,95.0,0.0,15.0,"SASARAN_MUTU_DT_2026_TANJUNG,xlsx",,,,,
262001,TANJUNG,Feb,TRUCK TANGKI HINO FG235 DA 1853 Z /DA 8705 ZE 262-001,262-001,TANGKI SERIES 500,Sarmut Kelompok Dump Truck,TR,Tangki Air,False,97.0,85.0,100.0,95.0,3.0,15.0,"SASARAN_MUTU_DT_2026_TANJUNG,xlsx",,,,,
332020,KUMAI,Apr,EXCAVATOR KOBELCO SK200-10 332-020,332-020,EXCAVATOR MEDIUM,Sarmut Kelompok Excavator,AB,Excavator All in,False,88.0,85.0,94.81,100.0,12.0,15.0,"SASARAN_MUTU_Excavator_2026_Kumai,xlsx",146.0,27.0,21.0,154.0,175.0
332020,KUMAI,Feb,EXCAVATOR KOBELCO SK200-10 332-020,332-020,EXCAVATOR MEDIUM,Sarmut Kelompok Excavator,AB,Excavator All in,False,87.58,85.0,171.63,100.0,12.42,15.0,"SASARAN_MUTU_Excavator_2026_Kumai,xlsx",242.0,0.0,20.0,141.0,161.0
332020,KUMAI,Jan,EXCAVATOR KOBELCO SK200-10 332-020,332-020,EXCAVATOR MEDIUM,Sarmut Kelompok Excavator,AB,Excavator All in,False,42.86,85.0,96.0,100.0,57.14,15.0,"SASARAN_MUTU_Excavator_2026_Kumai,xlsx",72.0,0.0,100.0,75.0,175.0
332020,KUMAI,Jun,EXCAVATOR KOBELCO SK200-10 332-020,332-020,EXCAVATOR MEDIUM,Sarmut Kelompok Excavator,AB,Excavator All in,False,95.83,85.0,106.21,100.0,4.17,15.0,"SASARAN_MUTU_Excavator_2026_Kumai,xlsx",171.0,32.0,7.0,161.0,168.0
332020,KUMAI,Mar,EXCAVATOR KOBELCO SK200-10 332-020,332-020,EXCAVATOR MEDIUM,Sarmut Kelompok Excavator,AB,Excavator All in,False,73.81,85.0,150.0,100.0,26.19,15.0,"SASARAN_MUTU_Excavator_2026_Kumai,xlsx",186.0,1.0,44.0,124.0,168.0
332020,KUMAI,May,EXCAVATOR KOBELCO SK200-10 332-020,332-020,EXCAVATOR MEDIUM,Sarmut Kelompok Excavator,AB,Excavator All in,False,26.09,85.0,64.29,100.0,73.91,15.0,"SASARAN_MUTU_Excavator_2026_Kumai,xlsx",27.0,21.0,119.0,42.0,161.0
332028,KUMAI,Apr,EXCAVATOR KOBELCO SK200-10 332-028,332-028,EXCAVATOR MEDIUM,Sarmut Kelompok Excavator,AB,Excavator All in,False,68.57,85.0,143.33,100.0,31.43,15.0,"SASARAN_MUTU_Excavator_2026_Kumai,xlsx",172.0,7.0,55.0,120.0,175.0
332028,KUMAI,Feb,EXCAVATOR KOBELCO SK200-10 332-028,332-028,EXCAVATOR MEDIUM,Sarmut Kelompok Excavator,AB,Excavator All in,False,74.53,85.0,128.33,100.0,25.47,15.0,"SASARAN_MUTU_Excavator_2026_Kumai,xlsx",154.0,2.0,41.0,120.0,161.0
332028,KUMAI,Jan,EXCAVATOR KOBELCO SK200-10 332-028,332-028,EXCAVATOR MEDIUM,Sarmut Kelompok Excavator,AB,Excavator All in,False,94.29,85.0,123.03,100.0,5.71,15.0,"SASARAN_MUTU_Excavator_2026_Kumai,xlsx",203.0,21.0,10.0,165.0,175.0
332028,KUMAI,Jun,EXCAVATOR KOBELCO SK200-10 332-028,332-028,EXCAVATOR MEDIUM,Sarmut Kelompok Excavator,AB,Excavator All in,False,96.43,85.0,98.15,100.0,3.57,15.0,"SASARAN_MUTU_Excavator_2026_Kumai,xlsx",159.0,27.0,6.0,162.0,168.0
332028,KUMAI,Mar,EXCAVATOR KOBELCO SK200-10 332-028,332-028,EXCAVATOR MEDIUM,Sarmut Kelompok Excavator,AB,Excavator All in,False,92.86,85.0,160.26,100.0,7.14,15.0,"SASARAN_MUTU_Excavator_2026_Kumai,xlsx",250.0,10.0,12.0,156.0,168.0
332028,KUMAI,May,EXCAVATOR KOBELCO SK200-10 332-028,332-028,EXCAVATOR MEDIUM,Sarmut Kelompok Excavator,AB,Excavator All in,False,59.01,85.0,89.47,100.0,40.99,15.0,"SASARAN_MUTU_Excavator_2026_Kumai,xlsx",85.0,20.0,66.0,95.0,161.0
332053,KUMAI,Apr,EXCAVATOR HITACHI ZX 210G-5G 332-053,332-053,EXCAVATOR MEDIUM,Sarmut Kelompok Excavator,AB,Excavator All in,False,100.0,85.0,10.5,100.0,0.0,15.0,"SASARAN_MUTU_Excavator_2026_Kumai,xlsx",21.0,176.0,0.0,200.0,200.0
332053,KUMAI,Jan,EXCAVATOR HITACHI ZX 210G-5G 332-053,332-053,EXCAVATOR MEDIUM,Sarmut Kelompok Excavator,AB,Excavator All in,False,92.0,85.0,126.63,100.0,8.0,15.0,"SASARAN_MUTU_Excavator_2026_Kumai,xlsx",233.0,8.0,16.0,184.0,200.0
332053,KUMAI,Jun,EXCAVATOR HITACHI ZX 210G-5G 332-053,332-053,EXCAVATOR MEDIUM,Sarmut Kelompok Excavator,AB,Excavator All in,False,95.83,85.0,84.78,100.0,4.17,15.0,"SASARAN_MUTU_Excavator_2026_Kumai,xlsx",156.0,47.0,8.0,184.0,192.0
332053,KUMAI,Mar,EXCAVATOR HITACHI ZX 210G-5G 332-053,332-053,EXCAVATOR MEDIUM,Sarmut Kelompok Excavator,AB,Excavator All in,False,79.17,85.0,141.45,100.0,20.83,15.0,"SASARAN_MUTU_Excavator_2026_Kumai,xlsx",215.0,2.0,40.0,152.0,192.0
332053,KUMAI,May,EXCAVATOR HITACHI ZX 210G-5G 332-053,332-053,EXCAVATOR MEDIUM,Sarmut Kelompok Excavator,AB,Excavator All in,False,100.0,85.0,67.39,100.0,0.0,15.0,"SASARAN_MUTU_Excavator_2026_Kumai,xlsx",124.0,67.0,0.0,184.0,184.0
332057,KUMAI,Jun,EXCAVATOR HITACHI ZX 210 332-057,332-057,EXCAVATOR MEDIUM,Sarmut Kelompok Excavator,AB,Excavator All in,False,100.0,85.0,65.1,100.0,0.0,15.0,"SASARAN_MUTU_Excavator_2026_Kumai,xlsx",125.0,80.0,0.0,192.0,192.0
332057,KUMAI,May,EXCAVATOR HITACHI ZX 210 332-057,332-057,EXCAVATOR MEDIUM,Sarmut Kelompok Excavator,AB,Excavator All in,False,91.85,85.0,43.79,100.0,8.15,15.0,"SASARAN_MUTU_Excavator_2026_Kumai,xlsx",74.0,28.0,15.0,169.0,184.0
332058,KUMAI,Jun,EXCAVATOR HITACHI ZX 210 332-058,332-058,EXCAVATOR MEDIUM,Sarmut Kelompok Excavator,AB,Excavator All in,False,100.0,85.0,78.12,100.0,0.0,15.0,"SASARAN_MUTU_Excavator_2026_Kumai,xlsx",150.0,57.0,0.0,192.0,192.0
332058,KUMAI,May,EXCAVATOR HITACHI ZX 210 332-058,332-058,EXCAVATOR MEDIUM,Sarmut Kelompok Excavator,AB,Excavator All in,False,100.0,85.0,73.37,100.0,0.0,15.0,"SASARAN_MUTU_Excavator_2026_Kumai,xlsx",135.0,33.0,0.0,184.0,184.0
332053,KUMAI,Feb,EXCAVATOR HITACHI ZX 210G-5G 332-053,332-053,EXCAVATOR MEDIUM,Sarmut Kelompok Excavator,AB,Excavator Breaker 30 Ton,False,100.0,85.0,134.24,100.0,0.0,15.0,"SASARAN_MUTU_Excavator_2026_Kumai,xlsx",247.0,4.0,0.0,184.0,184.0
332030,KUMAI,Apr,EXCAVATOR HITACHI ZX210LC-5G LONGARM 332-030,332-030,EXCAVATOR MEDIUM,Sarmut Kelompok Excavator,AB,Excavator Long arm,False,96.5,85.0,66.32,100.0,3.5,15.0,"SASARAN_MUTU_Excavator_2026_Kumai,xlsx",128.0,92.0,7.0,193.0,200.0
332030,KUMAI,Feb,EXCAVATOR HITACHI ZX210LC-5G LONGARM 332-030,332-030,EXCAVATOR MEDIUM,Sarmut Kelompok Excavator,AB,Excavator Long arm,False,69.02,85.0,142.52,100.0,30.98,15.0,"SASARAN_MUTU_Excavator_2026_Kumai,xlsx",181.0,3.0,57.0,127.0,184.0
332030,KUMAI,Jan,EXCAVATOR HITACHI ZX210LC-5G LONGARM 332-030,332-030,EXCAVATOR MEDIUM,Sarmut Kelompok Excavator,AB,Excavator Long arm,False,88.0,85.0,119.89,100.0,12.0,15.0,"SASARAN_MUTU_Excavator_2026_Kumai,xlsx",211.0,8.0,24.0,176.0,200.0
332030,KUMAI,Jun,EXCAVATOR HITACHI ZX210LC-5G LONGARM 332-030,332-030,EXCAVATOR MEDIUM,Sarmut Kelompok Excavator,AB,Excavator Long arm,False,91.67,85.0,111.93,100.0,8.33,15.0,"SASARAN_MUTU_Excavator_2026_Kumai,xlsx",197.0,25.0,16.0,176.0,192.0
332030,KUMAI,Mar,EXCAVATOR HITACHI ZX210LC-5G LONGARM 332-030,332-030,EXCAVATOR MEDIUM,Sarmut Kelompok Excavator,AB,Excavator Long arm,False,96.88,85.0,109.14,100.0,3.12,15.0,"SASARAN_MUTU_Excavator_2026_Kumai,xlsx",203.0,39.0,6.0,186.0,192.0
332030,KUMAI,May,EXCAVATOR HITACHI ZX210LC-5G LONGARM 332-030,332-030,EXCAVATOR MEDIUM,Sarmut Kelompok Excavator,AB,Excavator Long arm,False,100.0,85.0,47.83,100.0,0.0,15.0,"SASARAN_MUTU_Excavator_2026_Kumai,xlsx",88.0,113.0,0.0,184.0,184.0
332044,KUMAI,Apr,EXCAVATOR HITACHI ZX 210 LC-5G 332-044,332-044,EXCAVATOR MEDIUM,Sarmut Kelompok Excavator,AB,Excavator Long arm,False,93.0,85.0,81.72,100.0,7.0,15.0,"SASARAN_MUTU_Excavator_2026_Kumai,xlsx",152.0,33.0,14.0,186.0,200.0
332044,KUMAI,Feb,EXCAVATOR HITACHI ZX 210 LC-5G 332-044,332-044,EXCAVATOR MEDIUM,Sarmut Kelompok Excavator,AB,Excavator Long arm,False,97.83,85.0,123.33,100.0,2.17,15.0,"SASARAN_MUTU_Excavator_2026_Kumai,xlsx",222.0,24.0,4.0,180.0,184.0
332044,KUMAI,Jan,EXCAVATOR HITACHI ZX 210 LC-5G 332-044,332-044,EXCAVATOR MEDIUM,Sarmut Kelompok Excavator,AB,Excavator Long arm,False,100.0,85.0,126.0,100.0,0.0,15.0,"SASARAN_MUTU_Excavator_2026_Kumai,xlsx",252.0,8.0,0.0,200.0,200.0
332044,KUMAI,Jun,EXCAVATOR HITACHI ZX 210 LC-5G 332-044,332-044,EXCAVATOR MEDIUM,Sarmut Kelompok Excavator,AB,Excavator Long arm,False,100.0,85.0,78.12,100.0,0.0,15.0,"SASARAN_MUTU_Excavator_2026_Kumai,xlsx",150.0,67.0,0.0,192.0,192.0
332044,KUMAI,Mar,EXCAVATOR HITACHI ZX 210 LC-5G 332-044,332-044,EXCAVATOR MEDIUM,Sarmut Kelompok Excavator,AB,Excavator Long arm,False,65.1,85.0,112.0,100.0,34.9,15.0,"SASARAN_MUTU_Excavator_2026_Kumai,xlsx",140.0,2.0,67.0,125.0,192.0
332044,KUMAI,May,EXCAVATOR HITACHI ZX 210 LC-5G 332-044,332-044,EXCAVATOR MEDIUM,Sarmut Kelompok Excavator,AB,Excavator Long arm,False,100.0,85.0,52.08,100.0,0.0,15.0,"SASARAN_MUTU_Excavator_2026_Kumai,xlsx",100.0,85.0,0.0,192.0,192.0
332054,KUMAI,Apr,EXCAVATOR HITACHI ZX 210 LC 332-054,332-054,EXCAVATOR MEDIUM,Sarmut Kelompok Excavator,AB,Excavator Long arm,False,100.0,85.0,76.5,100.0,0.0,15.0,"SASARAN_MUTU_Excavator_2026_Kumai,xlsx",153.0,57.0,0.0,200.0,200.0
332054,KUMAI,Feb,EXCAVATOR HITACHI ZX 210 LC 332-054,332-054,EXCAVATOR MEDIUM,Sarmut Kelompok Excavator,AB,Excavator Long arm,False,80.98,85.0,162.42,100.0,19.02,15.0,"SASARAN_MUTU_Excavator_2026_Kumai,xlsx",242.0,0.0,35.0,149.0,184.0
332054,KUMAI,Jan,EXCAVATOR HITACHI ZX 210 LC 332-054,332-054,EXCAVATOR MEDIUM,Sarmut Kelompok Excavator,AB,Excavator Long arm,False,98.0,85.0,129.08,100.0,2.0,15.0,"SASARAN_MUTU_Excavator_2026_Kumai,xlsx",253.0,0.0,4.0,196.0,200.0
332054,KUMAI,Jun,EXCAVATOR HITACHI ZX 210 LC 332-054,332-054,EXCAVATOR MEDIUM,Sarmut Kelompok Excavator,AB,Excavator Long arm,False,100.0,85.0,5.73,100.0,0.0,15.0,"SASARAN_MUTU_Excavator_2026_Kumai,xlsx",11.0,175.0,0.0,192.0,192.0
332054,KUMAI,Mar,EXCAVATOR HITACHI ZX 210 LC 332-054,332-054,EXCAVATOR MEDIUM,Sarmut Kelompok Excavator,AB,Excavator Long arm,False,95.83,85.0,122.28,100.0,4.17,15.0,"SASARAN_MUTU_Excavator_2026_Kumai,xlsx",225.0,9.0,8.0,184.0,192.0
332054,KUMAI,May,EXCAVATOR HITACHI ZX 210 LC 332-054,332-054,EXCAVATOR MEDIUM,Sarmut Kelompok Excavator,AB,Excavator Long arm,False,100.0,85.0,2.72,100.0,0.0,15.0,"SASARAN_MUTU_Excavator_2026_Kumai,xlsx",5.0,171.0,0.0,184.0,184.0
332031,KUMAI,Apr,EXCAVATOR HITACHI ZX130-5G 332-031,332-031,EXCAVATOR MEDIUM,Sarmut Kelompok Excavator,AB,Excavator ZX-130,False,38.0,85.0,127.63,100.0,62.0,15.0,"SASARAN_MUTU_Excavator_2026_Kumai,xlsx",97.0,5.0,124.0,76.0,200.0
332031,KUMAI,Feb,EXCAVATOR HITACHI ZX130-5G 332-031,332-031,EXCAVATOR MEDIUM,Sarmut Kelompok Excavator,AB,Excavator ZX-130,False,93.48,85.0,133.14,100.0,6.52,15.0,"SASARAN_MUTU_Excavator_2026_Kumai,xlsx",229.0,2.0,12.0,172.0,184.0
332031,KUMAI,Jan,EXCAVATOR HITACHI ZX130-5G 332-031,332-031,EXCAVATOR MEDIUM,Sarmut Kelompok Excavator,AB,Excavator ZX-130,False,48.0,85.0,109.38,100.0,52.0,15.0,"SASARAN_MUTU_Excavator_2026_Kumai,xlsx",105.0,4.0,104.0,96.0,200.0
332031,KUMAI,Jun,EXCAVATOR HITACHI ZX130-5G 332-031,332-031,EXCAVATOR MEDIUM,Sarmut Kelompok Excavator,AB,Excavator ZX-130,False,72.92,85.0,61.43,100.0,27.08,15.0,"SASARAN_MUTU_Excavator_2026_Kumai,xlsx",86.0,59.0,52.0,140.0,192.0
332031,KUMAI,Mar,EXCAVATOR HITACHI ZX130-5G 332-031,332-031,EXCAVATOR MEDIUM,Sarmut Kelompok Excavator,AB,Excavator ZX-130,False,88.02,85.0,118.93,100.0,11.98,15.0,"SASARAN_MUTU_Excavator_2026_Kumai,xlsx",201.0,16.0,23.0,169.0,192.0
332031,KUMAI,May,EXCAVATOR HITACHI ZX130-5G 332-031,332-031,EXCAVATOR MEDIUM,Sarmut Kelompok Excavator,AB,Excavator ZX-130,False,65.22,85.0,80.0,100.0,34.78,15.0,"SASARAN_MUTU_Excavator_2026_Kumai,xlsx",96.0,39.0,64.0,120.0,184.0
332042,KUMAI,Apr,EXCAVATOR HITACHI ZX138 M-F 332-042,332-042,EXCAVATOR MEDIUM,Sarmut Kelompok Excavator,AB,Excavator ZX-130,False,26.0,85.0,109.62,100.0,74.0,15.0,"SASARAN_MUTU_Excavator_2026_Kumai,xlsx",57.0,2.0,148.0,52.0,200.0
332042,KUMAI,Feb,EXCAVATOR HITACHI ZX138 M-F 332-042,332-042,EXCAVATOR MEDIUM,Sarmut Kelompok Excavator,AB,Excavator ZX-130,False,88.04,85.0,135.8,100.0,11.96,15.0,"SASARAN_MUTU_Excavator_2026_Kumai,xlsx",220.0,13.0,22.0,162.0,184.0
332042,KUMAI,Jan,EXCAVATOR HITACHI ZX138 M-F 332-042,332-042,EXCAVATOR MEDIUM,Sarmut Kelompok Excavator,AB,Excavator ZX-130,False,92.0,85.0,130.43,100.0,8.0,15.0,"SASARAN_MUTU_Excavator_2026_Kumai,xlsx",240.0,9.0,16.0,184.0,200.0
332042,KUMAI,Jun,EXCAVATOR HITACHI ZX138 M-F 332-042,332-042,EXCAVATOR MEDIUM,Sarmut Kelompok Excavator,AB,Excavator ZX-130,False,77.08,85.0,102.7,100.0,22.92,15.0,"SASARAN_MUTU_Excavator_2026_Kumai,xlsx",152.0,29.0,44.0,148.0,192.0
332042,KUMAI,Mar,EXCAVATOR HITACHI ZX138 M-F 332-042,332-042,EXCAVATOR MEDIUM,Sarmut Kelompok Excavator,AB,Excavator ZX-130,False,45.83,85.0,120.45,100.0,54.17,15.0,"SASARAN_MUTU_Excavator_2026_Kumai,xlsx",106.0,16.0,104.0,88.0,192.0
332042,KUMAI,May,EXCAVATOR HITACHI ZX138 M-F 332-042,332-042,EXCAVATOR MEDIUM,Sarmut Kelompok Excavator,AB,Excavator ZX-130,False,78.8,85.0,76.55,100.0,21.2,15.0,"SASARAN_MUTU_Excavator_2026_Kumai,xlsx",111.0,51.0,39.0,145.0,184.0
332043,KUMAI,Apr,EXCAVATOR HITACHI ZX138 M-F 332-043,332-043,EXCAVATOR MEDIUM,Sarmut Kelompok Excavator,AB,Excavator ZX-130,False,88.5,85.0,79.66,100.0,11.5,15.0,"SASARAN_MUTU_Excavator_2026_Kumai,xlsx",141.0,54.0,23.0,177.0,200.0
332043,KUMAI,Feb,EXCAVATOR HITACHI ZX138 M-F 332-043,332-043,EXCAVATOR MEDIUM,Sarmut Kelompok Excavator,AB,Excavator ZX-130,False,99.46,85.0,140.57,100.0,0.54,15.0,"SASARAN_MUTU_Excavator_2026_Kumai,xlsx",246.0,8.0,1.0,175.0,184.0
332043,KUMAI,Jan,EXCAVATOR HITACHI ZX138 M-F 332-043,332-043,EXCAVATOR MEDIUM,Sarmut Kelompok Excavator,AB,Excavator ZX-130,False,100.0,85.0,145.83,100.0,0.0,15.0,"SASARAN_MUTU_Excavator_2026_Kumai,xlsx",280.0,0.0,0.0,192.0,200.0
332043,KUMAI,Jun,EXCAVATOR HITACHI ZX138 M-F 332-043,332-043,EXCAVATOR MEDIUM,Sarmut Kelompok Excavator,AB,Excavator ZX-130,False,100.0,85.0,150.54,100.0,0.0,15.0,"SASARAN_MUTU_Excavator_2026_Kumai,xlsx",277.0,13.0,0.0,184.0,192.0
332043,KUMAI,Mar,EXCAVATOR HITACHI ZX138 M-F 332-043,332-043,EXCAVATOR MEDIUM,Sarmut Kelompok Excavator,AB,Excavator ZX-130,False,88.54,85.0,135.8,100.0,11.46,15.0,"SASARAN_MUTU_Excavator_2026_Kumai,xlsx",220.0,12.0,22.0,162.0,192.0
332043,KUMAI,May,EXCAVATOR HITACHI ZX138 M-F 332-043,332-043,EXCAVATOR MEDIUM,Sarmut Kelompok Excavator,AB,Excavator ZX-130,False,91.85,85.0,62.72,100.0,8.15,15.0,"SASARAN_MUTU_Excavator_2026_Kumai,xlsx",106.0,75.0,15.0,169.0,184.0
332046,KUMAI,Apr,EXCAVATOR HITACHI ZX 138 MF-5G 332-046,332-046,EXCAVATOR MEDIUM,Sarmut Kelompok Excavator,AB,Excavator ZX-130,False,100.0,85.0,168.48,100.0,0.0,15.0,"SASARAN_MUTU_Excavator_2026_Kumai,xlsx",310.0,1.0,0.0,184.0,184.0
332046,KUMAI,Feb,EXCAVATOR HITACHI ZX 138 MF-5G 332-046,332-046,EXCAVATOR MEDIUM,Sarmut Kelompok Excavator,AB,Excavator ZX-130,False,100.0,85.0,180.43,100.0,0.0,15.0,"SASARAN_MUTU_Excavator_2026_Kumai,xlsx",332.0,0.0,0.0,184.0,184.0
332046,KUMAI,Jan,EXCAVATOR HITACHI ZX 138 MF-5G 332-046,332-046,EXCAVATOR MEDIUM,Sarmut Kelompok Excavator,AB,Excavator ZX-130,False,100.0,85.0,170.0,100.0,0.0,15.0,"SASARAN_MUTU_Excavator_2026_Kumai,xlsx",340.0,0.0,0.0,200.0,200.0
332046,KUMAI,Jun,EXCAVATOR HITACHI ZX 138 MF-5G 332-046,332-046,EXCAVATOR MEDIUM,Sarmut Kelompok Excavator,AB,Excavator ZX-130,False,37.5,85.0,112.5,100.0,62.5,15.0,"SASARAN_MUTU_Excavator_2026_Kumai,xlsx",81.0,13.0,120.0,72.0,192.0
332046,KUMAI,Mar,EXCAVATOR HITACHI ZX 138 MF-5G 332-046,332-046,EXCAVATOR MEDIUM,Sarmut Kelompok Excavator,AB,Excavator ZX-130,False,28.12,85.0,157.41,100.0,71.88,15.0,"SASARAN_MUTU_Excavator_2026_Kumai,xlsx",85.0,0.0,138.0,54.0,192.0
332046,KUMAI,May,EXCAVATOR HITACHI ZX 138 MF-5G 332-046,332-046,EXCAVATOR MEDIUM,Sarmut Kelompok Excavator,AB,Excavator ZX-130,False,100.0,85.0,150.0,100.0,0.0,15.0,"SASARAN_MUTU_Excavator_2026_Kumai,xlsx",276.0,11.0,0.0,184.0,184.0
321003,KUMAI,Apr,FARM TRACTOR KUBOTA M9540 321-003,321-003,FARM TRACKTOR,Sarmut Kelompok FT,AB,FT,False,95.5,90.0,97.38,100.0,4.5,10.0,"SASARAN_MUTU_FT_2026_Kumai,xlsx",186.0,38.0,9.0,191.0,200.0
321003,KUMAI,Feb,FARM TRACTOR KUBOTA M9540 321-003,321-003,FARM TRACKTOR,Sarmut Kelompok FT,AB,FT,False,89.13,90.0,85.37,100.0,10.87,10.0,"SASARAN_MUTU_FT_2026_Kumai,xlsx",140.0,42.0,20.0,164.0,184.0
321003,KUMAI,Jan,FARM TRACTOR KUBOTA M9540 321-003,321-003,FARM TRACKTOR,Sarmut Kelompok FT,AB,FT,False,97.5,90.0,102.05,100.0,2.5,10.0,"SASARAN_MUTU_FT_2026_Kumai,xlsx",199.0,8.0,5.0,195.0,200.0
321003,KUMAI,Jun,FARM TRACTOR KUBOTA M9540 321-003,321-003,FARM TRACKTOR,Sarmut Kelompok FT,AB,FT,False,86.98,90.0,114.97,100.0,13.02,10.0,"SASARAN_MUTU_FT_2026_Kumai,xlsx",192.0,3.0,25.0,167.0,192.0
321003,KUMAI,Mar,FARM TRACTOR KUBOTA M9540 321-003,321-003,FARM TRACKTOR,Sarmut Kelompok FT,AB,FT,False,100.0,90.0,78.12,100.0,0.0,10.0,"SASARAN_MUTU_FT_2026_Kumai,xlsx",150.0,53.0,0.0,192.0,192.0
321003,KUMAI,May,FARM TRACTOR KUBOTA M9540 321-003,321-003,FARM TRACKTOR,Sarmut Kelompok FT,AB,FT,False,84.78,90.0,107.69,100.0,15.22,10.0,"SASARAN_MUTU_FT_2026_Kumai,xlsx",168.0,37.0,28.0,156.0,184.0
321006,KUMAI,Apr,FARM TRACTOR KUBOTA M9540 321-006,321-006,FARM TRACKTOR,Sarmut Kelompok FT,AB,FT,False,100.0,90.0,39.06,100.0,0.0,10.0,"SASARAN_MUTU_FT_2026_Kumai,xlsx",75.0,135.0,0.0,192.0,192.0
321006,KUMAI,Feb,FARM TRACTOR KUBOTA M9540 321-006,321-006,FARM TRACKTOR,Sarmut Kelompok FT,AB,FT,False,92.93,90.0,85.96,100.0,7.07,10.0,"SASARAN_MUTU_FT_2026_Kumai,xlsx",147.0,42.0,13.0,171.0,184.0
321006,KUMAI,Jan,FARM TRACTOR KUBOTA M9540 321-006,321-006,FARM TRACKTOR,Sarmut Kelompok FT,AB,FT,False,96.0,90.0,77.08,100.0,4.0,10.0,"SASARAN_MUTU_FT_2026_Kumai,xlsx",148.0,41.0,8.0,192.0,200.0
321006,KUMAI,Jun,FARM TRACTOR KUBOTA M9540 321-006,321-006,FARM TRACKTOR,Sarmut Kelompok FT,AB,FT,False,70.83,90.0,25.0,100.0,29.17,10.0,"SASARAN_MUTU_FT_2026_Kumai,xlsx",34.0,102.0,56.0,136.0,192.0
321006,KUMAI,Mar,FARM TRACTOR KUBOTA M9540 321-006,321-006,FARM TRACKTOR,Sarmut Kelompok FT,AB,FT,False,97.4,90.0,86.1,100.0,2.6,10.0,"SASARAN_MUTU_FT_2026_Kumai,xlsx",161.0,45.0,5.0,187.0,192.0
321006,KUMAI,May,FARM TRACTOR KUBOTA M9540 321-006,321-006,FARM TRACKTOR,Sarmut Kelompok FT,AB,FT,False,96.74,90.0,44.94,100.0,3.26,10.0,"SASARAN_MUTU_FT_2026_Kumai,xlsx",80.0,104.0,6.0,178.0,184.0
321007,KUMAI,Apr,FARM TRACTOR KUBOTA M9540 321-007,321-007,FARM TRACKTOR,Sarmut Kelompok FT,AB,FT,False,97.0,90.0,65.46,100.0,3.0,10.0,"SASARAN_MUTU_FT_2026_Kumai,xlsx",127.0,79.0,6.0,194.0,200.0
321007,KUMAI,Feb,FARM TRACTOR KUBOTA M9540 321-007,321-007,FARM TRACKTOR,Sarmut Kelompok FT,AB,FT,False,94.02,90.0,95.95,100.0,5.98,10.0,"SASARAN_MUTU_FT_2026_Kumai,xlsx",166.0,21.0,11.0,173.0,184.0
321007,KUMAI,Jan,FARM TRACTOR KUBOTA M9540 321-007,321-007,FARM TRACKTOR,Sarmut Kelompok FT,AB,FT,False,99.0,90.0,92.42,100.0,1.0,10.0,"SASARAN_MUTU_FT_2026_Kumai,xlsx",183.0,16.0,2.0,198.0,200.0
321007,KUMAI,Jun,FARM TRACTOR KUBOTA M9540 321-007,321-007,FARM TRACKTOR,Sarmut Kelompok FT,AB,FT,False,90.1,90.0,78.61,100.0,9.9,10.0,"SASARAN_MUTU_FT_2026_Kumai,xlsx",136.0,54.0,19.0,173.0,192.0
321007,KUMAI,Mar,FARM TRACTOR KUBOTA M9540 321-007,321-007,FARM TRACKTOR,Sarmut Kelompok FT,AB,FT,False,83.33,90.0,68.75,100.0,16.67,10.0,"SASARAN_MUTU_FT_2026_Kumai,xlsx",110.0,57.0,32.0,160.0,192.0
321007,KUMAI,May,FARM TRACTOR KUBOTA M9540 321-007,321-007,FARM TRACKTOR,Sarmut Kelompok FT,AB,FT,False,92.93,90.0,54.39,100.0,7.07,10.0,"SASARAN_MUTU_FT_2026_Kumai,xlsx",93.0,76.0,13.0,171.0,184.0
261007,SUNGAI DANAU,Jan,TRUCK TANGKI HINO 130 HD DA 9526 CI/DA 8013 CM 261-007,261-007,TANGKI SERIES 300,Sarmut Kelompok Tangki CPO,TR,Truk Tangki,False,100.0,99.5,100.0,35.0,0.0,0.5,"SASARAN_MUTU_TRANSPORTASI_2026_SATUI,xlsx",,,,,
261009,SUNGAI DANAU,Apr,TRUCK TANGKI HINO 130 HD DA 9458 CI/DA 8012 CM 261-009,261-009,TANGKI SERIES 300,Sarmut Kelompok Tangki CPO,TR,Truk Tangki,False,100.0,99.5,0.0,35.0,0.0,0.5,"SASARAN_MUTU_TRANSPORTASI_2026_SATUI,xlsx",,,,,
261009,SUNGAI DANAU,Feb,TRUCK TANGKI HINO 130 HD DA 9458 CI/DA 8012 CM 261-009,261-009,TANGKI SERIES 300,Sarmut Kelompok Tangki CPO,TR,Truk Tangki,False,100.0,99.5,0.0,35.0,0.0,0.5,"SASARAN_MUTU_TRANSPORTASI_2026_SATUI,xlsx",,,,,
261009,SUNGAI DANAU,Jan,TRUCK TANGKI HINO 130 HD DA 9458 CI/DA 8012 CM 261-009,261-009,TANGKI SERIES 300,Sarmut Kelompok Tangki CPO,TR,Truk Tangki,False,100.0,99.5,0.0,35.0,0.0,0.5,"SASARAN_MUTU_TRANSPORTASI_2026_SATUI,xlsx",,,,,
261009,SUNGAI DANAU,Jun,TRUCK TANGKI HINO 130 HD DA 9458 CI/DA 8012 CM 261-009,261-009,TANGKI SERIES 300,Sarmut Kelompok Tangki CPO,TR,Truk Tangki,False,100.0,99.5,0.0,35.0,0.0,0.5,"SASARAN_MUTU_TRANSPORTASI_2026_SATUI,xlsx",,,,,
261009,SUNGAI DANAU,Mar,TRUCK TANGKI HINO 130 HD DA 9458 CI/DA 8012 CM 261-009,261-009,TANGKI SERIES 300,Sarmut Kelompok Tangki CPO,TR,Truk Tangki,False,100.0,99.5,0.0,35.0,0.0,0.5,"SASARAN_MUTU_TRANSPORTASI_2026_SATUI,xlsx",,,,,
261009,SUNGAI DANAU,May,TRUCK TANGKI HINO 130 HD DA 9458 CI/DA 8012 CM 261-009,261-009,TANGKI SERIES 300,Sarmut Kelompok Tangki CPO,TR,Truk Tangki,False,100.0,99.5,0.0,35.0,0.0,0.5,"SASARAN_MUTU_TRANSPORTASI_2026_SATUI,xlsx",,,,,
261011,SUNGAI DANAU,Apr,TRUCK TANGKI HINO 130 HD DA 8606 CL 261-011,261-011,TANGKI SERIES 300,Sarmut Kelompok Tangki CPO,TR,Truk Tangki,False,100.0,99.5,18.52,35.0,0.0,0.5,"SASARAN_MUTU_TRANSPORTASI_2026_SATUI,xlsx",,,,,
261011,SUNGAI DANAU,Feb,TRUCK TANGKI HINO 130 HD DA 8606 CL 261-011,261-011,TANGKI SERIES 300,Sarmut Kelompok Tangki CPO,TR,Truk Tangki,False,100.0,99.5,4.35,35.0,0.0,0.5,"SASARAN_MUTU_TRANSPORTASI_2026_SATUI,xlsx",,,,,
261011,SUNGAI DANAU,Jan,TRUCK TANGKI HINO 130 HD DA 8606 CL 261-011,261-011,TANGKI SERIES 300,Sarmut Kelompok Tangki CPO,TR,Truk Tangki,False,100.0,99.5,48.0,35.0,0.0,0.5,"SASARAN_MUTU_TRANSPORTASI_2026_SATUI,xlsx",,,,,
261011,SUNGAI DANAU,Jun,TRUCK TANGKI HINO 130 HD DA 8606 CL 261-011,261-011,TANGKI SERIES 300,Sarmut Kelompok Tangki CPO,TR,Truk Tangki,False,100.0,99.5,25.0,35.0,0.0,0.5,"SASARAN_MUTU_TRANSPORTASI_2026_SATUI,xlsx",,,,,
261011,SUNGAI DANAU,Mar,TRUCK TANGKI HINO 130 HD DA 8606 CL 261-011,261-011,TANGKI SERIES 300,Sarmut Kelompok Tangki CPO,TR,Truk Tangki,False,100.0,99.5,27.27,35.0,0.0,0.5,"SASARAN_MUTU_TRANSPORTASI_2026_SATUI,xlsx",,,,,
261011,SUNGAI DANAU,May,TRUCK TANGKI HINO 130 HD DA 8606 CL 261-011,261-011,TANGKI SERIES 300,Sarmut Kelompok Tangki CPO,TR,Truk Tangki,False,100.0,99.5,30.43,35.0,0.0,0.5,"SASARAN_MUTU_TRANSPORTASI_2026_SATUI,xlsx",,,,,
261012,SUNGAI DANAU,Apr,TRUCK TANGKI HINO 130 HD DA 8607 CL 261-012,261-012,TANGKI SERIES 300,Sarmut Kelompok Tangki CPO,TR,Truk Tangki,False,100.0,99.5,18.52,35.0,0.0,0.5,"SASARAN_MUTU_TRANSPORTASI_2026_SATUI,xlsx",,,,,
261012,SUNGAI DANAU,Feb,TRUCK TANGKI HINO 130 HD DA 8607 CL 261-012,261-012,TANGKI SERIES 300,Sarmut Kelompok Tangki CPO,TR,Truk Tangki,False,100.0,99.5,4.35,35.0,0.0,0.5,"SASARAN_MUTU_TRANSPORTASI_2026_SATUI,xlsx",,,,,
261012,SUNGAI DANAU,Jan,TRUCK TANGKI HINO 130 HD DA 8607 CL 261-012,261-012,TANGKI SERIES 300,Sarmut Kelompok Tangki CPO,TR,Truk Tangki,False,100.0,99.5,48.0,35.0,0.0,0.5,"SASARAN_MUTU_TRANSPORTASI_2026_SATUI,xlsx",,,,,
261012,SUNGAI DANAU,Jun,TRUCK TANGKI HINO 130 HD DA 8607 CL 261-012,261-012,TANGKI SERIES 300,Sarmut Kelompok Tangki CPO,TR,Truk Tangki,False,100.0,99.5,25.0,35.0,0.0,0.5,"SASARAN_MUTU_TRANSPORTASI_2026_SATUI,xlsx",,,,,
261012,SUNGAI DANAU,Mar,TRUCK TANGKI HINO 130 HD DA 8607 CL 261-012,261-012,TANGKI SERIES 300,Sarmut Kelompok Tangki CPO,TR,Truk Tangki,False,100.0,99.5,31.82,35.0,0.0,0.5,"SASARAN_MUTU_TRANSPORTASI_2026_SATUI,xlsx",,,,,
261012,SUNGAI DANAU,May,TRUCK TANGKI HINO 130 HD DA 8607 CL 261-012,261-012,TANGKI SERIES 300,Sarmut Kelompok Tangki CPO,TR,Truk Tangki,False,100.0,99.5,30.43,35.0,0.0,0.5,"SASARAN_MUTU_TRANSPORTASI_2026_SATUI,xlsx",,,,,
261013,SUNGAI DANAU,Apr,TRUCK TANGKI HINO 130 HD DA 8597 CN 261-013,261-013,TANGKI SERIES 300,Sarmut Kelompok Tangki CPO,TR,Truk Tangki,False,100.0,99.5,18.52,35.0,0.0,0.5,"SASARAN_MUTU_TRANSPORTASI_2026_SATUI,xlsx",,,,,
261013,SUNGAI DANAU,Feb,TRUCK TANGKI HINO 130 HD DA 8597 CN 261-013,261-013,TANGKI SERIES 300,Sarmut Kelompok Tangki CPO,TR,Truk Tangki,False,100.0,99.5,4.35,35.0,0.0,0.5,"SASARAN_MUTU_TRANSPORTASI_2026_SATUI,xlsx",,,,,
261013,SUNGAI DANAU,Jan,TRUCK TANGKI HINO 130 HD DA 8597 CN 261-013,261-013,TANGKI SERIES 300,Sarmut Kelompok Tangki CPO,TR,Truk Tangki,False,100.0,99.5,48.0,35.0,0.0,0.5,"SASARAN_MUTU_TRANSPORTASI_2026_SATUI,xlsx",,,,,
261013,SUNGAI DANAU,Jun,TRUCK TANGKI HINO 130 HD DA 8597 CN 261-013,261-013,TANGKI SERIES 300,Sarmut Kelompok Tangki CPO,TR,Truk Tangki,False,100.0,99.5,25.0,35.0,0.0,0.5,"SASARAN_MUTU_TRANSPORTASI_2026_SATUI,xlsx",,,,,
261013,SUNGAI DANAU,Mar,TRUCK TANGKI HINO 130 HD DA 8597 CN 261-013,261-013,TANGKI SERIES 300,Sarmut Kelompok Tangki CPO,TR,Truk Tangki,False,100.0,99.5,27.27,35.0,0.0,0.5,"SASARAN_MUTU_TRANSPORTASI_2026_SATUI,xlsx",,,,,
261013,SUNGAI DANAU,May,TRUCK TANGKI HINO 130 HD DA 8597 CN 261-013,261-013,TANGKI SERIES 300,Sarmut Kelompok Tangki CPO,TR,Truk Tangki,False,100.0,99.5,30.43,35.0,0.0,0.5,"SASARAN_MUTU_TRANSPORTASI_2026_SATUI,xlsx",,,,,
261014,SUNGAI DANAU,Apr,TRUCK TANGKI HINO 130 HD DA 8598 CN 261-014,261-014,TANGKI SERIES 300,Sarmut Kelompok Tangki CPO,TR,Truk Tangki,False,100.0,99.5,18.52,35.0,0.0,0.5,"SASARAN_MUTU_TRANSPORTASI_2026_SATUI,xlsx",,,,,
261014,SUNGAI DANAU,Feb,TRUCK TANGKI HINO 130 HD DA 8598 CN 261-014,261-014,TANGKI SERIES 300,Sarmut Kelompok Tangki CPO,TR,Truk Tangki,False,100.0,99.5,4.35,35.0,0.0,0.5,"SASARAN_MUTU_TRANSPORTASI_2026_SATUI,xlsx",,,,,
261014,SUNGAI DANAU,Jan,TRUCK TANGKI HINO 130 HD DA 8598 CN 261-014,261-014,TANGKI SERIES 300,Sarmut Kelompok Tangki CPO,TR,Truk Tangki,False,100.0,99.5,32.0,35.0,0.0,0.5,"SASARAN_MUTU_TRANSPORTASI_2026_SATUI,xlsx",,,,,
261014,SUNGAI DANAU,Jun,TRUCK TANGKI HINO 130 HD DA 8598 CN 261-014,261-014,TANGKI SERIES 300,Sarmut Kelompok Tangki CPO,TR,Truk Tangki,False,100.0,99.5,25.0,35.0,0.0,0.5,"SASARAN_MUTU_TRANSPORTASI_2026_SATUI,xlsx",,,,,
261014,SUNGAI DANAU,Mar,TRUCK TANGKI HINO 130 HD DA 8598 CN 261-014,261-014,TANGKI SERIES 300,Sarmut Kelompok Tangki CPO,TR,Truk Tangki,False,100.0,99.5,31.82,35.0,0.0,0.5,"SASARAN_MUTU_TRANSPORTASI_2026_SATUI,xlsx",,,,,
261014,SUNGAI DANAU,May,TRUCK TANGKI HINO 130 HD DA 8598 CN 261-014,261-014,TANGKI SERIES 300,Sarmut Kelompok Tangki CPO,TR,Truk Tangki,False,100.0,99.5,30.43,35.0,0.0,0.5,"SASARAN_MUTU_TRANSPORTASI_2026_SATUI,xlsx",,,,,
262003,SUNGAI DANAU,Apr,TRUCK TANGKI HINO 130 HD DA 8569 CP 262-003,262-003,TANGKI SERIES 500,Sarmut Kelompok Tangki CPO,TR,Truk Tangki,False,100.0,99.5,18.52,35.0,0.0,0.5,"SASARAN_MUTU_TRANSPORTASI_2026_SATUI,xlsx",,,,,
262003,SUNGAI DANAU,Feb,TRUCK TANGKI HINO 130 HD DA 8569 CP 262-003,262-003,TANGKI SERIES 500,Sarmut Kelompok Tangki CPO,TR,Truk Tangki,False,100.0,99.5,4.35,35.0,0.0,0.5,"SASARAN_MUTU_TRANSPORTASI_2026_SATUI,xlsx",,,,,
262003,SUNGAI DANAU,Jan,TRUCK TANGKI HINO 130 HD DA 8569 CP 262-003,262-003,TANGKI SERIES 500,Sarmut Kelompok Tangki CPO,TR,Truk Tangki,False,100.0,99.5,48.0,35.0,0.0,0.5,"SASARAN_MUTU_TRANSPORTASI_2026_SATUI,xlsx",,,,,
262003,SUNGAI DANAU,Jun,TRUCK TANGKI HINO 130 HD DA 8569 CP 262-003,262-003,TANGKI SERIES 500,Sarmut Kelompok Tangki CPO,TR,Truk Tangki,False,100.0,99.5,25.0,35.0,0.0,0.5,"SASARAN_MUTU_TRANSPORTASI_2026_SATUI,xlsx",,,,,
262003,SUNGAI DANAU,Mar,TRUCK TANGKI HINO 130 HD DA 8569 CP 262-003,262-003,TANGKI SERIES 500,Sarmut Kelompok Tangki CPO,TR,Truk Tangki,False,100.0,99.5,31.82,35.0,0.0,0.5,"SASARAN_MUTU_TRANSPORTASI_2026_SATUI,xlsx",,,,,
262003,SUNGAI DANAU,May,TRUCK TANGKI HINO 130 HD DA 8569 CP 262-003,262-003,TANGKI SERIES 500,Sarmut Kelompok Tangki CPO,TR,Truk Tangki,False,100.0,99.5,30.43,35.0,0.0,0.5,"SASARAN_MUTU_TRANSPORTASI_2026_SATUI,xlsx",,,,,
262004,SUNGAI DANAU,Apr,TRUCK TANGKI HINO 130 HD DA 8567 CP 262-004,262-004,TANGKI SERIES 500,Sarmut Kelompok Tangki CPO,TR,Truk Tangki,False,100.0,99.5,18.52,35.0,0.0,0.5,"SASARAN_MUTU_TRANSPORTASI_2026_SATUI,xlsx",,,,,
262004,SUNGAI DANAU,Feb,TRUCK TANGKI HINO 130 HD DA 8567 CP 262-004,262-004,TANGKI SERIES 500,Sarmut Kelompok Tangki CPO,TR,Truk Tangki,False,100.0,99.5,4.35,35.0,0.0,0.5,"SASARAN_MUTU_TRANSPORTASI_2026_SATUI,xlsx",,,,,
262004,SUNGAI DANAU,Jan,TRUCK TANGKI HINO 130 HD DA 8567 CP 262-004,262-004,TANGKI SERIES 500,Sarmut Kelompok Tangki CPO,TR,Truk Tangki,False,100.0,99.5,44.0,35.0,0.0,0.5,"SASARAN_MUTU_TRANSPORTASI_2026_SATUI,xlsx",,,,,
262004,SUNGAI DANAU,Jun,TRUCK TANGKI HINO 130 HD DA 8567 CP 262-004,262-004,TANGKI SERIES 500,Sarmut Kelompok Tangki CPO,TR,Truk Tangki,False,100.0,99.5,25.0,35.0,0.0,0.5,"SASARAN_MUTU_TRANSPORTASI_2026_SATUI,xlsx",,,,,
262004,SUNGAI DANAU,Mar,TRUCK TANGKI HINO 130 HD DA 8567 CP 262-004,262-004,TANGKI SERIES 500,Sarmut Kelompok Tangki CPO,TR,Truk Tangki,False,100.0,99.5,31.82,35.0,0.0,0.5,"SASARAN_MUTU_TRANSPORTASI_2026_SATUI,xlsx",,,,,
262004,SUNGAI DANAU,May,TRUCK TANGKI HINO 130 HD DA 8567 CP 262-004,262-004,TANGKI SERIES 500,Sarmut Kelompok Tangki CPO,TR,Truk Tangki,False,100.0,99.5,34.78,35.0,0.0,0.5,"SASARAN_MUTU_TRANSPORTASI_2026_SATUI,xlsx",,,,,
262005,SUNGAI DANAU,Apr,TRUCK TANGKI HINO FG235 DA 8170 CR 262-005,262-005,TANGKI SERIES 500,Sarmut Kelompok Tangki CPO,TR,Truk Tangki,False,100.0,99.5,18.52,35.0,0.0,0.5,"SASARAN_MUTU_TRANSPORTASI_2026_SATUI,xlsx",,,,,
262005,SUNGAI DANAU,Feb,TRUCK TANGKI HINO FG235 DA 8170 CR 262-005,262-005,TANGKI SERIES 500,Sarmut Kelompok Tangki CPO,TR,Truk Tangki,False,100.0,99.5,4.35,35.0,0.0,0.5,"SASARAN_MUTU_TRANSPORTASI_2026_SATUI,xlsx",,,,,
262005,SUNGAI DANAU,Jan,TRUCK TANGKI HINO FG235 DA 8170 CR 262-005,262-005,TANGKI SERIES 500,Sarmut Kelompok Tangki CPO,TR,Truk Tangki,False,100.0,99.5,48.0,35.0,0.0,0.5,"SASARAN_MUTU_TRANSPORTASI_2026_SATUI,xlsx",,,,,
262005,SUNGAI DANAU,Jun,TRUCK TANGKI HINO FG235 DA 8170 CR 262-005,262-005,TANGKI SERIES 500,Sarmut Kelompok Tangki CPO,TR,Truk Tangki,False,100.0,99.5,25.0,35.0,0.0,0.5,"SASARAN_MUTU_TRANSPORTASI_2026_SATUI,xlsx",,,,,
262005,SUNGAI DANAU,Mar,TRUCK TANGKI HINO FG235 DA 8170 CR 262-005,262-005,TANGKI SERIES 500,Sarmut Kelompok Tangki CPO,TR,Truk Tangki,False,100.0,99.5,31.82,35.0,0.0,0.5,"SASARAN_MUTU_TRANSPORTASI_2026_SATUI,xlsx",,,,,
262005,SUNGAI DANAU,May,TRUCK TANGKI HINO FG235 DA 8170 CR 262-005,262-005,TANGKI SERIES 500,Sarmut Kelompok Tangki CPO,TR,Truk Tangki,False,100.0,99.5,34.78,35.0,0.0,0.5,"SASARAN_MUTU_TRANSPORTASI_2026_SATUI,xlsx",,,,,
262006,SUNGAI DANAU,Apr,TRUCK TANGKI HINO FG 235 DA 8171 CR 262-006,262-006,TANGKI SERIES 500,Sarmut Kelompok Tangki CPO,TR,Truk Tangki,False,100.0,99.5,18.52,35.0,0.0,0.5,"SASARAN_MUTU_TRANSPORTASI_2026_SATUI,xlsx",,,,,
262006,SUNGAI DANAU,Feb,TRUCK TANGKI HINO FG 235 DA 8171 CR 262-006,262-006,TANGKI SERIES 500,Sarmut Kelompok Tangki CPO,TR,Truk Tangki,False,100.0,99.5,4.35,35.0,0.0,0.5,"SASARAN_MUTU_TRANSPORTASI_2026_SATUI,xlsx",,,,,
262006,SUNGAI DANAU,Jan,TRUCK TANGKI HINO FG 235 DA 8171 CR 262-006,262-006,TANGKI SERIES 500,Sarmut Kelompok Tangki CPO,TR,Truk Tangki,False,100.0,99.5,48.0,35.0,0.0,0.5,"SASARAN_MUTU_TRANSPORTASI_2026_SATUI,xlsx",,,,,
262006,SUNGAI DANAU,Jun,TRUCK TANGKI HINO FG 235 DA 8171 CR 262-006,262-006,TANGKI SERIES 500,Sarmut Kelompok Tangki CPO,TR,Truk Tangki,False,100.0,99.5,25.0,35.0,0.0,0.5,"SASARAN_MUTU_TRANSPORTASI_2026_SATUI,xlsx",,,,,
262006,SUNGAI DANAU,Mar,TRUCK TANGKI HINO FG 235 DA 8171 CR 262-006,262-006,TANGKI SERIES 500,Sarmut Kelompok Tangki CPO,TR,Truk Tangki,False,100.0,99.5,31.82,35.0,0.0,0.5,"SASARAN_MUTU_TRANSPORTASI_2026_SATUI,xlsx",,,,,
262006,SUNGAI DANAU,May,TRUCK TANGKI HINO FG 235 DA 8171 CR 262-006,262-006,TANGKI SERIES 500,Sarmut Kelompok Tangki CPO,TR,Truk Tangki,False,100.0,99.5,34.78,35.0,0.0,0.5,"SASARAN_MUTU_TRANSPORTASI_2026_SATUI,xlsx",,,,,
262007,SUNGAI DANAU,Apr,TRUCK TANGKI HINO FG 235 DA 8342 JD 262-007,262-007,TANGKI SERIES 500,Sarmut Kelompok Tangki CPO,TR,Truk Tangki,False,100.0,99.5,18.52,35.0,0.0,0.5,"SASARAN_MUTU_TRANSPORTASI_2026_SATUI,xlsx",,,,,
262007,SUNGAI DANAU,Feb,TRUCK TANGKI HINO FG 235 DA 8342 JD 262-007,262-007,TANGKI SERIES 500,Sarmut Kelompok Tangki CPO,TR,Truk Tangki,False,100.0,99.5,4.35,35.0,0.0,0.5,"SASARAN_MUTU_TRANSPORTASI_2026_SATUI,xlsx",,,,,
262007,SUNGAI DANAU,Jan,TRUCK TANGKI HINO FG 235 DA 8342 JD 262-007,262-007,TANGKI SERIES 500,Sarmut Kelompok Tangki CPO,TR,Truk Tangki,False,100.0,99.5,48.0,35.0,0.0,0.5,"SASARAN_MUTU_TRANSPORTASI_2026_SATUI,xlsx",,,,,
262007,SUNGAI DANAU,Jun,TRUCK TANGKI HINO FG 235 DA 8342 JD 262-007,262-007,TANGKI SERIES 500,Sarmut Kelompok Tangki CPO,TR,Truk Tangki,False,100.0,99.5,25.0,35.0,0.0,0.5,"SASARAN_MUTU_TRANSPORTASI_2026_SATUI,xlsx",,,,,
262007,SUNGAI DANAU,Mar,TRUCK TANGKI HINO FG 235 DA 8342 JD 262-007,262-007,TANGKI SERIES 500,Sarmut Kelompok Tangki CPO,TR,Truk Tangki,False,100.0,99.5,31.82,35.0,0.0,0.5,"SASARAN_MUTU_TRANSPORTASI_2026_SATUI,xlsx",,,,,
262007,SUNGAI DANAU,May,TRUCK TANGKI HINO FG 235 DA 8342 JD 262-007,262-007,TANGKI SERIES 500,Sarmut Kelompok Tangki CPO,TR,Truk Tangki,False,100.0,99.5,34.78,35.0,0.0,0.5,"SASARAN_MUTU_TRANSPORTASI_2026_SATUI,xlsx",,,,,
262008,SUNGAI DANAU,Apr,TRUCK TANGKI HINO FG 235 DA 8343 JD 262-008,262-008,TANGKI SERIES 500,Sarmut Kelompok Tangki CPO,TR,Truk Tangki,False,100.0,99.5,18.52,35.0,0.0,0.5,"SASARAN_MUTU_TRANSPORTASI_2026_SATUI,xlsx",,,,,
262008,SUNGAI DANAU,Feb,TRUCK TANGKI HINO FG 235 DA 8343 JD 262-008,262-008,TANGKI SERIES 500,Sarmut Kelompok Tangki CPO,TR,Truk Tangki,False,100.0,99.5,4.35,35.0,0.0,0.5,"SASARAN_MUTU_TRANSPORTASI_2026_SATUI,xlsx",,,,,
262008,SUNGAI DANAU,Jan,TRUCK TANGKI HINO FG 235 DA 8343 JD 262-008,262-008,TANGKI SERIES 500,Sarmut Kelompok Tangki CPO,TR,Truk Tangki,False,100.0,99.5,48.0,35.0,0.0,0.5,"SASARAN_MUTU_TRANSPORTASI_2026_SATUI,xlsx",,,,,
262008,SUNGAI DANAU,Jun,TRUCK TANGKI HINO FG 235 DA 8343 JD 262-008,262-008,TANGKI SERIES 500,Sarmut Kelompok Tangki CPO,TR,Truk Tangki,False,100.0,99.5,25.0,35.0,0.0,0.5,"SASARAN_MUTU_TRANSPORTASI_2026_SATUI,xlsx",,,,,
262008,SUNGAI DANAU,Mar,TRUCK TANGKI HINO FG 235 DA 8343 JD 262-008,262-008,TANGKI SERIES 500,Sarmut Kelompok Tangki CPO,TR,Truk Tangki,False,100.0,99.5,36.36,35.0,0.0,0.5,"SASARAN_MUTU_TRANSPORTASI_2026_SATUI,xlsx",,,,,
262008,SUNGAI DANAU,May,TRUCK TANGKI HINO FG 235 DA 8343 JD 262-008,262-008,TANGKI SERIES 500,Sarmut Kelompok Tangki CPO,TR,Truk Tangki,False,100.0,99.5,30.43,35.0,0.0,0.5,"SASARAN_MUTU_TRANSPORTASI_2026_SATUI,xlsx",,,,,
262009,SUNGAI DANAU,Apr,TRUCK TANGKI HINO FG 235 JK DA 8110 JI 262-009,262-009,TANGKI SERIES 500,Sarmut Kelompok Tangki CPO,TR,Truk Tangki,False,100.0,99.5,18.52,35.0,0.0,0.5,"SASARAN_MUTU_TRANSPORTASI_2026_SATUI,xlsx",,,,,
262009,SUNGAI DANAU,Feb,TRUCK TANGKI HINO FG 235 JK DA 8110 JI 262-009,262-009,TANGKI SERIES 500,Sarmut Kelompok Tangki CPO,TR,Truk Tangki,False,100.0,99.5,4.35,35.0,0.0,0.5,"SASARAN_MUTU_TRANSPORTASI_2026_SATUI,xlsx",,,,,
262009,SUNGAI DANAU,Jan,TRUCK TANGKI HINO FG 235 JK DA 8110 JI 262-009,262-009,TANGKI SERIES 500,Sarmut Kelompok Tangki CPO,TR,Truk Tangki,False,100.0,99.5,48.0,35.0,0.0,0.5,"SASARAN_MUTU_TRANSPORTASI_2026_SATUI,xlsx",,,,,
262009,SUNGAI DANAU,Jun,TRUCK TANGKI HINO FG 235 JK DA 8110 JI 262-009,262-009,TANGKI SERIES 500,Sarmut Kelompok Tangki CPO,TR,Truk Tangki,False,100.0,99.5,25.0,35.0,0.0,0.5,"SASARAN_MUTU_TRANSPORTASI_2026_SATUI,xlsx",,,,,
262009,SUNGAI DANAU,Mar,TRUCK TANGKI HINO FG 235 JK DA 8110 JI 262-009,262-009,TANGKI SERIES 500,Sarmut Kelompok Tangki CPO,TR,Truk Tangki,False,100.0,99.5,31.82,35.0,0.0,0.5,"SASARAN_MUTU_TRANSPORTASI_2026_SATUI,xlsx",,,,,
262009,SUNGAI DANAU,May,TRUCK TANGKI HINO FG 235 JK DA 8110 JI 262-009,262-009,TANGKI SERIES 500,Sarmut Kelompok Tangki CPO,TR,Truk Tangki,False,100.0,99.5,30.43,35.0,0.0,0.5,"SASARAN_MUTU_TRANSPORTASI_2026_SATUI,xlsx",,,,,
262010,SUNGAI DANAU,Apr,TRUCK TANGKI HINO FM 260 DA 8112 JI 262-010,262-010,TANGKI SERIES 500,Sarmut Kelompok Tangki CPO,TR,Truk Tangki,False,100.0,99.5,18.52,35.0,0.0,0.5,"SASARAN_MUTU_TRANSPORTASI_2026_SATUI,xlsx",,,,,
262010,SUNGAI DANAU,Feb,TRUCK TANGKI HINO FM 260 DA 8112 JI 262-010,262-010,TANGKI SERIES 500,Sarmut Kelompok Tangki CPO,TR,Truk Tangki,False,100.0,99.5,4.35,35.0,0.0,0.5,"SASARAN_MUTU_TRANSPORTASI_2026_SATUI,xlsx",,,,,
262010,SUNGAI DANAU,Jan,TRUCK TANGKI HINO FM 260 DA 8112 JI 262-010,262-010,TANGKI SERIES 500,Sarmut Kelompok Tangki CPO,TR,Truk Tangki,False,100.0,99.5,48.0,35.0,0.0,0.5,"SASARAN_MUTU_TRANSPORTASI_2026_SATUI,xlsx",,,,,
262010,SUNGAI DANAU,Jun,TRUCK TANGKI HINO FM 260 DA 8112 JI 262-010,262-010,TANGKI SERIES 500,Sarmut Kelompok Tangki CPO,TR,Truk Tangki,False,100.0,99.5,25.0,35.0,0.0,0.5,"SASARAN_MUTU_TRANSPORTASI_2026_SATUI,xlsx",,,,,
262010,SUNGAI DANAU,Mar,TRUCK TANGKI HINO FM 260 DA 8112 JI 262-010,262-010,TANGKI SERIES 500,Sarmut Kelompok Tangki CPO,TR,Truk Tangki,False,100.0,99.5,31.82,35.0,0.0,0.5,"SASARAN_MUTU_TRANSPORTASI_2026_SATUI,xlsx",,,,,
262010,SUNGAI DANAU,May,TRUCK TANGKI HINO FM 260 DA 8112 JI 262-010,262-010,TANGKI SERIES 500,Sarmut Kelompok Tangki CPO,TR,Truk Tangki,False,100.0,99.5,30.43,35.0,0.0,0.5,"SASARAN_MUTU_TRANSPORTASI_2026_SATUI,xlsx",,,,,
262011,SUNGAI DANAU,Apr,TRUCK TANGKI HINO FG260JK DA 8381 GB 262-011,262-011,TANGKI SERIES 500,Sarmut Kelompok Tangki CPO,TR,Truk Tangki,False,96.3,99.5,15.38,35.0,3.7,0.5,"SASARAN_MUTU_TRANSPORTASI_2026_SATUI,xlsx",,,,,
262011,SUNGAI DANAU,Feb,TRUCK TANGKI HINO FG260JK DA 8381 GB 262-011,262-011,TANGKI SERIES 500,Sarmut Kelompok Tangki CPO,TR,Truk Tangki,False,100.0,99.5,4.35,35.0,0.0,0.5,"SASARAN_MUTU_TRANSPORTASI_2026_SATUI,xlsx",,,,,
262011,SUNGAI DANAU,Jan,TRUCK TANGKI HINO FG260JK DA 8381 GB 262-011,262-011,TANGKI SERIES 500,Sarmut Kelompok Tangki CPO,TR,Truk Tangki,False,100.0,99.5,48.0,35.0,0.0,0.5,"SASARAN_MUTU_TRANSPORTASI_2026_SATUI,xlsx",,,,,
262011,SUNGAI DANAU,Jun,TRUCK TANGKI HINO FG260JK DA 8381 GB 262-011,262-011,TANGKI SERIES 500,Sarmut Kelompok Tangki CPO,TR,Truk Tangki,False,100.0,99.5,25.0,35.0,0.0,0.5,"SASARAN_MUTU_TRANSPORTASI_2026_SATUI,xlsx",,,,,
262011,SUNGAI DANAU,Mar,TRUCK TANGKI HINO FG260JK DA 8381 GB 262-011,262-011,TANGKI SERIES 500,Sarmut Kelompok Tangki CPO,TR,Truk Tangki,False,100.0,99.5,31.82,35.0,0.0,0.5,"SASARAN_MUTU_TRANSPORTASI_2026_SATUI,xlsx",,,,,
262011,SUNGAI DANAU,May,TRUCK TANGKI HINO FG260JK DA 8381 GB 262-011,262-011,TANGKI SERIES 500,Sarmut Kelompok Tangki CPO,TR,Truk Tangki,False,100.0,99.5,34.78,35.0,0.0,0.5,"SASARAN_MUTU_TRANSPORTASI_2026_SATUI,xlsx",,,,,
341001,KUMAI,Apr,BULLDOZER KOMATSU D31P-20 341-001,341-001,BULLDOZER MINI,Sarmut Kelompok Unit Support,AB,Bulldozer,False,100.0,80.0,12.57,100.0,0.0,20.0,"SASARAN_MUTU_Unit_Operasional_2026_Kumai,xlsx",22.0,161.0,0.0,175.0,175.0
341001,KUMAI,Feb,BULLDOZER KOMATSU D31P-20 341-001,341-001,BULLDOZER MINI,Sarmut Kelompok Unit Support,AB,Bulldozer,False,98.76,80.0,89.94,100.0,1.24,20.0,"SASARAN_MUTU_Unit_Operasional_2026_Kumai,xlsx",143.0,70.0,2.0,159.0,161.0
341001,KUMAI,Jan,BULLDOZER KOMATSU D31P-20 341-001,341-001,BULLDOZER MINI,Sarmut Kelompok Unit Support,AB,Bulldozer,False,100.0,80.0,94.51,100.0,0.0,20.0,"SASARAN_MUTU_Unit_Operasional_2026_Kumai,xlsx",172.0,21.0,0.0,182.0,175.0
341001,KUMAI,Jun,BULLDOZER KOMATSU D31P-20 341-001,341-001,BULLDOZER MINI,Sarmut Kelompok Unit Support,AB,Bulldozer,False,100.0,80.0,0.0,100.0,0.0,20.0,"SASARAN_MUTU_Unit_Operasional_2026_Kumai,xlsx",0.0,168.0,0.0,168.0,168.0
341001,KUMAI,Mar,BULLDOZER KOMATSU D31P-20 341-001,341-001,BULLDOZER MINI,Sarmut Kelompok Unit Support,AB,Bulldozer,False,94.64,80.0,48.43,100.0,5.36,20.0,"SASARAN_MUTU_Unit_Operasional_2026_Kumai,xlsx",77.0,97.0,9.0,159.0,168.0
341001,KUMAI,May,BULLDOZER KOMATSU D31P-20 341-001,341-001,BULLDOZER MINI,Sarmut Kelompok Unit Support,AB,Bulldozer,False,100.0,80.0,7.45,100.0,0.0,20.0,"SASARAN_MUTU_Unit_Operasional_2026_Kumai,xlsx",12.0,149.0,0.0,161.0,161.0
342015,KUMAI,Apr,BULLDOZER WEA B 165 YS 342-015,342-015,BULLDOZER MEDIUM,Sarmut Kelompok Unit Support,AB,Bulldozer,False,0.0,80.0,0.0,100.0,100.0,20.0,"SASARAN_MUTU_Unit_Operasional_2026_Kumai,xlsx",0.0,0.0,175.0,7.0,175.0
342015,KUMAI,Feb,BULLDOZER WEA B 165 YS 342-015,342-015,BULLDOZER MEDIUM,Sarmut Kelompok Unit Support,AB,Bulldozer,False,100.0,80.0,186.34,100.0,0.0,20.0,"SASARAN_MUTU_Unit_Operasional_2026_Kumai,xlsx",300.0,0.0,0.0,161.0,161.0
342015,KUMAI,Jan,BULLDOZER WEA B 165 YS 342-015,342-015,BULLDOZER MEDIUM,Sarmut Kelompok Unit Support,AB,Bulldozer,False,83.43,80.0,179.08,100.0,16.57,20.0,"SASARAN_MUTU_Unit_Operasional_2026_Kumai,xlsx",274.0,0.0,29.0,153.0,175.0
342015,KUMAI,Jun,BULLDOZER WEA B 165 YS 342-015,342-015,BULLDOZER MEDIUM,Sarmut Kelompok Unit Support,AB,Bulldozer,False,100.0,80.0,5.36,100.0,0.0,20.0,"SASARAN_MUTU_Unit_Operasional_2026_Kumai,xlsx",9.0,159.0,0.0,168.0,168.0
342015,KUMAI,Mar,BULLDOZER WEA B 165 YS 342-015,342-015,BULLDOZER MEDIUM,Sarmut Kelompok Unit Support,AB,Bulldozer,False,36.9,80.0,174.19,100.0,63.1,20.0,"SASARAN_MUTU_Unit_Operasional_2026_Kumai,xlsx",108.0,0.0,106.0,62.0,168.0
342015,KUMAI,May,BULLDOZER WEA B 165 YS 342-015,342-015,BULLDOZER MEDIUM,Sarmut Kelompok Unit Support,AB,Bulldozer,False,14.91,80.0,22.58,100.0,85.09,20.0,"SASARAN_MUTU_Unit_Operasional_2026_Kumai,xlsx",7.0,17.0,137.0,31.0,161.0
371012,KUMAI,Apr,COMPACTOR SAKAI SV 526-D 371-012,371-012,COMPACTOR,Sarmut Kelompok Unit Support,AB,Compactor,False,100.0,80.0,75.2,100.0,0.0,20.0,"SASARAN_MUTU_Unit_Operasional_2026_Kumai,xlsx",94.0,65.0,0.0,125.0,125.0
371012,KUMAI,Feb,COMPACTOR SAKAI SV 526-D 371-012,371-012,COMPACTOR,Sarmut Kelompok Unit Support,AB,Compactor,False,95.65,80.0,170.0,100.0,4.35,20.0,"SASARAN_MUTU_Unit_Operasional_2026_Kumai,xlsx",187.0,41.0,5.0,110.0,115.0
371012,KUMAI,Jan,COMPACTOR SAKAI SV 526-D 371-012,371-012,COMPACTOR,Sarmut Kelompok Unit Support,AB,Compactor,False,96.0,80.0,245.83,100.0,4.0,20.0,"SASARAN_MUTU_Unit_Operasional_2026_Kumai,xlsx",295.0,10.0,5.0,120.0,125.0
371012,KUMAI,Jun,COMPACTOR SAKAI SV 526-D 371-012,371-012,COMPACTOR,Sarmut Kelompok Unit Support,AB,Compactor,False,100.0,80.0,119.2,100.0,0.0,20.0,"SASARAN_MUTU_Unit_Operasional_2026_Kumai,xlsx",149.0,38.0,0.0,125.0,125.0
371012,KUMAI,Mar,COMPACTOR SAKAI SV 526-D 371-012,371-012,COMPACTOR,Sarmut Kelompok Unit Support,AB,Compactor,False,100.0,80.0,109.17,100.0,0.0,20.0,"SASARAN_MUTU_Unit_Operasional_2026_Kumai,xlsx",131.0,65.0,0.0,120.0,120.0
371012,KUMAI,May,COMPACTOR SAKAI SV 526-D 371-012,371-012,COMPACTOR,Sarmut Kelompok Unit Support,AB,Compactor,False,100.0,80.0,80.83,100.0,0.0,20.0,"SASARAN_MUTU_Unit_Operasional_2026_Kumai,xlsx",97.0,56.0,0.0,120.0,120.0
371013,KUMAI,Apr,COMPACTOR SAKAI SV 526-D 371-013,371-013,COMPACTOR,Sarmut Kelompok Unit Support,AB,Compactor,False,100.0,80.0,4.0,100.0,0.0,20.0,"SASARAN_MUTU_Unit_Operasional_2026_Kumai,xlsx",5.0,125.0,0.0,125.0,125.0
371013,KUMAI,Feb,COMPACTOR SAKAI SV 526-D 371-013,371-013,COMPACTOR,Sarmut Kelompok Unit Support,AB,Compactor,False,100.0,80.0,94.55,100.0,0.0,20.0,"SASARAN_MUTU_Unit_Operasional_2026_Kumai,xlsx",104.0,55.0,0.0,110.0,115.0
371013,KUMAI,Jan,COMPACTOR SAKAI SV 526-D 371-013,371-013,COMPACTOR,Sarmut Kelompok Unit Support,AB,Compactor,False,100.0,80.0,124.17,100.0,0.0,20.0,"SASARAN_MUTU_Unit_Operasional_2026_Kumai,xlsx",149.0,46.0,0.0,120.0,125.0
371013,KUMAI,Jun,COMPACTOR SAKAI SV 526-D 371-013,371-013,COMPACTOR,Sarmut Kelompok Unit Support,AB,Compactor,False,100.0,80.0,67.2,100.0,0.0,20.0,"SASARAN_MUTU_Unit_Operasional_2026_Kumai,xlsx",84.0,80.0,0.0,125.0,120.0
371013,KUMAI,Mar,COMPACTOR SAKAI SV 526-D 371-013,371-013,COMPACTOR,Sarmut Kelompok Unit Support,AB,Compactor,False,95.83,80.0,126.67,100.0,4.17,20.0,"SASARAN_MUTU_Unit_Operasional_2026_Kumai,xlsx",152.0,43.0,5.0,120.0,120.0
371013,KUMAI,May,COMPACTOR SAKAI SV 526-D 371-013,371-013,COMPACTOR,Sarmut Kelompok Unit Support,AB,Compactor,False,95.65,80.0,2.5,100.0,4.35,20.0,"SASARAN_MUTU_Unit_Operasional_2026_Kumai,xlsx",3.0,105.0,5.0,120.0,115.0
351012,KUMAI,Apr,GRADER XCMG GR-100 351-012,351-012,GRADER,Sarmut Kelompok Unit Support,AB,Grader,False,80.0,80.0,84.0,100.0,20.0,20.0,"SASARAN_MUTU_Unit_Operasional_2026_Kumai,xlsx",84.0,51.0,25.0,100.0,125.0
351012,KUMAI,Feb,GRADER XCMG GR-100 351-012,351-012,GRADER,Sarmut Kelompok Unit Support,AB,Grader,False,40.87,80.0,246.81,100.0,59.13,20.0,"SASARAN_MUTU_Unit_Operasional_2026_Kumai,xlsx",116.0,0.0,68.0,47.0,115.0
351012,KUMAI,Jan,GRADER XCMG GR-100 351-012,351-012,GRADER,Sarmut Kelompok Unit Support,AB,Grader,False,96.0,80.0,231.67,100.0,4.0,20.0,"SASARAN_MUTU_Unit_Operasional_2026_Kumai,xlsx",278.0,5.0,5.0,120.0,125.0
351012,KUMAI,Jun,GRADER XCMG GR-100 351-012,351-012,GRADER,Sarmut Kelompok Unit Support,AB,Grader,False,85.0,80.0,142.16,100.0,15.0,20.0,"SASARAN_MUTU_Unit_Operasional_2026_Kumai,xlsx",145.0,30.0,18.0,102.0,120.0
351012,KUMAI,Mar,GRADER XCMG GR-100 351-012,351-012,GRADER,Sarmut Kelompok Unit Support,AB,Grader,False,40.83,80.0,185.71,100.0,59.17,20.0,"SASARAN_MUTU_Unit_Operasional_2026_Kumai,xlsx",91.0,5.0,71.0,49.0,120.0
351012,KUMAI,May,GRADER XCMG GR-100 351-012,351-012,GRADER,Sarmut Kelompok Unit Support,AB,Grader,False,82.61,80.0,101.05,100.0,17.39,20.0,"SASARAN_MUTU_Unit_Operasional_2026_Kumai,xlsx",96.0,24.0,20.0,95.0,115.0
361008,KUMAI,Apr,BACKHOE LOADER CAT 416 F2 361-008,361-008,BACKHOE LOADER,Sarmut Kelompok Unit Support,AB,TLB,False,0.0,80.0,0.0,100.0,100.0,20.0,"SASARAN_MUTU_Unit_Operasional_2026_Kumai,xlsx",0.0,0.0,125.0,5.0,125.0
361008,KUMAI,Feb,BACKHOE LOADER CAT 416 F2 361-008,361-008,BACKHOE LOADER,Sarmut Kelompok Unit Support,AB,TLB,False,45.22,80.0,176.92,100.0,54.78,20.0,"SASARAN_MUTU_Unit_Operasional_2026_Kumai,xlsx",92.0,11.0,63.0,52.0,115.0
361008,KUMAI,Jan,BACKHOE LOADER CAT 416 F2 361-008,361-008,BACKHOE LOADER,Sarmut Kelompok Unit Support,AB,TLB,False,96.0,80.0,174.4,100.0,4.0,20.0,"SASARAN_MUTU_Unit_Operasional_2026_Kumai,xlsx",218.0,0.0,5.0,125.0,125.0
361008,KUMAI,Jun,BACKHOE LOADER CAT 416 F2 361-008,361-008,BACKHOE LOADER,Sarmut Kelompok Unit Support,AB,TLB,False,0.0,80.0,0.0,100.0,100.0,20.0,"SASARAN_MUTU_Unit_Operasional_2026_Kumai,xlsx",0.0,0.0,120.0,5.0,120.0
361008,KUMAI,Mar,BACKHOE LOADER CAT 416 F2 361-008,361-008,BACKHOE LOADER,Sarmut Kelompok Unit Support,AB,TLB,False,83.33,80.0,225.0,100.0,16.67,20.0,"SASARAN_MUTU_Unit_Operasional_2026_Kumai,xlsx",225.0,3.0,20.0,100.0,120.0
361008,KUMAI,May,BACKHOE LOADER CAT 416 F2 361-008,361-008,BACKHOE LOADER,Sarmut Kelompok Unit Support,AB,TLB,False,30.43,80.0,105.0,100.0,69.57,20.0,"SASARAN_MUTU_Unit_Operasional_2026_Kumai,xlsx",42.0,15.0,80.0,40.0,115.0
361011,KUMAI,Apr,BACKHOE LOADER CATTERPILLAR 426F2 361-011,361-011,BACKHOE LOADER,Sarmut Kelompok Unit Support,AB,TLB,False,95.2,80.0,241.18,100.0,4.8,20.0,"SASARAN_MUTU_Unit_Operasional_2026_Kumai,xlsx",287.0,0.0,6.0,119.0,125.0
361011,KUMAI,Feb,BACKHOE LOADER CATTERPILLAR 426F2 361-011,361-011,BACKHOE LOADER,Sarmut Kelompok Unit Support,AB,TLB,False,95.65,80.0,277.27,100.0,4.35,20.0,"SASARAN_MUTU_Unit_Operasional_2026_Kumai,xlsx",305.0,0.0,5.0,110.0,115.0
361011,KUMAI,Jan,BACKHOE LOADER CATTERPILLAR 426F2 361-011,361-011,BACKHOE LOADER,Sarmut Kelompok Unit Support,AB,TLB,False,100.0,80.0,253.6,100.0,0.0,20.0,"SASARAN_MUTU_Unit_Operasional_2026_Kumai,xlsx",317.0,0.0,0.0,125.0,125.0
361011,KUMAI,Jun,BACKHOE LOADER CATTERPILLAR 426F2 361-011,361-011,BACKHOE LOADER,Sarmut Kelompok Unit Support,AB,TLB,False,95.83,80.0,321.74,100.0,4.17,20.0,"SASARAN_MUTU_Unit_Operasional_2026_Kumai,xlsx",370.0,0.0,5.0,115.0,120.0
361011,KUMAI,Mar,BACKHOE LOADER CATTERPILLAR 426F2 361-011,361-011,BACKHOE LOADER,Sarmut Kelompok Unit Support,AB,TLB,False,87.5,80.0,276.19,100.0,12.5,20.0,"SASARAN_MUTU_Unit_Operasional_2026_Kumai,xlsx",290.0,0.0,15.0,105.0,120.0
361011,KUMAI,May,BACKHOE LOADER CATTERPILLAR 426F2 361-011,361-011,BACKHOE LOADER,Sarmut Kelompok Unit Support,AB,TLB,False,100.0,80.0,295.83,100.0,0.0,20.0,"SASARAN_MUTU_Unit_Operasional_2026_Kumai,xlsx",355.0,0.0,0.0,120.0,120.0
361012,KUMAI,Apr,BACKHOE LOADER CATERPILLAR 416 F 361-012,361-012,BACKHOE LOADER,Sarmut Kelompok Unit Support,AB,TLB,False,100.0,80.0,239.2,100.0,0.0,20.0,"SASARAN_MUTU_Unit_Operasional_2026_Kumai,xlsx",299.0,1.0,0.0,125.0,125.0
361012,KUMAI,Feb,BACKHOE LOADER CATERPILLAR 416 F 361-012,361-012,BACKHOE LOADER,Sarmut Kelompok Unit Support,AB,TLB,False,100.0,80.0,256.52,100.0,0.0,20.0,"SASARAN_MUTU_Unit_Operasional_2026_Kumai,xlsx",295.0,0.0,0.0,115.0,115.0
361012,KUMAI,Jan,BACKHOE LOADER CATERPILLAR 416 F 361-012,361-012,BACKHOE LOADER,Sarmut Kelompok Unit Support,AB,TLB,False,100.0,80.0,293.6,100.0,0.0,20.0,"SASARAN_MUTU_Unit_Operasional_2026_Kumai,xlsx",367.0,0.0,0.0,125.0,125.0
361012,KUMAI,Jun,BACKHOE LOADER CATERPILLAR 416 F 361-012,361-012,BACKHOE LOADER,Sarmut Kelompok Unit Support,AB,TLB,False,95.83,80.0,300.87,100.0,4.17,20.0,"SASARAN_MUTU_Unit_Operasional_2026_Kumai,xlsx",346.0,0.0,5.0,115.0,120.0
361012,KUMAI,Mar,BACKHOE LOADER CATERPILLAR 416 F 361-012,361-012,BACKHOE LOADER,Sarmut Kelompok Unit Support,AB,TLB,False,100.0,80.0,291.67,100.0,0.0,20.0,"SASARAN_MUTU_Unit_Operasional_2026_Kumai,xlsx",350.0,5.0,0.0,120.0,120.0
361012,KUMAI,May,BACKHOE LOADER CATERPILLAR 416 F 361-012,361-012,BACKHOE LOADER,Sarmut Kelompok Unit Support,AB,TLB,False,100.0,80.0,304.17,100.0,0.0,20.0,"SASARAN_MUTU_Unit_Operasional_2026_Kumai,xlsx",365.0,0.0,0.0,120.0,120.0
231001,SUNGAI DANAU,Apr,BUS HINO 130 MDBL DA 9577 CL/ DA 7219 CD 231-001,231-001,BUS,,TR,Rental Bus,True,,97.5,,95.0,0.0,2.5,"SASARAN_MUTU_TRANSPORTASI_2026_SATUI,xlsx",,,,,
231001,SUNGAI DANAU,Feb,BUS HINO 130 MDBL DA 9577 CL/ DA 7219 CD 231-001,231-001,BUS,,TR,Rental Bus,True,,97.5,,95.0,0.0,2.5,"SASARAN_MUTU_TRANSPORTASI_2026_SATUI,xlsx",,,,,
231001,SUNGAI DANAU,Jan,BUS HINO 130 MDBL DA 9577 CL/ DA 7219 CD 231-001,231-001,BUS,,TR,Rental Bus,True,,97.5,,95.0,0.0,2.5,"SASARAN_MUTU_TRANSPORTASI_2026_SATUI,xlsx",,,,,
231001,SUNGAI DANAU,Jun,BUS HINO 130 MDBL DA 9577 CL/ DA 7219 CD 231-001,231-001,BUS,,TR,Rental Bus,True,,97.5,,95.0,0.0,2.5,"SASARAN_MUTU_TRANSPORTASI_2026_SATUI,xlsx",,,,,
231001,SUNGAI DANAU,Mar,BUS HINO 130 MDBL DA 9577 CL/ DA 7219 CD 231-001,231-001,BUS,,TR,Rental Bus,True,,97.5,,95.0,0.0,2.5,"SASARAN_MUTU_TRANSPORTASI_2026_SATUI,xlsx",,,,,
231001,SUNGAI DANAU,May,BUS HINO 130 MDBL DA 9577 CL/ DA 7219 CD 231-001,231-001,BUS,,TR,Rental Bus,True,,97.5,,95.0,0.0,2.5,"SASARAN_MUTU_TRANSPORTASI_2026_SATUI,xlsx",,,,,
231002,SUNGAI DANAU,Apr,BUS HINO 130 MDBL DA 9592 CL/ DA 7223 CD 231-002,231-002,BUS,,TR,Rental Bus,True,,97.5,,95.0,0.0,2.5,"SASARAN_MUTU_TRANSPORTASI_2026_SATUI,xlsx",,,,,
231002,SUNGAI DANAU,Feb,BUS HINO 130 MDBL DA 9592 CL/ DA 7223 CD 231-002,231-002,BUS,,TR,Rental Bus,True,,97.5,,95.0,0.0,2.5,"SASARAN_MUTU_TRANSPORTASI_2026_SATUI,xlsx",,,,,
231002,SUNGAI DANAU,Jan,BUS HINO 130 MDBL DA 9592 CL/ DA 7223 CD 231-002,231-002,BUS,,TR,Rental Bus,True,,97.5,,95.0,0.0,2.5,"SASARAN_MUTU_TRANSPORTASI_2026_SATUI,xlsx",,,,,
231002,SUNGAI DANAU,Jun,BUS HINO 130 MDBL DA 9592 CL/ DA 7223 CD 231-002,231-002,BUS,,TR,Rental Bus,True,,97.5,,95.0,0.0,2.5,"SASARAN_MUTU_TRANSPORTASI_2026_SATUI,xlsx",,,,,
231002,SUNGAI DANAU,Mar,BUS HINO 130 MDBL DA 9592 CL/ DA 7223 CD 231-002,231-002,BUS,,TR,Rental Bus,True,,97.5,,95.0,0.0,2.5,"SASARAN_MUTU_TRANSPORTASI_2026_SATUI,xlsx",,,,,
231002,SUNGAI DANAU,May,BUS HINO 130 MDBL DA 9592 CL/ DA 7223 CD 231-002,231-002,BUS,,TR,Rental Bus,True,,97.5,,95.0,0.0,2.5,"SASARAN_MUTU_TRANSPORTASI_2026_SATUI,xlsx",,,,,
231003,SUNGAI DANAU,Apr,BUS ISUZU MINI BUS F 7120 AB/DA 7026 TAJ 231-003,231-003,BUS,,TR,Rental Bus,True,,97.5,,95.0,0.0,2.5,"SASARAN_MUTU_TRANSPORTASI_2026_SATUI,xlsx",,,,,
231003,SUNGAI DANAU,Feb,BUS ISUZU MINI BUS F 7120 AB/DA 7026 TAJ 231-003,231-003,BUS,,TR,Rental Bus,True,,97.5,,95.0,0.0,2.5,"SASARAN_MUTU_TRANSPORTASI_2026_SATUI,xlsx",,,,,
231003,SUNGAI DANAU,Jan,BUS ISUZU MINI BUS F 7120 AB/DA 7026 TAJ 231-003,231-003,BUS,,TR,Rental Bus,True,,97.5,,95.0,0.0,2.5,"SASARAN_MUTU_TRANSPORTASI_2026_SATUI,xlsx",,,,,
231003,SUNGAI DANAU,Jun,BUS ISUZU MINI BUS F 7120 AB/DA 7026 TAJ 231-003,231-003,BUS,,TR,Rental Bus,True,,97.5,,95.0,0.0,2.5,"SASARAN_MUTU_TRANSPORTASI_2026_SATUI,xlsx",,,,,
231003,SUNGAI DANAU,Mar,BUS ISUZU MINI BUS F 7120 AB/DA 7026 TAJ 231-003,231-003,BUS,,TR,Rental Bus,True,,97.5,,95.0,0.0,2.5,"SASARAN_MUTU_TRANSPORTASI_2026_SATUI,xlsx",,,,,
231003,SUNGAI DANAU,May,BUS ISUZU MINI BUS F 7120 AB/DA 7026 TAJ 231-003,231-003,BUS,,TR,Rental Bus,True,,97.5,,95.0,0.0,2.5,"SASARAN_MUTU_TRANSPORTASI_2026_SATUI,xlsx",,,,,
231004,SUNGAI DANAU,Apr,BUS HINO 130 MDBL DA 7445 CD 231-004,231-004,BUS,,TR,Rental Bus,True,,97.5,,95.0,0.0,2.5,"SASARAN_MUTU_TRANSPORTASI_2026_SATUI,xlsx",,,,,
231004,SUNGAI DANAU,Feb,BUS HINO 130 MDBL DA 7445 CD 231-004,231-004,BUS,,TR,Rental Bus,True,,97.5,,95.0,0.0,2.5,"SASARAN_MUTU_TRANSPORTASI_2026_SATUI,xlsx",,,,,
231004,SUNGAI DANAU,Jan,BUS HINO 130 MDBL DA 7445 CD 231-004,231-004,BUS,,TR,Rental Bus,True,,97.5,,95.0,0.0,2.5,"SASARAN_MUTU_TRANSPORTASI_2026_SATUI,xlsx",,,,,
231004,SUNGAI DANAU,Jun,BUS HINO 130 MDBL DA 7445 CD 231-004,231-004,BUS,,TR,Rental Bus,True,,97.5,,95.0,0.0,2.5,"SASARAN_MUTU_TRANSPORTASI_2026_SATUI,xlsx",,,,,
231004,SUNGAI DANAU,Mar,BUS HINO 130 MDBL DA 7445 CD 231-004,231-004,BUS,,TR,Rental Bus,True,,97.5,,95.0,0.0,2.5,"SASARAN_MUTU_TRANSPORTASI_2026_SATUI,xlsx",,,,,
231004,SUNGAI DANAU,May,BUS HINO 130 MDBL DA 7445 CD 231-004,231-004,BUS,,TR,Rental Bus,True,,97.5,,95.0,0.0,2.5,"SASARAN_MUTU_TRANSPORTASI_2026_SATUI,xlsx",,,,,
231005,SUNGAI DANAU,Apr,BUS HINO 130 MDBL DA 8705 CO 231-005,231-005,BUS,,TR,Rental Bus,True,,97.5,,95.0,0.0,2.5,"SASARAN_MUTU_TRANSPORTASI_2026_SATUI,xlsx",,,,,
231005,SUNGAI DANAU,Feb,BUS HINO 130 MDBL DA 8705 CO 231-005,231-005,BUS,,TR,Rental Bus,True,,97.5,,95.0,0.0,2.5,"SASARAN_MUTU_TRANSPORTASI_2026_SATUI,xlsx",,,,,
231005,SUNGAI DANAU,Jan,BUS HINO 130 MDBL DA 8705 CO 231-005,231-005,BUS,,TR,Rental Bus,True,,97.5,,95.0,0.0,2.5,"SASARAN_MUTU_TRANSPORTASI_2026_SATUI,xlsx",,,,,
231005,SUNGAI DANAU,Jun,BUS HINO 130 MDBL DA 8705 CO 231-005,231-005,BUS,,TR,Rental Bus,True,,97.5,,95.0,0.0,2.5,"SASARAN_MUTU_TRANSPORTASI_2026_SATUI,xlsx",,,,,
231005,SUNGAI DANAU,Mar,BUS HINO 130 MDBL DA 8705 CO 231-005,231-005,BUS,,TR,Rental Bus,True,,97.5,,95.0,0.0,2.5,"SASARAN_MUTU_TRANSPORTASI_2026_SATUI,xlsx",,,,,
231005,SUNGAI DANAU,May,BUS HINO 130 MDBL DA 8705 CO 231-005,231-005,BUS,,TR,Rental Bus,True,,97.5,,95.0,0.0,2.5,"SASARAN_MUTU_TRANSPORTASI_2026_SATUI,xlsx",,,,,
242004,SUNGAI DANAU,Apr,TRUCK HINO 136 HDX 242-004,242-004,TRUCK - TUS,,TR,Tus,True,,97.5,,95.0,0.0,2.5,"SASARAN_MUTU_TRANSPORTASI_2026_SATUI,xlsx",,,,,
242004,SUNGAI DANAU,Feb,TRUCK HINO 136 HDX 242-004,242-004,TRUCK - TUS,,TR,Tus,True,,97.5,,95.0,0.0,2.5,"SASARAN_MUTU_TRANSPORTASI_2026_SATUI,xlsx",,,,,
242004,SUNGAI DANAU,Jan,TRUCK HINO 136 HDX 242-004,242-004,TRUCK - TUS,,TR,Tus,True,,97.5,,95.0,0.0,2.5,"SASARAN_MUTU_TRANSPORTASI_2026_SATUI,xlsx",,,,,
242004,SUNGAI DANAU,Jun,TRUCK HINO 136 HDX 242-004,242-004,TRUCK - TUS,,TR,Tus,True,,97.5,,95.0,0.0,2.5,"SASARAN_MUTU_TRANSPORTASI_2026_SATUI,xlsx",,,,,
242004,SUNGAI DANAU,Mar,TRUCK HINO 136 HDX 242-004,242-004,TRUCK - TUS,,TR,Tus,True,,97.5,,95.0,0.0,2.5,"SASARAN_MUTU_TRANSPORTASI_2026_SATUI,xlsx",,,,,
242004,SUNGAI DANAU,May,TRUCK HINO 136 HDX 242-004,242-004,TRUCK - TUS,,TR,Tus,True,,97.5,,95.0,0.0,2.5,"SASARAN_MUTU_TRANSPORTASI_2026_SATUI,xlsx",,,,,
242005,SUNGAI DANAU,Apr,TRUCK HINO 136 HDX 242-005,242-005,TRUCK - TUS,,TR,Tus,True,,97.5,,95.0,0.0,2.5,"SASARAN_MUTU_TRANSPORTASI_2026_SATUI,xlsx",,,,,
242005,SUNGAI DANAU,Feb,TRUCK HINO 136 HDX 242-005,242-005,TRUCK - TUS,,TR,Tus,True,,97.5,,95.0,0.0,2.5,"SASARAN_MUTU_TRANSPORTASI_2026_SATUI,xlsx",,,,,
242005,SUNGAI DANAU,Jan,TRUCK HINO 136 HDX 242-005,242-005,TRUCK - TUS,,TR,Tus,True,,97.5,,95.0,0.0,2.5,"SASARAN_MUTU_TRANSPORTASI_2026_SATUI,xlsx",,,,,
242005,SUNGAI DANAU,Jun,TRUCK HINO 136 HDX 242-005,242-005,TRUCK - TUS,,TR,Tus,True,,97.5,,95.0,0.0,2.5,"SASARAN_MUTU_TRANSPORTASI_2026_SATUI,xlsx",,,,,
242005,SUNGAI DANAU,Mar,TRUCK HINO 136 HDX 242-005,242-005,TRUCK - TUS,,TR,Tus,True,,97.5,,95.0,0.0,2.5,"SASARAN_MUTU_TRANSPORTASI_2026_SATUI,xlsx",,,,,
242005,SUNGAI DANAU,May,TRUCK HINO 136 HDX 242-005,242-005,TRUCK - TUS,,TR,Tus,True,,97.5,,95.0,0.0,2.5,"SASARAN_MUTU_TRANSPORTASI_2026_SATUI,xlsx",,,,,
