id_unit,kode_unit,nama_unit,nilai_asset,lokasi,bulan,bulan_no,kategori,prestasi_realisasi,prestasi_budget,pendapatan_realisasi,pendapatan_budget,upah_realisasi,upah_budget,qty_bbm_realisasi,qty_bbm_budget,harga_bbm_realisasi,harga_bbm_budget,biaya_bbm_realisasi,biaya_bbm_budget,maintenance_realisasi,maintenance_budget,penyusutan_realisasi,penyusutan_budget,lainnya_realisasi,lainnya_budget,biaya_langsung_realisasi,biaya_langsung_budget,biaya_tidak_langsung_realisasi,biaya_tidak_langsung_budget,total_biaya_realisasi,total_biaya_budget
312005,312-005,DUMP TRUCK HINO FM 260 JD 312-005,0,AMPAH,Jan,1,AB,0.0,0.0,0,0.0,0.0,0.0,0,0,0.0,0.0,0.0,0.0,31431077.81,0.0,10533879.74,0.0,456619.92,0.0,42421577.47,0.0,0.0,0.0,42421577.47,0.0
312006,312-006,DUMP TRUCK HINO FM 260 JD 312-006,0,AMPAH,Jan,1,AB,0.0,0.0,0,0.0,0.0,0.0,0,0,0.0,0.0,0.0,0.0,1694500.62,0.0,0.0,0.0,0.0,0.0,1694500.62,0.0,0.0,0.0,1694500.62,0.0
312011,312-011,DUMP TRUCK HINO FM 260 JD 312-011,0,AMPAH,Jan,1,AB,0.0,0.0,0,0.0,0.0,0.0,25,0,14456.01,0.0,361400.25,0.0,11125177.51,0.0,10533879.74,0.0,459558.82,0.0,22480016.32,0.0,0.0,0.0,22480016.32,0.0
312012,312-012,DUMP TRUCK HINO FM 260 JD 312-012,1011252455,AMPAH,Jan,1,AB,0.0,0.0,0,0.0,4067200.0,0.0,0,0,0.0,0.0,0.0,0.0,6996802.9,0.0,10533879.74,0.0,459558.82,0.0,22057441.46,0.0,0.0,0.0,22057441.46,0.0
312013,312-013,DUMP TRUCK HINO FM 260 JD 312-013,1067094595,AMPAH,Jan,1,AB,0.0,0.0,0,0.0,2847040.0,0.0,0,0,0.0,0.0,0.0,0.0,22204763.03,0.0,11115568.7,0.0,484936.01,0.0,36652307.74,0.0,0.0,0.0,36652307.74,0.0
312016,312-016,DUMP TRUCK HINO FM 260 JD 312-016,1049083278,AMPAH,Jan,1,AB,0.0,0.0,0,0.0,7320960.0,0.0,0,0,0.0,0.0,0.0,0.0,12330998.66,0.0,10927950.81,0.0,476750.86,0.0,31056660.33,0.0,0.0,0.0,31056660.33,0.0
312018,312-018,DUMP TRUCK HINO FM 260 JD 312-018,0,AMPAH,Jan,1,AB,0.0,0.0,0,0.0,0.0,0.0,70,0,14456.01,0.0,1011920.7,0.0,17598528.12,0.0,10664348.58,0.0,465250.75,0.0,29740048.15,0.0,0.0,0.0,29740048.15,0.0
312019,312-019,DUMP TRUCK HINO FM 260 JD 312-019,1024020864,AMPAH,Jan,1,AB,0.0,0.0,0,0.0,4104000.0,0.0,0,0,0.0,0.0,0.0,0.0,20115607.09,0.0,10666884.0,0.0,465361.36,0.0,35351852.45,0.0,0.0,0.0,35351852.45,0.0
312020,312-020,DUMP TRUCK HINO FM 260 JD 312-020,1040066144,AMPAH,Jan,1,AB,0.0,0.0,0,0.0,4125000.0,0.0,0,0,0.0,0.0,0.0,0.0,21852853.24,0.0,10834022.33,0.0,472653.06,0.0,37284528.63,0.0,0.0,0.0,37284528.63,0.0
312024,312-024,DUMP TRUCK HINO FM 260 JD 312-024,1457274807,AMPAH,Jan,1,AB,0.0,0.0,0,0.0,5694080.0,0.0,0,0,0.0,0.0,0.0,0.0,5110167.28,0.0,15179945.9,0.0,662251.54,0.0,26646444.72,0.0,0.0,0.0,26646444.72,0.0
312025,312-025,DUMP TRUCK HINO FM 260 JD 312-025,1456683897,AMPAH,Jan,1,AB,0.0,0.0,0,0.0,6236373.0,0.0,0,0,0.0,0.0,0.0,0.0,15572822.52,0.0,15173790.59,0.0,661983.0,0.0,37644969.11,0.0,0.0,0.0,37644969.11,0.0
312005,312-005,DUMP TRUCK HINO FM 260 JD 312-005,0,AMPAH,Feb,2,AB,0.0,0.0,0,0.0,0.0,0.0,40,0,14456.01,0.0,578240.4,0.0,0.0,0.0,10533879.74,0.0,456619.92,0.0,11568740.06,0.0,0.0,0.0,11568740.06,0.0
312006,312-006,DUMP TRUCK HINO FM 260 JD 312-006,0,AMPAH,Feb,2,AB,0.0,0.0,0,0.0,0.0,0.0,0,0,0.0,0.0,0.0,0.0,0.0,0.0,0.0,0.0,0.0,0.0,0.0,0.0,0.0,0.0,0.0,0.0
312011,312-011,DUMP TRUCK HINO FM 260 JD 312-011,0,AMPAH,Feb,2,AB,0.0,0.0,0,0.0,0.0,0.0,50,0,14456.01,0.0,722800.5,0.0,6665882.57,0.0,10533879.74,0.0,459558.82,0.0,18382121.63,0.0,0.0,0.0,18382121.63,0.0
312012,312-012,DUMP TRUCK HINO FM 260 JD 312-012,1011252455,AMPAH,Feb,2,AB,0.0,0.0,0,0.0,0.0,0.0,0,0,0.0,0.0,0.0,0.0,243355.91,0.0,10533879.74,0.0,459558.82,0.0,11236794.47,0.0,0.0,0.0,11236794.47,0.0
312013,312-013,DUMP TRUCK HINO FM 260 JD 312-013,1067094595,AMPAH,Feb,2,AB,0.0,0.0,0,0.0,0.0,0.0,0,0,0.0,0.0,0.0,0.0,1948375.1,0.0,11115568.7,0.0,484936.01,0.0,13548879.81,0.0,0.0,0.0,13548879.81,0.0
312016,312-016,DUMP TRUCK HINO FM 260 JD 312-016,1049083278,AMPAH,Feb,2,AB,0.0,0.0,0,0.0,0.0,0.0,0,0,0.0,0.0,0.0,0.0,5610750.27,0.0,10927950.81,0.0,476750.86,0.0,17015451.94,0.0,0.0,0.0,17015451.94,0.0
312018,312-018,DUMP TRUCK HINO FM 260 JD 312-018,0,AMPAH,Feb,2,AB,0.0,0.0,0,0.0,0.0,0.0,0,0,0.0,0.0,0.0,0.0,0.0,0.0,0.0,0.0,465250.75,0.0,465250.75,0.0,0.0,0.0,465250.75,0.0
312019,312-019,DUMP TRUCK HINO FM 260 JD 312-019,1024020864,AMPAH,Feb,2,AB,0.0,0.0,0,0.0,0.0,0.0,0,0,0.0,0.0,0.0,0.0,1685198.03,0.0,10666884.0,0.0,465361.36,0.0,12817443.39,0.0,0.0,0.0,12817443.39,0.0
312020,312-020,DUMP TRUCK HINO FM 260 JD 312-020,1040066144,AMPAH,Feb,2,AB,0.0,0.0,0,0.0,0.0,0.0,0,0,0.0,0.0,0.0,0.0,874261.15,0.0,10834022.33,0.0,472653.06,0.0,12180936.54,0.0,0.0,0.0,12180936.54,0.0
312024,312-024,DUMP TRUCK HINO FM 260 JD 312-024,1457274807,AMPAH,Feb,2,AB,0.0,0.0,0,0.0,0.0,0.0,0,0,0.0,0.0,0.0,0.0,1120162.64,0.0,15179945.9,0.0,662251.54,0.0,16962360.08,0.0,0.0,0.0,16962360.08,0.0
312025,312-025,DUMP TRUCK HINO FM 260 JD 312-025,1456683897,AMPAH,Feb,2,AB,0.0,0.0,0,0.0,0.0,0.0,0,0,0.0,0.0,0.0,0.0,19934848.64,0.0,15173790.59,0.0,661983.0,0.0,35770622.23,0.0,0.0,0.0,35770622.23,0.0
312005,312-005,DUMP TRUCK HINO FM 260 JD 312-005,0,AMPAH,Mar,3,AB,0.0,0.0,0,0.0,0.0,0.0,0,0,0.0,0.0,0.0,0.0,-5167665.0,0.0,0.0,0.0,456619.92,0.0,-4711045.08,0.0,0.0,0.0,-4711045.08,0.0
312006,312-006,DUMP TRUCK HINO FM 260 JD 312-006,0,AMPAH,Mar,3,AB,0.0,0.0,0,0.0,0.0,0.0,0,0,0.0,0.0,0.0,0.0,0.0,0.0,0.0,0.0,0.0,0.0,0.0,0.0,0.0,0.0,0.0,0.0
312011,312-011,DUMP TRUCK HINO FM 260 JD 312-011,0,AMPAH,Mar,3,AB,0.0,0.0,0,0.0,0.0,0.0,0,0,0.0,0.0,0.0,0.0,0.0,0.0,0.0,0.0,459558.82,0.0,459558.82,0.0,0.0,0.0,459558.82,0.0
312012,312-012,DUMP TRUCK HINO FM 260 JD 312-012,1011252455,AMPAH,Mar,3,AB,0.0,0.0,0,0.0,0.0,0.0,0,0,0.0,0.0,0.0,0.0,0.0,0.0,10533879.74,0.0,459558.82,0.0,10993438.56,0.0,0.0,0.0,10993438.56,0.0
312013,312-013,DUMP TRUCK HINO FM 260 JD 312-013,1067094595,AMPAH,Mar,3,AB,0.0,0.0,0,0.0,0.0,0.0,0,0,0.0,0.0,0.0,0.0,0.0,0.0,11115568.7,0.0,484936.01,0.0,11600504.71,0.0,0.0,0.0,11600504.71,0.0
312016,312-016,DUMP TRUCK HINO FM 260 JD 312-016,1049083278,AMPAH,Mar,3,AB,0.0,0.0,0,0.0,0.0,0.0,0,0,0.0,0.0,0.0,0.0,433680.3,0.0,10927950.81,0.0,0.0,0.0,11361631.11,0.0,0.0,0.0,11361631.11,0.0
312018,312-018,DUMP TRUCK HINO FM 260 JD 312-018,0,AMPAH,Mar,3,AB,0.0,0.0,0,0.0,0.0,0.0,0,0,0.0,0.0,0.0,0.0,-5167664.0,0.0,0.0,0.0,465250.75,0.0,-4702413.25,0.0,0.0,0.0,-4702413.25,0.0
312019,312-019,DUMP TRUCK HINO FM 260 JD 312-019,1024020864,AMPAH,Mar,3,AB,0.0,0.0,0,0.0,0.0,0.0,0,0,0.0,0.0,0.0,0.0,0.0,0.0,10666884.0,0.0,465361.36,0.0,11132245.36,0.0,0.0,0.0,11132245.36,0.0
312020,312-020,DUMP TRUCK HINO FM 260 JD 312-020,1040066144,AMPAH,Mar,3,AB,0.0,0.0,0,0.0,0.0,0.0,0,0,0.0,0.0,0.0,0.0,-5149865.97,0.0,10834022.33,0.0,472653.06,0.0,6156809.42,0.0,0.0,0.0,6156809.42,0.0
312024,312-024,DUMP TRUCK HINO FM 260 JD 312-024,1457274807,AMPAH,Mar,3,AB,0.0,0.0,0,0.0,0.0,0.0,0,0,0.0,0.0,0.0,0.0,0.0,0.0,15179945.9,0.0,662251.54,0.0,15842197.44,0.0,0.0,0.0,15842197.44,0.0
312025,312-025,DUMP TRUCK HINO FM 260 JD 312-025,1456683897,AMPAH,Mar,3,AB,0.0,0.0,0,0.0,0.0,0.0,0,0,0.0,0.0,0.0,0.0,-5167664.0,0.0,15173790.59,0.0,661983.0,0.0,10668109.59,0.0,0.0,0.0,10668109.59,0.0
312005,312-005,DUMP TRUCK HINO FM 260 JD 312-005,0,AMPAH,Apr,4,AB,0.0,0.0,0,0.0,0.0,0.0,0,0,0.0,0.0,0.0,0.0,0.0,0.0,0.0,0.0,456619.92,0.0,456619.92,0.0,0.0,0.0,456619.92,0.0
312006,312-006,DUMP TRUCK HINO FM 260 JD 312-006,0,AMPAH,Apr,4,AB,0.0,0.0,0,0.0,0.0,0.0,0,0,0.0,0.0,0.0,0.0,0.0,0.0,0.0,0.0,0.0,0.0,0.0,0.0,0.0,0.0,0.0,0.0
312011,312-011,DUMP TRUCK HINO FM 260 JD 312-011,0,AMPAH,Apr,4,AB,0.0,0.0,0,0.0,0.0,0.0,0,0,0.0,0.0,0.0,0.0,0.0,0.0,0.0,0.0,459558.82,0.0,459558.82,0.0,0.0,0.0,459558.82,0.0
312012,312-012,DUMP TRUCK HINO FM 260 JD 312-012,1011252455,AMPAH,Apr,4,AB,0.0,0.0,0,0.0,0.0,0.0,0,0,0.0,0.0,0.0,0.0,0.0,0.0,10533879.74,0.0,459558.82,0.0,10993438.56,0.0,0.0,0.0,10993438.56,0.0
312013,312-013,DUMP TRUCK HINO FM 260 JD 312-013,1067094595,AMPAH,Apr,4,AB,0.0,0.0,0,0.0,0.0,0.0,0,0,0.0,0.0,0.0,0.0,0.0,0.0,11115568.7,0.0,484936.01,0.0,11600504.71,0.0,0.0,0.0,11600504.71,0.0
312016,312-016,DUMP TRUCK HINO FM 260 JD 312-016,1049083278,AMPAH,Apr,4,AB,0.0,0.0,0,0.0,0.0,0.0,0,0,0.0,0.0,0.0,0.0,0.0,0.0,10927950.81,0.0,476750.86,0.0,11404701.67,0.0,0.0,0.0,11404701.67,0.0
312018,312-018,DUMP TRUCK HINO FM 260 JD 312-018,0,AMPAH,Apr,4,AB,0.0,0.0,0,0.0,0.0,0.0,0,0,0.0,0.0,0.0,0.0,0.0,0.0,0.0,0.0,465250.75,0.0,465250.75,0.0,0.0,0.0,465250.75,0.0
312019,312-019,DUMP TRUCK HINO FM 260 JD 312-019,1024020864,AMPAH,Apr,4,AB,0.0,0.0,0,0.0,0.0,0.0,0,0,0.0,0.0,0.0,0.0,0.0,0.0,10666884.0,0.0,465361.36,0.0,11132245.36,0.0,0.0,0.0,11132245.36,0.0
312020,312-020,DUMP TRUCK HINO FM 260 JD 312-020,1040066144,AMPAH,Apr,4,AB,0.0,0.0,0,0.0,0.0,0.0,0,0,0.0,0.0,0.0,0.0,0.0,0.0,10834022.33,0.0,472653.06,0.0,11306675.39,0.0,0.0,0.0,11306675.39,0.0
312024,312-024,DUMP TRUCK HINO FM 260 JD 312-024,1457274807,AMPAH,Apr,4,AB,0.0,0.0,0,0.0,0.0,0.0,0,0,0.0,0.0,0.0,0.0,0.0,0.0,15179945.9,0.0,662251.54,0.0,15842197.44,0.0,0.0,0.0,15842197.44,0.0
312025,312-025,DUMP TRUCK HINO FM 260 JD 312-025,1456683897,AMPAH,Apr,4,AB,0.0,0.0,0,0.0,0.0,0.0,0,0,0.0,0.0,0.0,0.0,0.0,0.0,15173790.59,0.0,661983.0,0.0,15835773.59,0.0,0.0,0.0,15835773.59,0.0
312005,312-005,DUMP TRUCK HINO FM 260 JD 312-005,0,AMPAH,May,5,AB,0.0,0.0,0,0.0,0.0,0.0,0,0,0.0,0.0,0.0,0.0,0.0,0.0,0.0,0.0,0.0,0.0,0.0,0.0,0.0,0.0,0.0,0.0
312006,312-006,DUMP TRUCK HINO FM 260 JD 312-006,0,AMPAH,May,5,AB,0.0,0.0,0,0.0,0.0,0.0,0,0,0.0,0.0,0.0,0.0,0.0,0.0,0.0,0.0,0.0,0.0,0.0,0.0,0.0,0.0,0.0,0.0
312011,312-011,DUMP TRUCK HINO FM 260 JD 312-011,0,AMPAH,May,5,AB,0.0,0.0,0,0.0,0.0,0.0,0,0,0.0,0.0,0.0,0.0,0.0,0.0,0.0,0.0,0.0,0.0,0.0,0.0,0.0,0.0,0.0,0.0
312012,312-012,DUMP TRUCK HINO FM 260 JD 312-012,1011252455,AMPAH,May,5,AB,0.0,0.0,0,0.0,0.0,0.0,0,0,0.0,0.0,0.0,0.0,0.0,0.0,10533879.74,0.0,459558.82,0.0,10993438.56,0.0,0.0,0.0,10993438.56,0.0
312013,312-013,DUMP TRUCK HINO FM 260 JD 312-013,1067094595,AMPAH,May,5,AB,0.0,0.0,0,0.0,0.0,0.0,0,0,0.0,0.0,0.0,0.0,0.0,0.0,11115568.7,0.0,484936.01,0.0,11600504.71,0.0,0.0,0.0,11600504.71,0.0
312016,312-016,DUMP TRUCK HINO FM 260 JD 312-016,1049083278,AMPAH,May,5,AB,0.0,0.0,0,0.0,0.0,0.0,0,0,0.0,0.0,0.0,0.0,0.0,0.0,10927950.81,0.0,476750.86,0.0,11404701.67,0.0,0.0,0.0,11404701.67,0.0
312018,312-018,DUMP TRUCK HINO FM 260 JD 312-018,0,AMPAH,May,5,AB,0.0,0.0,0,0.0,0.0,0.0,0,0,0.0,0.0,0.0,0.0,0.0,0.0,0.0,0.0,0.0,0.0,0.0,0.0,0.0,0.0,0.0,0.0
312019,312-019,DUMP TRUCK HINO FM 260 JD 312-019,1024020864,AMPAH,May,5,AB,0.0,0.0,0,0.0,0.0,0.0,150,0,14456.01,0.0,2168401.5,0.0,0.0,0.0,10666884.0,0.0,465361.36,0.0,13300646.86,0.0,0.0,0.0,13300646.86,0.0
312020,312-020,DUMP TRUCK HINO FM 260 JD 312-020,1040066144,AMPAH,May,5,AB,0.0,0.0,0,0.0,0.0,0.0,0,0,0.0,0.0,0.0,0.0,0.0,0.0,10834022.33,0.0,472653.06,0.0,11306675.39,0.0,0.0,0.0,11306675.39,0.0
312024,312-024,DUMP TRUCK HINO FM 260 JD 312-024,1457274807,AMPAH,May,5,AB,0.0,0.0,0,0.0,0.0,0.0,0,0,0.0,0.0,0.0,0.0,0.0,0.0,15179945.9,0.0,662251.54,0.0,15842197.44,0.0,0.0,0.0,15842197.44,0.0
312025,312-025,DUMP TRUCK HINO FM 260 JD 312-025,1456683897,AMPAH,May,5,AB,0.0,0.0,0,0.0,0.0,0.0,0,0,0.0,0.0,0.0,0.0,0.0,0.0,15173790.59,0.0,661983.0,0.0,15835773.59,0.0,0.0,0.0,15835773.59,0.0
312005,312-005,DUMP TRUCK HINO FM 260 JD 312-005,0,AMPAH,Jun,6,AB,0.0,0.0,0,0.0,0.0,0.0,0,0,0.0,0.0,0.0,0.0,0.0,0.0,0.0,0.0,0.0,0.0,0.0,0.0,0.0,0.0,0.0,0.0
312006,312-006,DUMP TRUCK HINO FM 260 JD 312-006,0,AMPAH,Jun,6,AB,0.0,0.0,0,0.0,0.0,0.0,0,0,0.0,0.0,0.0,0.0,0.0,0.0,0.0,0.0,0.0,0.0,0.0,0.0,0.0,0.0,0.0,0.0
312011,312-011,DUMP TRUCK HINO FM 260 JD 312-011,0,AMPAH,Jun,6,AB,0.0,0.0,0,0.0,0.0,0.0,0,0,0.0,0.0,0.0,0.0,888897.6,0.0,0.0,0.0,459558.82,0.0,1348456.42,0.0,0.0,0.0,1348456.42,0.0
312012,312-012,DUMP TRUCK HINO FM 260 JD 312-012,1011252455,AMPAH,Jun,6,AB,0.0,0.0,0,0.0,0.0,0.0,0,0,0.0,0.0,0.0,0.0,395065.6,0.0,10533879.74,0.0,459558.82,0.0,11388504.16,0.0,0.0,0.0,11388504.16,0.0
312013,312-013,DUMP TRUCK HINO FM 260 JD 312-013,1067094595,AMPAH,Jun,6,AB,0.0,0.0,0,0.0,0.0,0.0,0,0,0.0,0.0,0.0,0.0,790131.2,0.0,11115568.7,0.0,484936.01,0.0,12390635.91,0.0,0.0,0.0,12390635.91,0.0
312016,312-016,DUMP TRUCK HINO FM 260 JD 312-016,1049083278,AMPAH,Jun,6,AB,0.0,0.0,0,0.0,0.0,0.0,0,0,0.0,0.0,0.0,0.0,790131.2,0.0,10927950.81,0.0,476750.86,0.0,12194832.87,0.0,0.0,0.0,12194832.87,0.0
312018,312-018,DUMP TRUCK HINO FM 260 JD 312-018,0,AMPAH,Jun,6,AB,0.0,0.0,0,0.0,0.0,0.0,0,0,0.0,0.0,0.0,0.0,0.0,0.0,0.0,0.0,0.0,0.0,0.0,0.0,0.0,0.0,0.0,0.0
312019,312-019,DUMP TRUCK HINO FM 260 JD 312-019,1024020864,AMPAH,Jun,6,AB,162.5,0.0,0,0.0,0.0,0.0,0,0,0.0,0.0,0.0,0.0,0.0,0.0,0.0,0.0,800000.0,0.0,800000.0,0.0,0.0,0.0,800000.0,0.0
312020,312-020,DUMP TRUCK HINO FM 260 JD 312-020,1040066144,AMPAH,Jun,6,AB,0.0,0.0,0,0.0,0.0,0.0,0,0,0.0,0.0,0.0,0.0,395065.6,0.0,10834022.33,0.0,472653.06,0.0,11701740.99,0.0,0.0,0.0,11701740.99,0.0
312024,312-024,DUMP TRUCK HINO FM 260 JD 312-024,1457274807,AMPAH,Jun,6,AB,0.0,0.0,0,0.0,0.0,0.0,0,0,0.0,0.0,0.0,0.0,180833.33,0.0,15179945.9,0.0,662251.54,0.0,16023030.77,0.0,0.0,0.0,16023030.77,0.0
312025,312-025,DUMP TRUCK HINO FM 260 JD 312-025,1456683897,AMPAH,Jun,6,AB,0.0,0.0,0,0.0,0.0,0.0,0,0,0.0,0.0,0.0,0.0,0.0,0.0,15173790.59,0.0,661983.0,0.0,15835773.59,0.0,0.0,0.0,15835773.59,0.0
312008,312-008,DUMP TRUCK HINO FM 260 JD 312-008,0,BUHUT,Jan,1,AB,0.0,0.0,0,0.0,0.0,0.0,0,0,0.0,0.0,0.0,0.0,0.0,0.0,0.0,0.0,0.0,0.0,0.0,0.0,0.0,0.0,0.0,0.0
312009,312-009,DUMP TRUCK HINO FM 260 JD 312-009,0,BUHUT,Jan,1,AB,0.0,0.0,0,0.0,0.0,0.0,0,0,0.0,0.0,0.0,0.0,0.0,0.0,0.0,0.0,0.0,0.0,0.0,0.0,0.0,0.0,0.0,0.0
312010,312-010,DUMP TRUCK HINO FM 260 JD 312-010,0,BUHUT,Jan,1,AB,0.0,0.0,0,0.0,0.0,0.0,0,0,0.0,0.0,0.0,0.0,0.0,0.0,0.0,0.0,0.0,0.0,0.0,0.0,0.0,0.0,0.0,0.0
312014,312-014,DUMP TRUCK HINO FM 260 JD 312-014,1066244596,BUHUT,Jan,1,AB,0.0,0.0,0,0.0,0.0,0.0,20,0,0.0,0.0,0.0,0.0,0.0,0.0,0.0,0.0,0.0,0.0,0.0,0.0,0.0,0.0,0.0,0.0
312017,312-017,DUMP TRUCK HINO FM 260 JD 312-017,0,BUHUT,Jan,1,AB,0.0,0.0,0,0.0,0.0,0.0,63,0,0.0,0.0,0.0,0.0,0.0,0.0,0.0,0.0,0.0,0.0,0.0,0.0,0.0,0.0,0.0,0.0
312024,312-024,DUMP TRUCK HINO FM 260 JD 312-024,1457274807,BUHUT,Jan,1,AB,0.0,0.0,0,0.0,0.0,0.0,0,0,0.0,0.0,0.0,0.0,0.0,0.0,0.0,0.0,0.0,0.0,0.0,0.0,0.0,0.0,0.0,0.0
312026,312-026,DUMP TRUCK HINO FM 280 JD 312-026,999855749,BUHUT,Jan,1,AB,194.0,6000.0,58800000,56700000.0,6007700.0,7455000.0,0,0,0.0,0.0,0.0,0.0,1084856.42,24732393.958333332,10415164.05,10415164.052083334,454379.64,10297080.002385,17962100.11,52899638.01280166,7819516.45,8533263.2546875,25781616.56,61432901.267489165
312028,312-028,DUMP TRUCK HINO FM 280 JD 312-028,1216944235,BUHUT,Jan,1,AB,287.1,0.0,0,0.0,0.0,0.0,0,0,0.0,0.0,0.0,0.0,0.0,0.0,0.0,0.0,0.0,0.0,0.0,0.0,0.0,0.0,0.0,0.0
312029,312-029,DUMP TRUCK HINO FM 280 JD 312-029,1047084503,BUHUT,Jan,1,AB,188.1,6000.0,60900000,56700000.0,6619700.0,7455000.0,0,0,0.0,0.0,0.0,0.0,18966652.31,15799389.791666666,10907130.24,10907130.2403125,475842.52,7722810.001788749,36969325.07,41884330.033767916,8098784.89,8533263.2546875,45068109.96,50417593.28845541
312035,312-035,DUMP TRUCK HINO FM 280 JD 312-035,1396500500,BUHUT,Jan,1,AB,92.7,6000.0,53666667,63000000.0,0.0,7455000.0,0,0,0.0,0.0,0.0,0.0,6744380.98,13026531.458333334,14546880.21,14546880.208333334,0.0,7722810.001788749,21291261.19,42751221.66845542,7136860.3,8533263.2546875,28428121.49,51284484.923142925
312036,312-036,DUMP TRUCK HINO FM 280 JD 312-036,1375785504,BUHUT,Jan,1,AB,231.0,6000.0,70000000,63000000.0,11830687.0,7455000.0,0,0,0.0,0.0,0.0,0.0,1720512.57,13140682.291666666,14331099.0,14331099.0,0.0,7722810.001788749,27882298.57,42649591.293455414,9308948.15,8533263.2546875,37191246.72,51182854.54814291
332027,332-027,EXCAVATOR HITACHI ZX350H-5G 332-027,2210730000,BUHUT,Jan,1,AB,37.5,0.0,0,0.0,0.0,0.0,0,0,0.0,0.0,0.0,0.0,0.0,0.0,6613593.75,0.0,0.0,0.0,6613593.75,0.0,0.0,0.0,6613593.75,0.0
332029,332-029,EXCAVATOR HITACHI ZX210F-5G 332-029,1378368000,BUHUT,Jan,1,AB,202.0,0.0,0,0.0,0.0,0.0,3690,0,0.0,0.0,0.0,0.0,0.0,0.0,0.0,0.0,0.0,0.0,0.0,0.0,0.0,0.0,0.0,0.0
332038,332-038,EXCAVATOR HITACHI ZX 210 F-5G 332-038,1564476300,BUHUT,Jan,1,AB,315.1,350.0,116633660,130130000.0,0.0,0.0,0,0,0.0,0.0,320150.0,0.0,33901021.87,94318663.25,19421628.12,16296628.125,710968.74,2585879.447576923,54353768.73,113201170.82257693,15510524.2,9559622.208870303,69864292.93,122760793.03144723
332039,332-039,EXCAVATOR HITACHI ZX 210 F-5G 332-039,1518656875,BUHUT,Jan,1,AB,244.0,200.0,72360000,60000000.0,0.0,0.0,0,0,0.0,0.0,0.0,0.0,13979788.29,9723203.916666666,15819342.45,15819342.447916666,690146.32,1773174.4783384614,30489277.06,27315720.842921793,9622792.69,9559622.208870303,40112069.75,36875343.0517921
332045,332-045,EXCAVATOR HITACHI ZX 210 F-5G 332-045,1765159831,BUHUT,Jan,1,AB,243.0,350.0,89603800,130130000.0,0.0,0.0,0,0,0.0,0.0,202200.0,0.0,48554298.81,71857170.25,55857237.59,49032217.534722224,789118.06,2585879.447576923,105402854.46,123475267.23229915,11915958.98,9559622.208870303,117318813.44,133034889.44116946
332049,332-049,EXCAVATOR SHANTUI SE 215 W 332-049,1205162986,BUHUT,Jan,1,AB,91.9,0.0,0,0.0,0.0,0.0,0,0,0.0,0.0,0.0,0.0,0.0,0.0,0.0,0.0,0.0,0.0,0.0,0.0,0.0,0.0,0.0,0.0
332050,332-050,EXCAVATOR SHANTUI SE 215 W 332-050,1205162986,BUHUT,Jan,1,AB,0.0,100.0,0,30000000.0,0.0,0.0,0,0,0.0,0.0,0.0,0.0,2500000.0,12844919.333333334,12553781.1,12553781.104166666,774225.46,1182116.3188923076,15828006.56,26580816.756392308,0.0,9559622.208870303,15828006.56,36140438.96526261
332051,332-051,EXCAVATOR SHANTUI SE 215 W 332-051,1363248114,BUHUT,Jan,1,AB,78.3,200.0,23490000,60000000.0,0.0,0.0,0,0,0.0,0.0,1027850.0,0.0,14181686.63,12844919.333333334,14200501.19,14200501.185416667,774225.46,1773174.4783384614,30184263.28,28818594.997088462,3123817.03,9559622.208870303,33308080.31,38378217.20595877
332052,332-052,EXCAVATOR HITACHI ZX 210G-5G 332-052,317452500,BUHUT,Jan,1,AB,338.0,350.0,145340000,150500000.0,0.0,0.0,0,0,0.0,0.0,252750.0,0.0,28946329.01,80213761.25,25428365.59,16241855.1715625,1000387.5,2585879.447576923,55627832.1,99041495.86913942,19328036.07,9559622.208870303,74955868.17,108601118.07800972
332053,332-053,EXCAVATOR HITACHI ZX 210G-5G 332-053,1559218096,BUHUT,Jan,1,AB,233.0,0.0,0,0.0,0.0,0.0,3451,0,0.0,0.0,0.0,0.0,0.0,0.0,0.0,0.0,0.0,0.0,0.0,0.0,0.0,0.0,0.0,0.0
332055,332-055,EXCAVATOR HITACHI ZX350H-5G 332-055,280682888,BUHUT,Jan,1,AB,337.1,350.0,202260000,210000000.0,0.0,0.0,0,0,0.0,0.0,1027850.0,0.0,38121572.93,102944687.91666667,31749865.86,25902305.685208336,3173147.23,3103055.3370923074,74072436.02,131950048.93896732,26897540.77,9559622.208870303,100969976.79,141509671.1478376
342008,342-008,BULLDOZER CAT D7G2 342-008,1929603500,BUHUT,Jan,1,AB,0.0,0.0,0,0.0,0.0,0.0,0,0,0.0,0.0,0.0,0.0,0.0,0.0,0.0,0.0,0.0,0.0,0.0,0.0,0.0,0.0,0.0,0.0
342012,342-012,BULLDOZER WEA B 220 342-012,2321435000,BUHUT,Jan,1,AB,11.1,0.0,0,0.0,0.0,0.0,0,0,0.0,0.0,0.0,0.0,1539419.55,0.0,0.0,0.0,0.0,0.0,1539419.55,0.0,0.0,0.0,1539419.55,0.0
342016,342-016,BULLDOZER KOMATSU D85E 342-016,3651184000,BUHUT,Jan,1,AB,104.3,200.0,106590000,110000000.0,0.0,0.0,0,0,0.0,0.0,0.0,0.0,19878513.82,14777130.916666666,38033166.67,38033166.666666664,0.0,1773174.4783384614,57911680.49,54583472.06167179,14174868.34,9559622.208870303,72086548.83,64143094.2705421
351014,351-014,GRADER XCMG GR-135 351-014,1153153154,BUHUT,Jan,1,AB,27.3,150.0,61500000,61500000.0,0.0,0.0,0,0,0.0,0.0,0.0,0.0,19025414.01,5133667.756666667,12012012.02,12012012.020833334,748055.56,2216468.0979230767,31785481.59,19362147.875423077,8178575.88,9559622.208870303,39964057.47,28921770.08429338
362001,362-001,WHEEL LOADER KOMATSU WA 350-3 362-001,0,BUHUT,Jan,1,AB,0.0,0.0,0,0.0,0.0,0.0,0,0,0.0,0.0,0.0,0.0,0.0,0.0,0.0,0.0,0.0,0.0,0.0,0.0,0.0,0.0,0.0,0.0
362002,362-002,WHEEL LOADER XCMG ZL50GN 362-002,884788000,BUHUT,Jan,1,AB,235.8,150.0,68063000,43500000.0,0.0,0.0,0,0,0.0,0.0,0.0,0.0,27070108.04,23956286.271666665,9216541.67,9216541.666666666,0.0,2216468.0979230767,36286649.71,35389296.03625641,9051356.26,9559622.208870303,45338005.97,44948918.24512671
371014,371-014,COMPACTOR SAKAI SV 526-D 371-014,942068000,BUHUT,Jan,1,AB,144.8,150.0,39663000,40500000.0,0.0,0.0,0,0,0.0,0.0,0.0,0.0,2726321.68,10250465.598333335,9813208.33,9813208.333333334,0.0,2216468.0979230767,12539530.01,22280142.029589746,5274583.01,9559622.208870303,17814113.02,31839764.23846005
312008,312-008,DUMP TRUCK HINO FM 260 JD 312-008,0,BUHUT,Feb,2,AB,49.5,0.0,0,0.0,0.0,0.0,0,0,0.0,0.0,0.0,0.0,0.0,0.0,0.0,0.0,0.0,0.0,0.0,0.0,0.0,0.0,0.0,0.0
312009,312-009,DUMP TRUCK HINO FM 260 JD 312-009,0,BUHUT,Feb,2,AB,0.0,0.0,0,0.0,0.0,0.0,0,0,0.0,0.0,0.0,0.0,0.0,0.0,0.0,0.0,0.0,0.0,0.0,0.0,0.0,0.0,0.0,0.0
312010,312-010,DUMP TRUCK HINO FM 260 JD 312-010,0,BUHUT,Feb,2,AB,0.0,0.0,0,0.0,0.0,0.0,0,0,0.0,0.0,0.0,0.0,0.0,0.0,0.0,0.0,0.0,0.0,0.0,0.0,0.0,0.0,0.0,0.0
312014,312-014,DUMP TRUCK HINO FM 260 JD 312-014,1066244596,BUHUT,Feb,2,AB,0.0,0.0,0,0.0,0.0,0.0,0,0,0.0,0.0,0.0,0.0,0.0,0.0,0.0,0.0,0.0,0.0,0.0,0.0,0.0,0.0,0.0,0.0
312017,312-017,DUMP TRUCK HINO FM 260 JD 312-017,0,BUHUT,Feb,2,AB,0.0,0.0,0,0.0,0.0,0.0,0,0,0.0,0.0,0.0,0.0,0.0,0.0,0.0,0.0,0.0,0.0,0.0,0.0,0.0,0.0,0.0,0.0
312024,312-024,DUMP TRUCK HINO FM 260 JD 312-024,1457274807,BUHUT,Feb,2,AB,0.0,0.0,0,0.0,0.0,0.0,0,0,0.0,0.0,0.0,0.0,0.0,0.0,0.0,0.0,0.0,0.0,0.0,0.0,0.0,0.0,0.0,0.0
312026,312-026,DUMP TRUCK HINO FM 280 JD 312-026,999855749,BUHUT,Feb,2,AB,124.0,6000.0,63000000,56700000.0,9860600.0,7455000.0,0,0,0.0,0.0,0.0,0.0,5212135.85,24732393.958333332,10415164.05,10415164.052083334,454379.64,10297080.002385,25942279.54,52899638.01280166,16192902.22,9669288.2546875,42135181.76,62568926.267489165
312028,312-028,DUMP TRUCK HINO FM 280 JD 312-028,1216944235,BUHUT,Feb,2,AB,248.2,0.0,0,0.0,0.0,0.0,0,0,0.0,0.0,0.0,0.0,0.0,0.0,0.0,0.0,0.0,0.0,0.0,0.0,0.0,0.0,0.0,0.0
312029,312-029,DUMP TRUCK HINO FM 280 JD 312-029,1047084503,BUHUT,Feb,2,AB,127.7,6000.0,63000000,56700000.0,6985500.0,7455000.0,0,0,0.0,0.0,0.0,0.0,5667869.14,15799389.791666666,10907130.24,10907130.2403125,475842.52,7722810.001788749,24036341.9,41884330.033767916,16192902.22,9669288.2546875,40229244.12,51553618.28845541
312035,312-035,DUMP TRUCK HINO FM 280 JD 312-035,1396500500,BUHUT,Feb,2,AB,177.5,6000.0,70000000,63000000.0,7076450.0,7455000.0,0,0,0.0,0.0,0.0,0.0,7515101.91,13026531.458333334,14546880.21,14546880.208333334,0.0,7722810.001788749,29138432.12,42751221.66845542,17992113.58,9669288.2546875,47130545.7,52420509.923142925
312036,312-036,DUMP TRUCK HINO FM 280 JD 312-036,1375785504,BUHUT,Feb,2,AB,71.5,6000.0,53666667,63000000.0,7054127.0,7455000.0,0,0,0.0,0.0,0.0,0.0,618361.17,13140682.291666666,14331099.0,14331099.0,0.0,7722810.001788749,22003587.17,42649591.293455414,13793953.83,9669288.2546875,35797541.0,52318879.54814291
332027,332-027,EXCAVATOR HITACHI ZX350H-5G 332-027,2210730000,BUHUT,Feb,2,AB,2.2,0.0,0,0.0,0.0,0.0,0,0,0.0,0.0,0.0,0.0,0.0,0.0,6613593.75,0.0,0.0,0.0,6613593.75,0.0,0.0,0.0,6613593.75,0.0
332029,332-029,EXCAVATOR HITACHI ZX210F-5G 332-029,1378368000,BUHUT,Feb,2,AB,124.0,0.0,0,0.0,0.0,0.0,2100,0,0.0,0.0,0.0,0.0,0.0,0.0,0.0,0.0,0.0,0.0,0.0,0.0,0.0,0.0,0.0,0.0
332038,332-038,EXCAVATOR HITACHI ZX 210 F-5G 332-038,1564476300,BUHUT,Feb,2,AB,243.1,350.0,102282180,130130000.0,0.0,0.0,0,0,0.0,0.0,635200.0,0.0,22904394.38,94318663.25,19421628.12,16296628.125,710968.74,2585879.447576923,43672191.24,113201170.82257693,26289608.56,9679289.481597574,69961799.8,122880460.3041745
332039,332-039,EXCAVATOR HITACHI ZX 210 F-5G 332-039,1518656875,BUHUT,Feb,2,AB,206.9,200.0,62070000,60000000.0,0.0,0.0,0,0,0.0,0.0,0.0,0.0,4072799.19,9723203.916666666,15819342.45,15819342.447916666,690146.32,1773174.4783384614,20582287.96,27315720.842921793,15953864.14,9679289.481597574,36536152.1,36995010.324519366
332045,332-045,EXCAVATOR HITACHI ZX 210 F-5G 332-045,1765159831,BUHUT,Feb,2,AB,192.6,350.0,70976620,130130000.0,0.0,0.0,0,0,0.0,0.0,428760.0,0.0,21938216.82,71857170.25,55857237.59,49032217.534722224,939118.06,2585879.447576923,79163332.47,123475267.23229915,18243134.41,9679289.481597574,97406466.88,133154556.71389672
332049,332-049,EXCAVATOR SHANTUI SE 215 W 332-049,1205162986,BUHUT,Feb,2,AB,57.0,0.0,0,0.0,0.0,0.0,0,0,0.0,0.0,0.0,0.0,0.0,0.0,0.0,0.0,0.0,0.0,0.0,0.0,0.0,0.0,0.0,0.0
332050,332-050,EXCAVATOR SHANTUI SE 215 W 332-050,1205162986,BUHUT,Feb,2,AB,0.0,100.0,0,30000000.0,0.0,0.0,0,0,0.0,0.0,0.0,0.0,200877.56,12844919.333333334,12553781.1,12553781.104166666,774225.46,1182116.3188923076,13528884.12,26580816.756392308,0.0,9679289.481597574,13528884.12,36260106.23798988
332051,332-051,EXCAVATOR SHANTUI SE 215 W 332-051,1363248114,BUHUT,Feb,2,AB,165.0,200.0,42510000,60000000.0,0.0,0.0,0,0,0.0,0.0,0.0,0.0,16495456.89,12844919.333333334,14200501.19,14200501.185416667,774225.46,1773174.4783384614,31470183.54,28818594.997088462,10926353.55,9679289.481597574,42396537.09,38497884.478686035
332052,332-052,EXCAVATOR HITACHI ZX 210G-5G 332-052,317452500,BUHUT,Feb,2,AB,285.0,350.0,122550000,150500000.0,0.0,0.0,0,0,0.0,0.0,0.0,0.0,9577525.57,80213761.25,25428365.59,16241855.1715625,1000387.5,2585879.447576923,36006278.66,99041495.86913942,31499050.27,9679289.481597574,67505328.93,108720785.35073699
332053,332-053,EXCAVATOR HITACHI ZX 210G-5G 332-053,1559218096,BUHUT,Feb,2,AB,247.0,0.0,0,0.0,0.0,0.0,4277,0,0.0,0.0,0.0,0.0,0.0,0.0,16241855.17,0.0,1000387.5,0.0,17242242.67,0.0,0.0,0.0,17242242.67,0.0
332055,332-055,EXCAVATOR HITACHI ZX350H-5G 332-055,280682888,BUHUT,Feb,2,AB,290.7,350.0,180000000,210000000.0,0.0,0.0,0,0,0.0,0.0,0.0,0.0,18724924.55,102944687.91666667,31749865.86,25902305.685208336,3173147.22,3103055.3370923074,53647937.63,131950048.93896732,46265434.91,9679289.481597574,99913372.54,141629338.4205649
342008,342-008,BULLDOZER CAT D7G2 342-008,1929603500,BUHUT,Feb,2,AB,0.0,0.0,0,0.0,0.0,0.0,0,0,0.0,0.0,0.0,0.0,0.0,0.0,0.0,0.0,0.0,0.0,0.0,0.0,0.0,0.0,0.0,0.0
342012,342-012,BULLDOZER WEA B 220 342-012,2321435000,BUHUT,Feb,2,AB,69.0,0.0,0,0.0,0.0,0.0,0,0,0.0,0.0,0.0,0.0,100438.78,0.0,0.0,0.0,0.0,0.0,100438.78,0.0,0.0,0.0,100438.78,0.0
342016,342-016,BULLDOZER KOMATSU D85E 342-016,3651184000,BUHUT,Feb,2,AB,91.1,200.0,110000000,110000000.0,0.0,0.0,0,0,0.0,0.0,0.0,0.0,401755.13,14777130.916666666,38033166.67,38033166.666666664,0.0,1773174.4783384614,38434921.8,54583472.06167179,28273321.34,9679289.481597574,66708243.14,64262761.543269366
351014,351-014,GRADER XCMG GR-135 351-014,1153153154,BUHUT,Feb,2,AB,50.1,150.0,61500000,61500000.0,0.0,0.0,0,0,0.0,0.0,0.0,0.0,1436164.79,5133667.756666667,12012012.02,12012012.020833334,748055.56,2216468.0979230767,14196232.37,19362147.875423077,15807356.93,9679289.481597574,30003589.3,29041437.357020654
362001,362-001,WHEEL LOADER KOMATSU WA 350-3 362-001,0,BUHUT,Feb,2,AB,0.0,0.0,0,0.0,0.0,0.0,0,0,0.0,0.0,0.0,0.0,0.0,0.0,0.0,0.0,0.0,0.0,0.0,0.0,0.0,0.0,0.0,0.0
362002,362-002,WHEEL LOADER XCMG ZL50GN 362-002,884788000,BUHUT,Feb,2,AB,172.5,150.0,50025000,43500000.0,0.0,0.0,0,0,0.0,0.0,0.0,0.0,23409279.93,23956286.271666665,9216541.67,9216541.666666666,300000.0,2216468.0979230767,32925821.6,35389296.03625641,12857935.45,9679289.481597574,45783757.05,45068585.51785398
371014,371-014,COMPACTOR SAKAI SV 526-D 371-014,942068000,BUHUT,Feb,2,AB,57.2,150.0,40500000,40500000.0,0.0,0.0,0,0,0.0,0.0,0.0,0.0,175767.89,10250465.598333335,9813208.33,9813208.333333334,0.0,2216468.0979230767,9988976.22,22280142.029589746,10409722.86,9679289.481597574,20398699.08,31959431.511187322
312008,312-008,DUMP TRUCK HINO FM 260 JD 312-008,0,BUHUT,Mar,3,AB,84.0,0.0,0,0.0,5177700.0,0.0,0,0,0.0,0.0,0.0,0.0,17798.03,0.0,0.0,0.0,0.0,0.0,5195498.03,0.0,0.0,0.0,5195498.03,0.0
312009,312-009,DUMP TRUCK HINO FM 260 JD 312-009,0,BUHUT,Mar,3,AB,0.0,0.0,0,0.0,0.0,0.0,0,0,0.0,0.0,0.0,0.0,0.0,0.0,0.0,0.0,0.0,0.0,0.0,0.0,0.0,0.0,0.0,0.0
312010,312-010,DUMP TRUCK HINO FM 260 JD 312-010,0,BUHUT,Mar,3,AB,0.0,0.0,0,0.0,0.0,0.0,0,0,0.0,0.0,0.0,0.0,0.0,0.0,0.0,0.0,0.0,0.0,0.0,0.0,0.0,0.0,0.0,0.0
312014,312-014,DUMP TRUCK HINO FM 260 JD 312-014,1066244596,BUHUT,Mar,3,AB,0.0,0.0,0,0.0,0.0,0.0,0,0,0.0,0.0,0.0,0.0,0.0,0.0,0.0,0.0,0.0,0.0,0.0,0.0,0.0,0.0,0.0,0.0
312017,312-017,DUMP TRUCK HINO FM 260 JD 312-017,0,BUHUT,Mar,3,AB,0.0,0.0,0,0.0,0.0,0.0,0,0,0.0,0.0,0.0,0.0,0.0,0.0,0.0,0.0,0.0,0.0,0.0,0.0,0.0,0.0,0.0,0.0
312024,312-024,DUMP TRUCK HINO FM 260 JD 312-024,1457274807,BUHUT,Mar,3,AB,0.0,0.0,0,0.0,0.0,0.0,0,0,0.0,0.0,0.0,0.0,0.0,0.0,0.0,0.0,0.0,0.0,0.0,0.0,0.0,0.0,0.0,0.0
312026,312-026,DUMP TRUCK HINO FM 280 JD 312-026,999855749,BUHUT,Mar,3,AB,143.0,6000.0,58800000,56700000.0,13451633.0,7455000.0,0,0,0.0,0.0,0.0,0.0,10159134.03,24732393.958333332,10415164.05,10415164.052083334,454379.64,10297080.002385,34480310.72,52899638.01280166,10222399.73,11328888.2546875,44702710.45,64228526.267489165
312028,312-028,DUMP TRUCK HINO FM 280 JD 312-028,1216944235,BUHUT,Mar,3,AB,217.5,0.0,0,0.0,0.0,0.0,0,0,0.0,0.0,0.0,0.0,0.0,0.0,0.0,0.0,0.0,0.0,0.0,0.0,0.0,0.0,0.0,0.0
312029,312-029,DUMP TRUCK HINO FM 280 JD 312-029,1047084503,BUHUT,Mar,3,AB,24.7,6000.0,44100000,56700000.0,8562667.0,7455000.0,0,0,0.0,0.0,0.0,0.0,15360772.94,15799389.791666666,10907130.24,10907130.2403125,475842.52,7722810.001788749,35306412.7,41884330.033767916,7666799.8,11328888.2546875,42973212.5,53213218.28845541
312035,312-035,DUMP TRUCK HINO FM 280 JD 312-035,1396500500,BUHUT,Mar,3,AB,218.5,6000.0,65333333,63000000.0,9511400.0,7455000.0,0,0,0.0,0.0,0.0,0.0,6979344.31,13026531.458333334,14546880.21,14546880.208333334,0.0,7722810.001788749,31037624.52,42751221.66845542,11358221.87,11328888.2546875,42395846.39,54080109.923142925
312036,312-036,DUMP TRUCK HINO FM 280 JD 312-036,1375785504,BUHUT,Mar,3,AB,182.8,6000.0,65333333,63000000.0,12221920.0,7455000.0,0,0,0.0,0.0,0.0,0.0,5484309.06,13140682.291666666,14331099.0,14331099.0,0.0,7722810.001788749,32037328.06,42649591.293455414,11358221.87,11328888.2546875,43395549.93,53978479.54814291
332027,332-027,EXCAVATOR HITACHI ZX350H-5G 332-027,2210730000,BUHUT,Mar,3,AB,12.6,0.0,0,0.0,0.0,0.0,0,0,0.0,0.0,0.0,0.0,0.0,0.0,6613593.75,0.0,0.0,0.0,6613593.75,0.0,0.0,0.0,6613593.75,0.0
332029,332-029,EXCAVATOR HITACHI ZX210F-5G 332-029,1378368000,BUHUT,Mar,3,AB,121.0,0.0,0,0.0,0.0,0.0,2037,0,0.0,0.0,0.0,0.0,0.0,0.0,0.0,0.0,0.0,0.0,0.0,0.0,0.0,0.0,0.0,0.0
332038,332-038,EXCAVATOR HITACHI ZX 210 F-5G 332-038,1564476300,BUHUT,Mar,3,AB,283.8,350.0,105516840,130130000.0,0.0,0.0,0,0,0.0,0.0,0.0,0.0,30339398.63,94318663.25,19421628.12,16296628.125,710968.74,2585879.447576923,50471995.49,113201170.82257693,18344138.05,11617680.390688485,68816133.54,124818851.2132654
332039,332-039,EXCAVATOR HITACHI ZX 210 F-5G 332-039,1518656875,BUHUT,Mar,3,AB,180.9,200.0,54270000,60000000.0,0.0,0.0,0,0,0.0,0.0,0.0,0.0,11883321.93,9723203.916666666,15819342.45,15819342.447916666,690146.32,1773174.4783384614,28392810.7,27315720.842921793,9434857.71,11617680.390688485,37827668.41,38933401.23361028
332045,332-045,EXCAVATOR HITACHI ZX 210 F-5G 332-045,1765159831,BUHUT,Mar,3,AB,267.3,350.0,99382140,130130000.0,0.0,0.0,0,0,0.0,0.0,0.0,0.0,16109915.7,71857170.25,55857237.59,49032217.534722224,789118.06,2585879.447576923,72756271.35,123475267.23229915,17277618.39,11617680.390688485,90033889.74,135092947.62298763
332049,332-049,EXCAVATOR SHANTUI SE 215 W 332-049,1205162986,BUHUT,Mar,3,AB,0.0,0.0,0,0.0,0.0,0.0,0,0,0.0,0.0,0.0,0.0,0.0,0.0,0.0,0.0,774225.46,0.0,774225.46,0.0,0.0,0.0,774225.46,0.0
332050,332-050,EXCAVATOR SHANTUI SE 215 W 332-050,1205162986,BUHUT,Mar,3,AB,0.0,100.0,0,30000000.0,0.0,0.0,0,0,0.0,0.0,0.0,0.0,10500000.0,12844919.333333334,12553781.1,12553781.104166666,774225.46,1182116.3188923076,23828006.56,26580816.756392308,0.0,11617680.390688485,23828006.56,38198497.147080794
332051,332-051,EXCAVATOR SHANTUI SE 215 W 332-051,1363248114,BUHUT,Mar,3,AB,159.4,200.0,47820000,60000000.0,0.0,0.0,0,0,0.0,0.0,0.0,0.0,12693636.33,12844919.333333334,14200501.19,14200501.185416667,774225.46,1773174.4783384614,27668362.98,28818594.997088462,8313523.05,11617680.390688485,35981886.03,40436275.38777695
332052,332-052,EXCAVATOR HITACHI ZX 210G-5G 332-052,317452500,BUHUT,Mar,3,AB,282.9,350.0,121217000,150500000.0,0.0,0.0,0,0,0.0,0.0,0.0,0.0,15821645.26,80213761.25,25428365.59,16241855.1715625,0.0,2585879.447576923,41250010.85,99041495.86913942,21073616.13,11617680.390688485,62323626.98,110659176.2598279
332053,332-053,EXCAVATOR HITACHI ZX 210G-5G 332-053,1559218096,BUHUT,Mar,3,AB,225.0,0.0,0,0.0,0.0,0.0,3932,0,0.0,0.0,0.0,0.0,0.0,0.0,0.0,0.0,0.0,0.0,0.0,0.0,0.0,0.0,0.0,0.0
332055,332-055,EXCAVATOR HITACHI ZX350H-5G 332-055,280682888,BUHUT,Mar,3,AB,276.9,350.0,168000000,210000000.0,0.0,0.0,0,0,0.0,0.0,0.0,0.0,20411081.89,102944687.91666667,25902305.69,25902305.685208336,3173147.22,3103055.3370923074,49486534.8,131950048.93896732,29206856.38,11617680.390688485,78693391.18,143567729.3296558
342008,342-008,BULLDOZER CAT D7G2 342-008,1929603500,BUHUT,Mar,3,AB,0.0,0.0,0,0.0,0.0,0.0,0,0,0.0,0.0,0.0,0.0,0.0,0.0,0.0,0.0,0.0,0.0,0.0,0.0,0.0,0.0,0.0,0.0
342012,342-012,BULLDOZER WEA B 220 342-012,2321435000,BUHUT,Mar,3,AB,0.0,0.0,0,0.0,0.0,0.0,0,0,0.0,0.0,0.0,0.0,0.0,0.0,0.0,0.0,0.0,0.0,0.0,0.0,0.0,0.0,0.0,0.0
342016,342-016,BULLDOZER KOMATSU D85E 342-016,3651184000,BUHUT,Mar,3,AB,62.5,200.0,101200000,110000000.0,0.0,0.0,0,0,0.0,0.0,0.0,0.0,0.0,14777130.916666666,38033166.67,38033166.666666664,0.0,1773174.4783384614,38033166.67,54583472.06167179,17593653.96,11617680.390688485,55626820.63,66201152.45236028
351014,351-014,GRADER XCMG GR-135 351-014,1153153154,BUHUT,Mar,3,AB,51.0,150.0,56580000,61500000.0,0.0,0.0,0,0,0.0,0.0,0.0,0.0,1296603.94,5133667.756666667,12012012.02,12012012.020833334,748055.56,2216468.0979230767,14056671.52,19362147.875423077,9836451.99,11617680.390688485,23893123.51,30979828.26611156
362001,362-001,WHEEL LOADER KOMATSU WA 350-3 362-001,0,BUHUT,Mar,3,AB,0.0,0.0,0,0.0,0.0,0.0,0,0,0.0,0.0,0.0,0.0,0.0,0.0,0.0,0.0,0.0,0.0,0.0,0.0,0.0,0.0,0.0,0.0
362002,362-002,WHEEL LOADER XCMG ZL50GN 362-002,884788000,BUHUT,Mar,3,AB,156.6,150.0,45414000,43500000.0,0.0,0.0,0,0,0.0,0.0,0.0,0.0,83152473.97,23956286.271666665,9216541.67,9216541.666666666,0.0,2216468.0979230767,92369015.64,35389296.03625641,7895239.14,11617680.390688485,100264254.78,47006976.4269449
371014,371-014,COMPACTOR SAKAI SV 526-D 371-014,942068000,BUHUT,Mar,3,AB,65.7,150.0,37260000,40500000.0,0.0,0.0,0,0,0.0,0.0,0.0,0.0,1406291.85,10250465.598333335,9813208.33,9813208.333333334,0.0,2216468.0979230767,11219500.18,22280142.029589746,6477663.5,11617680.390688485,17697163.68,33897822.42027823
312008,312-008,DUMP TRUCK HINO FM 260 JD 312-008,0,BUHUT,Apr,4,AB,0.0,0.0,0,0.0,0.0,0.0,0,0,0.0,0.0,0.0,0.0,0.0,0.0,0.0,0.0,0.0,0.0,0.0,0.0,0.0,0.0,0.0,0.0
312009,312-009,DUMP TRUCK HINO FM 260 JD 312-009,0,BUHUT,Apr,4,AB,0.0,0.0,0,0.0,0.0,0.0,0,0,0.0,0.0,0.0,0.0,0.0,0.0,0.0,0.0,0.0,0.0,0.0,0.0,0.0,0.0,0.0,0.0
312010,312-010,DUMP TRUCK HINO FM 260 JD 312-010,0,BUHUT,Apr,4,AB,0.0,0.0,0,0.0,0.0,0.0,0,0,0.0,0.0,0.0,0.0,0.0,0.0,0.0,0.0,0.0,0.0,0.0,0.0,0.0,0.0,0.0,0.0
312014,312-014,DUMP TRUCK HINO FM 260 JD 312-014,1066244596,BUHUT,Apr,4,AB,0.0,0.0,0,0.0,0.0,0.0,0,0,0.0,0.0,0.0,0.0,0.0,0.0,0.0,0.0,0.0,0.0,0.0,0.0,0.0,0.0,0.0,0.0
312017,312-017,DUMP TRUCK HINO FM 260 JD 312-017,0,BUHUT,Apr,4,AB,0.0,0.0,0,0.0,0.0,0.0,0,0,0.0,0.0,0.0,0.0,0.0,0.0,0.0,0.0,0.0,0.0,0.0,0.0,0.0,0.0,0.0,0.0
312024,312-024,DUMP TRUCK HINO FM 260 JD 312-024,1457274807,BUHUT,Apr,4,AB,0.0,0.0,0,0.0,0.0,0.0,0,0,0.0,0.0,0.0,0.0,0.0,0.0,0.0,0.0,0.0,0.0,0.0,0.0,0.0,0.0,0.0,0.0
312026,312-026,DUMP TRUCK HINO FM 280 JD 312-026,999855749,BUHUT,Apr,4,AB,136.0,6000.0,56700000,56700000.0,6241200.0,11182500.0,0,0,0.0,0.0,0.0,0.0,4058728.79,24732393.958333332,10415164.05,10415164.052083334,454379.64,10297080.002385,21169472.48,56627138.01280166,8840720.97,9163374.504687501,30010193.45,65790512.517489165
312028,312-028,DUMP TRUCK HINO FM 280 JD 312-028,1216944235,BUHUT,Apr,4,AB,26.2,0.0,0,0.0,0.0,0.0,0,0,0.0,0.0,0.0,0.0,0.0,0.0,0.0,0.0,0.0,0.0,0.0,0.0,0.0,0.0,0.0,0.0
312029,312-029,DUMP TRUCK HINO FM 280 JD 312-029,1047084503,BUHUT,Apr,4,AB,143.0,6000.0,44100000,56700000.0,6688250.0,11182500.0,0,0,0.0,0.0,0.0,0.0,32720289.85,15799389.791666666,10907130.24,10907130.2403125,475842.52,7722810.001788749,50791512.61,45611830.033767916,6876116.31,9163374.504687501,57667628.92,54775204.53845542
312035,312-035,DUMP TRUCK HINO FM 280 JD 312-035,1396500500,BUHUT,Apr,4,AB,195.0,6000.0,65333333,63000000.0,6385700.0,11182500.0,0,0,0.0,0.0,0.0,0.0,16795622.45,13026531.458333334,14546880.21,14546880.208333334,0.0,7722810.001788749,37728202.66,46478721.66845542,10186838.93,9163374.504687501,47915041.59,55642096.173142925
312036,312-036,DUMP TRUCK HINO FM 280 JD 312-036,1375785504,BUHUT,Apr,4,AB,165.5,6000.0,65333333,63000000.0,3556030.0,11182500.0,0,0,0.0,0.0,0.0,0.0,7050949.03,13140682.291666666,14331099.0,14331099.0,0.0,7722810.001788749,24938078.03,46377091.293455414,10186838.93,9163374.504687501,35124916.96,55540465.79814292
332027,332-027,EXCAVATOR HITACHI ZX350H-5G 332-027,2210730000,BUHUT,Apr,4,AB,1.4,0.0,0,0.0,0.0,0.0,0,0,0.0,0.0,0.0,0.0,0.0,0.0,6613593.75,0.0,0.0,0.0,6613593.75,0.0,0.0,0.0,6613593.75,0.0
332029,332-029,EXCAVATOR HITACHI ZX210F-5G 332-029,1378368000,BUHUT,Apr,4,AB,40.0,0.0,0,0.0,0.0,0.0,838,0,0.0,0.0,0.0,0.0,0.0,0.0,0.0,0.0,0.0,0.0,0.0,0.0,0.0,0.0,0.0,0.0
332038,332-038,EXCAVATOR HITACHI ZX 210 F-5G 332-038,1564476300,BUHUT,Apr,4,AB,232.9,350.0,86592220,130130000.0,0.0,0.0,0,0,0.0,0.0,0.0,0.0,25872797.05,94318663.25,19421628.12,16296628.125,710968.74,2585879.447576923,46005393.91,113201170.82257693,13501545.95,9686357.208870303,59506939.86,122887528.03144723
332039,332-039,EXCAVATOR HITACHI ZX 210 F-5G 332-039,1518656875,BUHUT,Apr,4,AB,143.2,200.0,45000000,60000000.0,0.0,0.0,0,0,0.0,0.0,0.0,0.0,5147730.32,9723203.916666666,15819342.45,15819342.447916666,690146.32,1773174.4783384614,21657219.09,27315720.842921793,7016445.22,9686357.208870303,28673664.31,37002078.0517921
332045,332-045,EXCAVATOR HITACHI ZX 210 F-5G 332-045,1765159831,BUHUT,Apr,4,AB,186.6,350.0,69191980,130130000.0,0.0,0.0,0,0,0.0,0.0,0.0,0.0,9255265.25,71857170.25,55857237.59,49032217.534722224,789118.06,2585879.447576923,65901620.9,123475267.23229915,10788483.05,9686357.208870303,76690103.95,133161624.44116946
332049,332-049,EXCAVATOR SHANTUI SE 215 W 332-049,1205162986,BUHUT,Apr,4,AB,63.0,0.0,0,0.0,0.0,0.0,0,0,0.0,0.0,0.0,0.0,0.0,0.0,0.0,0.0,0.0,0.0,0.0,0.0,0.0,0.0,0.0,0.0
332050,332-050,EXCAVATOR SHANTUI SE 215 W 332-050,1205162986,BUHUT,Apr,4,AB,0.0,100.0,0,30000000.0,0.0,0.0,0,0,0.0,0.0,0.0,0.0,0.0,12844919.333333334,12553781.1,12553781.104166666,774225.46,1182116.3188923076,13328006.56,26580816.756392308,0.0,9686357.208870303,13328006.56,36267173.96526261
332051,332-051,EXCAVATOR SHANTUI SE 215 W 332-051,1363248114,BUHUT,Apr,4,AB,7.8,200.0,960000,60000000.0,0.0,0.0,0,0,0.0,0.0,0.0,0.0,17498512.21,12844919.333333334,14200501.19,14200501.185416667,774225.46,1773174.4783384614,32473238.86,28818594.997088462,149684.16,9686357.208870303,32622923.02,38504952.20595877
332052,332-052,EXCAVATOR HITACHI ZX 210G-5G 332-052,317452500,BUHUT,Apr,4,AB,210.1,350.0,90343000,150500000.0,0.0,0.0,0,0,0.0,0.0,0.0,0.0,35735560.9,80213761.25,25428365.59,16241855.1715625,0.0,2585879.447576923,61163926.49,99041495.86913942,14086371.34,9686357.208870303,75250297.83,108727853.07800972
332053,332-053,EXCAVATOR HITACHI ZX 210G-5G 332-053,1559218096,BUHUT,Apr,4,AB,153.0,0.0,0,0.0,0.0,0.0,2550,0,0.0,0.0,0.0,0.0,0.0,0.0,0.0,0.0,0.0,0.0,0.0,0.0,0.0,0.0,0.0,0.0
332055,332-055,EXCAVATOR HITACHI ZX350H-5G 332-055,280682888,BUHUT,Apr,4,AB,224.9,350.0,135000000,210000000.0,0.0,0.0,0,0,0.0,0.0,0.0,0.0,48214374.2,102944687.91666667,37597426.02,25902305.685208336,3173147.22,3103055.3370923074,88984947.44,131950048.93896732,21049335.65,9686357.208870303,110034283.09,141636406.1478376
342008,342-008,BULLDOZER CAT D7G2 342-008,1929603500,BUHUT,Apr,4,AB,76.1,0.0,0,0.0,0.0,0.0,2370,0,0.0,0.0,0.0,0.0,0.0,0.0,0.0,0.0,0.0,0.0,0.0,0.0,0.0,0.0,0.0,0.0
342012,342-012,BULLDOZER WEA B 220 342-012,2321435000,BUHUT,Apr,4,AB,0.0,0.0,0,0.0,0.0,0.0,0,0,0.0,0.0,0.0,0.0,0.0,0.0,0.0,0.0,0.0,0.0,0.0,0.0,0.0,0.0,0.0,0.0
342016,342-016,BULLDOZER KOMATSU D85E 342-016,3651184000,BUHUT,Apr,4,AB,4.4,200.0,82500000,110000000.0,0.0,0.0,0,0,0.0,0.0,0.0,0.0,61870.9,14777130.916666666,38033166.67,38033166.666666664,0.0,1773174.4783384614,38095037.57,54583472.06167179,12863482.9,9686357.208870303,50958520.47,64269829.2705421
351014,351-014,GRADER XCMG GR-135 351-014,1153153154,BUHUT,Apr,4,AB,90.5,150.0,46125000,61500000.0,0.0,0.0,0,0,0.0,0.0,0.0,0.0,11426833.77,5133667.756666667,12012012.02,12012012.020833334,748055.56,2216468.0979230767,24186901.35,19362147.875423077,7191856.35,9686357.208870303,31378757.7,29048505.08429338
362001,362-001,WHEEL LOADER KOMATSU WA 350-3 362-001,0,BUHUT,Apr,4,AB,0.0,0.0,0,0.0,0.0,0.0,0,0,0.0,0.0,0.0,0.0,0.0,0.0,0.0,0.0,0.0,0.0,0.0,0.0,0.0,0.0,0.0,0.0
362002,362-002,WHEEL LOADER XCMG ZL50GN 362-002,884788000,BUHUT,Apr,4,AB,113.1,150.0,32799000,43500000.0,0.0,0.0,0,0,0.0,0.0,0.0,0.0,6157881.3,23956286.271666665,9216541.67,9216541.666666666,0.0,2216468.0979230767,15374422.97,35389296.03625641,5114053.04,9686357.208870303,20488476.01,45075653.24512671
371014,371-014,COMPACTOR SAKAI SV 526-D 371-014,942068000,BUHUT,Apr,4,AB,93.2,150.0,30375000,40500000.0,0.0,0.0,0,0,0.0,0.0,0.0,0.0,949676.75,10250465.598333335,9813208.33,9813208.333333334,0.0,2216468.0979230767,10762885.08,22280142.029589746,4736100.52,9686357.208870303,15498985.6,31966499.23846005
312008,312-008,DUMP TRUCK HINO FM 260 JD 312-008,0,BUHUT,May,5,AB,0.0,0.0,0,0.0,0.0,0.0,0,0,0.0,0.0,606640.0,0.0,0.0,0.0,0.0,0.0,0.0,0.0,606640.0,0.0,0.0,0.0,606640.0,0.0
312009,312-009,DUMP TRUCK HINO FM 260 JD 312-009,0,BUHUT,May,5,AB,0.0,0.0,0,0.0,0.0,0.0,0,0,0.0,0.0,0.0,0.0,0.0,0.0,0.0,0.0,0.0,0.0,0.0,0.0,0.0,0.0,0.0,0.0
312010,312-010,DUMP TRUCK HINO FM 260 JD 312-010,0,BUHUT,May,5,AB,0.0,0.0,0,0.0,0.0,0.0,0,0,0.0,0.0,0.0,0.0,0.0,0.0,0.0,0.0,0.0,0.0,0.0,0.0,0.0,0.0,0.0,0.0
312014,312-014,DUMP TRUCK HINO FM 260 JD 312-014,1066244596,BUHUT,May,5,AB,0.0,0.0,0,0.0,0.0,0.0,0,0,0.0,0.0,0.0,0.0,0.0,0.0,0.0,0.0,0.0,0.0,0.0,0.0,0.0,0.0,0.0,0.0
312017,312-017,DUMP TRUCK HINO FM 260 JD 312-017,0,BUHUT,May,5,AB,0.0,0.0,0,0.0,0.0,0.0,0,0,0.0,0.0,0.0,0.0,0.0,0.0,0.0,0.0,0.0,0.0,0.0,0.0,0.0,0.0,0.0,0.0
312024,312-024,DUMP TRUCK HINO FM 260 JD 312-024,1457274807,BUHUT,May,5,AB,0.0,0.0,0,0.0,0.0,0.0,0,0,0.0,0.0,0.0,0.0,0.0,0.0,0.0,0.0,0.0,0.0,0.0,0.0,0.0,0.0,0.0,0.0
312026,312-026,DUMP TRUCK HINO FM 280 JD 312-026,999855749,BUHUT,May,5,AB,162.0,6000.0,60900000,56700000.0,4857200.0,7455000.0,0,0,0.0,0.0,0.0,0.0,5231131.18,24732393.958333332,10415164.05,10415164.052083334,454379.64,10297080.002385,20957874.87,52899638.01280166,9771496.52,9319938.254687501,30729371.39,62219576.267489165
312028,312-028,DUMP TRUCK HINO FM 280 JD 312-028,1216944235,BUHUT,May,5,AB,479.4,0.0,0,0.0,0.0,0.0,0,0,0.0,0.0,0.0,0.0,0.0,0.0,0.0,0.0,0.0,0.0,0.0,0.0,0.0,0.0,0.0,0.0
312029,312-029,DUMP TRUCK HINO FM 280 JD 312-029,1047084503,BUHUT,May,5,AB,130.0,6000.0,44100000,56700000.0,5305200.0,7455000.0,0,0,0.0,0.0,0.0,0.0,3209420.19,15799389.791666666,10907130.24,10907130.2403125,475842.52,7722810.001788749,19897592.95,41884330.033767916,7075911.27,9319938.254687501,26973504.22,51204268.28845542
312035,312-035,DUMP TRUCK HINO FM 280 JD 312-035,1396500500,BUHUT,May,5,AB,189.5,6000.0,65333333,63000000.0,6821700.0,7455000.0,0,0,0.0,0.0,0.0,0.0,2367117.1,13026531.458333334,14546880.21,14546880.208333334,0.0,7722810.001788749,23735697.31,42751221.66845542,10482831.46,9319938.254687501,34218528.77,52071159.923142925
312036,312-036,DUMP TRUCK HINO FM 280 JD 312-036,1375785504,BUHUT,May,5,AB,172.0,6000.0,70000000,63000000.0,6376200.0,7455000.0,0,0,0.0,0.0,0.0,0.0,1700647.32,13140682.291666666,14331099.0,14331099.0,0.0,7722810.001788749,22407946.32,42649591.293455414,11231605.19,9319938.254687501,33639551.51,51969529.54814292
332027,332-027,EXCAVATOR HITACHI ZX350H-5G 332-027,2210730000,BUHUT,May,5,AB,6.5,0.0,0,0.0,0.0,0.0,0,0,0.0,0.0,0.0,0.0,0.0,0.0,0.0,0.0,0.0,0.0,0.0,0.0,0.0,0.0,0.0,0.0
332029,332-029,EXCAVATOR HITACHI ZX210F-5G 332-029,1378368000,BUHUT,May,5,AB,31.0,0.0,0,0.0,0.0,0.0,203,0,0.0,0.0,0.0,0.0,0.0,0.0,0.0,0.0,0.0,0.0,0.0,0.0,0.0,0.0,0.0,0.0
332038,332-038,EXCAVATOR HITACHI ZX 210 F-5G 332-038,1564476300,BUHUT,May,5,AB,197.0,350.0,73244600,130130000.0,0.0,0.0,0,0,0.0,0.0,0.0,0.0,54238672.78,94318663.25,19421628.12,16296628.125,710968.74,2585879.447576923,74371269.64,113201170.82257693,11752206.14,9689343.117961211,86123475.78,122890513.94053814
332039,332-039,EXCAVATOR HITACHI ZX 210 F-5G 332-039,1518656875,BUHUT,May,5,AB,146.7,200.0,44010000,60000000.0,0.0,0.0,0,0,0.0,0.0,0.0,0.0,8066738.14,9723203.916666666,15819342.45,15819342.447916666,690146.32,1773174.4783384614,24576226.91,27315720.842921793,7061470.64,9689343.117961211,31637697.55,37005063.96088301
332045,332-045,EXCAVATOR HITACHI ZX 210 F-5G 332-045,1765159831,BUHUT,May,5,AB,139.1,350.0,50676340,130130000.0,0.0,0.0,0,0,0.0,0.0,0.0,0.0,37581011.46,71857170.25,55857237.59,49032217.534722224,789118.06,2585879.447576923,94227367.11,123475267.23229915,8131094.91,9689343.117961211,102358462.02,133164610.35026036
332049,332-049,EXCAVATOR SHANTUI SE 215 W 332-049,1205162986,BUHUT,May,5,AB,148.2,0.0,0,0.0,0.0,0.0,0,0,0.0,0.0,0.0,0.0,0.0,0.0,0.0,0.0,0.0,0.0,0.0,0.0,0.0,0.0,0.0,0.0
332050,332-050,EXCAVATOR SHANTUI SE 215 W 332-050,1205162986,BUHUT,May,5,AB,0.0,100.0,0,30000000.0,0.0,0.0,0,0,0.0,0.0,0.0,0.0,0.0,12844919.333333334,12553781.1,12553781.104166666,774225.46,1182116.3188923076,13328006.56,26580816.756392308,0.0,9689343.117961211,13328006.56,36270159.87435352
332051,332-051,EXCAVATOR SHANTUI SE 215 W 332-051,1363248114,BUHUT,May,5,AB,0.0,200.0,0,60000000.0,0.0,0.0,0,0,0.0,0.0,2092908.0,0.0,8762442.93,12844919.333333334,14200501.19,14200501.185416667,774225.46,1773174.4783384614,25830077.58,28818594.997088462,0.0,9689343.117961211,25830077.58,38507938.115049675
332052,332-052,EXCAVATOR HITACHI ZX 210G-5G 332-052,317452500,BUHUT,May,5,AB,222.8,350.0,95804000,150500000.0,0.0,0.0,0,0,0.0,0.0,251250.0,0.0,20120174.36,80213761.25,25428365.59,16241855.1715625,1000387.5,2585879.447576923,46800177.45,99041495.86913942,15371895.77,9689343.117961211,62172073.22,108730838.98710063
332053,332-053,EXCAVATOR HITACHI ZX 210G-5G 332-053,1559218096,BUHUT,May,5,AB,124.0,0.0,0,0.0,0.0,0.0,2281,0,0.0,0.0,0.0,0.0,0.0,0.0,0.0,0.0,0.0,0.0,0.0,0.0,0.0,0.0,0.0,0.0
332055,332-055,EXCAVATOR HITACHI ZX350H-5G 332-055,280682888,BUHUT,May,5,AB,186.7,350.0,111120000,210000000.0,0.0,0.0,0,0,0.0,0.0,0.0,0.0,57640109.29,102944687.91666667,31749865.86,25902305.685208336,3173147.22,3103055.3370923074,92563122.37,131950048.93896732,17829370.98,9689343.117961211,110392493.35,141639392.05692852
342008,342-008,BULLDOZER CAT D7G2 342-008,1929603500,BUHUT,May,5,AB,62.0,0.0,0,0.0,0.0,0.0,1306,0,0.0,0.0,0.0,0.0,0.0,0.0,0.0,0.0,0.0,0.0,0.0,0.0,0.0,0.0,0.0,0.0
342012,342-012,BULLDOZER WEA B 220 342-012,2321435000,BUHUT,May,5,AB,12.8,0.0,0,0.0,0.0,0.0,0,0,0.0,0.0,0.0,0.0,0.0,0.0,0.0,0.0,0.0,0.0,0.0,0.0,0.0,0.0,0.0,0.0
342016,342-016,BULLDOZER KOMATSU D85E 342-016,3651184000,BUHUT,May,5,AB,0.0,200.0,55000000,110000000.0,0.0,0.0,0,0,0.0,0.0,0.0,0.0,117722.44,14777130.916666666,38033166.67,38033166.666666664,0.0,1773174.4783384614,38150889.11,54583472.06167179,8824832.65,9689343.117961211,46975721.76,64272815.17963301
351014,351-014,GRADER XCMG GR-135 351-014,1153153154,BUHUT,May,5,AB,52.8,150.0,30750000,61500000.0,0.0,0.0,0,0,0.0,0.0,0.0,0.0,445701.49,5133667.756666667,12012012.02,12012012.020833334,748055.56,2216468.0979230767,13205769.07,19362147.875423077,4933883.71,9689343.117961211,18139652.78,29051490.993384287
362001,362-001,WHEEL LOADER KOMATSU WA 350-3 362-001,0,BUHUT,May,5,AB,0.0,0.0,0,0.0,0.0,0.0,0,0,0.0,0.0,0.0,0.0,0.0,0.0,0.0,0.0,0.0,0.0,0.0,0.0,0.0,0.0,0.0,0.0
362002,362-002,WHEEL LOADER XCMG ZL50GN 362-002,884788000,BUHUT,May,5,AB,65.2,150.0,18908000,43500000.0,0.0,0.0,0,0,0.0,0.0,0.0,0.0,1906046.52,23956286.271666665,9216541.67,9216541.666666666,0.0,2216468.0979230767,11122588.19,35389296.03625641,3033817.01,9689343.117961211,14156405.2,45078639.15421762
371014,371-014,COMPACTOR SAKAI SV 526-D 371-014,942068000,BUHUT,May,5,AB,35.0,150.0,9450000,40500000.0,0.0,0.0,0,0,0.0,0.0,0.0,0.0,7080069.8,10250465.598333335,9813208.33,9813208.333333334,0.0,2216468.0979230767,16893278.13,22280142.029589746,1516266.7,9689343.117961211,18409544.83,31969485.147550955
312008,312-008,DUMP TRUCK HINO FM 260 JD 312-008,0,BUHUT,Jun,6,AB,0.0,0.0,0,0.0,0.0,0.0,0,0,0.0,0.0,0.0,0.0,0.0,0.0,0.0,0.0,0.0,0.0,0.0,0.0,0.0,0.0,0.0,0.0
312009,312-009,DUMP TRUCK HINO FM 260 JD 312-009,0,BUHUT,Jun,6,AB,0.0,0.0,0,0.0,0.0,0.0,0,0,0.0,0.0,0.0,0.0,0.0,0.0,0.0,0.0,0.0,0.0,0.0,0.0,0.0,0.0,0.0,0.0
312010,312-010,DUMP TRUCK HINO FM 260 JD 312-010,0,BUHUT,Jun,6,AB,0.0,0.0,0,0.0,0.0,0.0,0,0,0.0,0.0,0.0,0.0,0.0,0.0,0.0,0.0,0.0,0.0,0.0,0.0,0.0,0.0,0.0,0.0
312014,312-014,DUMP TRUCK HINO FM 260 JD 312-014,1066244596,BUHUT,Jun,6,AB,0.0,0.0,0,0.0,0.0,0.0,0,0,0.0,0.0,0.0,0.0,0.0,0.0,0.0,0.0,0.0,0.0,0.0,0.0,0.0,0.0,0.0,0.0
312017,312-017,DUMP TRUCK HINO FM 260 JD 312-017,0,BUHUT,Jun,6,AB,0.0,0.0,0,0.0,0.0,0.0,0,0,0.0,0.0,0.0,0.0,0.0,0.0,0.0,0.0,0.0,0.0,0.0,0.0,0.0,0.0,0.0,0.0
312024,312-024,DUMP TRUCK HINO FM 260 JD 312-024,1457274807,BUHUT,Jun,6,AB,0.0,0.0,0,0.0,0.0,0.0,0,0,0.0,0.0,0.0,0.0,0.0,0.0,0.0,0.0,0.0,0.0,0.0,0.0,0.0,0.0,0.0,0.0
312026,312-026,DUMP TRUCK HINO FM 280 JD 312-026,999855749,BUHUT,Jun,6,AB,181.0,6000.0,58800000,56700000.0,7015200.0,7455000.0,0,0,0.0,0.0,0.0,0.0,3227714.92,24732393.958333332,10415164.05,10415164.052083334,454379.64,10297080.002385,21112458.61,52899638.01280166,8843729.56,8358263.2546875,29956188.17,61257901.267489165
312028,312-028,DUMP TRUCK HINO FM 280 JD 312-028,1216944235,BUHUT,Jun,6,AB,514.0,0.0,0,0.0,0.0,0.0,0,0,0.0,0.0,0.0,0.0,0.0,0.0,0.0,0.0,0.0,0.0,0.0,0.0,0.0,0.0,0.0,0.0
312029,312-029,DUMP TRUCK HINO FM 280 JD 312-029,1047084503,BUHUT,Jun,6,AB,206.8,6000.0,63000000,56700000.0,5734400.0,7455000.0,0,0,0.0,0.0,0.0,0.0,5177977.54,15799389.791666666,10907130.24,10907130.2403125,475842.52,7722810.001788749,22295350.3,41884330.033767916,9475424.53,8358263.2546875,31770774.83,50242593.28845542
312035,312-035,DUMP TRUCK HINO FM 280 JD 312-035,1396500500,BUHUT,Jun,6,AB,202.0,6000.0,67666667,63000000.0,11865400.0,7455000.0,0,0,0.0,0.0,0.0,0.0,6783554.85,13026531.458333334,14546880.21,14546880.208333334,0.0,7722810.001788749,33195835.06,42751221.66845542,10177307.88,8358263.2546875,43373142.94,51109484.923142925
312036,312-036,DUMP TRUCK HINO FM 280 JD 312-036,1375785504,BUHUT,Jun,6,AB,215.5,6000.0,70000000,63000000.0,7260450.0,7455000.0,0,0,0.0,0.0,0.0,0.0,1188569.97,13140682.291666666,14331099.0,14331099.0,0.0,7722810.001788749,22780118.97,42649591.293455414,10528249.48,8358263.2546875,33308368.45,51007854.54814292
332027,332-027,EXCAVATOR HITACHI ZX350H-5G 332-027,2210730000,BUHUT,Jun,6,AB,15.1,0.0,0,0.0,0.0,0.0,0,0,0.0,0.0,0.0,0.0,0.0,0.0,0.0,0.0,0.0,0.0,0.0,0.0,0.0,0.0,0.0,0.0
332029,332-029,EXCAVATOR HITACHI ZX210F-5G 332-029,1378368000,BUHUT,Jun,6,AB,129.0,0.0,0,0.0,0.0,0.0,2581,0,0.0,0.0,0.0,0.0,0.0,0.0,0.0,0.0,0.0,0.0,0.0,0.0,0.0,0.0,0.0,0.0
332038,332-038,EXCAVATOR HITACHI ZX 210 F-5G 332-038,1564476300,BUHUT,Jun,6,AB,196.7,350.0,73133060,130130000.0,0.0,0.0,0,0,0.0,0.0,807378.0,0.0,6307278.19,94318663.25,19421628.12,16296628.125,710968.74,2585879.447576923,27247253.05,113201170.82257693,10999472.87,9584498.572506666,38246725.92,122785669.39508359
332039,332-039,EXCAVATOR HITACHI ZX 210 F-5G 332-039,1518656875,BUHUT,Jun,6,AB,192.7,200.0,56820000,60000000.0,0.0,0.0,0,0,0.0,0.0,0.0,0.0,6520625.12,9723203.916666666,15819342.45,15819342.447916666,690146.32,1773174.4783384614,23030113.89,27315720.842921793,8545930.5,9584498.572506666,31576044.39,36900219.41542846
332045,332-045,EXCAVATOR HITACHI ZX 210 F-5G 332-045,1765159831,BUHUT,Jun,6,AB,164.1,350.0,58521320,130130000.0,0.0,0.0,0,0,0.0,0.0,0.0,0.0,58542454.83,71857170.25,55857237.59,49032217.534722224,789118.06,2585879.447576923,115188810.48,123475267.23229915,8801815.09,9584498.572506666,123990625.57,133059765.80480582
332049,332-049,EXCAVATOR SHANTUI SE 215 W 332-049,1205162986,BUHUT,Jun,6,AB,148.8,0.0,0,0.0,0.0,0.0,0,0,0.0,0.0,0.0,0.0,0.0,0.0,0.0,0.0,0.0,0.0,0.0,0.0,0.0,0.0,0.0,0.0
332050,332-050,EXCAVATOR SHANTUI SE 215 W 332-050,1205162986,BUHUT,Jun,6,AB,0.0,100.0,0,30000000.0,0.0,0.0,0,0,0.0,0.0,0.0,0.0,0.0,12844919.333333334,12553781.1,12553781.104166666,774225.46,1182116.3188923076,13328006.56,26580816.756392308,0.0,9584498.572506666,13328006.56,36165315.328898974
332051,332-051,EXCAVATOR SHANTUI SE 215 W 332-051,1363248114,BUHUT,Jun,6,AB,12.7,200.0,1740000,60000000.0,0.0,0.0,0,0,0.0,0.0,0.0,0.0,15158324.96,12844919.333333334,14200501.19,14200501.185416667,1174225.46,1773174.4783384614,30533051.61,28818594.997088462,261702.2,9584498.572506666,30794753.81,38403093.56959513
332052,332-052,EXCAVATOR HITACHI ZX 210G-5G 332-052,317452500,BUHUT,Jun,6,AB,238.0,350.0,102340000,150500000.0,0.0,0.0,0,0,0.0,0.0,0.0,0.0,27235466.1,80213761.25,25428365.59,16241855.1715625,1000387.5,2585879.447576923,53664219.19,99041495.86913942,15392300.73,9584498.572506666,69056519.92,108625994.44164608
332053,332-053,EXCAVATOR HITACHI ZX 210G-5G 332-053,1559218096,BUHUT,Jun,6,AB,73.0,0.0,0,0.0,0.0,0.0,2410,0,0.0,0.0,0.0,0.0,0.0,0.0,0.0,0.0,0.0,0.0,0.0,0.0,0.0,0.0,0.0,0.0
332055,332-055,EXCAVATOR HITACHI ZX350H-5G 332-055,280682888,BUHUT,Jun,6,AB,290.0,350.0,174000000,210000000.0,0.0,0.0,0,0,0.0,0.0,1125436.0,0.0,14487643.57,102944687.91666667,31749865.86,25902305.685208336,3173147.22,3103055.3370923074,50536092.65,131950048.93896732,26170220.12,9584498.572506666,76706312.77,141534547.51147398
332059,332-059,EXCAVATOR KOMATSU PC210 332-059,0,BUHUT,Jun,6,AB,18.6,0.0,0,0.0,0.0,0.0,0,0,0.0,0.0,0.0,0.0,0.0,0.0,0.0,0.0,0.0,0.0,0.0,0.0,0.0,0.0,0.0,0.0
342008,342-008,BULLDOZER CAT D7G2 342-008,1929603500,BUHUT,Jun,6,AB,166.0,0.0,0,0.0,0.0,0.0,4093,0,0.0,0.0,0.0,0.0,0.0,0.0,0.0,0.0,0.0,0.0,0.0,0.0,0.0,0.0,0.0,0.0
342012,342-012,BULLDOZER WEA B 220 342-012,2321435000,BUHUT,Jun,6,AB,52.4,0.0,0,0.0,0.0,0.0,0,0,0.0,0.0,0.0,0.0,0.0,0.0,0.0,0.0,0.0,0.0,0.0,0.0,0.0,0.0,0.0,0.0
342016,342-016,BULLDOZER KOMATSU D85E 342-016,3651184000,BUHUT,Jun,6,AB,10.7,200.0,82500000,110000000.0,0.0,0.0,0,0,0.0,0.0,0.0,0.0,99647.78,14777130.916666666,38033166.67,38033166.666666664,0.0,1773174.4783384614,38132814.45,54583472.06167179,12408294.02,9584498.572506666,50541108.47,64167970.63417846
351014,351-014,GRADER XCMG GR-135 351-014,1153153154,BUHUT,Jun,6,AB,27.2,150.0,46125000,61500000.0,0.0,0.0,0,0,0.0,0.0,0.0,0.0,99647.79,5133667.756666667,12012012.02,12012012.020833334,748055.56,2216468.0979230767,12859715.37,19362147.875423077,6937364.39,9584498.572506666,19797079.76,28946646.447929744
362001,362-001,WHEEL LOADER KOMATSU WA 350-3 362-001,0,BUHUT,Jun,6,AB,0.0,0.0,0,0.0,0.0,0.0,0,0,0.0,0.0,0.0,0.0,0.0,0.0,0.0,0.0,0.0,0.0,0.0,0.0,0.0,0.0,0.0,0.0
362002,362-002,WHEEL LOADER XCMG ZL50GN 362-002,884788000,BUHUT,Jun,6,AB,94.4,150.0,27376000,43500000.0,0.0,0.0,0,0,0.0,0.0,0.0,0.0,25503927.8,23956286.271666665,9216541.67,9216541.666666666,0.0,2216468.0979230767,34720469.47,35389296.03625641,4117447.97,9584498.572506666,38837917.44,44973794.60876308
371014,371-014,COMPACTOR SAKAI SV 526-D 371-014,942068000,BUHUT,Jun,6,AB,23.1,150.0,10989000,40500000.0,0.0,0.0,0,0,0.0,0.0,0.0,0.0,27911855.01,10250465.598333335,9813208.33,9813208.333333334,0.0,2216468.0979230767,37725063.34,22280142.029589746,1652784.76,9584498.572506666,39377848.1,31864640.602096412
312008,312-008,DUMP TRUCK HINO FM 260 JD 312-008,0,BUHUT LHL,Jan,1,AB,0.0,0.0,4598425,0.0,0.0,0.0,0,0,0.0,0.0,13579879.84,0.0,7086500.0,0.0,10487035.99,0.0,457515.18,0.0,31610931.01,0.0,891880.82,0.0,32502811.83,0.0
312009,312-009,DUMP TRUCK HINO FM 260 JD 312-009,0,BUHUT LHL,Jan,1,AB,0.0,0.0,0,0.0,0.0,0.0,0,0,0.0,0.0,18396171.28,0.0,10521160.35,0.0,10487035.99,0.0,457515.18,0.0,39861882.8,0.0,0.0,0.0,39861882.8,0.0
312010,312-010,DUMP TRUCK HINO FM 260 JD 312-010,0,BUHUT LHL,Jan,1,AB,0.0,0.0,0,0.0,0.0,0.0,0,0,0.0,0.0,0.0,0.0,0.0,0.0,0.0,0.0,0.0,0.0,0.0,0.0,0.0,0.0,0.0,0.0
312014,312-014,DUMP TRUCK HINO FM 260 JD 312-014,1066244596,BUHUT LHL,Jan,1,AB,0.0,0.0,0,0.0,0.0,0.0,20,0,14456.01,0.0,289120.2,0.0,3741843.74,0.0,11106714.55,0.0,0.0,0.0,15137678.49,0.0,0.0,0.0,15137678.49,0.0
312017,312-017,DUMP TRUCK HINO FM 260 JD 312-017,0,BUHUT LHL,Jan,1,AB,0.0,0.0,0,0.0,0.0,0.0,63,0,14456.01,0.0,910728.63,0.0,0.0,0.0,10927950.81,0.0,476750.86,0.0,12315430.3,0.0,0.0,0.0,12315430.3,0.0
313001,313-001,DUMP TRUCK HOWO NX 371 HP 313-001,1013197157,BUHUT LHL,Jan,1,AB,0.0,10905.0,104473818,305340000.0,6640800.0,24831257.14285714,0,0,0.0,0.0,0.0,126124114.2857143,3232000.92,24264906.25,28144365.48,38333333.33333333,688500.0,5402237.465357141,38705666.4,218955848.47726193,20263067.12,29032422.70357143,58968733.52,247988271.18083337
313005,313-005,DUMP TRUCK HOWO NX 371 HP 313-001,1013197157,BUHUT LHL,Jan,1,AB,0.0,10905.0,104916581,305340000.0,12733280.0,24831257.14285714,0,0,0.0,0.0,0.0,126124114.2857143,6490319.78,24264906.25,28144365.48,38333333.33333333,688500.0,5402237.465357141,48056465.26,218955848.47726193,20348942.57,29032422.70357143,68405407.83,247988271.18083337
313002,313-002,DUMP TRUCK HOWO NX 371 HP 313-002,1013197157,BUHUT LHL,Jan,1,AB,0.0,10905.0,50971577,305340000.0,7219866.0,24831257.14285714,0,0,0.0,0.0,0.0,126124114.2857143,6618583.06,24264906.25,28144365.48,38333333.33333333,688500.0,5402237.465357141,42671314.54,218955848.47726193,9886117.94,29032422.70357143,52557432.48,247988271.18083337
313003,313-003,DUMP TRUCK HOWO NX 371 HP 313-003,1013197157,BUHUT LHL,Jan,1,AB,0.0,10905.0,71488615,305340000.0,11324200.0,24831257.14285714,0,0,0.0,0.0,0.0,126124114.2857143,4386370.49,24264906.25,28144365.48,38333333.33333333,688500.0,5402237.465357141,44543435.97,218955848.47726193,13865470.14,29032422.70357143,58408906.11,247988271.18083337
313004,313-004,DUMP TRUCK HOWO NX 371 HP 313-004,1013197157,BUHUT LHL,Jan,1,AB,0.0,10905.0,122532384,305340000.0,16289000.0,24831257.14285714,0,0,0.0,0.0,0.0,126124114.2857143,6079423.64,24264906.25,28144365.48,38333333.33333333,688500.0,5402237.465357141,51201289.12,218955848.47726193,23765589.97,29032422.70357143,74966879.09,247988271.18083337
313006,313-006,DUMP TRUCK HOWO NX 371 HP 313-006,1001938848,BUHUT LHL,Jan,1,AB,0.0,10905.0,98593106,305340000.0,9418439.0,24831257.14285714,0,0,0.0,0.0,0.0,126124114.2857143,1795686.0,24264906.25,27831634.67,38333333.33333333,0.0,5402237.465357141,39045759.67,218955848.47726193,19122482.19,29032422.70357143,58168241.86,247988271.18083337
313007,313-007,DUMP TRUCK HOWO NX 371 HP 313-007,1001938848,BUHUT LHL,Jan,1,AB,0.0,10905.0,70264111,305340000.0,8373133.0,24831257.14285714,0,0,0.0,0.0,0.0,126124114.2857143,7516426.02,24264906.25,27831634.67,38333333.33333333,0.0,5402237.465357141,43721193.69,218955848.47726193,13627973.25,29032422.70357143,57349166.94,247988271.18083337
312008,312-008,DUMP TRUCK HINO FM 260 JD 312-008,0,BUHUT LHL,Feb,2,AB,49.5,0.0,0,0.0,0.0,0.0,0,0,0.0,0.0,29475471.76,0.0,445323.46,0.0,10487035.99,0.0,457515.18,0.0,40865346.39,0.0,0.0,0.0,40865346.39,0.0
312009,312-009,DUMP TRUCK HINO FM 260 JD 312-009,0,BUHUT LHL,Feb,2,AB,0.0,0.0,0,0.0,0.0,0.0,0,0,0.0,0.0,0.0,0.0,1073261.0,0.0,10487035.99,0.0,457515.18,0.0,12017812.17,0.0,0.0,0.0,12017812.17,0.0
312010,312-010,DUMP TRUCK HINO FM 260 JD 312-010,0,BUHUT LHL,Feb,2,AB,0.0,0.0,0,0.0,0.0,0.0,0,0,0.0,0.0,0.0,0.0,0.0,0.0,0.0,0.0,0.0,0.0,0.0,0.0,0.0,0.0,0.0,0.0
312014,312-014,DUMP TRUCK HINO FM 260 JD 312-014,1066244596,BUHUT LHL,Feb,2,AB,0.0,0.0,0,0.0,0.0,0.0,0,0,0.0,0.0,0.0,0.0,0.0,0.0,11106714.55,0.0,484549.74,0.0,11591264.29,0.0,0.0,0.0,11591264.29,0.0
312017,312-017,DUMP TRUCK HINO FM 260 JD 312-017,0,BUHUT LHL,Feb,2,AB,0.0,0.0,0,0.0,0.0,0.0,0,0,0.0,0.0,0.0,0.0,0.0,0.0,0.0,0.0,476750.86,0.0,476750.86,0.0,0.0,0.0,476750.86,0.0
313001,313-001,DUMP TRUCK HOWO NX 371 HP 313-001,1013197157,BUHUT LHL,Feb,2,AB,1141.0,10905.0,76875114,305340000.0,6414000.0,24831257.14285714,0,0,0.0,0.0,96580663.48,126124114.2857143,4532201.79,24264906.25,28144365.48,38333333.33333333,688500.0,5402237.465357141,136359730.75,218955848.47726193,18104630.79,29503851.275000002,154464361.54,248459699.75226194
313005,313-005,DUMP TRUCK HOWO NX 371 HP 313-001,1013197157,BUHUT LHL,Feb,2,AB,876.0,10905.0,75495466,305340000.0,6115000.0,24831257.14285714,0,0,0.0,0.0,84924060.52,126124114.2857143,5494523.6,24264906.25,28144365.48,38333333.33333333,688500.0,5402237.465357141,125366449.6,218955848.47726193,17779713.97,29503851.275000002,143146163.57,248459699.75226194
313002,313-002,DUMP TRUCK HOWO NX 371 HP 313-002,1013197157,BUHUT LHL,Feb,2,AB,1593.0,10905.0,116707487,305340000.0,11531000.0,24831257.14285714,0,0,0.0,0.0,77361075.18,126124114.2857143,6294523.6,24264906.25,28144365.48,38333333.33333333,688500.0,5402237.465357141,124019464.26,218955848.47726193,27485435.17,29503851.275000002,151504899.43,248459699.75226194
313003,313-003,DUMP TRUCK HOWO NX 371 HP 313-003,1013197157,BUHUT LHL,Feb,2,AB,1643.0,10905.0,120663627,305340000.0,12741160.0,24831257.14285714,0,0,0.0,0.0,110877874.72,126124114.2857143,27620497.67,24264906.25,28144365.48,38333333.33333333,688500.0,5402237.465357141,180072397.87,218955848.47726193,28417134.01,29503851.275000002,208489531.88,248459699.75226194
313004,313-004,DUMP TRUCK HOWO NX 371 HP 313-004,1013197157,BUHUT LHL,Feb,2,AB,1440.0,10905.0,114985368,305340000.0,12682000.0,24831257.14285714,0,0,0.0,0.0,122285781.07,126124114.2857143,29342404.82,24264906.25,28144365.48,38333333.33333333,688500.0,5402237.465357141,193143051.37,218955848.47726193,27079864.02,29503851.275000002,220222915.39,248459699.75226194
313006,313-006,DUMP TRUCK HOWO NX 371 HP 313-006,1001938848,BUHUT LHL,Feb,2,AB,1155.0,10905.0,86908243,305340000.0,6284000.0,24831257.14285714,0,0,0.0,0.0,87908881.17,126124114.2857143,4319642.39,24264906.25,27831634.67,38333333.33333333,0.0,5402237.465357141,126344158.23,218955848.47726193,20467503.33,29503851.275000002,146811661.56,248459699.75226194
313007,313-007,DUMP TRUCK HOWO NX 371 HP 313-007,1001938848,BUHUT LHL,Feb,2,AB,1219.0,10905.0,108838796,305340000.0,17668000.0,24831257.14285714,0,0,0.0,0.0,110625642.56,126124114.2857143,3732201.77,24264906.25,27831634.67,38333333.33333333,0.0,5402237.465357141,159857479.0,218955848.47726193,25632303.02,29503851.275000002,185489782.02,248459699.75226194
312008,312-008,DUMP TRUCK HINO FM 260 JD 312-008,0,BUHUT LHL,Mar,3,AB,84.0,0.0,0,0.0,0.0,0.0,0,0,0.0,0.0,0.0,0.0,200641.88,0.0,10487035.99,0.0,457515.18,0.0,11145193.05,0.0,0.0,0.0,11145193.05,0.0
312009,312-009,DUMP TRUCK HINO FM 260 JD 312-009,0,BUHUT LHL,Mar,3,AB,0.0,0.0,0,0.0,0.0,0.0,0,0,0.0,0.0,0.0,0.0,0.0,0.0,10487035.99,0.0,457515.18,0.0,10944551.17,0.0,0.0,0.0,10944551.17,0.0
312010,312-010,DUMP TRUCK HINO FM 260 JD 312-010,0,BUHUT LHL,Mar,3,AB,0.0,0.0,0,0.0,0.0,0.0,0,0,0.0,0.0,0.0,0.0,0.0,0.0,0.0,0.0,0.0,0.0,0.0,0.0,0.0,0.0,0.0,0.0
312014,312-014,DUMP TRUCK HINO FM 260 JD 312-014,1066244596,BUHUT LHL,Mar,3,AB,0.0,0.0,0,0.0,0.0,0.0,0,0,0.0,0.0,0.0,0.0,0.0,0.0,11106714.55,0.0,0.0,0.0,11106714.55,0.0,0.0,0.0,11106714.55,0.0
312017,312-017,DUMP TRUCK HINO FM 260 JD 312-017,0,BUHUT LHL,Mar,3,AB,0.0,0.0,0,0.0,0.0,0.0,0,0,0.0,0.0,0.0,0.0,0.0,0.0,0.0,0.0,0.0,0.0,0.0,0.0,0.0,0.0,0.0,0.0
313001,313-001,DUMP TRUCK HOWO NX 371 HP 313-001,1013197157,BUHUT LHL,Mar,3,AB,973.0,10905.0,75607710,305340000.0,8784000.0,24831257.14285714,0,0,0.0,0.0,51259785.57,126124114.2857143,12615788.61,24264906.25,28144365.48,38333333.33333333,688500.0,5402237.465357141,101492439.66,218955848.47726193,31482824.9,28989565.560714286,132975264.56,247945414.0379762
313005,313-005,DUMP TRUCK HOWO NX 371 HP 313-001,1013197157,BUHUT LHL,Mar,3,AB,837.0,10905.0,55228410,305340000.0,6925333.0,24831257.14285714,0,0,0.0,0.0,31298113.77,126124114.2857143,1523420.91,24264906.25,28144365.48,38333333.33333333,688500.0,5402237.465357141,68579733.16,218955848.47726193,22996945.17,28989565.560714286,91576678.33,247945414.0379762
313002,313-002,DUMP TRUCK HOWO NX 371 HP 313-002,1013197157,BUHUT LHL,Mar,3,AB,1189.0,10905.0,105435344,305340000.0,8735000.0,24831257.14285714,0,0,0.0,0.0,54849907.14,126124114.2857143,9251381.1,24264906.25,28144365.48,38333333.33333333,688500.0,5402237.465357141,101669153.72,218955848.47726193,43902962.71,28989565.560714286,145572116.43,247945414.0379762
313003,313-003,DUMP TRUCK HOWO NX 371 HP 313-003,1013197157,BUHUT LHL,Mar,3,AB,1151.0,10905.0,92634358,305340000.0,14491667.0,24831257.14285714,0,0,0.0,0.0,54194449.26,126124114.2857143,20951117.21,24264906.25,28144365.48,38333333.33333333,688500.0,5402237.465357141,118470098.95,218955848.47726193,38572670.33,28989565.560714286,157042769.28,247945414.0379762
313004,313-004,DUMP TRUCK HOWO NX 371 HP 313-004,1013197157,BUHUT LHL,Mar,3,AB,1352.0,10905.0,73919899,305340000.0,14973333.0,24831257.14285714,0,0,0.0,0.0,36348118.8,126124114.2857143,11594538.12,24264906.25,28144365.48,38333333.33333333,688500.0,5402237.465357141,91748855.4,218955848.47726193,30780025.43,28989565.560714286,122528880.83,247945414.0379762
313006,313-006,DUMP TRUCK HOWO NX 371 HP 313-006,1001938848,BUHUT LHL,Mar,3,AB,1284.0,10905.0,99273086,305340000.0,13282375.0,24831257.14285714,0,0,0.0,0.0,39387059.88,126124114.2857143,917565.69,24264906.25,27831634.67,38333333.33333333,690000.0,5402237.465357141,82108635.24,218955848.47726193,41337016.87,28989565.560714286,123445652.11,247945414.0379762
313007,313-007,DUMP TRUCK HOWO NX 371 HP 313-007,1001938848,BUHUT LHL,Mar,3,AB,943.0,10905.0,66995656,305340000.0,9952333.0,24831257.14285714,0,0,0.0,0.0,39252988.95,126124114.2857143,1835131.37,24264906.25,27831634.67,38333333.33333333,690000.0,5402237.465357141,79562087.99,218955848.47726193,27896791.3,28989565.560714286,107458879.29,247945414.0379762
312008,312-008,DUMP TRUCK HINO FM 260 JD 312-008,0,BUHUT LHL,Apr,4,AB,0.0,0.0,0,0.0,0.0,0.0,0,0,0.0,0.0,0.0,0.0,3588315.15,0.0,10487035.99,0.0,457515.18,0.0,14532866.32,0.0,0.0,0.0,14532866.32,0.0
312009,312-009,DUMP TRUCK HINO FM 260 JD 312-009,0,BUHUT LHL,Apr,4,AB,0.0,0.0,0,0.0,0.0,0.0,0,0,0.0,0.0,0.0,0.0,0.0,0.0,10487035.99,0.0,457515.18,0.0,10944551.17,0.0,0.0,0.0,10944551.17,0.0
312010,312-010,DUMP TRUCK HINO FM 260 JD 312-010,0,BUHUT LHL,Apr,4,AB,0.0,0.0,0,0.0,0.0,0.0,0,0,0.0,0.0,0.0,0.0,0.0,0.0,0.0,0.0,0.0,0.0,0.0,0.0,0.0,0.0,0.0,0.0
312014,312-014,DUMP TRUCK HINO FM 260 JD 312-014,1066244596,BUHUT LHL,Apr,4,AB,0.0,0.0,0,0.0,0.0,0.0,0,0,0.0,0.0,0.0,0.0,0.0,0.0,11106714.55,0.0,484549.74,0.0,11591264.29,0.0,0.0,0.0,11591264.29,0.0
312017,312-017,DUMP TRUCK HINO FM 260 JD 312-017,0,BUHUT LHL,Apr,4,AB,0.0,0.0,0,0.0,0.0,0.0,0,0,0.0,0.0,0.0,0.0,0.0,0.0,0.0,0.0,0.0,0.0,0.0,0.0,0.0,0.0,0.0,0.0
313001,313-001,DUMP TRUCK HOWO NX 371 HP 313-001,1013197157,BUHUT LHL,Apr,4,AB,1404.0,10905.0,25598925,305340000.0,7966400.0,24831257.14285714,0,0,0.0,0.0,10017473.16,126124114.2857143,6242489.28,24264906.25,28144365.48,38333333.33333333,688500.0,5402237.465357141,53059227.92,218955848.47726193,20082331.39,33693451.275,73141559.31,252649299.75226194
313005,313-005,DUMP TRUCK HOWO NX 371 HP 313-001,1013197157,BUHUT LHL,Apr,4,AB,1601.0,10905.0,33955786,305340000.0,12272000.0,24831257.14285714,0,0,0.0,0.0,6188545.4,126124114.2857143,17740727.04,24264906.25,28144365.48,38333333.33333333,688500.0,5402237.465357141,65034137.92,218955848.47726193,26638280.6,33693451.275,91672418.52,252649299.75226194
313002,313-002,DUMP TRUCK HOWO NX 371 HP 313-002,1013197157,BUHUT LHL,Apr,4,AB,1773.0,10905.0,43364449,305340000.0,8822000.0,24831257.14285714,0,0,0.0,0.0,10780629.88,126124114.2857143,11445055.41,24264906.25,28144365.48,38333333.33333333,688500.0,5402237.465357141,59880550.77,218955848.47726193,34019367.43,33693451.275,93899918.2,252649299.75226194
313003,313-003,DUMP TRUCK HOWO NX 371 HP 313-003,1013197157,BUHUT LHL,Apr,4,AB,1960.0,10905.0,44124064,305340000.0,12372600.0,24831257.14285714,0,0,0.0,0.0,10894985.8,126124114.2857143,32194883.6,24264906.25,28144365.48,38333333.33333333,688500.0,5402237.465357141,84295334.88,218955848.47726193,34615284.65,33693451.275,118910619.53,252649299.75226194
313004,313-004,DUMP TRUCK HOWO NX 371 HP 313-004,1013197157,BUHUT LHL,Apr,4,AB,1668.0,10905.0,46799719,305340000.0,8669160.0,24831257.14285714,0,0,0.0,0.0,7493330.18,126124114.2857143,27182014.36,24264906.25,28144365.48,38333333.33333333,688500.0,5402237.465357141,72177370.02,218955848.47726193,36714333.36,33693451.275,108891703.38,252649299.75226194
313006,313-006,DUMP TRUCK HOWO NX 371 HP 313-006,1001938848,BUHUT LHL,Apr,4,AB,1917.0,10905.0,47122309,305340000.0,11939958.0,24831257.14285714,0,0,0.0,0.0,7773077.66,126124114.2857143,7066809.13,24264906.25,27831634.67,38333333.33333333,690000.0,5402237.465357141,55301479.46,218955848.47726193,36967404.89,33693451.275,92268884.35,252649299.75226194
313007,313-007,DUMP TRUCK HOWO NX 371 HP 313-007,1001938848,BUHUT LHL,Apr,4,AB,1819.0,10905.0,43630488,305340000.0,11667960.0,24831257.14285714,0,0,0.0,0.0,8110697.06,126124114.2857143,7883430.58,24264906.25,27831634.67,38333333.33333333,690000.0,5402237.465357141,56183722.31,218955848.47726193,34228074.77,33693451.275,90411797.08,252649299.75226194
312008,312-008,DUMP TRUCK HINO FM 260 JD 312-008,0,BUHUT LHL,May,5,AB,0.0,0.0,0,0.0,0.0,0.0,0,0,0.0,0.0,0.0,0.0,0.0,0.0,0.0,0.0,0.0,0.0,0.0,0.0,0.0,0.0,0.0,0.0
312009,312-009,DUMP TRUCK HINO FM 260 JD 312-009,0,BUHUT LHL,May,5,AB,0.0,0.0,0,0.0,0.0,0.0,0,0,0.0,0.0,0.0,0.0,0.0,0.0,0.0,0.0,0.0,0.0,0.0,0.0,0.0,0.0,0.0,0.0
312010,312-010,DUMP TRUCK HINO FM 260 JD 312-010,0,BUHUT LHL,May,5,AB,0.0,0.0,0,0.0,0.0,0.0,0,0,0.0,0.0,0.0,0.0,0.0,0.0,0.0,0.0,0.0,0.0,0.0,0.0,0.0,0.0,0.0,0.0
312014,312-014,DUMP TRUCK HINO FM 260 JD 312-014,1066244596,BUHUT LHL,May,5,AB,0.0,0.0,0,0.0,0.0,0.0,0,0,0.0,0.0,0.0,0.0,0.0,0.0,11106714.55,0.0,484549.74,0.0,11591264.29,0.0,0.0,0.0,11591264.29,0.0
312017,312-017,DUMP TRUCK HINO FM 260 JD 312-017,0,BUHUT LHL,May,5,AB,0.0,0.0,0,0.0,0.0,0.0,0,0,0.0,0.0,0.0,0.0,0.0,0.0,0.0,0.0,0.0,0.0,0.0,0.0,0.0,0.0,0.0,0.0
313001,313-001,DUMP TRUCK HOWO NX 371 HP 313-001,1013197157,BUHUT LHL,May,5,AB,516.0,10905.0,28082009,305340000.0,5383000.0,24831257.14285714,0,0,0.0,0.0,0.0,126124114.2857143,335844.91,24264906.25,28144365.48,38333333.33333333,688500.0,5402237.465357141,34551710.39,218955848.47726193,24539443.8,29503851.275000002,59091154.19,248459699.75226194
313005,313-005,DUMP TRUCK HOWO NX 371 HP 313-001,1013197157,BUHUT LHL,May,5,AB,141.0,10905.0,10899236,305340000.0,943142.0,24831257.14285714,0,0,0.0,0.0,0.0,126124114.2857143,418365.88,24264906.25,28144365.48,38333333.33333333,688500.0,5402237.465357141,30194373.36,218955848.47726193,9524289.71,29503851.275000002,39718663.07,248459699.75226194
313002,313-002,DUMP TRUCK HOWO NX 371 HP 313-002,1013197157,BUHUT LHL,May,5,AB,644.0,10905.0,35639314,305340000.0,5693000.0,24831257.14285714,0,0,0.0,0.0,0.0,126124114.2857143,830964.73,24264906.25,28144365.48,38333333.33333333,688500.0,5402237.465357141,35356830.21,218955848.47726193,31143389.45,29503851.275000002,66500219.66,248459699.75226194
313003,313-003,DUMP TRUCK HOWO NX 371 HP 313-003,1013197157,BUHUT LHL,May,5,AB,913.0,10905.0,33640019,305340000.0,5643000.0,24831257.14285714,0,0,0.0,0.0,0.0,126124114.2857143,665150.33,24264906.25,28144365.48,38333333.33333333,688500.0,5402237.465357141,35141015.81,218955848.47726193,29396306.93,29503851.275000002,64537322.74,248459699.75226194
313004,313-004,DUMP TRUCK HOWO NX 371 HP 313-004,1013197157,BUHUT LHL,May,5,AB,730.0,10905.0,27651997,305340000.0,11336142.0,24831257.14285714,0,0,0.0,0.0,0.0,126124114.2857143,665538.06,24264906.25,28144365.48,38333333.33333333,688500.0,5402237.465357141,40834545.54,218955848.47726193,24163678.12,29503851.275000002,64998223.66,248459699.75226194
313006,313-006,DUMP TRUCK HOWO NX 371 HP 313-006,1001938848,BUHUT LHL,May,5,AB,944.0,10905.0,38520333,305340000.0,6359000.0,24831257.14285714,0,0,0.0,0.0,0.0,126124114.2857143,748445.76,24264906.25,27831634.67,38333333.33333333,690000.0,5402237.465357141,35629080.43,218955848.47726193,33660965.88,29503851.275000002,69290046.31,248459699.75226194
313007,313-007,DUMP TRUCK HOWO NX 371 HP 313-007,1001938848,BUHUT LHL,May,5,AB,563.0,10905.0,21146331,305340000.0,5254000.0,24831257.14285714,0,0,0.0,0.0,0.0,126124114.2857143,1408605.52,24264906.25,27831634.67,38333333.33333333,690000.0,5402237.465357141,35184240.19,218955848.47726193,18478706.46,29503851.275000002,53662946.65,248459699.75226194
312008,312-008,DUMP TRUCK HINO FM 260 JD 312-008,0,BUHUT LHL,Jun,6,AB,0.0,0.0,0,0.0,0.0,0.0,0,0,0.0,0.0,0.0,0.0,0.0,0.0,0.0,0.0,0.0,0.0,0.0,0.0,0.0,0.0,0.0,0.0
312009,312-009,DUMP TRUCK HINO FM 260 JD 312-009,0,BUHUT LHL,Jun,6,AB,0.0,0.0,0,0.0,0.0,0.0,0,0,0.0,0.0,0.0,0.0,0.0,0.0,0.0,0.0,0.0,0.0,0.0,0.0,0.0,0.0,0.0,0.0
312010,312-010,DUMP TRUCK HINO FM 260 JD 312-010,0,BUHUT LHL,Jun,6,AB,0.0,0.0,0,0.0,0.0,0.0,0,0,0.0,0.0,0.0,0.0,0.0,0.0,0.0,0.0,0.0,0.0,0.0,0.0,0.0,0.0,0.0,0.0
312014,312-014,DUMP TRUCK HINO FM 260 JD 312-014,1066244596,BUHUT LHL,Jun,6,AB,0.0,0.0,0,0.0,0.0,0.0,0,0,0.0,0.0,0.0,0.0,0.0,0.0,11106714.55,0.0,484549.74,0.0,11591264.29,0.0,0.0,0.0,11591264.29,0.0
312017,312-017,DUMP TRUCK HINO FM 260 JD 312-017,0,BUHUT LHL,Jun,6,AB,0.0,0.0,0,0.0,0.0,0.0,0,0,0.0,0.0,0.0,0.0,0.0,0.0,0.0,0.0,0.0,0.0,0.0,0.0,0.0,0.0,0.0,0.0
313001,313-001,DUMP TRUCK HOWO NX 371 HP 313-001,1013197157,BUHUT LHL,Jun,6,AB,119.8,10905.0,6794443,305340000.0,4500000.0,24831257.14285714,0,0,0.0,0.0,0.0,126124114.2857143,3795334.81,24264906.25,28144365.48,38333333.33333333,688500.0,5402237.465357141,37128200.29,218955848.47726193,6944641.15,28989565.560714286,44072841.44,247945414.0379762
313005,313-005,DUMP TRUCK HOWO NX 371 HP 313-001,1013197157,BUHUT LHL,Jun,6,AB,8.4,10905.0,2232504,305340000.0,0.0,24831257.14285714,0,0,0.0,0.0,0.0,126124114.2857143,12345282.65,24264906.25,28144365.48,38333333.33333333,688500.0,5402237.465357141,41178148.13,218955848.47726193,2281855.8,28989565.560714286,43460003.93,247945414.0379762
313002,313-002,DUMP TRUCK HOWO NX 371 HP 313-002,1013197157,BUHUT LHL,Jun,6,AB,46.6,10905.0,10299549,305340000.0,5011000.0,24831257.14285714,0,0,0.0,0.0,0.0,126124114.2857143,3817315.55,24264906.25,28144365.48,38333333.33333333,688500.0,5402237.465357141,37661181.03,218955848.47726193,10527231.13,28989565.560714286,48188412.16,247945414.0379762
313003,313-003,DUMP TRUCK HOWO NX 371 HP 313-003,1013197157,BUHUT LHL,Jun,6,AB,176.1,10905.0,21091421,305340000.0,5778000.0,24831257.14285714,0,0,0.0,0.0,0.0,126124114.2857143,3691051.91,24264906.25,28144365.48,38333333.33333333,688500.0,5402237.465357141,38301917.39,218955848.47726193,21557668.56,28989565.560714286,59859585.95,247945414.0379762
313004,313-004,DUMP TRUCK HOWO NX 371 HP 313-004,1013197157,BUHUT LHL,Jun,6,AB,287.0,10905.0,32261496,305340000.0,5866000.0,24831257.14285714,0,0,0.0,0.0,0.0,126124114.2857143,14490788.05,24264906.25,28144365.48,38333333.33333333,688500.0,5402237.465357141,49189653.53,218955848.47726193,32974669.57,28989565.560714286,82164323.1,247945414.0379762
313006,313-006,DUMP TRUCK HOWO NX 371 HP 313-006,1001938848,BUHUT LHL,Jun,6,AB,279.6,10905.0,33340278,305340000.0,6098000.0,24831257.14285714,0,0,0.0,0.0,0.0,126124114.2857143,4606636.97,24264906.25,27831634.67,38333333.33333333,690000.0,5402237.465357141,39226271.64,218955848.47726193,34077299.15,28989565.560714286,73303570.79,247945414.0379762
313007,313-007,DUMP TRUCK HOWO NX 371 HP 313-007,1001938848,BUHUT LHL,Jun,6,AB,122.9,10905.0,15017393,305340000.0,4577000.0,24831257.14285714,0,0,0.0,0.0,0.0,126124114.2857143,4850788.05,24264906.25,27831634.67,38333333.33333333,690000.0,5402237.465357141,37949422.72,218955848.47726193,15349367.93,28989565.560714286,53298790.65,247945414.0379762
321003,321-003,FARM TRACTOR KUBOTA M9540 321-003,423213543,KUMAI,Jan,1,AB,199.0,150.0,72115200,59910000.0,7305740.0,8341129.6866666665,936,0,15171.88,0.0,14200879.68,8331840.000000001,7995857.74,7653006.370297459,4408474.41,4408474.41,0.0,1377847.0958975405,33910951.83,30112297.562861666,7727655.24,7681427.235657006,41638607.07,37793724.79851867
321006,321-006,FARM TRACTOR KUBOTA M9540 321-006,560598958,KUMAI,Jan,1,AB,148.0,150.0,58442688,59910000.0,6222250.0,8341129.6866666665,421,0,15171.88,0.0,6387361.48,8331840.000000001,5125818.85,7653006.370297459,5839572.48,5839572.48,0.0,1401200.4365059736,23575002.81,31566748.9734701,6262548.59,7681427.235657006,29837551.4,39248176.209127106
321007,321-007,FARM TRACTOR KUBOTA M9540 321-007,560598958,KUMAI,Jan,1,AB,183.0,150.0,60847200,59910000.0,6870200.0,8341129.6866666665,427,0,15171.88,0.0,6478392.76,8331840.000000001,2001295.55,7653006.370297459,5839572.48,5839572.48,0.0,1401200.4365059736,21189460.79,31566748.9734701,6520209.11,7681427.235657006,27709669.9,39248176.209127106
322001,322-001,CRAWLER CROWN KD 3000 HZL 322-001,173902964,KUMAI,Jan,1,AB,0.0,0.0,0,0.0,0.0,0.0,0,0,0.0,0.0,0.0,0.0,44311.47,0.0,3622978.42,0.0,0.0,0.0,3667289.89,0.0,0.0,0.0,3667289.89,0.0
322002,322-002,CRAWLER CROWN KD 3000 HZL 322-002,181110172,KUMAI,Jan,1,AB,0.0,0.0,0,0.0,0.0,0.0,0,0,0.0,0.0,0.0,0.0,0.0,0.0,3773128.58,0.0,0.0,0.0,3773128.58,0.0,0.0,0.0,3773128.58,0.0
322003,322-003,CRAWLER CROWN KD 3000 HZL 322-003,171424505,KUMAI,Jan,1,AB,0.0,0.0,0,25530000.0,0.0,0.0,0,0,0.0,0.0,0.0,0.0,163293.44,0.0,3571343.85,3571343.85,0.0,0.0,3734637.29,3571343.85,0.0,0.0,3734637.29,3571343.85
322004,322-004,CRAWLER CROWN KD 3000 HZL 322-004,171424505,KUMAI,Jan,1,AB,0.0,0.0,1993050,36960000.0,82820.0,0.0,24,0,15171.88,0.0,364125.12,0.0,705831.57,0.0,3571343.85,3571343.85,0.0,0.0,4724120.54,3571343.85,213569.45,0.0,4937689.99,3571343.85
322005,322-005,CRAWLER CROWN KD 3000 HZL 322-005,171424505,KUMAI,Jan,1,AB,0.0,0.0,0,0.0,0.0,0.0,0,0,0.0,0.0,0.0,0.0,0.0,0.0,3571343.85,0.0,0.0,0.0,3571343.85,0.0,0.0,0.0,3571343.85,0.0
322006,322-006,CRAWLER CROWN KD 3000 HZL 322-006,171424505,KUMAI,Jan,1,AB,0.0,0.0,0,0.0,0.0,0.0,0,0,0.0,0.0,0.0,0.0,0.0,0.0,3571343.85,0.0,0.0,0.0,3571343.85,0.0,0.0,0.0,3571343.85,0.0
322007,322-007,CRAWLER DUMPER PD5000TA 322-007,275000000,KUMAI,Jan,1,AB,0.0,150.0,0,39037500.0,0.0,8341129.6866666665,0,0,0.0,0.0,0.0,7811100.0,0.0,8516275.877404334,5729166.67,5729166.67,0.0,1262341.4732482315,5729166.67,31660013.707319234,0.0,7681427.235657006,5729166.67,39341440.94297624
322008,322-008,CRAWLER DUMPER PD5000TA 322-008,275000000,KUMAI,Jan,1,AB,5.0,150.0,977175,39240000.0,2054848.0,8341129.6866666665,30,0,15171.88,0.0,455156.4,7811100.0,327904.86,4423832.044071001,5729166.67,5729166.67,0.0,1478266.460513802,8567075.93,27783494.861251466,104711.23,7681427.235657006,8671787.16,35464922.09690847
322009,322-009,CROWN KD 5000 HZL 322-009,238738739,KUMAI,Jan,1,AB,122.0,150.0,21246300,36960000.0,5043755.0,8341129.6866666665,420,0,15171.88,0.0,6372189.6,7811100.0,2817635.58,4745703.054487667,4973723.73,4973723.73,0.0,1281164.2657786284,19207303.91,27152820.736932963,2276691.76,7681427.235657006,21483995.67,34834247.97258997
322010,322-010,CROWN KD 5000 HZL 322-010,238738739,KUMAI,Jan,1,AB,95.0,150.0,9005275,25530000.0,2859983.0,7641129.6866666665,313,0,15171.88,0.0,4748798.44,7811100.0,2791718.17,4846983.152773167,4973723.73,4973723.73,0.0,1046229.6592577937,15374223.34,26319166.228697628,964979.1,7681427.235657006,16339202.44,34000593.464354634
322011,322-011,CRAWLER DUMPER PD5000TA 322-011,280000000,KUMAI,Jan,1,AB,195.0,150.0,39139445,39037500.0,1705925.0,7641129.6866666665,535,0,15171.88,0.0,8116955.8,7811100.0,24111615.29,8516275.877404334,5833333.33,5833333.0,0.0,1262341.4732482315,39767829.42,31064180.03731923,4194069.17,7681427.235657006,43961898.59,38745607.272976235
322012,322-012,CRAWLER DUMPER PD5000TA 322-012,280000000,KUMAI,Jan,1,AB,201.0,150.0,41434155,46110000.0,8881216.0,7641129.6866666665,553,0,15171.88,0.0,8390049.64,7811100.0,22616298.21,4024764.877404334,5833333.33,5833333.0,0.0,1478266.460513802,45720897.18,26788594.0245848,4439963.63,7681427.235657006,50160860.81,34470021.26024181
322013,322-013,CARWLER DUMPER PD5000TA 322-013,280000000,KUMAI,Jan,1,AB,0.0,150.0,0,36960000.0,0.0,7641129.6866666665,0,0,0.0,0.0,0.0,7811100.0,5244587.57,5472942.544071001,5833333.33,5833333.0,0.0,1534314.4779740411,11077920.9,28292819.70871171,0.0,7681427.235657006,11077920.9,35974246.94436871
322014,322-014,CRAWLER DUMPER PD5000TA 322-014,283782575,KUMAI,Jan,1,AB,228.0,150.0,62644033,46110000.0,7254494.0,7641129.6866666665,599,0,15171.88,0.0,9087956.12,7811100.0,2485519.78,2102079.1758329584,7882849.31,7882849.0,292800.0,1119792.6821743574,27003619.21,26556950.544673983,6712752.51,7681427.235657006,33716371.72,34238377.780330986
322015,322-015,CRAWLER DUMPER PD5000TA 322-015,283782575,KUMAI,Jan,1,AB,0.0,150.0,0,39240000.0,0.0,7641129.6866666665,0,0,0.0,0.0,0.0,7811100.0,132934.4,5472942.544071001,7882849.31,7882849.0,292800.0,0.0,8308583.71,28808021.230737668,0.0,7681427.235657006,8308583.71,36489448.46639467
322016,322-016,CRAWLER DUMPER PD5000TA 322-016,283782575,KUMAI,Jan,1,AB,230.0,150.0,42822840,25530000.0,6504480.0,7641129.6866666665,685,0,15171.88,0.0,10392737.8,7811100.0,5253427.29,3782646.674207958,7882849.31,7882849.0,292800.0,1127966.3513873087,30326294.4,28245691.712261934,4588771.08,7681427.235657006,34915065.48,35927118.94791894
322017,322-017,CRAWLER DUMPER PD-5000TA 322-017,294224583,KUMAI,Jan,1,AB,223.0,150.0,44331755,39037500.0,6784783.0,7641129.6866666665,794,0,15171.88,0.0,12046472.72,7811100.0,5430867.15,2523159.1886666664,8172905.09,7882849.0,0.0,1279763.0653421225,32435027.96,27138000.940675456,4750462.02,7681427.235657006,37185489.98,34819428.17633246
322018,322-018,CRAWLER DUMPET PD-5000 TA 322-018,294224583,KUMAI,Jan,1,AB,261.0,150.0,60557340,39240000.0,8340741.0,7641129.6866666665,837,0,15171.88,0.0,12698863.56,7811100.0,1944966.98,2523159.1886666664,8172905.09,7882849.0,0.0,1279763.0653421225,31157476.63,27138000.940675456,6489148.55,7681427.235657006,37646625.18,34819428.17633246
322019,322-019,CRAWLER DUMPER PD-5000 TA 322-019,294224583,KUMAI,Jan,1,AB,233.0,150.0,37543570,25530000.0,5911528.0,7641129.6866666665,682,0,15171.88,0.0,10347222.16,7811100.0,4282537.02,2527814.7285416666,8172905.09,7882849.0,0.0,1599703.8316776531,28714192.27,27462597.246885985,4023059.85,7681427.235657006,32737252.12,35144024.48254299
322020,322-020,CRAWLER DUMPER PD-5000 TA 322-020,294224583,KUMAI,Jan,1,AB,201.0,150.0,47554170,46110000.0,6030768.0,7641129.6866666665,533,0,15171.88,0.0,8086612.04,7811100.0,7722940.07,2527814.7285416666,8172905.09,7882849.0,0.0,1599703.8316776531,30013225.2,27462597.246885985,5095766.65,7681427.235657006,35108991.85,35144024.48254299
322021,322-021,CRAWLER DUMPER PD - 5000TA 322-021,294234673,KUMAI,Jan,1,AB,91.0,150.0,21401530,46110000.0,5253012.0,7641129.6866666665,472,0,15171.88,0.0,7161127.36,7811100.0,62036.05,0.0,8173185.35,7882849.0,0.0,0.0,20649360.76,23335078.686666667,2293325.75,7681427.235657006,22942686.51,31016505.922323674
322022,322-022,CRAWLER DUMPER PD - 5000TA 322-022,294234673,KUMAI,Jan,1,AB,97.0,150.0,26828790,39240000.0,8059687.0,7641129.6866666665,302,0,15171.88,0.0,4581907.76,7811100.0,26586.88,0.0,8173185.35,7882849.0,0.0,0.0,20841366.99,23335078.686666667,2874895.16,0.0,23716262.15,23335078.686666667
322023,322-023,CRAWLER DUMPER PD - 5000TA 322-023,294234673,KUMAI,Jan,1,AB,140.0,150.0,35153370,39037500.0,5514890.0,7641129.6866666665,615,0,15171.88,0.0,9330706.2,7811100.0,97485.23,0.0,8173185.35,7882849.0,0.0,0.0,23116266.78,23335078.686666667,3766932.96,0.0,26883199.74,23335078.686666667
322024,322-024,CRAWLER DUMPER PD - 5000TA 322-024,294234673,KUMAI,Jan,1,AB,129.0,150.0,34509925,36960000.0,3786897.0,7641129.6866666665,462,0,15171.88,0.0,7009408.56,7811100.0,212695.04,0.0,8173185.35,7882849.0,0.0,0.0,19182185.95,23335078.686666667,3697983.27,0.0,22880169.22,23335078.686666667
332013,332-013,EXCAVATOR KOBELCO SK200-10 332-013,0,KUMAI,Jan,1,AB,0.0,0.0,0,0.0,0.0,0.0,0,0,0.0,0.0,0.0,0.0,0.0,0.0,0.0,0.0,0.0,0.0,0.0,0.0,0.0,0.0,0.0,0.0
332014,332-014,EXCAVATOR KOBELCO SK200-10 332-014,0,KUMAI,Jan,1,AB,3.0,0.0,0,0.0,0.0,0.0,80,0,15171.88,0.0,1213750.4,0.0,745360.54,5457643.728578475,12812981.53,12812981.534166666,0.0,2858448.890472186,14772092.47,21129074.153217327,0.0,7681427.235657006,14772092.47,28810501.388874333
332015,332-015,EXCAVATOR KOBELCO SK200-10 332-015,0,KUMAI,Jan,1,AB,0.0,0.0,0,0.0,0.0,0.0,0,0,0.0,0.0,0.0,0.0,0.0,0.0,0.0,0.0,0.0,0.0,0.0,0.0,0.0,0.0,0.0,0.0
332016,332-016,EXCAVATOR KOBELCO SK200-10 332-016,0,KUMAI,Jan,1,AB,0.0,150.0,0,126555000.0,0.0,13976284.373333333,0,0,0.0,0.0,0.0,32546250.0,30636563.84,5457643.728578475,12798674.24,12798674.2425,0.0,2000914.2233305299,43435238.08,66779766.56774234,0.0,7681427.235657006,43435238.08,74461193.80339934
332017,332-017,EXCAVATOR KOBELCO SK200-10 332-017,0,KUMAI,Jan,1,AB,0.0,0.0,0,0.0,0.0,0.0,0,0,0.0,0.0,0.0,0.0,0.0,0.0,0.0,0.0,0.0,0.0,0.0,0.0,0.0,0.0,0.0,0.0
332019,332-019,EXCAVATOR KOBELCO SK200-10 332-019,1228672727,KUMAI,Jan,1,AB,0.0,0.0,0,0.0,0.0,0.0,0,0,0.0,0.0,0.0,0.0,0.0,0.0,12798674.24,0.0,0.0,0.0,12798674.24,0.0,0.0,0.0,12798674.24,0.0
332020,332-020,EXCAVATOR KOBELCO SK200-10 332-020,1228672727,KUMAI,Jan,1,AB,72.0,0.0,50028300,0.0,5612026.0,0.0,1069,0,15171.88,0.0,16218739.72,0.0,56884898.8,0.0,12798674.24,12798674.2425,0.0,0.0,91514338.76,12798674.2425,5360887.23,7681427.235657006,96875225.99,20480101.478157006
332022,332-022,EXCAVATOR KOBELCO SK200-10 332-022,0,KUMAI,Jan,1,AB,0.0,0.0,0,0.0,0.0,0.0,0,0,0.0,0.0,0.0,0.0,0.0,0.0,0.0,0.0,0.0,0.0,0.0,0.0,0.0,0.0,0.0,0.0
332023,332-023,EXCAVATOR KOBELCO SK200-10 332-023,0,KUMAI,Jan,1,AB,0.0,0.0,0,0.0,0.0,0.0,0,0,0.0,0.0,0.0,0.0,0.0,0.0,0.0,0.0,0.0,0.0,0.0,0.0,0.0,0.0,0.0,0.0
332024,332-024,EXCAVATOR KOBELCO SK200-10 332-024,0,KUMAI,Jan,1,AB,8.0,150.0,0,126555000.0,134000.0,13976284.373333333,100,0,30771.88,0.0,3077188.0,32546250.0,5637249.17,5457643.728578475,14095878.91,14095878.91,0.0,2000914.2233305299,22944316.08,68076971.23524234,0.0,7681427.235657006,22944316.08,75758398.47089934
332028,332-028,EXCAVATOR KOBELCO SK200-10 332-028,1256450000,KUMAI,Jan,1,AB,203.0,150.0,158820000,126555000.0,9171549.0,13976284.373333333,2395,0,15171.88,0.0,36336652.6,32546250.0,16468017.77,5457643.728578475,13088020.83,13088020.83,0.0,3200914.22333053,75064240.2,68269113.15524234,17018689.62,7681427.235657006,92082929.82,75950540.39089935
332030,332-030,EXCAVATOR HITACHI ZX210LC-5G LONGARM 332-030,1604432000,KUMAI,Jan,1,AB,211.0,150.0,208362000,158235000.0,11841293.0,13976284.373333333,2735,0,15742.26,0.0,43055091.8,28640700.0,24021329.51,5549324.544728476,16712833.33,16712833.33,0.0,2442397.7203686303,95630547.64,67321539.96843043,22327466.35,7681427.235657006,117958013.99,75002967.20408744
332031,332-031,EXCAVATOR HITACHI ZX130-5G 332-031,1028325125,KUMAI,Jan,1,AB,105.0,150.0,59363200,91050000.0,8044991.0,13976284.373333333,768,0,15171.88,0.0,11652003.84,28640700.0,24060973.38,1894159.5497784747,10711720.05,10711720.05,0.0,625869.5283060014,54469688.27,55848733.50141781,6361187.98,7681427.235657006,60830876.25,63530160.737074815
332042,332-042,EXCAVATOR HITACHI ZX138 M-F 332-042,1312908200,KUMAI,Jan,1,AB,240.0,150.0,136421200,91050000.0,12889163.0,13976284.373333333,2310,0,15171.88,0.0,35047042.8,28640700.0,30681467.73,7091699.3388213,13676127.08,13676127.08,0.0,3245752.6372987214,92293800.61,66630563.42945335,14618499.31,7681427.235657006,106912299.92,74311990.66511035
332043,332-043,EXCAVATOR HITACHI ZX138 M-F 332-043,1312908200,KUMAI,Jan,1,AB,280.0,150.0,159253200,91050000.0,12528158.0,13976284.373333333,2641,0,15762.57,0.0,41628935.08,28640700.0,9409615.68,6071059.963821299,13676127.08,13676127.08,0.0,3133656.6023782436,77242835.84,65497828.019532874,17065110.07,7681427.235657006,94307945.91,73179255.25518988
332044,332-044,EXCAVATOR HITACHI ZX 210 LC-5G 332-044,1733840600,KUMAI,Jan,1,AB,252.0,150.0,250034400,158235000.0,12632797.0,13976284.373333333,3530,0,15171.88,0.0,53556736.4,28640700.0,8728355.08,8322788.484027937,18060839.58,18060839.58,1186563.89,1345152.4190457345,94165291.95,70345764.856407,26792959.62,7681427.235657006,120958251.57,78027192.09206401
332046,332-046,EXCAVATOR HITACHI ZX 138 MF-5G 332-046,1330045972,KUMAI,Jan,1,AB,340.0,150.0,192930400,91050000.0,10421640.0,13976284.373333333,2900,0,15709.81,0.0,45558452.0,28640700.0,792724.59,7456555.3049463,13854645.54,13854645.54,856088.89,2984195.222484273,71483551.02,66912380.44076391,20673860.94,7681427.235657006,92157411.96,74593807.67642091
332053,332-053,EXCAVATOR HITACHI ZX 210G-5G 332-053,1559218096,KUMAI,Jan,1,AB,233.0,150.0,173496090,126555000.0,17714310.0,0.0,3451,0,15171.88,0.0,52358157.88,28640700.0,4927136.99,3321874.7817212995,16241855.17,18060839.58,1130387.5,1634733.8425903025,92371847.54,51658148.2043116,18591336.77,7681427.235657006,110963184.31,59339575.43996861
332054,332-054,EXCAVATOR HITACHI ZX 210 LC 332-054,800000000,KUMAI,Jan,1,AB,253.0,150.0,251026600,158235000.0,12505964.0,13976284.373333333,2975,0,15171.88,0.0,45136343.0,28640700.0,5109808.56,4133802.815603474,16666666.67,16666666.67,0.0,934133.6243373157,79418782.23,64351587.483274125,26899280.89,7681427.235657006,106318063.12,72033014.71893112
332056,332-056,EXCAVATOR HITACHI ZX 210 5G 332-056,0,KUMAI,Jan,1,AB,0.0,0.0,266817600,0.0,0.0,0.0,4800,0,15171.88,0.0,72825024.0,0.0,0.0,0.0,0.0,0.0,108300000.0,0.0,181125024.0,0.0,28591398.55,0.0,209716422.55,0.0
341001,341-001,BULLDOZER KOMATSU D31P-20 341-001,698150000,KUMAI,Jan,1,AB,172.0,125.0,98012300,78012500.0,11006042.0,13976284.373333333,730,0,15171.88,0.0,11075472.4,7594125.0,3675188.54,7176151.422834243,7272395.83,7272395.83,0.0,1704793.8644156011,33029098.77,37723750.49058318,10502713.21,7681427.235657006,43531811.98,45405177.72624019
341002,341-002,BULLDOZER KOMATSU D31P 341-002,650000000,KUMAI,Jan,1,AB,5.0,0.0,0,0.0,27000.0,0.0,105,0,15171.88,0.0,1593047.4,0.0,336767.15,0.0,6770833.33,0.0,0.0,0.0,8727647.88,0.0,0.0,0.0,8727647.88,0.0
342014,342-014,BULLDOZER WEA B 165 YS 342-014,1550000000,KUMAI,Jan,1,AB,35.0,0.0,0,0.0,0.0,0.0,894,0,0.0,0.0,0.0,0.0,0.0,0.0,0.0,0.0,0.0,0.0,0.0,0.0,0.0,0.0,0.0,0.0
342015,342-015,BULLDOZER WEA B 165 YS 342-015,1550000000,KUMAI,Jan,1,AB,274.0,100.0,250018800,99520000.0,10528057.0,13976284.373333333,3702,0,15171.88,0.0,56166299.76,24301200.0,79205305.65,8191493.702292599,16145833.33,16145833.33,0.0,1688446.525989698,162045495.74,64303257.93161563,26791287.97,7681427.235657006,188836783.71,71984685.16727263
351012,351-012,GRADER XCMG GR-100 351-012,871971000,KUMAI,Jan,1,AB,278.0,150.0,217500400,125220000.0,19466902.0,13976284.373333333,1501,0,15171.88,0.0,22772991.88,16924050.0,8401956.43,3775825.4563504537,9083031.25,9083031.25,0.0,852396.9322078006,59724881.56,44611588.01189159,23306710.73,7681427.235657006,83031592.29,52293015.247548595
361008,361-008,BACKHOE LOADER CAT 416 F2 361-008,1041000000,KUMAI,Jan,1,AB,184.0,175.0,129444000,119770000.0,11792033.0,13976284.373333333,1151,0,15171.88,0.0,17462833.88,13061894.999999998,1917894.85,9380630.52645075,10843750.0,10843750.0,0.0,569237.6773305518,42016511.73,47831797.577114634,13870842.83,7681427.235657006,55887354.56,55513224.81277164
361011,361-011,BACKHOE LOADER CATTERPILLAR 426F2 361-011,994956000,KUMAI,Jan,1,AB,283.0,175.0,202860000,119770000.0,10425165.0,13976284.373333333,1337,0,15171.88,0.0,20284803.56,13061894.999999998,24462460.32,8731803.866523666,10364125.0,10364125.0,0.0,560480.1746023895,65536553.88,46694588.414459385,21737888.02,7681427.235657006,87274441.9,54376015.65011639
361012,361-012,BACKHOE LOADER CATERPILLAR 416 F 361-012,1258506250,KUMAI,Jan,1,AB,367.0,175.0,235704000,119770000.0,15856837.0,13976284.373333333,1609,0,15171.88,0.0,24411554.92,13061894.999999998,2045528.61,4183378.0619403333,34958506.94,34958506.94,271041.66,373653.4497349263,77543469.13,66553717.825008586,25257355.6,7681427.235657006,102800824.73,74235145.0606656
371012,371-012,COMPACTOR SAKAI SV 526-D 371-012,915000000,KUMAI,Jan,1,AB,62.0,150.0,196263500,106080000.0,9787718.0,8591129.686666667,1767,0,16054.73,0.0,28368711.96,16924050.0,5155193.75,4256113.536225334,9531250.0,9531250.0,0.0,560480.1746023895,52842873.71,39863023.39749439,21031026.25,7681427.235657006,73873899.96,47544450.6331514
371013,371-013,COMPACTOR SAKAI SV 526-D 371-013,891958000,KUMAI,Jan,1,AB,149.0,150.0,99129700,106080000.0,6028235.0,8591129.686666667,928,0,15171.88,0.0,14079504.64,16924050.0,12573703.47,2772780.2028920003,9291229.17,9291229.17,0.0,583833.5152108222,41972672.28,38163022.57476949,10622450.55,7681427.235657006,52595122.83,45844449.810426496
391001,391-001,CRANE KATO KR 25 HV 39-01 391-001,0,KUMAI,Jan,1,AB,0.0,0.0,0,0.0,0.0,0.0,0,0,0.0,0.0,0.0,0.0,0.0,0.0,0.0,0.0,0.0,0.0,0.0,0.0,0.0,0.0,0.0,0.0
4201,4201,Pompa Air,0,KUMAI,Jan,1,AB,0.0,30.0,0,5433180.0,0.0,0.0,0,0,0.0,0.0,0.0,0.0,0.0,2120633.9499999997,0.0,2716590.23,0.0,293214.16541699076,0.0,5130438.34541699,0.0,0.0,0.0,5130438.34541699
4202,4202,Pompa Air,0,KUMAI,Jan,1,AB,0.0,30.0,0,5625000.0,0.0,0.0,0,0,0.0,0.0,0.0,0.0,0.0,2578967.283333333,0.0,1727094.0107291667,0.0,339920.84663385653,0.0,4645982.140696356,0.0,0.0,0.0,4645982.140696356
4203,4203,Pompa Air,0,KUMAI,Jan,1,AB,0.0,30.0,0,5625000.0,0.0,0.0,0,0,0.0,0.0,0.0,0.0,0.0,2253967.283333333,0.0,2678838.21875,0.0,339920.84663385653,0.0,5272726.348717189,0.0,0.0,0.0,5272726.348717189
4204,4204,Pompa Air,0,KUMAI,Jan,1,AB,0.0,30.0,0,5208333.0,0.0,0.0,0,0,0.0,0.0,0.0,0.0,0.0,1628967.2833333332,0.0,2678838.21875,0.0,339920.84663385653,0.0,4647726.348717189,0.0,0.0,0.0,4647726.348717189
4206,4206,Pompa Air,0,KUMAI,Jan,1,AB,0.0,30.0,0,5625000.0,0.0,0.0,0,0,0.0,0.0,0.0,0.0,0.0,2578967.283333333,0.0,1463265.3125,0.0,339920.84663385653,0.0,4382153.442467189,0.0,0.0,0.0,4382153.442467189
4207,4207,Pompa Air,0,KUMAI,Jan,1,AB,0.0,30.0,0,5625000.0,0.0,0.0,0,0,0.0,0.0,0.0,0.0,0.0,1878967.2833333332,0.0,2906250.0,0.0,324351.9528949013,0.0,5109569.236228234,0.0,0.0,0.0,5109569.236228234
4208,4208,Pompa Air,0,KUMAI,Jan,1,AB,0.0,30.0,0,5625000.0,0.0,0.0,0,0,0.0,0.0,0.0,0.0,0.0,1941467.2833333332,0.0,2906250.0,0.0,339920.84663385653,0.0,5187638.129967189,0.0,0.0,0.0,5187638.129967189
4209,4209,Pompa Air,0,KUMAI,Jan,1,AB,0.0,30.0,0,5625000.0,0.0,0.0,0,0,0.0,0.0,0.0,0.0,0.0,2203967.283333333,0.0,2580705.7083333335,0.0,324351.9528949013,0.0,5109024.944561568,0.0,0.0,0.0,5109024.944561568
321003,321-003,FARM TRACTOR KUBOTA M9540 321-003,423213543,KUMAI,Feb,2,AB,0.0,150.0,63264570,59910000.0,6037844.0,8341129.6866666665,671,0,15140.43,0.0,10159228.53,8331840.000000001,2669899.11,7653006.370297459,4408474.41,4408474.41,440000.0,1377847.0958975405,23715446.05,30112297.562861666,8574135.15,7508755.313043673,32289581.2,37621052.875905335
321006,321-006,FARM TRACTOR KUBOTA M9540 321-006,560598958,KUMAI,Feb,2,AB,0.0,150.0,65530920,59910000.0,8048470.0,8341129.6866666665,467,0,15140.43,0.0,7070580.81,8331840.000000001,4263702.56,7653006.370297459,5839572.48,5839572.48,440000.0,1401200.4365059736,25662325.85,31566748.9734701,8881289.55,7508755.313043673,34543615.4,39075504.286513776
321007,321-007,FARM TRACTOR KUBOTA M9540 321-007,560598958,KUMAI,Feb,2,AB,0.0,150.0,64634580,59910000.0,6355646.0,8341129.6866666665,397,0,15140.43,0.0,6010750.71,8331840.000000001,2682132.73,7653006.370297459,5839572.48,5839572.48,440000.0,1401200.4365059736,21328101.92,31566748.9734701,8759810.18,7508755.313043673,30087912.1,39075504.286513776
322001,322-001,CRAWLER CROWN KD 3000 HZL 322-001,173902964,KUMAI,Feb,2,AB,0.0,0.0,0,0.0,0.0,0.0,0,0,0.0,0.0,0.0,0.0,0.0,0.0,3622978.42,0.0,0.0,0.0,3622978.42,0.0,0.0,0.0,3622978.42,0.0
322002,322-002,CRAWLER CROWN KD 3000 HZL 322-002,181110172,KUMAI,Feb,2,AB,0.0,0.0,0,0.0,0.0,0.0,0,0,0.0,0.0,0.0,0.0,0.0,0.0,3773128.58,0.0,0.0,0.0,3773128.58,0.0,0.0,0.0,3773128.58,0.0
322003,322-003,CRAWLER CROWN KD 3000 HZL 322-003,171424505,KUMAI,Feb,2,AB,0.0,0.0,0,28680000.0,0.0,0.0,0,0,0.0,0.0,0.0,0.0,0.0,0.0,0.0,3571343.85,0.0,0.0,0.0,3571343.85,0.0,0.0,0.0,3571343.85
322004,322-004,CRAWLER CROWN KD 3000 HZL 322-004,171424505,KUMAI,Feb,2,AB,0.0,0.0,0,41730000.0,0.0,0.0,0,0,0.0,0.0,0.0,0.0,0.0,0.0,0.0,3571343.85,0.0,0.0,0.0,3571343.85,0.0,0.0,0.0,3571343.85
322005,322-005,CRAWLER CROWN KD 3000 HZL 322-005,171424505,KUMAI,Feb,2,AB,0.0,0.0,0,0.0,0.0,0.0,0,0,0.0,0.0,0.0,0.0,0.0,0.0,3571343.85,0.0,0.0,0.0,3571343.85,0.0,0.0,0.0,3571343.85,0.0
322006,322-006,CRAWLER CROWN KD 3000 HZL 322-006,171424505,KUMAI,Feb,2,AB,0.0,0.0,0,0.0,0.0,0.0,0,0,0.0,0.0,0.0,0.0,0.0,0.0,3571343.85,0.0,0.0,0.0,3571343.85,0.0,0.0,0.0,3571343.85,0.0
322007,322-007,CRAWLER DUMPER PD5000TA 322-007,275000000,KUMAI,Feb,2,AB,0.0,150.0,0,44025000.0,0.0,8341129.6866666665,0,0,0.0,0.0,0.0,7811100.0,0.0,8516275.877404334,5729166.67,5729166.67,0.0,1262341.4732482315,5729166.67,31660013.707319234,0.0,7508755.313043673,5729166.67,39168769.020362906
322008,322-008,CRAWLER DUMPER PD5000TA 322-008,275000000,KUMAI,Feb,2,AB,0.0,150.0,0,44070000.0,0.0,8341129.6866666665,0,0,0.0,0.0,0.0,7811100.0,420101.7,4423832.044071001,5729166.67,5729166.67,0.0,1478266.460513802,6149268.37,27783494.861251466,0.0,7508755.313043673,6149268.37,35292250.17429514
322009,322-009,CROWN KD 5000 HZL 322-009,238738739,KUMAI,Feb,2,AB,143.0,150.0,18829808,41730000.0,5025073.0,8341129.6866666665,508,0,15140.43,0.0,7691338.44,7811100.0,5469712.63,4745703.054487667,4973723.73,4973723.73,440000.0,1281164.2657786284,23599847.8,27152820.736932963,2551970.54,7508755.313043673,26151818.34,34661576.04997663
322010,322-010,CROWN KD 5000 HZL 322-010,238738739,KUMAI,Feb,2,AB,0.0,150.0,0,28680000.0,0.0,7641129.6866666665,0,0,0.0,0.0,0.0,7811100.0,1805550.98,4846983.152773167,4973723.73,4973723.73,440000.0,1046229.6592577937,7219274.71,26319166.228697628,0.0,7508755.313043673,7219274.71,33827921.5417413
322011,322-011,CRAWLER DUMPER PD5000TA 322-011,280000000,KUMAI,Feb,2,AB,0.0,150.0,0,44025000.0,0.0,7641129.6866666665,0,0,0.0,0.0,0.0,7811100.0,716701.75,8516275.877404334,5833333.33,5833333.0,0.0,1262341.4732482315,6550035.08,31064180.03731923,0.0,7508755.313043673,6550035.08,38572935.350362904
322012,322-012,CRAWLER DUMPER PD5000TA 322-012,280000000,KUMAI,Feb,2,AB,50.0,150.0,29592390,51900000.0,13319338.0,7641129.6866666665,446,0,15140.43,0.0,6752631.78,7811100.0,12149946.46,4024764.877404334,5833333.33,5833333.0,440000.0,1478266.460513802,38495249.57,26788594.0245848,4010604.22,7508755.313043673,42505853.79,34297349.33762847
322013,322-013,CARWLER DUMPER PD5000TA 322-013,280000000,KUMAI,Feb,2,AB,0.0,150.0,0,41730000.0,0.0,7641129.6866666665,0,0,0.0,0.0,0.0,7811100.0,492839.05,5472942.544071001,5833333.33,5833333.0,315316.0,1534314.4779740411,6641488.38,28292819.70871171,0.0,7508755.313043673,6641488.38,35801575.02175538
322014,322-014,CRAWLER DUMPER PD5000TA 322-014,283782575,KUMAI,Feb,2,AB,147.0,150.0,41105978,51900000.0,1899304.0,7641129.6866666665,479,0,15140.43,0.0,7252265.97,7811100.0,30306092.85,2102079.1758329584,7882849.31,7882849.0,732800.0,1119792.6821743574,48073312.13,26556950.544673983,5571020.41,7508755.313043673,53644332.54,34065705.857717656
322015,322-015,CRAWLER DUMPER PD5000TA 322-015,283782575,KUMAI,Feb,2,AB,0.0,150.0,0,44070000.0,0.0,7641129.6866666665,0,0,0.0,0.0,0.0,7811100.0,128559.37,5472942.544071001,7882849.31,7882849.0,292800.0,0.0,8304208.68,28808021.230737668,0.0,7508755.313043673,8304208.68,36316776.54378134
322016,322-016,CRAWLER DUMPER PD5000TA 322-016,283782575,KUMAI,Feb,2,AB,210.0,150.0,32775138,28680000.0,9072377.0,7641129.6866666665,722,0,15140.43,0.0,10931390.46,7811100.0,1402670.55,3782646.674207958,7882849.31,7882849.0,1048116.0,1127966.3513873087,30337403.32,28245691.712261934,4441956.42,7508755.313043673,34779359.74,35754447.02530561
322017,322-017,CRAWLER DUMPER PD-5000TA 322-017,294224583,KUMAI,Feb,2,AB,171.0,150.0,33980053,44025000.0,5817286.0,7641129.6866666665,548,0,15140.43,0.0,8296955.64,7811100.0,2777749.14,2523159.1886666664,8172905.09,7882849.0,440000.0,1279763.0653421225,25504895.87,27138000.940675456,4605256.42,7508755.313043673,30110152.29,34646756.25371913
322018,322-018,CRAWLER DUMPET PD-5000 TA 322-018,294224583,KUMAI,Feb,2,AB,118.0,150.0,53128883,44070000.0,6938319.0,7641129.6866666665,650,0,15140.43,0.0,9841279.5,7811100.0,629299.26,2523159.1886666664,8172905.09,7882849.0,0.0,1279763.0653421225,25581802.85,27138000.940675456,7200463.44,7508755.313043673,32782266.29,34646756.25371913
322019,322-019,CRAWLER DUMPER PD-5000 TA 322-019,294224583,KUMAI,Feb,2,AB,219.0,150.0,33338065,28680000.0,4243450.0,7641129.6866666665,573,0,15140.43,0.0,8675466.39,7811100.0,1740233.17,2527814.7285416666,8172905.09,7882849.0,755316.0,1599703.8316776531,23587370.65,27462597.246885985,4518248.92,7508755.313043673,28105619.57,34971352.559929654
322020,322-020,CRAWLER DUMPER PD-5000 TA 322-020,294224583,KUMAI,Feb,2,AB,178.0,150.0,38928788,51900000.0,5917544.0,7641129.6866666665,614,0,15140.43,0.0,9296224.02,7811100.0,4389814.62,2527814.7285416666,8172905.09,7882849.0,440000.0,1599703.8316776531,28216487.73,27462597.246885985,5275949.71,7508755.313043673,33492437.44,34971352.559929654
322021,322-021,CRAWLER DUMPER PD - 5000TA 322-021,294234673,KUMAI,Feb,2,AB,188.0,150.0,31378128,51900000.0,10613144.0,7641129.6866666665,775,0,15140.43,0.0,11733833.25,7811100.0,1581930.48,0.0,8173185.35,7882849.0,0.0,0.0,32102093.08,23335078.686666667,4252622.13,7508755.313043673,36354715.21,30843833.99971034
322022,322-022,CRAWLER DUMPER PD - 5000TA 322-022,294234673,KUMAI,Feb,2,AB,129.0,150.0,45110435,44070000.0,6379523.0,7641129.6866666665,451,0,15140.43,0.0,6828333.93,7811100.0,379980.71,0.0,8173185.35,7882849.0,440000.0,0.0,22201022.99,23335078.686666667,6113737.38,0.0,28314760.37,23335078.686666667
322023,322-023,CRAWLER DUMPER PD - 5000TA 322-023,294234673,KUMAI,Feb,2,AB,181.0,150.0,37334325,44025000.0,6277154.0,7641129.6866666665,375,0,15140.43,0.0,5677661.25,7811100.0,19169976.53,0.0,8173185.35,7882849.0,0.0,0.0,39297977.13,23335078.686666667,5059854.96,0.0,44357832.09,23335078.686666667
322024,322-024,CRAWLER DUMPER PD - 5000TA 322-024,294234673,KUMAI,Feb,2,AB,140.0,150.0,39764198,41730000.0,6279313.0,7641129.6866666665,405,0,15140.43,0.0,6131874.15,7811100.0,3468414.33,0.0,8173185.35,7882849.0,440000.0,0.0,24492786.83,23335078.686666667,5389171.35,0.0,29881958.18,23335078.686666667
332013,332-013,EXCAVATOR KOBELCO SK200-10 332-013,0,KUMAI,Feb,2,AB,0.0,0.0,0,0.0,0.0,0.0,0,0,0.0,0.0,0.0,0.0,0.0,0.0,0.0,0.0,0.0,0.0,0.0,0.0,0.0,0.0,0.0,0.0
332014,332-014,EXCAVATOR KOBELCO SK200-10 332-014,0,KUMAI,Feb,2,AB,0.0,0.0,0,0.0,0.0,0.0,0,0,0.0,0.0,0.0,0.0,0.0,0.0,12812981.53,12812981.534166666,0.0,0.0,12812981.53,12812981.534166666,0.0,7508755.313043673,12812981.53,20321736.84721034
332015,332-015,EXCAVATOR KOBELCO SK200-10 332-015,0,KUMAI,Feb,2,AB,0.0,0.0,0,0.0,0.0,0.0,0,0,0.0,0.0,0.0,0.0,0.0,0.0,0.0,0.0,0.0,0.0,0.0,0.0,0.0,0.0,0.0,0.0
332016,332-016,EXCAVATOR KOBELCO SK200-10 332-016,0,KUMAI,Feb,2,AB,0.0,150.0,0,126555000.0,0.0,13976284.373333333,0,0,0.0,0.0,0.0,32546250.0,6157295.54,5457643.728578475,12798674.24,12798674.2425,0.0,2000914.2233305299,18955969.78,66779766.56774234,0.0,7508755.313043673,18955969.78,74288521.88078602
332017,332-017,EXCAVATOR KOBELCO SK200-10 332-017,0,KUMAI,Feb,2,AB,0.0,0.0,0,0.0,0.0,0.0,0,0,0.0,0.0,0.0,0.0,0.0,0.0,0.0,0.0,0.0,0.0,0.0,0.0,0.0,0.0,0.0,0.0
332019,332-019,EXCAVATOR KOBELCO SK200-10 332-019,1228672727,KUMAI,Feb,2,AB,0.0,0.0,0,0.0,0.0,0.0,0,0,0.0,0.0,0.0,0.0,0.0,0.0,12798674.24,0.0,0.0,0.0,12798674.24,0.0,0.0,0.0,12798674.24,0.0
332020,332-020,EXCAVATOR KOBELCO SK200-10 332-020,1228672727,KUMAI,Feb,2,AB,242.0,0.0,190584000,0.0,13362538.0,0.0,2640,0,15140.43,0.0,39970735.2,0.0,41755301.74,0.0,12798674.24,12798674.2425,880000.0,0.0,108767249.18,12798674.2425,25829512.06,7508755.313043673,134596761.24,20307429.555543672
332022,332-022,EXCAVATOR KOBELCO SK200-10 332-022,0,KUMAI,Feb,2,AB,0.0,0.0,0,0.0,0.0,0.0,0,0,0.0,0.0,0.0,0.0,0.0,0.0,0.0,0.0,0.0,0.0,0.0,0.0,0.0,0.0,0.0,0.0
332023,332-023,EXCAVATOR KOBELCO SK200-10 332-023,0,KUMAI,Feb,2,AB,0.0,0.0,0,0.0,0.0,0.0,0,0,0.0,0.0,0.0,0.0,0.0,0.0,0.0,0.0,0.0,0.0,0.0,0.0,0.0,0.0,0.0,0.0
332024,332-024,EXCAVATOR KOBELCO SK200-10 332-024,0,KUMAI,Feb,2,AB,0.0,150.0,0,126555000.0,0.0,13976284.373333333,0,0,0.0,0.0,1300000.0,32546250.0,282830.61,5457643.728578475,14095878.91,14095878.91,0.0,2000914.2233305299,15678709.52,68076971.23524234,0.0,7508755.313043673,15678709.52,75585726.548286
332028,332-028,EXCAVATOR KOBELCO SK200-10 332-028,1256450000,KUMAI,Feb,2,AB,154.0,150.0,122291400,126555000.0,9928501.0,13976284.373333333,1495,0,15140.43,0.0,22634942.85,32546250.0,36890192.34,5457643.728578475,13088020.83,13088020.83,880000.0,3200914.22333053,83421657.02,68269113.15524234,16573936.9,7508755.313043673,99995593.92,75777868.46828601
332030,332-030,EXCAVATOR HITACHI ZX210LC-5G LONGARM 332-030,1604432000,KUMAI,Feb,2,AB,181.0,150.0,178596000,158235000.0,11830249.0,13976284.373333333,1860,0,15839.35,0.0,29461199.8,28640700.0,40959996.23,5549324.544728476,16712833.33,16712833.33,1275000.0,2442397.7203686303,100239278.36,67321539.96843043,24204799.65,7508755.313043673,124444078.01,74830295.2814741
332031,332-031,EXCAVATOR HITACHI ZX130-5G 332-031,1028325125,KUMAI,Feb,2,AB,229.0,150.0,130713200,91050000.0,15987986.0,13976284.373333333,1850,0,15140.43,0.0,28009795.5,28640700.0,25029586.63,1894159.5497784747,10711720.05,10711720.05,880000.0,625869.5283060014,80619088.18,55848733.50141781,17715328.55,7508755.313043673,98334416.73,63357488.814461485
332042,332-042,EXCAVATOR HITACHI ZX138 M-F 332-042,1312908200,KUMAI,Feb,2,AB,220.0,150.0,125576000,91050000.0,8002000.0,13976284.373333333,1947,0,15140.43,0.0,29478417.21,28640700.0,8711718.38,7091699.3388213,13676127.08,13676127.08,880000.0,3245752.6372987214,60748262.67,66630563.42945335,17019092.93,7508755.313043673,77767355.6,74139318.74249703
332043,332-043,EXCAVATOR HITACHI ZX138 M-F 332-043,1312908200,KUMAI,Feb,2,AB,246.0,150.0,138704400,91050000.0,12621603.0,13976284.373333333,2370,0,15688.95,0.0,37182819.1,28640700.0,8038498.38,6071059.963821299,13676127.08,13676127.08,1195316.0,3133656.6023782436,72714363.56,65497828.019532874,18798361.73,7508755.313043673,91512725.29,73006583.33257654
332044,332-044,EXCAVATOR HITACHI ZX 210 LC-5G 332-044,1733840600,KUMAI,Feb,2,AB,222.0,150.0,213323000,158235000.0,8794274.0,13976284.373333333,2809,0,15140.43,0.0,42529467.87,28640700.0,4231138.53,8322788.484027937,18060839.58,18060839.58,2001563.89,1345152.4190457345,75617283.87,70345764.856407,28911288.46,7508755.313043673,104528572.33,77854520.16945067
332046,332-046,EXCAVATOR HITACHI ZX 138 MF-5G 332-046,1330045972,KUMAI,Feb,2,AB,332.0,150.0,188934800,91050000.0,14294287.0,13976284.373333333,2585,0,15643.33,0.0,40438011.55,28640700.0,3614434.74,7456555.3049463,13854645.54,13854645.54,2051404.89,2984195.222484273,74252783.72,66912380.44076391,25605998.9,7508755.313043673,99858782.62,74421135.75380759
332053,332-053,EXCAVATOR HITACHI ZX 210G-5G 332-053,1559218096,KUMAI,Feb,2,AB,247.0,150.0,226937560,126555000.0,13878438.0,0.0,4277,0,15140.43,0.0,64755619.11,28640700.0,2104996.93,3321874.7817212995,0.0,18060839.58,880000.0,1634733.8425903025,81619054.04,51658148.2043116,30756445.67,7508755.313043673,112375499.71,59166903.51735528
332054,332-054,EXCAVATOR HITACHI ZX 210 LC 332-054,800000000,KUMAI,Feb,2,AB,242.0,150.0,237135800,158235000.0,12968828.0,13976284.373333333,3204,0,15140.43,0.0,48509937.72,28640700.0,26757055.85,4133802.815603474,16666666.67,16666666.67,880000.0,934133.6243373157,105782488.24,64351587.483274125,32138595.08,7508755.313043673,137921083.32,71860342.7963178
332056,332-056,EXCAVATOR HITACHI ZX 210 5G 332-056,0,KUMAI,Feb,2,AB,0.0,0.0,190584000,0.0,0.0,0.0,3595,0,15140.43,0.0,54429845.85,0.0,0.0,0.0,0.0,0.0,72000000.0,0.0,126429845.85,0.0,25829512.06,0.0,152259357.91,0.0
341001,341-001,BULLDOZER KOMATSU D31P-20 341-001,698150000,KUMAI,Feb,2,AB,143.0,125.0,82166000,78012500.0,6013210.0,13976284.373333333,407,0,15140.43,0.0,6162155.01,7594125.0,1665678.09,7176151.422834243,7272395.83,7272395.83,0.0,1704793.8644156011,21113438.93,37723750.49058318,11135812.49,7508755.313043673,32249251.42,45232505.80362685
341002,341-002,BULLDOZER KOMATSU D31P 341-002,650000000,KUMAI,Feb,2,AB,0.0,0.0,0,0.0,27000.0,0.0,0,0,0.0,0.0,0.0,0.0,205694.99,0.0,6770833.33,0.0,0.0,0.0,7003528.32,0.0,0.0,0.0,7003528.32,0.0
342014,342-014,BULLDOZER WEA B 165 YS 342-014,1550000000,KUMAI,Feb,2,AB,102.0,0.0,0,0.0,0.0,0.0,1719,0,0.0,0.0,0.0,0.0,0.0,0.0,0.0,0.0,0.0,0.0,0.0,0.0,0.0,0.0,0.0,0.0
342015,342-015,BULLDOZER WEA B 165 YS 342-015,1550000000,KUMAI,Feb,2,AB,300.0,100.0,280920000,99520000.0,11165534.0,13976284.373333333,3526,0,15140.43,0.0,53385156.18,24301200.0,2042794.78,8191493.702292599,16145833.33,16145833.33,880000.0,1688446.525989698,83619318.29,64303257.93161563,38072590.18,7508755.313043673,121691908.47,71812013.2446593
351012,351-012,GRADER XCMG GR-100 351-012,871971000,KUMAI,Feb,2,AB,117.0,150.0,91083200,125220000.0,10808372.0,13976284.373333333,830,0,15140.43,0.0,12566556.9,16924050.0,9285986.36,3775825.4563504537,9083031.25,9083031.25,880000.0,852396.9322078006,42623946.51,44611588.01189159,12344344.82,7508755.313043673,54968291.33,52120343.32493526
361008,361-008,BACKHOE LOADER CAT 416 F2 361-008,1041000000,KUMAI,Feb,2,AB,92.0,200.0,56028000,136880000.0,9534347.0,13976284.373333333,516,0,15140.43,0.0,7812461.88,14927879.999999998,4859577.99,9380630.52645075,10843750.0,10843750.0,880000.0,569237.6773305518,33930136.87,49697782.577114634,7593375.63,7508755.313043673,41523512.5,57206537.89015831
361011,361-011,BACKHOE LOADER CATTERPILLAR 426F2 361-011,994956000,KUMAI,Feb,2,AB,305.0,200.0,189980000,136880000.0,24656528.0,13976284.373333333,1292,0,15140.43,0.0,19561435.56,14927879.999999998,8284220.24,8731803.866523666,10364125.0,10364125.0,880000.0,560480.1746023895,63746308.8,48560573.414459385,25747653.01,7508755.313043673,89493961.81,56069328.72750306
361012,361-012,BACKHOE LOADER CATERPILLAR 416 F 361-012,1258506250,KUMAI,Feb,2,AB,295.0,200.0,170016000,136880000.0,10405700.0,13976284.373333333,1317,0,15140.43,0.0,19939946.31,14927879.999999998,2861586.8,4183378.0619403333,34958506.94,34958506.94,1151041.66,373653.4497349263,69316781.71,68419702.82500859,23041967.44,7508755.313043673,92358749.15,75928458.13805225
371012,371-012,COMPACTOR SAKAI SV 526-D 371-012,915000000,KUMAI,Feb,2,AB,187.0,150.0,124411100,106080000.0,7189811.0,8591129.686666667,1187,0,16235.63,0.0,19271690.41,16924050.0,3177748.56,4256113.536225334,9531250.0,9531250.0,440000.0,560480.1746023895,39610499.97,39863023.39749439,16861216.09,7508755.313043673,56471716.06,47371778.71053806
371013,371-013,COMPACTOR SAKAI SV 526-D 371-013,891958000,KUMAI,Feb,2,AB,42.0,150.0,86435800,106080000.0,5205499.0,8591129.686666667,522,0,15140.43,0.0,7903304.46,16924050.0,25711.87,2772780.2028920003,9291229.17,9291229.17,440000.0,583833.5152108222,22865744.5,38163022.57476949,11714490.92,7508755.313043673,34580235.42,45671777.887813166
391001,391-001,CRANE KATO KR 25 HV 39-01 391-001,0,KUMAI,Feb,2,AB,0.0,0.0,0,0.0,0.0,0.0,0,0,0.0,0.0,0.0,0.0,0.0,0.0,0.0,0.0,0.0,0.0,0.0,0.0,0.0,0.0,0.0,0.0
4201,4201,Pompa Air,0,KUMAI,Feb,2,AB,0.0,30.0,0,5433180.0,0.0,0.0,0,0,0.0,0.0,0.0,0.0,0.0,2120633.9499999997,0.0,2716590.23,0.0,293214.16541699076,0.0,5130438.34541699,0.0,0.0,0.0,5130438.34541699
4202,4202,Pompa Air,0,KUMAI,Feb,2,AB,0.0,30.0,0,5625000.0,0.0,0.0,0,0,0.0,0.0,0.0,0.0,0.0,2578967.283333333,0.0,1727094.0107291667,0.0,339920.84663385653,0.0,4645982.140696356,0.0,0.0,0.0,4645982.140696356
4203,4203,Pompa Air,0,KUMAI,Feb,2,AB,0.0,30.0,0,5625000.0,0.0,0.0,0,0,0.0,0.0,0.0,0.0,0.0,2253967.283333333,0.0,2678838.21875,0.0,339920.84663385653,0.0,5272726.348717189,0.0,0.0,0.0,5272726.348717189
4204,4204,Pompa Air,0,KUMAI,Feb,2,AB,0.0,30.0,0,5208333.0,0.0,0.0,0,0,0.0,0.0,0.0,0.0,0.0,1628967.2833333332,0.0,2678838.21875,0.0,339920.84663385653,0.0,4647726.348717189,0.0,0.0,0.0,4647726.348717189
4206,4206,Pompa Air,0,KUMAI,Feb,2,AB,0.0,30.0,0,5625000.0,0.0,0.0,0,0,0.0,0.0,0.0,0.0,0.0,2578967.283333333,0.0,1463265.3125,0.0,339920.84663385653,0.0,4382153.442467189,0.0,0.0,0.0,4382153.442467189
4207,4207,Pompa Air,0,KUMAI,Feb,2,AB,0.0,30.0,0,5625000.0,0.0,0.0,0,0,0.0,0.0,0.0,0.0,0.0,1878967.2833333332,0.0,2906250.0,0.0,324351.9528949013,0.0,5109569.236228234,0.0,0.0,0.0,5109569.236228234
4208,4208,Pompa Air,0,KUMAI,Feb,2,AB,0.0,30.0,0,5625000.0,0.0,0.0,0,0,0.0,0.0,0.0,0.0,0.0,1941467.2833333332,0.0,2906250.0,0.0,339920.84663385653,0.0,5187638.129967189,0.0,0.0,0.0,5187638.129967189
4209,4209,Pompa Air,0,KUMAI,Feb,2,AB,0.0,30.0,0,5625000.0,0.0,0.0,0,0,0.0,0.0,0.0,0.0,0.0,2203967.283333333,0.0,2580705.7083333335,0.0,324351.9528949013,0.0,5109024.944561568,0.0,0.0,0.0,5109024.944561568
321003,321-003,FARM TRACTOR KUBOTA M9540 321-003,423213543,KUMAI,Mar,3,AB,150.0,150.0,67560840,59910000.0,9036425.0,12282429.686666667,629,0,15142.86,0.0,9524858.94,8331840.000000001,802521.0,7653006.370297459,4408474.41,4408474.41,0.0,2094364.6341595112,23772279.35,34770115.10112364,10412927.12,9725352.41242829,34185206.47,44495467.51355193
321006,321-006,FARM TRACTOR KUBOTA M9540 321-006,560598958,KUMAI,Mar,3,AB,161.0,150.0,70064760,59910000.0,10374225.0,12282429.686666667,430,0,15142.86,0.0,6511429.8,8331840.000000001,3114281.47,7653006.370297459,5839572.48,5839572.48,0.0,2129862.339823232,25839508.75,36236710.87678736,10798847.97,9725352.41242829,36638356.72,45962063.28921565
321007,321-007,FARM TRACTOR KUBOTA M9540 321-007,560598958,KUMAI,Mar,3,AB,110.0,150.0,55396800,59910000.0,8532311.0,12282429.686666667,328,0,15142.86,0.0,4966858.08,8331840.000000001,29773388.15,7653006.370297459,5839572.48,5839572.48,0.0,2129862.339823232,49112129.71,36236710.87678736,8538124.17,9725352.41242829,57650253.88,45962063.28921565
322001,322-001,CRAWLER CROWN KD 3000 HZL 322-001,173902964,KUMAI,Mar,3,AB,0.0,0.0,0,0.0,0.0,0.0,0,0,0.0,0.0,0.0,0.0,0.0,0.0,3622978.42,0.0,0.0,0.0,3622978.42,0.0,0.0,0.0,3622978.42,0.0
322002,322-002,CRAWLER CROWN KD 3000 HZL 322-002,181110172,KUMAI,Mar,3,AB,0.0,0.0,0,0.0,0.0,0.0,0,0,0.0,0.0,0.0,0.0,0.0,0.0,3773128.58,0.0,0.0,0.0,3773128.58,0.0,0.0,0.0,3773128.58,0.0
322003,322-003,CRAWLER CROWN KD 3000 HZL 322-003,171424505,KUMAI,Mar,3,AB,0.0,0.0,0,31830000.0,0.0,0.0,0,0,0.0,0.0,0.0,0.0,0.0,0.0,0.0,3571343.85,0.0,0.0,0.0,3571343.85,0.0,0.0,0.0,3571343.85
322004,322-004,CRAWLER CROWN KD 3000 HZL 322-004,171424505,KUMAI,Mar,3,AB,0.0,0.0,0,46440000.0,0.0,0.0,0,0,0.0,0.0,0.0,0.0,0.0,0.0,0.0,3571343.85,0.0,0.0,0.0,3571343.85,0.0,0.0,0.0,3571343.85
322005,322-005,CRAWLER CROWN KD 3000 HZL 322-005,171424505,KUMAI,Mar,3,AB,0.0,0.0,0,0.0,0.0,0.0,0,0,0.0,0.0,0.0,0.0,0.0,0.0,3571343.85,0.0,0.0,0.0,3571343.85,0.0,0.0,0.0,3571343.85,0.0
322006,322-006,CRAWLER CROWN KD 3000 HZL 322-006,171424505,KUMAI,Mar,3,AB,0.0,0.0,0,0.0,0.0,0.0,0,0,0.0,0.0,0.0,0.0,0.0,0.0,3571343.85,0.0,0.0,0.0,3571343.85,0.0,0.0,0.0,3571343.85,0.0
322007,322-007,CRAWLER DUMPER PD5000TA 322-007,275000000,KUMAI,Mar,3,AB,0.0,150.0,0,53565000.0,0.0,12282429.686666667,0,0,0.0,0.0,0.0,7811100.0,0.0,8516275.877404334,5729166.67,5729166.67,0.0,1918792.9819467494,5729166.67,36257765.21601775,0.0,9725352.41242829,5729166.67,45983117.62844604
322008,322-008,CRAWLER DUMPER PD5000TA 322-008,275000000,KUMAI,Mar,3,AB,0.0,150.0,0,48900000.0,0.0,12282429.686666667,0,0,0.0,0.0,0.0,7811100.0,1155617.21,4423832.044071001,5729166.67,5729166.67,0.0,2247004.7685135095,6884783.88,32493533.169251174,0.0,9725352.41242829,6884783.88,42218885.58167946
322009,322-009,CROWN KD 5000 HZL 322-009,238738739,KUMAI,Mar,3,AB,40.0,150.0,5533550,46440000.0,6166999.0,12282429.686666667,225,0,15142.86,0.0,3407143.5,7811100.0,3505483.05,4745703.054487667,4973723.73,4973723.73,0.0,1947404.1327117083,18053349.28,31760360.603866044,852867.62,9725352.41242829,18906216.9,41485713.01629433
322010,322-010,CROWN KD 5000 HZL 322-010,238738739,KUMAI,Mar,3,AB,0.0,150.0,0,31830000.0,0.0,11582429.686666667,0,0,0.0,0.0,0.0,7811100.0,0.0,4846983.152773167,4973723.73,4973723.73,0.0,1590297.2137346799,4973723.73,30804533.783174515,0.0,9725352.41242829,4973723.73,40529886.195602804
322011,322-011,CRAWLER DUMPER PD5000TA 322-011,280000000,KUMAI,Mar,3,AB,7.0,150.0,2181850,49050000.0,2059300.0,11582429.686666667,53,0,15142.86,0.0,802571.58,7811100.0,3799084.82,8516275.877404334,5833333.33,5833333.0,0.0,1918792.9819467494,12494289.73,35661931.54601775,336281.27,9725352.41242829,12830571.0,45387283.95844604
322012,322-012,CRAWLER DUMPER PD5000TA 322-012,280000000,KUMAI,Mar,3,AB,81.0,150.0,23961740,57690000.0,5873907.0,11582429.686666667,292,0,15142.86,0.0,4421715.12,7811100.0,9852732.93,4024764.877404334,5833333.33,5833333.0,0.0,2247004.7685135095,25981688.38,31498632.332584508,3693143.13,9725352.41242829,29674831.51,41223984.7450128
322013,322-013,CARWLER DUMPER PD5000TA 322-013,280000000,KUMAI,Mar,3,AB,79.0,150.0,15942960,46440000.0,4426127.0,11582429.686666667,253,0,15142.86,0.0,3831143.58,7811100.0,12309246.08,5472942.544071001,5833333.33,5833333.0,0.0,2332199.262106439,26399849.99,33032004.492844105,2457235.3,9725352.41242829,28857085.29,42757356.905272394
322014,322-014,CRAWLER DUMPER PD5000TA 322-014,283782575,KUMAI,Mar,3,AB,162.0,150.0,52845360,57690000.0,10601196.0,11582429.686666667,413,0,15142.86,0.0,6254001.18,7811100.0,4703139.24,2102079.1758329584,7882849.31,7882849.0,292800.0,1702114.9865753995,29733985.73,31080572.849075023,8144879.23,9725352.41242829,37878864.96,40805925.26150331
322015,322-015,CRAWLER DUMPER PD5000TA 322-015,283782575,KUMAI,Mar,3,AB,91.0,150.0,21542400,48900000.0,911988.0,11582429.686666667,323,0,15142.86,0.0,4891143.78,7811100.0,17958744.93,5472942.544071001,7882849.31,7882849.0,292800.0,0.0,31937526.02,32749321.230737668,3320258.32,9725352.41242829,35257784.34,42474673.64316596
322016,322-016,CRAWLER DUMPER PD5000TA 322-016,283782575,KUMAI,Mar,3,AB,176.0,150.0,32967660,31830000.0,6012249.0,11582429.686666667,522,0,15142.86,0.0,7904572.92,7811100.0,6221251.25,3782646.674207958,7882849.31,7882849.0,292800.0,1714539.1835577015,28313722.48,32773564.544432327,5081195.57,9725352.41242829,33394918.05,42498916.95686062
322017,322-017,CRAWLER DUMPER PD-5000TA 322-017,294224583,KUMAI,Mar,3,AB,80.0,150.0,11874600,49050000.0,7518884.0,11582429.686666667,260,0,15142.86,0.0,3937143.6,7811100.0,39930041.84,2523159.1886666664,8172905.09,7882849.0,0.0,1945274.270371885,59558974.53,31744812.14570522,1830192.53,9725352.41242829,61389167.06,41470164.55813351
322018,322-018,CRAWLER DUMPET PD-5000 TA 322-018,294224583,KUMAI,Mar,3,AB,56.0,150.0,23002690,48900000.0,3214702.0,11582429.686666667,309,0,15142.86,0.0,4679143.74,7811100.0,40949129.73,2523159.1886666664,8172905.09,7882849.0,0.0,1945274.270371885,57015880.56,31744812.14570522,3545327.95,9725352.41242829,60561208.51,41470164.55813351
322019,322-019,CRAWLER DUMPER PD-5000 TA 322-019,294224583,KUMAI,Mar,3,AB,158.0,150.0,33160490,31830000.0,8915870.0,11582429.686666667,494,0,15142.86,0.0,7480572.84,7811100.0,7256156.03,2527814.7285416666,8172905.09,7882849.0,0.0,2431592.8379648565,31825503.96,32235786.253173187,5110915.82,9725352.41242829,36936419.78,41961138.66560148
322020,322-020,CRAWLER DUMPER PD-5000 TA 322-020,294224583,KUMAI,Mar,3,AB,141.0,150.0,37967440,57690000.0,10363264.0,11582429.686666667,866,0,15142.86,0.0,13113716.76,7811100.0,6648504.19,2527814.7285416666,8172905.09,7882849.0,0.0,2431592.8379648565,38298390.04,32235786.253173187,5851795.0,9725352.41242829,44150185.04,41961138.66560148
322021,322-021,CRAWLER DUMPER PD - 5000TA 322-021,294234673,KUMAI,Mar,3,AB,144.0,150.0,27180010,57690000.0,3928251.0,0.0,449,0,15142.86,0.0,6799144.14,7811100.0,3470295.02,0.0,8173185.35,7882849.0,195805.0,0.0,22566680.51,15693949.0,4189164.36,9725352.41242829,26755844.87,25419301.41242829
322022,322-022,CRAWLER DUMPER PD - 5000TA 322-022,294234673,KUMAI,Mar,3,AB,139.0,150.0,47518400,48900000.0,13623380.0,0.0,381,0,15142.86,0.0,5769429.66,7811100.0,185411.47,0.0,8173185.35,7882849.0,195805.0,0.0,27947211.48,15693949.0,7323852.64,0.0,35271064.12,15693949.0
322023,322-023,CRAWLER DUMPER PD - 5000TA 322-023,294234673,KUMAI,Mar,3,AB,207.0,150.0,39508450,49050000.0,8427669.0,0.0,522,0,15142.86,0.0,7904572.92,7811100.0,2504184.7,0.0,8173185.35,7882849.0,195805.0,0.0,27205416.97,15693949.0,6089305.74,0.0,33294722.71,15693949.0
322024,322-024,CRAWLER DUMPER PD - 5000TA 322-024,294234673,KUMAI,Mar,3,AB,173.0,150.0,43429830,46440000.0,8053207.0,0.0,455,0,15142.86,0.0,6890001.3,7811100.0,4004800.52,0.0,8173185.35,7882849.0,195805.0,0.0,27316999.17,15693949.0,6693694.97,0.0,34010694.14,15693949.0
322025,322-025,CRAWLER DUMPER PD-5000 322-025,293753617,KUMAI,Mar,3,AB,0.0,0.0,0,0.0,0.0,0.0,0,0,0.0,0.0,0.0,0.0,0.0,0.0,0.0,0.0,0.0,0.0,0.0,0.0,0.0,0.0,0.0,0.0
322026,322-026,CRAWLER DUMPER PD-5000 322-026,293753617,KUMAI,Mar,3,AB,0.0,0.0,0,0.0,0.0,0.0,0,0,0.0,0.0,0.0,0.0,0.0,0.0,0.0,0.0,0.0,0.0,0.0,0.0,0.0,0.0,0.0,0.0
322027,322-027,CRAWLER DUMPER PD-5000 322-027,293753617,KUMAI,Mar,3,AB,0.0,0.0,0,0.0,0.0,0.0,0,0,0.0,0.0,0.0,0.0,0.0,0.0,0.0,0.0,0.0,0.0,0.0,0.0,0.0,0.0,0.0,0.0
322028,322-028,CRAWLER DUMPER PD-5000 322-028,293753617,KUMAI,Mar,3,AB,0.0,0.0,0,0.0,0.0,0.0,0,0,0.0,0.0,0.0,0.0,0.0,0.0,0.0,0.0,0.0,0.0,0.0,0.0,0.0,0.0,0.0,0.0
322029,322-029,CRAWLER DUMPER PD-5000 322-029,293753617,KUMAI,Mar,3,AB,0.0,0.0,0,0.0,0.0,0.0,0,0,0.0,0.0,0.0,0.0,0.0,0.0,0.0,0.0,0.0,0.0,0.0,0.0,0.0,0.0,0.0,0.0
322030,322-030,CRAWLER DUMPER PD-5000 322-030,293753617,KUMAI,Mar,3,AB,0.0,0.0,0,0.0,0.0,0.0,0,0,0.0,0.0,0.0,0.0,0.0,0.0,0.0,0.0,0.0,0.0,0.0,0.0,0.0,0.0,0.0,0.0
332013,332-013,EXCAVATOR KOBELCO SK200-10 332-013,0,KUMAI,Mar,3,AB,0.0,0.0,0,0.0,0.0,0.0,0,0,0.0,0.0,0.0,0.0,0.0,0.0,0.0,0.0,0.0,0.0,0.0,0.0,0.0,0.0,0.0,0.0
332014,332-014,EXCAVATOR KOBELCO SK200-10 332-014,0,KUMAI,Mar,3,AB,0.0,0.0,0,0.0,0.0,0.0,0,0,0.0,0.0,0.0,0.0,0.0,5457643.728578475,0.0,0.0,0.0,4344919.173239393,0.0,9802562.90181787,0.0,9725352.41242829,0.0,19527915.31424616
332015,332-015,EXCAVATOR KOBELCO SK200-10 332-015,0,KUMAI,Mar,3,AB,0.0,0.0,0,0.0,0.0,0.0,0,0,0.0,0.0,0.0,0.0,0.0,0.0,0.0,0.0,0.0,0.0,0.0,0.0,0.0,0.0,0.0,0.0
332016,332-016,EXCAVATOR KOBELCO SK200-10 332-016,0,KUMAI,Mar,3,AB,0.0,150.0,0,126555000.0,0.0,21858884.373333335,0,0,0.0,0.0,0.0,32546250.0,0.0,5457643.728578475,0.0,0.0,0.0,3041443.421267575,0.0,62904221.52317939,0.0,9725352.41242829,0.0,72629573.93560767
332017,332-017,EXCAVATOR KOBELCO SK200-10 332-017,0,KUMAI,Mar,3,AB,0.0,0.0,0,0.0,0.0,0.0,0,0,0.0,0.0,0.0,0.0,0.0,0.0,0.0,0.0,0.0,0.0,0.0,0.0,0.0,0.0,0.0,0.0
332019,332-019,EXCAVATOR KOBELCO SK200-10 332-019,1228672727,KUMAI,Mar,3,AB,0.0,0.0,0,0.0,0.0,0.0,0,0,0.0,0.0,0.0,0.0,0.0,0.0,0.0,0.0,0.0,0.0,0.0,0.0,0.0,0.0,0.0,0.0
332020,332-020,EXCAVATOR KOBELCO SK200-10 332-020,1228672727,KUMAI,Mar,3,AB,186.0,0.0,146610000,0.0,12639725.0,0.0,1805,0,15142.86,0.0,27332862.3,0.0,11941278.51,0.0,0.0,0.0,0.0,0.0,51913865.81,0.0,22596510.72,9725352.41242829,74510376.53,9725352.41242829
332022,332-022,EXCAVATOR KOBELCO SK200-10 332-022,0,KUMAI,Mar,3,AB,0.0,0.0,0,0.0,0.0,0.0,0,0,0.0,0.0,0.0,0.0,0.0,0.0,0.0,0.0,0.0,0.0,0.0,0.0,0.0,0.0,0.0,0.0
332023,332-023,EXCAVATOR KOBELCO SK200-10 332-023,0,KUMAI,Mar,3,AB,0.0,0.0,0,0.0,0.0,0.0,0,0,0.0,0.0,0.0,0.0,0.0,0.0,0.0,0.0,0.0,0.0,0.0,0.0,0.0,0.0,0.0,0.0
332024,332-024,EXCAVATOR KOBELCO SK200-10 332-024,0,KUMAI,Mar,3,AB,0.0,150.0,0,126555000.0,0.0,21858884.373333335,0,0,0.0,0.0,1352000.0,32546250.0,0.0,5457643.728578475,14095878.91,14095878.91,0.0,3041443.421267575,15447878.91,77000100.43317938,0.0,9725352.41242829,15447878.91,86725452.84560767
332028,332-028,EXCAVATOR KOBELCO SK200-10 332-028,1256450000,KUMAI,Mar,3,AB,250.0,150.0,199260000,126555000.0,7933942.0,21858884.373333335,2695,0,15142.86,0.0,40810007.7,32546250.0,12336266.89,5457643.728578475,13088020.83,13088020.83,0.0,4241443.421267575,74168237.42,77192242.35317938,30711279.77,9725352.41242829,104879517.19,86917594.76560767
332030,332-030,EXCAVATOR HITACHI ZX210LC-5G LONGARM 332-030,1604432000,KUMAI,Mar,3,AB,203.0,150.0,204424000,158235000.0,15997859.0,21858884.373333335,2538,0,15675.56,0.0,39784578.68,28640700.0,2916507.55,5549324.544728476,16712833.33,16712833.33,0.0,3088477.9413099326,75411778.56,75850220.18937173,31507189.88,9725352.41242829,106918968.44,85575572.60180002
332031,332-031,EXCAVATOR HITACHI ZX130-5G 332-031,1028325125,KUMAI,Mar,3,AB,201.0,150.0,107707000,91050000.0,14151310.0,21858884.373333335,1614,0,15142.86,0.0,24440576.04,28640700.0,1003142.21,1894159.5497784747,10711720.05,10711720.05,0.0,951338.5117877101,50306748.3,64056802.48489952,16600520.98,9725352.41242829,66907269.28,73782154.89732781
332042,332-042,EXCAVATOR HITACHI ZX138 M-F 332-042,1312908200,KUMAI,Mar,3,AB,106.0,150.0,56473400,91050000.0,15115797.0,21858884.373333335,930,0,15142.86,0.0,14082859.8,28640700.0,2808158.63,7091699.3388213,13676127.08,13676127.08,0.0,4309599.0161419185,45682942.51,75577009.80829656,8704056.94,9725352.41242829,54386999.45,85302362.22072485
332043,332-043,EXCAVATOR HITACHI ZX138 M-F 332-043,1312908200,KUMAI,Mar,3,AB,220.0,150.0,124590800,91050000.0,13283903.0,21858884.373333335,1925,0,15845.2,0.0,30502005.5,28640700.0,7867920.13,6071059.963821299,13676127.08,13676127.08,0.0,4139210.02895606,65329955.71,74385981.4461107,19202764.81,9725352.41242829,84532720.52,84111333.85853899
332044,332-044,EXCAVATOR HITACHI ZX 210 LC-5G 332-044,1733840600,KUMAI,Mar,3,AB,140.0,150.0,127512000,158235000.0,15919573.0,21858884.373333335,1834,0,15142.86,0.0,27772005.24,28640700.0,31466728.29,8322788.484027937,18060839.58,18060839.58,1121563.89,2044667.8462303025,94340710.0,78927880.28359157,19652999.63,9725352.41242829,113993709.63,88653232.69601986
332046,332-046,EXCAVATOR HITACHI ZX 138 MF-5G 332-046,1330045972,KUMAI,Mar,3,AB,85.0,150.0,44829400,91050000.0,13020298.0,21858884.373333335,610,0,17359.25,0.0,10589144.6,28640700.0,61253509.0,7456555.3049463,13854645.54,13854645.54,856088.89,3912024.7127082483,99573686.03,75722809.93098788,6909406.03,9725352.41242829,106483092.06,85448162.34341617
332053,332-053,EXCAVATOR HITACHI ZX 210G-5G 332-053,1559218096,KUMAI,Mar,3,AB,225.0,150.0,205969520,126555000.0,16874156.0,0.0,3932,0,15142.86,0.0,59541725.52,28640700.0,7214065.52,3321874.7817212995,16241855.17,18060839.58,1000387.5,2484839.396460437,100872189.71,52508253.758181736,31745395.73,9725352.41242829,132617585.44,62233606.170610026
332054,332-054,EXCAVATOR HITACHI ZX 210 LC 332-054,800000000,KUMAI,Mar,3,AB,215.0,150.0,217580000,158235000.0,20890443.0,21858884.373333335,2573,0,15142.86,0.0,38962578.78,28640700.0,5451445.43,4133802.815603474,16666666.67,16666666.67,0.0,1419908.2265488212,81971133.88,72719962.08548562,33534880.32,9725352.41242829,115506014.2,82445314.49791391
332056,332-056,EXCAVATOR HITACHI ZX 210 5G 332-056,0,KUMAI,Mar,3,AB,0.0,0.0,181440000,0.0,0.0,0.0,2939,0,15142.86,0.0,44504865.54,0.0,0.0,0.0,0.0,0.0,67200000.0,0.0,111704865.54,0.0,27964742.55,0.0,139669608.09,0.0
341001,341-001,BULLDOZER KOMATSU D31P-20 341-001,698150000,KUMAI,Mar,3,AB,77.0,125.0,41902000,78012500.0,7850153.0,21858884.373333335,268,0,15142.86,0.0,4058286.48,7594125.0,1321836.78,7176151.422834243,7272395.83,7272395.83,0.0,2591332.5134515986,20502672.09,46492889.13961917,6458215.62,9725352.41242829,26960887.71,56218241.55204746
341002,341-002,BULLDOZER KOMATSU D31P 341-002,650000000,KUMAI,Mar,3,AB,0.0,0.0,0,0.0,0.0,0.0,0,0,0.0,0.0,0.0,0.0,0.0,0.0,6770833.33,0.0,0.0,0.0,6770833.33,0.0,0.0,0.0,6770833.33,0.0
342014,342-014,BULLDOZER WEA B 165 YS 342-014,1550000000,KUMAI,Mar,3,AB,0.0,0.0,0,0.0,0.0,0.0,0,0,0.0,0.0,0.0,0.0,0.0,0.0,0.0,0.0,0.0,0.0,0.0,0.0,0.0,0.0,0.0,0.0
342015,342-015,BULLDOZER WEA B 165 YS 342-015,1550000000,KUMAI,Mar,3,AB,108.0,100.0,40608600,99520000.0,8677221.0,21858884.373333335,1470,0,15142.86,0.0,22260004.2,24301200.0,155500743.85,8191493.702292599,16145833.33,16145833.33,0.0,2566484.119486994,202583802.38,73063895.52511293,6258868.19,9725352.41242829,208842670.57,82789247.93754122
351012,351-012,GRADER XCMG GR-100 351-012,871971000,KUMAI,Mar,3,AB,91.0,150.0,72881900,125220000.0,11952293.0,21858884.373333335,551,0,15142.86,0.0,8343715.86,16924050.0,20183946.08,3775825.4563504537,9083031.25,9083031.25,0.0,1295666.2567257993,49562986.19,52937457.33640958,11233044.37,9725352.41242829,60796030.56,62662809.74883787
361008,361-008,BACKHOE LOADER CAT 416 F2 361-008,1041000000,KUMAI,Mar,3,AB,225.0,200.0,137949000,136880000.0,12441808.0,21858884.373333335,1179,0,15142.86,0.0,17853431.94,14927879.999999998,2617042.97,9380630.52645075,10843750.0,10843750.0,0.0,865256.575553188,43756032.91,57876401.475337274,21261619.66,9725352.41242829,65017652.57,67601753.88776556
361011,361-011,BACKHOE LOADER CATTERPILLAR 426F2 361-011,994956000,KUMAI,Mar,3,AB,290.0,200.0,186559600,136880000.0,20279631.0,21858884.373333335,1089,0,15142.86,0.0,16490574.54,14927879.999999998,1135704.81,8731803.866523666,10364125.0,10364125.0,0.0,851944.9359292928,48270035.35,56734638.175786294,28753809.44,9725352.41242829,77023844.79,66459990.58821458
361012,361-012,BACKHOE LOADER CATERPILLAR 416 F 361-012,1258506250,KUMAI,Mar,3,AB,350.0,200.0,228601200,136880000.0,28574825.0,21858884.373333335,1253,0,15142.86,0.0,18974003.58,14927879.999999998,4482086.06,4183378.0619403333,34958506.94,34958506.94,271041.66,567963.2906195285,87260463.24,76496612.6658932,35233541.14,9725352.41242829,122494004.38,86221965.07832149
371012,371-012,COMPACTOR SAKAI SV 526-D 371-012,915000000,KUMAI,Mar,3,AB,131.0,150.0,88896600,106080000.0,8845030.0,12532429.686666667,789,0,16856.42,0.0,13299716.54,16924050.0,3552659.07,4256113.536225334,9531250.0,9531250.0,0.0,851944.9359292928,35228655.61,44095788.15882129,13701336.71,9725352.41242829,48929992.32,53821140.57124958
371013,371-013,COMPACTOR SAKAI SV 526-D 371-013,891958000,KUMAI,Mar,3,AB,152.0,150.0,103147200,106080000.0,8451175.0,12532429.686666667,676,0,15142.86,0.0,10236573.36,16924050.0,941338.38,2772780.2028920003,9291229.17,9291229.17,0.0,887442.6415930132,28920315.91,42407931.701151684,15897734.2,9725352.41242829,44818050.11,52133284.11357997
391001,391-001,CRANE KATO KR 25 HV 39-01 391-001,0,KUMAI,Mar,3,AB,0.0,0.0,0,0.0,0.0,0.0,0,0,0.0,0.0,0.0,0.0,0.0,0.0,0.0,0.0,0.0,0.0,0.0,0.0,0.0,0.0,0.0,0.0
4201,4201,Pompa Air,0,KUMAI,Mar,3,AB,0.0,30.0,0,5433180.0,0.0,0.0,0,0,0.0,0.0,0.0,0.0,0.0,2120633.9499999997,0.0,2716590.23,0.0,445693.41555560223,0.0,5282917.595555602,0.0,0.0,0.0,5282917.595555602
4202,4202,Pompa Air,0,KUMAI,Mar,3,AB,0.0,30.0,0,5625000.0,0.0,0.0,0,0,0.0,0.0,0.0,0.0,0.0,2578967.283333333,0.0,1727094.0107291667,0.0,516688.8268830433,0.0,4822750.120945543,0.0,0.0,0.0,4822750.120945543
4203,4203,Pompa Air,0,KUMAI,Mar,3,AB,0.0,30.0,0,5625000.0,0.0,0.0,0,0,0.0,0.0,0.0,0.0,0.0,2253967.283333333,0.0,2678838.21875,0.0,516688.8268830433,0.0,5449494.328966376,0.0,0.0,0.0,5449494.328966376
4204,4204,Pompa Air,0,KUMAI,Mar,3,AB,0.0,30.0,0,5208333.0,0.0,0.0,0,0,0.0,0.0,0.0,0.0,0.0,1628967.2833333332,0.0,2678838.21875,0.0,516688.8268830433,0.0,4824494.328966376,0.0,0.0,0.0,4824494.328966376
4206,4206,Pompa Air,0,KUMAI,Mar,3,AB,0.0,30.0,0,5625000.0,0.0,0.0,0,0,0.0,0.0,0.0,0.0,0.0,2578967.283333333,0.0,1463265.3125,0.0,516688.8268830433,0.0,4558921.422716376,0.0,0.0,0.0,4558921.422716376
4207,4207,Pompa Air,0,KUMAI,Mar,3,AB,0.0,30.0,0,5625000.0,0.0,0.0,0,0,0.0,0.0,0.0,0.0,0.0,1878967.2833333332,0.0,2906250.0,0.0,493023.68977389624,0.0,5278240.97310723,0.0,0.0,0.0,5278240.97310723
4208,4208,Pompa Air,0,KUMAI,Mar,3,AB,0.0,30.0,0,5625000.0,0.0,0.0,0,0,0.0,0.0,0.0,0.0,0.0,1941467.2833333332,0.0,2906250.0,0.0,516688.8268830433,0.0,5364406.110216376,0.0,0.0,0.0,5364406.110216376
4209,4209,Pompa Air,0,KUMAI,Mar,3,AB,0.0,30.0,0,5625000.0,0.0,0.0,0,0,0.0,0.0,0.0,0.0,0.0,2203967.283333333,0.0,2580705.7083333335,0.0,493023.68977389624,0.0,5277696.681440564,0.0,0.0,0.0,5277696.681440564
321003,321-003,FARM TRACTOR KUBOTA M9540 321-003,423213543,KUMAI,Apr,4,AB,186.0,150.0,108372600,59910000.0,7152690.0,8341129.6866666665,903,0,18223.08,0.0,16455441.24,8331840.000000001,7167244.0,7653006.370297459,4408474.41,4408474.41,315316.0,1377847.0958975405,35499165.65,30112297.562861666,11154679.87,10442916.027812904,46653845.52,40555213.59067457
321006,321-006,FARM TRACTOR KUBOTA M9540 321-006,560598958,KUMAI,Apr,4,AB,75.0,150.0,44415000,59910000.0,1748400.0,8341129.6866666665,90,0,18223.08,0.0,1640077.2,8331840.000000001,113727.72,7653006.370297459,5839572.48,5839572.48,315316.0,1401200.4365059736,9657093.4,31566748.9734701,4571590.11,10442916.027812904,14228683.51,42009665.001283005
321007,321-007,FARM TRACTOR KUBOTA M9540 321-007,560598958,KUMAI,Apr,4,AB,127.0,150.0,82231950,59910000.0,5903190.0,8341129.6866666665,326,0,18223.08,0.0,5940724.08,8331840.000000001,5503647.64,7653006.370297459,5839572.48,5839572.48,315316.0,1401200.4365059736,23502450.2,31566748.9734701,8464049.75,10442916.027812904,31966499.95,42009665.001283005
322001,322-001,CRAWLER CROWN KD 3000 HZL 322-001,173902964,KUMAI,Apr,4,AB,0.0,0.0,0,0.0,0.0,0.0,0,0,0.0,0.0,0.0,0.0,0.0,0.0,3622978.42,0.0,0.0,0.0,3622978.42,0.0,0.0,0.0,3622978.42,0.0
322002,322-002,CRAWLER CROWN KD 3000 HZL 322-002,181110172,KUMAI,Apr,4,AB,0.0,0.0,0,0.0,0.0,0.0,0,0,0.0,0.0,0.0,0.0,0.0,0.0,3773128.58,0.0,0.0,0.0,3773128.58,0.0,0.0,0.0,3773128.58,0.0
322003,322-003,CRAWLER CROWN KD 3000 HZL 322-003,171424505,KUMAI,Apr,4,AB,0.0,0.0,0,28680000.0,0.0,0.0,0,0,0.0,0.0,0.0,0.0,0.0,0.0,0.0,3571343.85,0.0,0.0,0.0,3571343.85,0.0,0.0,0.0,3571343.85
322004,322-004,CRAWLER CROWN KD 3000 HZL 322-004,171424505,KUMAI,Apr,4,AB,0.0,0.0,0,41730000.0,0.0,0.0,0,0,0.0,0.0,0.0,0.0,0.0,0.0,0.0,3571343.85,0.0,0.0,0.0,3571343.85,0.0,0.0,0.0,3571343.85
322005,322-005,CRAWLER CROWN KD 3000 HZL 322-005,171424505,KUMAI,Apr,4,AB,0.0,0.0,0,0.0,0.0,0.0,0,0,0.0,0.0,0.0,0.0,0.0,0.0,3571343.85,0.0,0.0,0.0,3571343.85,0.0,0.0,0.0,3571343.85,0.0
322006,322-006,CRAWLER CROWN KD 3000 HZL 322-006,171424505,KUMAI,Apr,4,AB,0.0,0.0,0,0.0,0.0,0.0,0,0,0.0,0.0,0.0,0.0,32493.63,0.0,3571343.85,0.0,0.0,0.0,3603837.48,0.0,0.0,0.0,3603837.48,0.0
322007,322-007,CRAWLER DUMPER PD5000TA 322-007,275000000,KUMAI,Apr,4,AB,0.0,150.0,0,44025000.0,0.0,8341129.6866666665,10,0,18223.08,0.0,182230.8,7811100.0,32326295.67,8516275.877404334,5729166.67,5729166.67,0.0,1262341.4732482315,38237693.14,31660013.707319234,0.0,10442916.027812904,38237693.14,42102929.735132135
322008,322-008,CRAWLER DUMPER PD5000TA 322-008,275000000,KUMAI,Apr,4,AB,0.0,150.0,0,44070000.0,0.0,8341129.6866666665,0,0,0.0,0.0,0.0,7811100.0,0.0,4423832.044071001,5729166.67,5729166.67,0.0,1478266.460513802,5729166.67,27783494.861251466,0.0,10442916.027812904,5729166.67,38226410.88906437
322009,322-009,CROWN KD 5000 HZL 322-009,238738739,KUMAI,Apr,4,AB,23.0,150.0,2485000,41730000.0,2370647.0,8341129.6866666665,177,0,18223.08,0.0,3225485.16,7811100.0,3396912.16,4745703.054487667,4973723.73,4973723.73,0.0,1281164.2657786284,13966768.05,27152820.736932963,255778.49,10442916.027812904,14222546.54,37595736.76474587
322010,322-010,CROWN KD 5000 HZL 322-010,238738739,KUMAI,Apr,4,AB,0.0,150.0,0,28680000.0,0.0,7641129.6866666665,0,0,0.0,0.0,0.0,7811100.0,4363156.16,4846983.152773167,4973723.73,4973723.73,0.0,1046229.6592577937,9336879.89,26319166.228697628,0.0,10442916.027812904,9336879.89,36762082.25651053
322011,322-011,CRAWLER DUMPER PD5000TA 322-011,280000000,KUMAI,Apr,4,AB,32.0,150.0,8132340,44025000.0,4492315.0,7641129.6866666665,71,0,18223.08,0.0,1293838.68,7811100.0,10292235.16,8516275.877404334,5833333.33,5833333.0,0.0,1262341.4732482315,21911722.17,31064180.03731923,837053.36,10442916.027812904,22748775.53,41507096.06513213
322012,322-012,CRAWLER DUMPER PD5000TA 322-012,280000000,KUMAI,Apr,4,AB,107.0,150.0,38597730,51900000.0,6109624.0,7641129.6866666665,321,0,18223.08,0.0,5849608.68,7811100.0,9635867.09,4024764.877404334,5833333.33,5833333.0,0.0,1478266.460513802,27428433.1,26788594.0245848,3972824.51,10442916.027812904,31401257.61,37231510.052397706
322013,322-013,CARWLER DUMPER PD5000TA 322-013,280000000,KUMAI,Apr,4,AB,189.0,150.0,39666280,41730000.0,5452612.0,7641129.6866666665,696,0,18223.08,0.0,12683263.68,7811100.0,5084711.58,5472942.544071001,5833333.33,5833333.0,0.0,1534314.4779740411,29053920.59,28292819.70871171,4082809.26,10442916.027812904,33136729.85,38735735.73652461
322014,322-014,CRAWLER DUMPER PD5000TA 322-014,283782575,KUMAI,Apr,4,AB,68.0,150.0,21284380,51900000.0,5567285.0,7641129.6866666665,195,0,18223.08,0.0,3553500.6,7811100.0,3638330.1,2102079.1758329584,7882849.31,7882849.0,292800.0,1119792.6821743574,20934765.01,26556950.544673983,2190779.27,10442916.027812904,23125544.28,36999866.572486885
322015,322-015,CRAWLER DUMPER PD5000TA 322-015,283782575,KUMAI,Apr,4,AB,150.0,150.0,56065930,44070000.0,6043283.0,7641129.6866666665,436,0,18223.08,0.0,7945262.88,7811100.0,6124999.31,5472942.544071001,7882849.31,7882849.0,292800.0,0.0,28289194.5,28808021.230737668,5770808.31,10442916.027812904,34060002.81,39250937.25855057
322016,322-016,CRAWLER DUMPER PD5000TA 322-016,283782575,KUMAI,Apr,4,AB,160.0,150.0,44828690,28680000.0,4848248.0,7641129.6866666665,547,0,18223.08,0.0,9968024.76,7811100.0,12191460.44,3782646.674207958,7882849.31,7882849.0,292800.0,1127966.3513873087,35183382.51,28245691.712261934,4614170.8,10442916.027812904,39797553.31,38688607.740074836
322017,322-017,CRAWLER DUMPER PD-5000TA 322-017,294224583,KUMAI,Apr,4,AB,149.0,150.0,38309436,44025000.0,5129914.0,7641129.6866666665,410,0,18223.08,0.0,7471462.8,7811100.0,14511418.32,2523159.1886666664,8172905.09,7882849.0,0.0,1279763.0653421225,35285700.21,27138000.940675456,3943150.71,10442916.027812904,39228850.92,37580916.96848836
322018,322-018,CRAWLER DUMPET PD-5000 TA 322-018,294224583,KUMAI,Apr,4,AB,135.0,150.0,43354512,44070000.0,4009056.0,7641129.6866666665,405,0,18223.08,0.0,7380347.4,7811100.0,16413577.99,2523159.1886666664,8172905.09,7882849.0,0.0,1279763.0653421225,35975886.48,27138000.940675456,4462435.18,10442916.027812904,40438321.66,37580916.96848836
322019,322-019,CRAWLER DUMPER PD-5000 TA 322-019,294224583,KUMAI,Apr,4,AB,199.0,150.0,59752890,28680000.0,5203138.0,7641129.6866666665,787,0,18223.08,0.0,14341563.96,7811100.0,6954057.21,2527814.7285416666,8172905.09,7882849.0,0.0,1599703.8316776531,34671664.26,27462597.246885985,6150303.3,10442916.027812904,40821967.56,37905513.27469889
322020,322-020,CRAWLER DUMPER PD-5000 TA 322-020,294224583,KUMAI,Apr,4,AB,173.0,150.0,69204274,51900000.0,7104327.0,7641129.6866666665,576,0,18223.08,0.0,10496494.08,7811100.0,22229272.81,2527814.7285416666,8172905.09,7882849.0,0.0,1599703.8316776531,48002998.98,27462597.246885985,7123124.5,10442916.027812904,55126123.48,37905513.27469889
322021,322-021,CRAWLER DUMPER PD - 5000TA 322-021,294234673,KUMAI,Apr,4,AB,204.0,150.0,53428260,51900000.0,7752344.0,7641129.6866666665,816,0,18223.08,0.0,14870033.28,7811100.0,11419991.77,0.0,8173185.35,7882849.0,195805.0,0.0,42411359.4,23335078.686666667,5499315.66,10442916.027812904,47910675.06,33777994.71447957
322022,322-022,CRAWLER DUMPER PD - 5000TA 322-022,294234673,KUMAI,Apr,4,AB,164.0,150.0,64016100,44070000.0,6431897.0,7641129.6866666665,501,0,18223.08,0.0,9129763.08,7811100.0,6470756.67,0.0,8173185.35,7882849.0,195805.0,0.0,30401407.1,23335078.686666667,6589111.1,0.0,36990518.2,23335078.686666667
322023,322-023,CRAWLER DUMPER PD - 5000TA 322-023,294234673,KUMAI,Apr,4,AB,191.0,150.0,53956270,44025000.0,6149360.0,7641129.6866666665,587,0,18223.08,0.0,10696947.96,7811100.0,5077757.18,0.0,8173185.35,7882849.0,195805.0,0.0,30293055.49,23335078.686666667,5553663.19,0.0,35846718.68,23335078.686666667
322024,322-024,CRAWLER DUMPER PD - 5000TA 322-024,294234673,KUMAI,Apr,4,AB,209.0,150.0,69799510,41730000.0,7501654.0,7641129.6866666665,594,0,18223.08,0.0,10824509.52,7811100.0,3988600.54,0.0,8173185.35,7882849.0,195805.0,0.0,30683754.41,23335078.686666667,7184391.53,0.0,37868145.94,23335078.686666667
322025,322-025,CRAWLER DUMPER PD-5000 322-025,293753617,KUMAI,Apr,4,AB,27.0,0.0,13649098,0.0,2481678.0,0.0,90,0,18223.08,0.0,1640077.2,0.0,59907.25,0.0,8159822.69,0.0,0.0,0.0,12341485.14,0.0,1404887.57,0.0,13746372.71,0.0
322026,322-026,CRAWLER DUMPER PD-5000 322-026,293753617,KUMAI,Apr,4,AB,0.0,0.0,0,0.0,0.0,0.0,0,0,0.0,0.0,0.0,0.0,0.0,0.0,8159822.69,0.0,0.0,0.0,8159822.69,0.0,0.0,0.0,8159822.69,0.0
322027,322-027,CRAWLER DUMPER PD-5000 322-027,293753617,KUMAI,Apr,4,AB,0.0,0.0,0,0.0,0.0,0.0,20,0,18223.08,0.0,364461.6,0.0,0.0,0.0,8159822.69,0.0,0.0,0.0,8524284.29,0.0,0.0,0.0,8524284.29,0.0
322028,322-028,CRAWLER DUMPER PD-5000 322-028,293753617,KUMAI,Apr,4,AB,161.0,0.0,31442730,0.0,3015423.0,0.0,387,0,18223.08,0.0,7052331.96,0.0,0.0,0.0,8159822.69,0.0,0.0,0.0,18227577.65,0.0,3236367.75,0.0,21463945.4,0.0
322029,322-029,CRAWLER DUMPER PD-5000 322-029,293753617,KUMAI,Apr,4,AB,5.0,0.0,532500,0.0,3877960.0,0.0,20,0,18223.08,0.0,364461.6,0.0,0.0,0.0,8159822.69,0.0,0.0,0.0,12402244.29,0.0,54809.68,0.0,12457053.97,0.0
322030,322-030,CRAWLER DUMPER PD-5000 322-030,293753617,KUMAI,Apr,4,AB,123.0,0.0,24340930,0.0,3023805.0,0.0,370,0,18223.08,0.0,6742539.6,0.0,0.0,0.0,8159822.69,0.0,0.0,0.0,17926167.29,0.0,2505386.8,0.0,20431554.09,0.0
332013,332-013,EXCAVATOR KOBELCO SK200-10 332-013,0,KUMAI,Apr,4,AB,0.0,0.0,0,0.0,0.0,0.0,0,0,0.0,0.0,0.0,0.0,0.0,0.0,0.0,0.0,0.0,0.0,0.0,0.0,0.0,0.0,0.0,0.0
332014,332-014,EXCAVATOR KOBELCO SK200-10 332-014,0,KUMAI,Apr,4,AB,0.0,0.0,0,0.0,0.0,0.0,0,0,0.0,0.0,0.0,0.0,0.0,0.0,0.0,0.0,0.0,0.0,0.0,0.0,0.0,10442916.027812904,0.0,10442916.027812904
332015,332-015,EXCAVATOR KOBELCO SK200-10 332-015,0,KUMAI,Apr,4,AB,0.0,0.0,0,0.0,0.0,0.0,0,0,0.0,0.0,0.0,0.0,0.0,0.0,0.0,0.0,0.0,0.0,0.0,0.0,0.0,0.0,0.0,0.0
332016,332-016,EXCAVATOR KOBELCO SK200-10 332-016,0,KUMAI,Apr,4,AB,0.0,150.0,0,126555000.0,0.0,13976284.373333333,0,0,0.0,0.0,0.0,32546250.0,15426765.37,5457643.728578475,0.0,0.0,0.0,2000914.2233305299,15426765.37,53981092.32524234,0.0,10442916.027812904,15426765.37,64424008.353055246
332017,332-017,EXCAVATOR KOBELCO SK200-10 332-017,0,KUMAI,Apr,4,AB,0.0,0.0,0,0.0,0.0,0.0,0,0,0.0,0.0,0.0,0.0,0.0,0.0,0.0,0.0,0.0,0.0,0.0,0.0,0.0,0.0,0.0,0.0
332019,332-019,EXCAVATOR KOBELCO SK200-10 332-019,1228672727,KUMAI,Apr,4,AB,0.0,0.0,0,0.0,0.0,0.0,0,0,0.0,0.0,0.0,0.0,0.0,0.0,0.0,0.0,0.0,0.0,0.0,0.0,0.0,0.0,0.0,0.0
332020,332-020,EXCAVATOR KOBELCO SK200-10 332-020,1228672727,KUMAI,Apr,4,AB,146.0,0.0,192159800,0.0,7971350.0,0.0,1469,0,18223.08,0.0,26769704.52,0.0,22446262.29,0.0,0.0,0.0,315316.0,0.0,57502632.81,0.0,19778809.89,10442916.027812904,77281442.7,10442916.027812904
332022,332-022,EXCAVATOR KOBELCO SK200-10 332-022,0,KUMAI,Apr,4,AB,0.0,0.0,0,0.0,0.0,0.0,0,0,0.0,0.0,0.0,0.0,0.0,0.0,0.0,0.0,0.0,0.0,0.0,0.0,0.0,0.0,0.0,0.0
332023,332-023,EXCAVATOR KOBELCO SK200-10 332-023,0,KUMAI,Apr,4,AB,0.0,0.0,0,0.0,0.0,0.0,0,0,0.0,0.0,0.0,0.0,0.0,0.0,0.0,0.0,0.0,0.0,0.0,0.0,0.0,0.0,0.0,0.0
332024,332-024,EXCAVATOR KOBELCO SK200-10 332-024,0,KUMAI,Apr,4,AB,0.0,150.0,0,126555000.0,0.0,13976284.373333333,30,0,51156.41,0.0,1534692.4,32546250.0,1819374.83,5457643.728578475,14095878.91,14095878.91,0.0,2000914.2233305299,17449946.14,68076971.23524234,0.0,10442916.027812904,17449946.14,78519887.26305524
332028,332-028,EXCAVATOR KOBELCO SK200-10 332-028,1256450000,KUMAI,Apr,4,AB,172.0,150.0,215378400,126555000.0,12949688.0,13976284.373333333,1723,0,18223.08,0.0,31398366.84,32546250.0,3114985.15,5457643.728578475,13088020.83,13088020.83,0.0,3200914.22333053,60551060.82,68269113.15524234,22168676.43,10442916.027812904,82719737.25,78712029.18305524
332030,332-030,EXCAVATOR HITACHI ZX210LC-5G LONGARM 332-030,1604432000,KUMAI,Apr,4,AB,128.0,150.0,198691500,158235000.0,11393448.0,13976284.373333333,1725,0,18795.83,0.0,32422813.0,28640700.0,13157647.56,5549324.544728476,16712833.33,16712833.33,0.0,2442397.7203686303,73686741.89,67321539.96843043,20451111.03,10442916.027812904,94137852.92,77764455.99624333
332031,332-031,EXCAVATOR HITACHI ZX130-5G 332-031,1028325125,KUMAI,Apr,4,AB,97.0,150.0,85528500,91050000.0,8884910.0,13976284.373333333,990,0,18223.08,0.0,18040849.2,28640700.0,6995471.13,1894159.5497784747,10711720.05,10711720.05,315316.0,625869.5283060014,44948266.38,55848733.50141781,8803360.23,10442916.027812904,53751626.61,66291649.529230714
332042,332-042,EXCAVATOR HITACHI ZX138 M-F 332-042,1312908200,KUMAI,Apr,4,AB,57.0,150.0,50416800,91050000.0,10873434.0,13976284.373333333,820,0,18223.08,0.0,14942925.6,28640700.0,19293463.08,7091699.3388213,13676127.08,13676127.08,0.0,3245752.6372987214,58785949.76,66630563.42945335,5189349.19,10442916.027812904,63975298.95,77073479.45726626
332043,332-043,EXCAVATOR HITACHI ZX138 M-F 332-043,1312908200,KUMAI,Apr,4,AB,141.0,150.0,123341100,91050000.0,11930062.0,13976284.373333333,1290,0,18988.97,0.0,24495773.2,28640700.0,131660913.94,6071059.963821299,13676127.08,13676127.08,0.0,3133656.6023782436,181762876.22,65497828.019532874,12695372.13,10442916.027812904,194458248.35,75940744.04734577
332044,332-044,EXCAVATOR HITACHI ZX 210 LC-5G 332-044,1733840600,KUMAI,Apr,4,AB,152.0,150.0,233110500,158235000.0,12329059.0,13976284.373333333,1762,0,18223.08,0.0,32109066.96,28640700.0,5980783.87,8322788.484027937,18060839.58,18060839.58,1121563.89,1345152.4190457345,69601313.3,70345764.856407,23993823.18,10442916.027812904,93595136.48,80788680.8842199
332046,332-046,EXCAVATOR HITACHI ZX 138 MF-5G 332-046,1330045972,KUMAI,Apr,4,AB,310.0,150.0,279093000,91050000.0,12351622.0,13976284.373333333,2610,0,18601.62,0.0,48550238.8,28640700.0,4654698.63,7456555.3049463,13854645.54,13854645.54,856088.89,2984195.222484273,80267293.86,66912380.44076391,28726754.45,10442916.027812904,108994048.31,77355296.46857682
332053,332-053,EXCAVATOR HITACHI ZX 210G-5G 332-053,1559218096,KUMAI,Apr,4,AB,153.0,150.0,253956360,126555000.0,9961080.0,0.0,2550,0,18223.08,0.0,46468854.0,28640700.0,3582631.65,3321874.7817212995,16241855.17,18060839.58,1315703.5,1634733.8425903025,77570124.32,51658148.2043116,26139466.04,10442916.027812904,103709590.36,62101064.23212451
332054,332-054,EXCAVATOR HITACHI ZX 210 LC 332-054,800000000,KUMAI,Apr,4,AB,21.0,150.0,32854500,158235000.0,10352570.0,13976284.373333333,400,0,18223.08,0.0,7289232.0,28640700.0,8641315.51,4133802.815603474,16666666.67,16666666.67,315316.0,934133.6243373157,43265100.18,64351587.483274125,3381679.78,10442916.027812904,46646779.96,74794503.51108703
332056,332-056,EXCAVATOR HITACHI ZX 210 5G 332-056,0,KUMAI,Apr,4,AB,0.0,0.0,26296200,0.0,0.0,0.0,200,0,18223.08,0.0,3644616.0,0.0,0.0,0.0,0.0,0.0,6300000.0,0.0,9944616.0,0.0,2706640.73,0.0,12651256.73,0.0
341001,341-001,BULLDOZER KOMATSU D31P-20 341-001,698150000,KUMAI,Apr,4,AB,22.0,125.0,34506000,78012500.0,6481656.0,13976284.373333333,112,0,18223.08,0.0,2040984.96,7594125.0,12934368.96,7176151.422834243,7272395.83,7272395.83,0.0,1704793.8644156011,28729405.75,37723750.49058318,3551666.97,10442916.027812904,32281072.72,48166666.51839609
341002,341-002,BULLDOZER KOMATSU D31P 341-002,650000000,KUMAI,Apr,4,AB,0.0,0.0,0,0.0,0.0,0.0,0,0,0.0,0.0,0.0,0.0,0.0,0.0,6770833.33,0.0,0.0,0.0,6770833.33,0.0,0.0,0.0,6770833.33,0.0
342014,342-014,BULLDOZER WEA B 165 YS 342-014,1550000000,KUMAI,Apr,4,AB,54.0,0.0,0,0.0,0.0,0.0,1327,0,0.0,0.0,0.0,0.0,0.0,0.0,0.0,0.0,0.0,0.0,0.0,0.0,0.0,0.0,0.0,0.0
342015,342-015,BULLDOZER WEA B 165 YS 342-015,1550000000,KUMAI,Apr,4,AB,0.0,100.0,0,99520000.0,-34340.0,13976284.373333333,0,0,0.0,0.0,0.0,24301200.0,1361662.42,8191493.702292599,16145833.33,16145833.33,315316.0,1688446.525989698,17788471.75,64303257.93161563,0.0,10442916.027812904,17788471.75,74746173.95942853
351012,351-012,GRADER XCMG GR-100 351-012,871971000,KUMAI,Apr,4,AB,84.0,150.0,111193600,125220000.0,9049775.0,13976284.373333333,473,0,18223.08,0.0,8619516.84,16924050.0,6772974.92,3775825.4563504537,9083031.25,9083031.25,315316.0,852396.9322078006,33840614.01,44611588.01189159,11445042.49,10442916.027812904,45285656.5,55054504.039704494
361008,361-008,BACKHOE LOADER CAT 416 F2 361-008,1041000000,KUMAI,Apr,4,AB,1.0,200.0,0,136880000.0,7477362.0,13976284.373333333,0,0,0.0,0.0,0.0,14927879.999999998,40187777.72,9380630.52645075,0.0,0.0,0.0,569237.6773305518,47665139.72,38854032.577114634,0.0,10442916.027812904,47665139.72,49296948.60492754
361011,361-011,BACKHOE LOADER CATTERPILLAR 426F2 361-011,994956000,KUMAI,Apr,4,AB,287.0,200.0,264004000,136880000.0,15963293.0,13976284.373333333,1078,0,18223.08,0.0,19644480.24,14927879.999999998,6847517.0,8731803.866523666,10364125.0,10364125.0,315316.0,560480.1746023895,53134731.24,48560573.414459385,27173659.25,10442916.027812904,80308390.49,59003489.44227229
361012,361-012,BACKHOE LOADER CATERPILLAR 416 F 361-012,1258506250,KUMAI,Apr,4,AB,299.0,200.0,293450600,136880000.0,14763967.0,13976284.373333333,1031,0,18223.08,0.0,18787995.48,14927879.999999998,2017070.06,4183378.0619403333,34958506.94,34958506.94,586357.66,373653.4497349263,71113897.14,68419702.82500859,30204567.4,10442916.027812904,101318464.54,78862618.85282148
371012,371-012,COMPACTOR SAKAI SV 526-D 371-012,915000000,KUMAI,Apr,4,AB,94.0,150.0,100099200,106080000.0,6177523.0,8591129.686666667,589,0,19900.5,0.0,11721394.12,16924050.0,59907.25,4256113.536225334,9531250.0,9531250.0,315316.0,560480.1746023895,27805390.37,39863023.39749439,10303107.35,10442916.027812904,38108497.72,50305939.425307296
371013,371-013,COMPACTOR SAKAI SV 526-D 371-013,891958000,KUMAI,Apr,4,AB,5.0,150.0,45203000,106080000.0,1267502.0,8591129.686666667,58,0,18223.08,0.0,1056938.64,16924050.0,0.0,2772780.2028920003,9291229.17,9291229.17,0.0,583833.5152108222,11615669.81,38163022.57476949,4652698.14,10442916.027812904,16268367.95,48605938.602582395
391001,391-001,CRANE KATO KR 25 HV 39-01 391-001,0,KUMAI,Apr,4,AB,0.0,0.0,0,0.0,0.0,0.0,0,0,0.0,0.0,0.0,0.0,0.0,0.0,0.0,0.0,0.0,0.0,0.0,0.0,0.0,0.0,0.0,0.0
4201,4201,Pompa Air,0,KUMAI,Apr,4,AB,0.0,30.0,0,5433180.0,0.0,0.0,0,0,0.0,0.0,0.0,0.0,0.0,2120633.9499999997,0.0,2716590.23,0.0,293214.16541699076,0.0,5130438.34541699,0.0,0.0,0.0,5130438.34541699
4202,4202,Pompa Air,0,KUMAI,Apr,4,AB,0.0,30.0,0,5625000.0,0.0,0.0,0,0,0.0,0.0,0.0,0.0,0.0,2578967.283333333,0.0,1727094.0107291667,0.0,339920.84663385653,0.0,4645982.140696356,0.0,0.0,0.0,4645982.140696356
4203,4203,Pompa Air,0,KUMAI,Apr,4,AB,0.0,30.0,0,5625000.0,0.0,0.0,0,0,0.0,0.0,0.0,0.0,0.0,2253967.283333333,0.0,2678838.21875,0.0,339920.84663385653,0.0,5272726.348717189,0.0,0.0,0.0,5272726.348717189
4204,4204,Pompa Air,0,KUMAI,Apr,4,AB,0.0,30.0,0,5208333.0,0.0,0.0,0,0,0.0,0.0,0.0,0.0,0.0,1628967.2833333332,0.0,2678838.21875,0.0,339920.84663385653,0.0,4647726.348717189,0.0,0.0,0.0,4647726.348717189
4206,4206,Pompa Air,0,KUMAI,Apr,4,AB,0.0,30.0,0,5625000.0,0.0,0.0,0,0,0.0,0.0,0.0,0.0,0.0,2578967.283333333,0.0,1463265.3125,0.0,339920.84663385653,0.0,4382153.442467189,0.0,0.0,0.0,4382153.442467189
4207,4207,Pompa Air,0,KUMAI,Apr,4,AB,0.0,30.0,0,5625000.0,0.0,0.0,0,0,0.0,0.0,0.0,0.0,0.0,1878967.2833333332,0.0,2906250.0,0.0,324351.9528949013,0.0,5109569.236228234,0.0,0.0,0.0,5109569.236228234
4208,4208,Pompa Air,0,KUMAI,Apr,4,AB,0.0,30.0,0,5625000.0,0.0,0.0,0,0,0.0,0.0,0.0,0.0,0.0,1941467.2833333332,0.0,2906250.0,0.0,339920.84663385653,0.0,5187638.129967189,0.0,0.0,0.0,5187638.129967189
4209,4209,Pompa Air,0,KUMAI,Apr,4,AB,0.0,30.0,0,5625000.0,0.0,0.0,0,0,0.0,0.0,0.0,0.0,0.0,2203967.283333333,0.0,2580705.7083333335,0.0,324351.9528949013,0.0,5109024.944561568,0.0,0.0,0.0,5109024.944561568
321003,321-003,FARM TRACTOR KUBOTA M9540 321-003,423213543,KUMAI,May,5,AB,168.0,150.0,81891000,59910000.0,6060602.0,8341129.6866666665,875,0,20759.48,0.0,18164545.0,8331840.000000001,4122049.98,7653006.370297459,4408474.41,4408474.41,0.0,1377847.0958975405,32755671.39,30112297.562861666,11578475.69,7380483.181659057,44334147.08,37492780.744520724
321006,321-006,FARM TRACTOR KUBOTA M9540 321-006,560598958,KUMAI,May,5,AB,80.0,150.0,45598440,59910000.0,5067700.0,8341129.6866666665,337,0,20759.48,0.0,6995944.76,8331840.000000001,3119274.55,7653006.370297459,5839572.48,5839572.48,0.0,1401200.4365059736,21022491.79,31566748.9734701,6447111.76,7380483.181659057,27469603.55,38947232.15512916
321007,321-007,FARM TRACTOR KUBOTA M9540 321-007,560598958,KUMAI,May,5,AB,93.0,150.0,45480654,59910000.0,4364652.0,8341129.6866666665,140,0,20759.48,0.0,2906327.2,8331840.000000001,486528.42,7653006.370297459,5839572.48,5839572.48,0.0,1401200.4365059736,13597080.1,31566748.9734701,6430458.13,7380483.181659057,20027538.23,38947232.15512916
322001,322-001,CRAWLER CROWN KD 3000 HZL 322-001,173902964,KUMAI,May,5,AB,0.0,0.0,0,0.0,0.0,0.0,0,0,0.0,0.0,0.0,0.0,0.0,0.0,3622978.42,0.0,0.0,0.0,3622978.42,0.0,0.0,0.0,3622978.42,0.0
322002,322-002,CRAWLER CROWN KD 3000 HZL 322-002,181110172,KUMAI,May,5,AB,0.0,0.0,0,0.0,0.0,0.0,0,0,0.0,0.0,0.0,0.0,0.0,0.0,3773128.58,0.0,0.0,0.0,3773128.58,0.0,0.0,0.0,3773128.58,0.0
322003,322-003,CRAWLER CROWN KD 3000 HZL 322-003,171424505,KUMAI,May,5,AB,0.0,0.0,0,25464000.0,0.0,0.0,0,0,0.0,0.0,0.0,0.0,0.0,0.0,0.0,3571343.85,0.0,0.0,0.0,3571343.85,0.0,0.0,0.0,3571343.85
322004,322-004,CRAWLER CROWN KD 3000 HZL 322-004,171424505,KUMAI,May,5,AB,0.0,0.0,0,46440000.0,0.0,0.0,0,0,0.0,0.0,0.0,0.0,0.0,0.0,0.0,3571343.85,0.0,0.0,0.0,3571343.85,0.0,0.0,0.0,3571343.85
322005,322-005,CRAWLER CROWN KD 3000 HZL 322-005,171424505,KUMAI,May,5,AB,0.0,0.0,0,0.0,0.0,0.0,0,0,0.0,0.0,0.0,0.0,0.0,0.0,3571343.85,0.0,0.0,0.0,3571343.85,0.0,0.0,0.0,3571343.85,0.0
322006,322-006,CRAWLER CROWN KD 3000 HZL 322-006,171424505,KUMAI,May,5,AB,0.0,0.0,0,0.0,0.0,0.0,0,0,0.0,0.0,0.0,0.0,0.0,0.0,3571343.85,0.0,0.0,0.0,3571343.85,0.0,0.0,0.0,3571343.85,0.0
322007,322-007,CRAWLER DUMPER PD5000TA 322-007,275000000,KUMAI,May,5,AB,0.0,150.0,0,40020000.0,0.0,8341129.6866666665,15,0,20759.48,0.0,311392.2,7811100.0,2301903.28,8516275.877404334,5729166.67,5729166.67,0.0,1262341.4732482315,8342462.15,31660013.707319234,0.0,7380483.181659057,8342462.15,39040496.88897829
322008,322-008,CRAWLER DUMPER PD5000TA 322-008,275000000,KUMAI,May,5,AB,0.0,150.0,0,39120000.0,0.0,8341129.6866666665,0,0,0.0,0.0,0.0,7811100.0,0.0,4423832.044071001,5729166.67,5729166.67,0.0,1478266.460513802,5729166.67,27783494.861251466,0.0,7380483.181659057,5729166.67,35163978.04291052
322009,322-009,CROWN KD 5000 HZL 322-009,238738739,KUMAI,May,5,AB,5.0,150.0,604500,46440000.0,4165200.0,8341129.6866666665,80,0,20759.48,0.0,1660758.4,7811100.0,442045.8,4745703.054487667,4973723.73,4973723.73,0.0,1281164.2657786284,11241727.93,27152820.736932963,85469.57,7380483.181659057,11327197.5,34533303.91859202
322010,322-010,CROWN KD 5000 HZL 322-010,238738739,KUMAI,May,5,AB,0.0,150.0,0,25464000.0,0.0,8341129.6866666665,0,0,0.0,0.0,0.0,7811100.0,85409.16,4846983.152773167,4973723.73,4973723.73,0.0,1046229.6592577937,5059132.89,27019166.228697628,0.0,7380483.181659057,5059132.89,34399649.410356686
322011,322-011,CRAWLER DUMPER PD5000TA 322-011,280000000,KUMAI,May,5,AB,4.0,150.0,1957410,40020000.0,4353042.0,8341129.6866666665,27,0,20759.48,0.0,560505.96,7811100.0,1516062.8,8516275.877404334,5833333.33,5833333.0,0.0,1262341.4732482315,12262944.09,31764180.03731923,276755.98,7380483.181659057,12539700.07,39144663.218978286
322012,322-012,CRAWLER DUMPER PD5000TA 322-012,280000000,KUMAI,May,5,AB,160.0,150.0,50427740,46152000.0,5927923.0,8341129.6866666665,415,0,20759.48,0.0,8615184.2,7811100.0,3191815.78,4024764.877404334,5833333.33,5833333.0,0.0,1478266.460513802,23568256.31,27488594.0245848,7129921.01,7380483.181659057,30698177.32,34869077.20624386
322013,322-013,CARWLER DUMPER PD5000TA 322-013,280000000,KUMAI,May,5,AB,206.0,150.0,45493500,46440000.0,3390221.0,8341129.6866666665,713,0,20759.48,0.0,14801509.24,7811100.0,3366666.46,5472942.544071001,5833333.33,5833333.0,0.0,1534314.4779740411,27391730.03,28992819.70871171,6432274.41,7380483.181659057,33824004.44,36373302.890370764
322014,322-014,CRAWLER DUMPER PD5000TA 322-014,283782575,KUMAI,May,5,AB,0.0,150.0,0,46152000.0,0.0,8341129.6866666665,0,0,0.0,0.0,0.0,7811100.0,9489.91,2102079.1758329584,7882849.31,7882849.0,292800.0,1119792.6821743574,8185139.22,27256950.544673983,0.0,7380483.181659057,8185139.22,34637433.72633304
322015,322-015,CRAWLER DUMPER PD5000TA 322-015,283782575,KUMAI,May,5,AB,234.0,150.0,69794850,39120000.0,7084904.0,8341129.6866666665,662,0,20759.48,0.0,13742775.76,7811100.0,829372.48,5472942.544071001,7882849.31,7882849.0,292800.0,1534314.4779740411,29832701.55,31042335.70871171,9868214.75,7380483.181659057,39700916.3,38422818.890370764
322016,322-016,CRAWLER DUMPER PD5000TA 322-016,283782575,KUMAI,May,5,AB,127.0,150.0,31735600,25464000.0,4615736.0,8341129.6866666665,541,0,20759.48,0.0,11230878.68,7811100.0,12012938.2,3782646.674207958,7882849.31,7882849.0,292800.0,1127966.3513873087,36035202.19,28945691.712261934,4487060.52,7380483.181659057,40522262.71,36326174.89392099
322017,322-017,CRAWLER DUMPER PD-5000TA 322-017,294224583,KUMAI,May,5,AB,139.0,150.0,43682750,40020000.0,5523083.0,8341129.6866666665,583,0,20759.48,0.0,12102776.84,7811100.0,3028692.27,2523159.1886666664,8172905.09,7882849.0,0.0,1279763.0653421225,28827457.2,27838000.940675456,6176254.52,7380483.181659057,35003711.72,35218484.12233451
322018,322-018,CRAWLER DUMPET PD-5000 TA 322-018,294224583,KUMAI,May,5,AB,189.0,150.0,57251230,39120000.0,6125276.0,8341129.6866666665,666,0,20759.48,0.0,13825813.68,7811100.0,9266487.94,2523159.1886666664,8172905.09,7882849.0,0.0,1279763.0653421225,37390482.71,27838000.940675456,8094686.53,7380483.181659057,45485169.24,35218484.12233451
322019,322-019,CRAWLER DUMPER PD-5000 TA 322-019,294224583,KUMAI,May,5,AB,198.0,150.0,53599000,25464000.0,4066120.0,8341129.6866666665,760,0,20759.48,0.0,15777204.8,7811100.0,47219745.67,2527814.7285416666,8172905.09,7882849.0,0.0,1599703.8316776531,75235975.56,28162597.246885985,7578301.87,7380483.181659057,82814277.43,35543080.42854504
322020,322-020,CRAWLER DUMPER PD-5000 TA 322-020,294224583,KUMAI,May,5,AB,168.0,150.0,62454930,46152000.0,6796313.0,8341129.6866666665,490,0,20759.48,0.0,10172145.2,7811100.0,2094863.6,2527814.7285416666,8172905.09,7882849.0,0.0,1599703.8316776531,27236226.89,28162597.246885985,8830431.78,7380483.181659057,36066658.67,35543080.42854504
322021,322-021,CRAWLER DUMPER PD - 5000TA 322-021,294234673,KUMAI,May,5,AB,219.0,150.0,49511540,46152000.0,3478006.0,8341129.6866666665,760,0,20759.48,0.0,15777204.8,7811100.0,37899746.87,2006032.8633333333,8173185.35,7882849.0,195805.0,1443236.4496011527,65523948.02,27484347.99960115,7000380.53,7380483.181659057,72524328.55,34864831.181260206
322022,322-022,CRAWLER DUMPER PD - 5000TA 322-022,294234673,KUMAI,May,5,AB,178.0,150.0,64502430,39120000.0,6835094.0,8341129.6866666665,556,0,20759.48,0.0,11542270.88,7811100.0,674058.23,1922179.5192916663,8173185.35,7882849.0,195805.0,1471260.4583312722,27420413.46,27428518.664289605,9119925.48,0.0,36540338.94,27428518.664289605
322023,322-023,CRAWLER DUMPER PD - 5000TA 322-023,294234673,KUMAI,May,5,AB,181.0,150.0,70126750,40020000.0,7087705.0,8341129.6866666665,604,0,20759.48,0.0,12538725.92,7811100.0,5348234.2,2006032.8633333333,8173185.35,7882849.0,195805.0,1443236.4496011527,33343655.47,27484347.99960115,9915141.72,0.0,43258797.19,27484347.99960115
322024,322-024,CRAWLER DUMPER PD - 5000TA 322-024,294234673,KUMAI,May,5,AB,258.0,150.0,78680740,46440000.0,7235537.0,8341129.6866666665,740,0,20759.48,0.0,15362015.2,7811100.0,2512905.16,2133085.1925,8173185.35,7882849.0,195805.0,1569344.4888866905,33479447.71,27737508.368053358,11124580.67,0.0,44604028.38,27737508.368053358
322025,322-025,CRAWLER DUMPER PD-5000 322-025,293753617,KUMAI,May,5,AB,146.0,150.0,50135610,46152000.0,6199657.0,8341129.6866666665,392,0,20759.48,0.0,8137716.16,7811100.0,470678.88,1922179.5192916663,8159822.69,7882849.0,647133.33,1471260.4583312722,23615008.06,27428518.664289605,7088617.08,0.0,30703625.14,27428518.664289605
322026,322-026,CRAWLER DUMPER PD-5000 322-026,293753617,KUMAI,May,5,AB,0.0,150.0,0,39120000.0,0.0,8341129.6866666665,0,0,0.0,0.0,0.0,7811100.0,0.0,0.0,8159822.69,7882849.0,647133.33,0.0,8806956.02,24035078.686666667,0.0,0.0,8806956.02,24035078.686666667
322027,322-027,CRAWLER DUMPER PD-5000 322-027,293753617,KUMAI,May,5,AB,11.0,150.0,4340700,40020000.0,2191365.0,8341129.6866666665,85,0,20759.48,0.0,1764555.8,7811100.0,18979.81,0.0,8159822.69,7882849.0,647133.33,0.0,12781856.63,24035078.686666667,613726.65,0.0,13395583.28,24035078.686666667
322028,322-028,CRAWLER DUMPER PD-5000 322-028,293753617,KUMAI,May,5,AB,71.0,150.0,15415400,25464000.0,4402651.0,8341129.6866666665,207,0,20759.48,0.0,4297212.36,7811100.0,66429.35,0.0,8159822.69,7882849.0,647133.33,0.0,17573248.73,24035078.686666667,2179565.94,0.0,19752814.67,24035078.686666667
322029,322-029,CRAWLER DUMPER PD-5000 322-029,293753617,KUMAI,May,5,AB,24.0,0.0,2893800,0.0,124690.0,0.0,85,0,20759.48,0.0,1764555.8,0.0,47449.53,0.0,8159822.69,0.0,881464.69,0.0,10977982.71,0.0,409151.1,0.0,11387133.81,0.0
322030,322-030,CRAWLER DUMPER PD-5000 322-030,293753617,KUMAI,May,5,AB,124.0,0.0,29170700,0.0,4705311.0,0.0,480,0,20759.48,0.0,9964550.4,0.0,1128082.99,0.0,8159822.69,0.0,881464.69,0.0,24839231.77,0.0,4124412.22,0.0,28963643.99,0.0
332013,332-013,EXCAVATOR KOBELCO SK200-10 332-013,0,KUMAI,May,5,AB,0.0,0.0,0,0.0,0.0,0.0,0,0,0.0,0.0,0.0,0.0,0.0,0.0,0.0,0.0,0.0,0.0,0.0,0.0,0.0,0.0,0.0,0.0
332014,332-014,EXCAVATOR KOBELCO SK200-10 332-014,0,KUMAI,May,5,AB,0.0,0.0,0,0.0,0.0,0.0,0,0,0.0,0.0,1245568.8,0.0,4639352.67,5457643.728578475,0.0,0.0,15000000.0,2858448.890472186,20884921.47,8316092.619050661,0.0,7380483.181659057,20884921.47,15696575.800709717
332015,332-015,EXCAVATOR KOBELCO SK200-10 332-015,0,KUMAI,May,5,AB,0.0,0.0,0,0.0,0.0,0.0,60,0,0.0,0.0,0.0,0.0,0.0,0.0,0.0,0.0,0.0,0.0,0.0,0.0,0.0,0.0,0.0,0.0
332016,332-016,EXCAVATOR KOBELCO SK200-10 332-016,0,KUMAI,May,5,AB,0.0,150.0,0,126555000.0,0.0,13976284.373333333,80,0,20759.48,0.0,1660758.4,32546250.0,3437572.98,5457643.728578475,0.0,0.0,15000000.0,2000914.2233305299,20098331.38,53981092.32524234,0.0,7380483.181659057,20098331.38,61361575.5069014
332017,332-017,EXCAVATOR KOBELCO SK200-10 332-017,0,KUMAI,May,5,AB,0.0,0.0,0,0.0,0.0,0.0,0,0,0.0,0.0,0.0,0.0,0.0,0.0,0.0,0.0,0.0,0.0,0.0,0.0,0.0,0.0,0.0,0.0
332019,332-019,EXCAVATOR KOBELCO SK200-10 332-019,1228672727,KUMAI,May,5,AB,0.0,0.0,0,0.0,0.0,0.0,0,0,0.0,0.0,0.0,0.0,0.0,0.0,0.0,0.0,0.0,0.0,0.0,0.0,0.0,0.0,0.0,0.0
332020,332-020,EXCAVATOR KOBELCO SK200-10 332-020,1228672727,KUMAI,May,5,AB,27.0,0.0,34081300,0.0,2700645.0,0.0,470,0,20759.48,0.0,9756955.6,0.0,3678311.83,0.0,0.0,0.0,0.0,0.0,16135912.43,0.0,4818716.39,7380483.181659057,20954628.82,7380483.181659057
332022,332-022,EXCAVATOR KOBELCO SK200-10 332-022,0,KUMAI,May,5,AB,0.0,0.0,0,0.0,0.0,0.0,0,0,0.0,0.0,0.0,0.0,0.0,0.0,0.0,0.0,0.0,0.0,0.0,0.0,0.0,0.0,0.0,0.0
332023,332-023,EXCAVATOR KOBELCO SK200-10 332-023,0,KUMAI,May,5,AB,0.0,0.0,0,0.0,0.0,0.0,0,0,0.0,0.0,0.0,0.0,0.0,0.0,0.0,0.0,0.0,0.0,0.0,0.0,0.0,0.0,0.0,0.0
332024,332-024,EXCAVATOR KOBELCO SK200-10 332-024,0,KUMAI,May,5,AB,0.0,150.0,0,126555000.0,0.0,13976284.373333333,60,0,46759.48,0.0,2805568.8,32546250.0,1411138.44,5457643.728578475,14095878.91,14095878.91,15000000.0,2000914.2233305299,33312586.15,68076971.23524234,0.0,7380483.181659057,33312586.15,75457454.4169014
332028,332-028,EXCAVATOR KOBELCO SK200-10 332-028,1256450000,KUMAI,May,5,AB,85.0,150.0,85496000,126555000.0,9030502.0,13976284.373333333,1105,0,20759.48,0.0,22939225.4,32546250.0,55014783.98,5457643.728578475,13088020.83,13088020.83,0.0,3200914.22333053,100072532.21,68269113.15524234,12088182.56,7380483.181659057,112160714.77,75649596.3369014
332030,332-030,EXCAVATOR HITACHI ZX210LC-5G LONGARM 332-030,1604432000,KUMAI,May,5,AB,88.0,150.0,117506400,158235000.0,9764451.0,13976284.373333333,1295,0,21964.11,0.0,28443526.6,28640700.0,299309.52,5549324.544728476,16712833.33,16712833.33,0.0,2442397.7203686303,55220120.45,67321539.96843043,16614096.74,7380483.181659057,71834217.19,74702023.15008949
332031,332-031,EXCAVATOR HITACHI ZX130-5G 332-031,1028325125,KUMAI,May,5,AB,96.0,150.0,69915300,91050000.0,5043501.0,13976284.373333333,925,0,20759.48,0.0,19202519.0,28640700.0,1963298.76,1894159.5497784747,10711720.05,10711720.05,0.0,625869.5283060014,36921038.81,55848733.50141781,9885245.04,7380483.181659057,46806283.85,63229216.683076866
332042,332-042,EXCAVATOR HITACHI ZX138 M-F 332-042,1312908200,KUMAI,May,5,AB,111.0,150.0,84513000,91050000.0,9929545.0,13976284.373333333,1280,0,20759.48,0.0,26572134.4,28640700.0,2494965.01,7091699.3388213,13676127.08,13676127.08,0.0,3245752.6372987214,52672771.49,66630563.42945335,11949197.3,7380483.181659057,64621968.79,74011046.6111124
332043,332-043,EXCAVATOR HITACHI ZX138 M-F 332-043,1312908200,KUMAI,May,5,AB,106.0,150.0,72220200,91050000.0,9686699.0,13976284.373333333,1020,0,22288.89,0.0,22734669.6,28640700.0,2276211.1,6071059.963821299,13676127.08,13676127.08,0.0,3133656.6023782436,48373706.78,65497828.019532874,10211132.24,7380483.181659057,58584839.02,72878311.20119193
332044,332-044,EXCAVATOR HITACHI ZX 210 LC-5G 332-044,1733840600,KUMAI,May,5,AB,100.0,150.0,133530000,158235000.0,7842145.0,13976284.373333333,1331,0,20759.48,0.0,27630867.88,28640700.0,0.0,8322788.484027937,18060839.58,18060839.58,1121563.89,1345152.4190457345,54655416.35,70345764.856407,18879655.39,7380483.181659057,73535071.74,77726248.03806606
332046,332-046,EXCAVATOR HITACHI ZX 138 MF-5G 332-046,1330045972,KUMAI,May,5,AB,276.0,150.0,212050800,91050000.0,14087041.0,13976284.373333333,2301,0,21437.45,0.0,49327563.48,28640700.0,769797.35,7456555.3049463,13854645.54,13854645.54,856088.89,2984195.222484273,78895136.26,66912380.44076391,29981622.32,7380483.181659057,108876758.58,74292863.62242296
332053,332-053,EXCAVATOR HITACHI ZX 210G-5G 332-053,1559218096,KUMAI,May,5,AB,124.0,150.0,175866786,126555000.0,7267088.0,0.0,2281,0,20759.48,0.0,47352373.88,28640700.0,32000.0,3321874.7817212995,16241855.17,18060839.58,1000387.5,1634733.8425903025,71893704.55,51658148.2043116,24865605.58,7380483.181659057,96759310.13,59038631.38597066
332054,332-054,EXCAVATOR HITACHI ZX 210 LC 332-054,800000000,KUMAI,May,5,AB,5.0,150.0,0,158235000.0,0.0,13976284.373333333,0,0,0.0,0.0,0.0,28640700.0,0.0,4133802.815603474,16666666.67,16666666.67,0.0,934133.6243373157,16666666.67,64351587.483274125,0.0,7380483.181659057,16666666.67,71732070.66493317
332056,332-056,EXCAVATOR HITACHI ZX 210 5G 332-056,0,KUMAI,May,5,AB,0.0,0.0,0,0.0,0.0,0.0,0,0,0.0,0.0,0.0,0.0,0.0,0.0,0.0,0.0,0.0,0.0,0.0,0.0,0.0,0.0,0.0,0.0
332057,332-057,EXCAVATOR HITACHI ZX 210 332-057,1534114993,KUMAI,May,5,AB,74.0,0.0,86560657,0.0,9765657.0,0.0,1270,0,20759.48,0.0,26364539.6,0.0,379596.26,0.0,42076767.83,0.0,0.0,0.0,78586560.69,0.0,12238713.2,0.0,90825273.89,0.0
332058,332-058,EXCAVATOR HITACHI ZX 210 332-058,1534114993,KUMAI,May,5,AB,135.0,0.0,142020000,0.0,11165650.0,0.0,2454,0,20759.48,0.0,50943763.92,0.0,0.0,0.0,42076767.83,0.0,0.0,0.0,104186181.75,0.0,20080046.86,0.0,124266228.61,0.0
341001,341-001,BULLDOZER KOMATSU D31P-20 341-001,698150000,KUMAI,May,5,AB,12.0,125.0,29560000,78012500.0,4048866.0,13976284.373333333,0,0,0.0,0.0,0.0,7594125.0,0.0,7176151.422834243,7272395.83,7272395.83,0.0,1704793.8644156011,11321261.83,37723750.49058318,4179454.9,7380483.181659057,15500716.73,45104233.67224224
341002,341-002,BULLDOZER KOMATSU D31P 341-002,650000000,KUMAI,May,5,AB,0.0,0.0,0,0.0,0.0,0.0,20,0,20759.48,0.0,415189.6,0.0,7273368.79,0.0,6770833.33,0.0,15000000.0,0.0,29459391.72,0.0,0.0,0.0,29459391.72,0.0
342014,342-014,BULLDOZER WEA B 165 YS 342-014,1550000000,KUMAI,May,5,AB,0.0,0.0,0,0.0,0.0,0.0,0,0,0.0,0.0,0.0,0.0,0.0,0.0,0.0,0.0,0.0,0.0,0.0,0.0,0.0,0.0,0.0,0.0
342015,342-015,BULLDOZER WEA B 165 YS 342-015,1550000000,KUMAI,May,5,AB,7.0,100.0,0,99520000.0,87500.0,13976284.373333333,0,0,0.0,0.0,0.0,24301200.0,1098745.09,8191493.702292599,16145833.33,16145833.33,0.0,1688446.525989698,17332078.42,64303257.93161563,0.0,7380483.181659057,17332078.42,71683741.11327468
351012,351-012,GRADER XCMG GR-100 351-012,871971000,KUMAI,May,5,AB,96.0,150.0,102177400,125220000.0,7608403.0,13976284.373333333,596,0,20759.48,0.0,12372650.08,16924050.0,928083.96,3775825.4563504537,9083031.25,9083031.25,0.0,852396.9322078006,29992168.29,44611588.01189159,14446746.8,7380483.181659057,44438915.09,51992071.19355065
361008,361-008,BACKHOE LOADER CAT 416 F2 361-008,1041000000,KUMAI,May,5,AB,42.0,200.0,35534700,136880000.0,2703100.0,13976284.373333333,220,0,20759.48,0.0,4567085.6,14927879.999999998,1167049.94,9380630.52645075,0.0,0.0,0.0,569237.6773305518,8437235.54,38854032.577114634,5024210.97,7380483.181659057,13461446.51,46234515.75877369
361011,361-011,BACKHOE LOADER CATTERPILLAR 426F2 361-011,994956000,KUMAI,May,5,AB,355.0,200.0,299878200,136880000.0,11112101.0,13976284.373333333,1690,0,20759.48,0.0,35083521.2,14927879.999999998,990251.42,8731803.866523666,10364125.0,10364125.0,0.0,560480.1746023895,57549998.62,48560573.414459385,42399438.88,7380483.181659057,99949437.5,55941056.59611844
361012,361-012,BACKHOE LOADER CATERPILLAR 416 F 361-012,1258506250,KUMAI,May,5,AB,365.0,200.0,309411900,136880000.0,14124173.0,13976284.373333333,1351,0,20759.48,0.0,28046057.48,14927879.999999998,2020621.67,4183378.0619403333,34958506.94,34958506.94,3758541.66,373653.4497349263,82907900.75,68419702.82500859,43747397.92,7380483.181659057,126655298.67,75800186.00666764
371012,371-012,COMPACTOR SAKAI SV 526-D 371-012,915000000,KUMAI,May,5,AB,97.0,150.0,88115600,106080000.0,5066802.0,8591129.686666667,587,0,23417.06,0.0,13745814.76,16924050.0,147093.55,4256113.536225334,9531250.0,9531250.0,0.0,560480.1746023895,28490960.31,39863023.39749439,12458564.83,7380483.181659057,40949525.14,47243506.57915345
371013,371-013,COMPACTOR SAKAI SV 526-D 371-013,891958000,KUMAI,May,5,AB,3.0,150.0,40798200,106080000.0,27000.0,8591129.686666667,0,0,0.0,0.0,0.0,16924050.0,3665229.18,2772780.2028920003,9291229.17,9291229.17,0.0,583833.5152108222,12983458.35,38163022.57476949,5768411.27,7380483.181659057,18751869.62,45543505.75642855
391001,391-001,CRANE KATO KR 25 HV 39-01 391-001,0,KUMAI,May,5,AB,0.0,0.0,0,0.0,0.0,0.0,0,0,0.0,0.0,0.0,0.0,0.0,0.0,0.0,0.0,0.0,0.0,0.0,0.0,0.0,0.0,0.0,0.0
4201,4201,Pompa Air,0,KUMAI,May,5,AB,0.0,30.0,0,5433180.0,0.0,0.0,0,0,0.0,0.0,0.0,0.0,0.0,2120633.9499999997,0.0,2716590.23,0.0,293214.16541699076,0.0,5130438.34541699,0.0,0.0,0.0,5130438.34541699
4202,4202,Pompa Air,0,KUMAI,May,5,AB,0.0,30.0,0,5625000.0,0.0,0.0,0,0,0.0,0.0,0.0,0.0,0.0,2578967.283333333,0.0,1727094.0107291667,0.0,339920.84663385653,0.0,4645982.140696356,0.0,0.0,0.0,4645982.140696356
4203,4203,Pompa Air,0,KUMAI,May,5,AB,0.0,30.0,0,5625000.0,0.0,0.0,0,0,0.0,0.0,0.0,0.0,0.0,2253967.283333333,0.0,2678838.21875,0.0,339920.84663385653,0.0,5272726.348717189,0.0,0.0,0.0,5272726.348717189
4204,4204,Pompa Air,0,KUMAI,May,5,AB,0.0,30.0,0,5208333.0,0.0,0.0,0,0,0.0,0.0,0.0,0.0,0.0,1628967.2833333332,0.0,2678838.21875,0.0,339920.84663385653,0.0,4647726.348717189,0.0,0.0,0.0,4647726.348717189
4206,4206,Pompa Air,0,KUMAI,May,5,AB,0.0,30.0,0,5625000.0,0.0,0.0,0,0,0.0,0.0,0.0,0.0,0.0,2578967.283333333,0.0,1463265.3125,0.0,339920.84663385653,0.0,4382153.442467189,0.0,0.0,0.0,4382153.442467189
4207,4207,Pompa Air,0,KUMAI,May,5,AB,0.0,30.0,0,5625000.0,0.0,0.0,0,0,0.0,0.0,0.0,0.0,0.0,1878967.2833333332,0.0,2906250.0,0.0,324351.9528949013,0.0,5109569.236228234,0.0,0.0,0.0,5109569.236228234
4208,4208,Pompa Air,0,KUMAI,May,5,AB,0.0,30.0,0,5625000.0,0.0,0.0,0,0,0.0,0.0,0.0,0.0,0.0,1941467.2833333332,0.0,2906250.0,0.0,339920.84663385653,0.0,5187638.129967189,0.0,0.0,0.0,5187638.129967189
4209,4209,Pompa Air,0,KUMAI,May,5,AB,0.0,30.0,0,5625000.0,0.0,0.0,0,0,0.0,0.0,0.0,0.0,0.0,2203967.283333333,0.0,2580705.7083333335,0.0,324351.9528949013,0.0,5109024.944561568,0.0,0.0,0.0,5109024.944561568
321003,321-003,FARM TRACTOR KUBOTA M9540 321-003,423213543,KUMAI,Jun,6,AB,192.0,150.0,92321000,59910000.0,6794946.0,8341129.6866666665,928,0,20938.82,0.0,19431224.96,8331840.000000001,13033229.83,7653006.370297459,4408474.41,4408474.41,0.0,1377847.0958975405,43667875.2,30112297.562861666,9222412.01,7641290.399607775,52890287.21,37753587.96246944
321006,321-006,FARM TRACTOR KUBOTA M9540 321-006,560598958,KUMAI,Jun,6,AB,34.0,150.0,18464200,59910000.0,4401473.0,8341129.6866666665,105,0,20938.82,0.0,2198576.1,8331840.000000001,8985920.1,7653006.370297459,5839572.48,5839572.48,0.0,1401200.4365059736,21425541.68,31566748.9734701,1844482.4,7641290.399607775,23270024.08,39208039.37307788
321007,321-007,FARM TRACTOR KUBOTA M9540 321-007,560598958,KUMAI,Jun,6,AB,136.0,150.0,59279800,59910000.0,3516948.0,8341129.6866666665,361,0,20938.82,0.0,7558914.02,8331840.000000001,2494126.9,7653006.370297459,5839572.48,5839572.48,0.0,1401200.4365059736,19409561.4,31566748.9734701,5921759.29,7641290.399607775,25331320.69,39208039.37307788
322001,322-001,CRAWLER CROWN KD 3000 HZL 322-001,173902964,KUMAI,Jun,6,AB,0.0,0.0,0,0.0,0.0,0.0,0,0,0.0,0.0,0.0,0.0,0.0,0.0,3622978.42,0.0,0.0,0.0,3622978.42,0.0,0.0,0.0,3622978.42,0.0
322002,322-002,CRAWLER CROWN KD 3000 HZL 322-002,181110172,KUMAI,Jun,6,AB,0.0,0.0,0,0.0,0.0,0.0,0,0,0.0,0.0,0.0,0.0,0.0,0.0,3773128.58,0.0,0.0,0.0,3773128.58,0.0,0.0,0.0,3773128.58,0.0
322003,322-003,CRAWLER CROWN KD 3000 HZL 322-003,171424505,KUMAI,Jun,6,AB,0.0,0.0,0,25464000.0,0.0,0.0,0,0,0.0,0.0,0.0,0.0,0.0,0.0,0.0,3571343.85,0.0,0.0,0.0,3571343.85,0.0,0.0,0.0,3571343.85
322004,322-004,CRAWLER CROWN KD 3000 HZL 322-004,171424505,KUMAI,Jun,6,AB,0.0,0.0,0,46440000.0,0.0,0.0,0,0,0.0,0.0,0.0,0.0,0.0,0.0,0.0,3571343.85,0.0,0.0,0.0,3571343.85,0.0,0.0,0.0,3571343.85
322005,322-005,CRAWLER CROWN KD 3000 HZL 322-005,171424505,KUMAI,Jun,6,AB,0.0,0.0,0,0.0,0.0,0.0,0,0,0.0,0.0,0.0,0.0,0.0,0.0,3571343.85,0.0,0.0,0.0,3571343.85,0.0,0.0,0.0,3571343.85,0.0
322006,322-006,CRAWLER CROWN KD 3000 HZL 322-006,171424505,KUMAI,Jun,6,AB,0.0,0.0,0,0.0,0.0,0.0,0,0,0.0,0.0,0.0,0.0,0.0,0.0,3571343.85,0.0,0.0,0.0,3571343.85,0.0,0.0,0.0,3571343.85,0.0
322007,322-007,CRAWLER DUMPER PD5000TA 322-007,275000000,KUMAI,Jun,6,AB,47.0,150.0,11598275,40020000.0,1173677.0,8341129.6866666665,160,0,20938.82,0.0,3350211.2,7811100.0,2397046.28,8516275.877404334,5729166.67,5729166.67,0.0,1262341.4732482315,12650101.15,31660013.707319234,1158610.4,7641290.399607775,13808711.55,39301304.10692701
322008,322-008,CRAWLER DUMPER PD5000TA 322-008,275000000,KUMAI,Jun,6,AB,0.0,150.0,0,39120000.0,0.0,8341129.6866666665,0,0,0.0,0.0,0.0,7811100.0,1816166.61,4423832.044071001,5729166.67,5729166.67,0.0,1478266.460513802,7545333.28,27783494.861251466,0.0,7641290.399607775,7545333.28,35424785.26085924
322009,322-009,CROWN KD 5000 HZL 322-009,238738739,KUMAI,Jun,6,AB,0.0,150.0,0,46440000.0,0.0,8341129.6866666665,0,0,0.0,0.0,0.0,7811100.0,1011063.42,4745703.054487667,4973723.73,4973723.73,0.0,1281164.2657786284,5984787.15,27152820.736932963,0.0,7641290.399607775,5984787.15,34794111.13654074
322010,322-010,CROWN KD 5000 HZL 322-010,238738739,KUMAI,Jun,6,AB,0.0,150.0,0,25464000.0,0.0,8341129.6866666665,0,0,0.0,0.0,0.0,7811100.0,323000.0,4846983.152773167,4973723.73,4973723.73,0.0,1046229.6592577937,5296723.73,27019166.228697628,0.0,7641290.399607775,5296723.73,34660456.628305405
322011,322-011,CRAWLER DUMPER PD5000TA 322-011,280000000,KUMAI,Jun,6,AB,17.0,150.0,1904492,40020000.0,2243328.0,8341129.6866666665,90,0,20938.82,0.0,1884493.8,7811100.0,27963478.09,8516275.877404334,5833333.33,5833333.0,0.0,1262341.4732482315,37924633.22,31764180.03731923,190249.35,7641290.399607775,38114882.57,39405470.436927006
322012,322-012,CRAWLER DUMPER PD5000TA 322-012,280000000,KUMAI,Jun,6,AB,190.0,150.0,59725332,46152000.0,7041503.0,8341129.6866666665,454,0,20938.82,0.0,9506224.28,7811100.0,70421431.73,4024764.877404334,5833333.33,5833333.0,0.0,1478266.460513802,92802492.34,27488594.0245848,5966265.74,7641290.399607775,98768758.08,35129884.42419258
322013,322-013,CARWLER DUMPER PD5000TA 322-013,280000000,KUMAI,Jun,6,AB,258.0,150.0,56278110,46440000.0,5902213.0,8341129.6866666665,681,0,20938.82,0.0,14259336.42,7811100.0,9839251.35,5472942.544071001,5833333.33,5833333.0,0.0,1534314.4779740411,35834134.1,28992819.70871171,5621905.28,7641290.399607775,41456039.38,36634110.10831948
322014,322-014,CRAWLER DUMPER PD5000TA 322-014,283782575,KUMAI,Jun,6,AB,0.0,150.0,0,46152000.0,0.0,8341129.6866666665,0,0,0.0,0.0,0.0,7811100.0,4537203.87,2102079.1758329584,7882849.31,7882849.0,292800.0,1119792.6821743574,12712853.18,27256950.544673983,0.0,7641290.399607775,12712853.18,34898240.94428176
322015,322-015,CRAWLER DUMPER PD5000TA 322-015,283782575,KUMAI,Jun,6,AB,274.0,150.0,60739840,39120000.0,5668849.0,8341129.6866666665,635,0,20938.82,0.0,13296150.7,7811100.0,801599.87,5472942.544071001,7882849.31,7882849.0,292800.0,1534314.4779740411,27942248.88,31042335.70871171,6067610.08,7641290.399607775,34009858.96,38683626.10831948
322016,322-016,CRAWLER DUMPER PD5000TA 322-016,283782575,KUMAI,Jun,6,AB,169.0,150.0,43566460,25464000.0,5825790.0,8341129.6866666665,641,0,20938.82,0.0,13421783.62,7811100.0,4670508.25,3782646.674207958,7882849.31,7882849.0,292800.0,1127966.3513873087,32093731.18,28945691.712261934,4352074.22,7641290.399607775,36445805.4,36586982.11186971
322017,322-017,CRAWLER DUMPER PD-5000TA 322-017,294224583,KUMAI,Jun,6,AB,212.0,150.0,65322474,40020000.0,4571025.0,8341129.6866666665,629,0,20938.82,0.0,13170517.78,7811100.0,8973883.77,2523159.1886666664,8172905.09,7882849.0,0.0,1279763.0653421225,34888331.64,27838000.940675456,6525392.58,7641290.399607775,41413724.22,35479291.34028323
322018,322-018,CRAWLER DUMPET PD-5000 TA 322-018,294224583,KUMAI,Jun,6,AB,238.0,150.0,80337271,39120000.0,7516960.0,8341129.6866666665,685,0,20938.82,0.0,14343091.7,7811100.0,38390362.56,2523159.1886666664,8172905.09,7882849.0,0.0,1279763.0653421225,68423319.35,27838000.940675456,8025296.66,7641290.399607775,76448616.01,35479291.34028323
322019,322-019,CRAWLER DUMPER PD-5000 TA 322-019,294224583,KUMAI,Jun,6,AB,202.0,150.0,52403497,25464000.0,5963080.0,8341129.6866666665,861,0,20938.82,0.0,18028324.02,7811100.0,3557783.97,2527814.7285416666,8172905.09,7882849.0,0.0,1599703.8316776531,35722093.08,28162597.246885985,5234850.58,7641290.399607775,40956943.66,35803887.64649376
322020,322-020,CRAWLER DUMPER PD-5000 TA 322-020,294224583,KUMAI,Jun,6,AB,155.0,150.0,54519972,46152000.0,6134123.0,8341129.6866666665,591,0,20938.82,0.0,12374842.62,7811100.0,26618555.58,2527814.7285416666,8172905.09,7882849.0,0.0,1599703.8316776531,53300426.29,28162597.246885985,5446275.98,7641290.399607775,58746702.27,35803887.64649376
322021,322-021,CRAWLER DUMPER PD - 5000TA 322-021,294234673,KUMAI,Jun,6,AB,184.0,150.0,40503629,46152000.0,3916548.0,8341129.6866666665,600,0,20938.82,0.0,12563292.0,7811100.0,4241299.9,2006032.8633333333,8173185.35,7882849.0,195805.0,1443236.4496011527,29090130.25,27484347.99960115,4046112.53,7641290.399607775,33136242.78,35125638.399208926
322022,322-022,CRAWLER DUMPER PD - 5000TA 322-022,294234673,KUMAI,Jun,6,AB,168.0,150.0,64465662,39120000.0,6799910.0,8341129.6866666665,475,0,20938.82,0.0,9945939.5,7811100.0,4178719.56,1922179.5192916663,8173185.35,7882849.0,195805.0,1471260.4583312722,29293559.41,27428518.664289605,6439801.3,0.0,35733360.71,27428518.664289605
322023,322-023,CRAWLER DUMPER PD - 5000TA 322-023,294234673,KUMAI,Jun,6,AB,137.0,150.0,52904724,40020000.0,6187122.0,8341129.6866666665,449,0,20938.82,0.0,9401530.18,7811100.0,5462512.33,2006032.8633333333,8173185.35,7882849.0,195805.0,1443236.4496011527,29420154.86,27484347.99960115,5284920.68,0.0,34705075.54,27484347.99960115
322024,322-024,CRAWLER DUMPER PD - 5000TA 322-024,294234673,KUMAI,Jun,6,AB,242.0,150.0,75204284,46440000.0,5026909.0,8341129.6866666665,645,0,20938.82,0.0,13505538.9,7811100.0,9262732.45,2133085.1925,8173185.35,7882849.0,195805.0,1569344.4888866905,36164170.7,27737508.368053358,7512536.61,0.0,43676707.31,27737508.368053358
322025,322-025,CRAWLER DUMPER PD-5000 322-025,293753617,KUMAI,Jun,6,AB,203.0,150.0,62808185,46152000.0,8621010.0,8341129.6866666665,646,0,20938.82,0.0,13526477.72,7811100.0,2649141.52,1922179.5192916663,8159822.69,7882849.0,161783.33,1471260.4583312722,33118235.26,27428518.664289605,6274227.53,0.0,39392462.79,27428518.664289605
322026,322-026,CRAWLER DUMPER PD-5000 322-026,293753617,KUMAI,Jun,6,AB,4.0,150.0,1427861,39120000.0,4050879.0,8341129.6866666665,0,0,0.0,0.0,0.0,7811100.0,41458.54,0.0,8159822.69,7882849.0,161783.33,0.0,12413943.56,24035078.686666667,142636.26,0.0,12556579.82,24035078.686666667
322027,322-027,CRAWLER DUMPER PD-5000 322-027,293753617,KUMAI,Jun,6,AB,27.0,150.0,5261610,40020000.0,4297850.0,8341129.6866666665,74,0,20938.82,0.0,1549472.68,7811100.0,20729.27,0.0,8159822.69,7882849.0,161783.33,0.0,14189657.97,24035078.686666667,525608.86,0.0,14715266.83,24035078.686666667
322028,322-028,CRAWLER DUMPER PD-5000 322-028,293753617,KUMAI,Jun,6,AB,116.0,150.0,27944699,25464000.0,3887649.0,8341129.6866666665,351,0,20938.82,0.0,7349525.82,7811100.0,857044.6,0.0,8159822.69,7882849.0,161783.34,0.0,20415825.45,24035078.686666667,2791537.44,0.0,23207362.89,24035078.686666667
322029,322-029,CRAWLER DUMPER PD-5000 322-029,293753617,KUMAI,Jun,6,AB,0.0,0.0,0,0.0,0.0,0.0,0,0,0.0,0.0,0.0,0.0,400523.0,0.0,8159822.69,0.0,161783.33,0.0,8722129.02,0.0,0.0,0.0,8722129.02,0.0
322030,322-030,CRAWLER DUMPER PD-5000 322-030,293753617,KUMAI,Jun,6,AB,119.0,0.0,17715230,0.0,2307720.0,0.0,417,0,20938.82,0.0,8731487.94,0.0,971721.88,0.0,8159822.69,0.0,161783.33,0.0,20332535.84,0.0,1769664.0,0.0,22102199.84,0.0
332013,332-013,EXCAVATOR KOBELCO SK200-10 332-013,0,KUMAI,Jun,6,AB,0.0,0.0,0,0.0,0.0,0.0,0,0,0.0,0.0,0.0,0.0,0.0,0.0,0.0,0.0,0.0,0.0,0.0,0.0,0.0,0.0,0.0,0.0
332014,332-014,EXCAVATOR KOBELCO SK200-10 332-014,0,KUMAI,Jun,6,AB,0.0,0.0,0,0.0,0.0,0.0,0,0,0.0,0.0,0.0,0.0,0.0,0.0,0.0,0.0,0.0,0.0,0.0,0.0,0.0,7641290.399607775,0.0,7641290.399607775
332015,332-015,EXCAVATOR KOBELCO SK200-10 332-015,0,KUMAI,Jun,6,AB,0.0,0.0,0,0.0,0.0,0.0,0,0,0.0,0.0,0.0,0.0,0.0,0.0,0.0,0.0,0.0,0.0,0.0,0.0,0.0,0.0,0.0,0.0
332016,332-016,EXCAVATOR KOBELCO SK200-10 332-016,0,KUMAI,Jun,6,AB,0.0,150.0,0,126555000.0,0.0,13976284.373333333,0,0,0.0,0.0,0.0,32546250.0,0.0,5457643.728578475,0.0,0.0,0.0,2000914.2233305299,0.0,53981092.32524234,0.0,7641290.399607775,0.0,61622382.72485012
332017,332-017,EXCAVATOR KOBELCO SK200-10 332-017,0,KUMAI,Jun,6,AB,0.0,0.0,0,0.0,0.0,0.0,0,0,0.0,0.0,0.0,0.0,0.0,0.0,0.0,0.0,0.0,0.0,0.0,0.0,0.0,0.0,0.0,0.0
332019,332-019,EXCAVATOR KOBELCO SK200-10 332-019,1228672727,KUMAI,Jun,6,AB,0.0,0.0,0,0.0,0.0,0.0,0,0,0.0,0.0,0.0,0.0,0.0,0.0,0.0,0.0,0.0,0.0,0.0,0.0,0.0,0.0,0.0,0.0
332020,332-020,EXCAVATOR KOBELCO SK200-10 332-020,1228672727,KUMAI,Jun,6,AB,171.0,0.0,175651200,0.0,8061855.0,0.0,1651,0,21883.7,0.0,36129991.82,0.0,3386258.2,0.0,0.0,0.0,0.0,0.0,47578105.02,0.0,17546687.5,7641290.399607775,65124792.52,7641290.399607775
332022,332-022,EXCAVATOR KOBELCO SK200-10 332-022,0,KUMAI,Jun,6,AB,0.0,0.0,0,0.0,0.0,0.0,0,0,0.0,0.0,0.0,0.0,0.0,0.0,0.0,0.0,0.0,0.0,0.0,0.0,0.0,0.0,0.0,0.0
332023,332-023,EXCAVATOR KOBELCO SK200-10 332-023,0,KUMAI,Jun,6,AB,0.0,0.0,0,0.0,0.0,0.0,0,0,0.0,0.0,0.0,0.0,0.0,0.0,0.0,0.0,0.0,0.0,0.0,0.0,0.0,0.0,0.0,0.0
332024,332-024,EXCAVATOR KOBELCO SK200-10 332-024,0,KUMAI,Jun,6,AB,0.0,150.0,0,126555000.0,0.0,13976284.373333333,0,0,0.0,0.0,0.0,32546250.0,0.0,5457643.728578475,0.0,14095878.91,0.0,2000914.2233305299,0.0,68076971.23524234,0.0,7641290.399607775,0.0,75718261.63485011
332028,332-028,EXCAVATOR KOBELCO SK200-10 332-028,1256450000,KUMAI,Jun,6,AB,159.0,150.0,159216000,126555000.0,8148912.0,13976284.373333333,2040,0,20938.82,0.0,42715192.8,32546250.0,11313328.38,5457643.728578475,13088020.83,13088020.83,0.0,3200914.22333053,75265454.01,68269113.15524234,15904892.17,7641290.399607775,91170346.18,75910403.55485012
332030,332-030,EXCAVATOR HITACHI ZX210LC-5G LONGARM 332-030,1604432000,KUMAI,Jun,6,AB,197.0,150.0,251546400,158235000.0,11731558.0,13976284.373333333,2808,0,21494.38,0.0,60356206.56,28640700.0,7636827.84,5549324.544728476,16712833.33,16712833.33,0.0,2442397.7203686303,96437425.73,67321539.96843043,25128243.2,7641290.399607775,121565668.93,74962830.3680382
332031,332-031,EXCAVATOR HITACHI ZX130-5G 332-031,1028325125,KUMAI,Jun,6,AB,86.0,150.0,58333600,91050000.0,8577130.0,13976284.373333333,766,0,20938.82,0.0,16039136.12,28640700.0,3293007.7,1894159.5497784747,10711720.05,10711720.05,0.0,625869.5283060014,38620993.87,55848733.50141781,5827238.58,7641290.399607775,44448232.45,63490023.901025586
332042,332-042,EXCAVATOR HITACHI ZX138 M-F 332-042,1312908200,KUMAI,Jun,6,AB,152.0,150.0,107806400,91050000.0,7930735.0,13976284.373333333,1912,0,20938.82,0.0,40035023.84,28640700.0,2539875.55,7091699.3388213,13676127.08,13676127.08,0.0,3245752.6372987214,64181761.47,66630563.42945335,10769327.0,7641290.399607775,74951088.47,74271853.82906112
332043,332-043,EXCAVATOR HITACHI ZX138 M-F 332-043,1312908200,KUMAI,Jun,6,AB,277.0,150.0,202321600,91050000.0,8731852.0,13976284.373333333,2323,0,21610.37,0.0,50200878.86,28640700.0,23367612.81,6071059.963821299,13676127.08,13676127.08,0.0,3133656.6023782436,95976470.75,65497828.019532874,20210928.75,7641290.399607775,116187399.5,73139118.41914065
332044,332-044,EXCAVATOR HITACHI ZX 210 LC-5G 332-044,1733840600,KUMAI,Jun,6,AB,150.0,150.0,189943200,158235000.0,5492701.0,13976284.373333333,1790,0,20938.82,0.0,37480487.8,28640700.0,3602412.97,8322788.484027937,18060839.58,18060839.58,0.0,1345152.4190457345,64636441.35,70345764.856407,18974387.72,7641290.399607775,83610829.07,77987055.25601478
332046,332-046,EXCAVATOR HITACHI ZX 138 MF-5G 332-046,1330045972,KUMAI,Jun,6,AB,81.0,150.0,58333600,91050000.0,5081400.0,13976284.373333333,910,0,22653.11,0.0,20614326.2,28640700.0,16762873.94,7456555.3049463,13854645.54,13854645.54,856088.89,2984195.222484273,57169334.57,66912380.44076391,5827238.58,7641290.399607775,62996573.15,74553670.84037168
332053,332-053,EXCAVATOR HITACHI ZX 210G-5G 332-053,1559218096,KUMAI,Jun,6,AB,73.0,150.0,178019940,126555000.0,4189137.0,0.0,2410,0,20938.82,0.0,50462556.2,28640700.0,4607810.57,3321874.7817212995,16241855.17,18060839.58,1000387.5,1634733.8425903025,76501746.44,51658148.2043116,17783312.92,7641290.399607775,94285059.36,59299438.60391938
332054,332-054,EXCAVATOR HITACHI ZX 210 LC 332-054,800000000,KUMAI,Jun,6,AB,11.0,150.0,7700400,158235000.0,3357546.0,13976284.373333333,191,0,20938.82,0.0,3999314.62,28640700.0,30000.0,4133802.815603474,16666666.67,16666666.67,0.0,934133.6243373157,24053527.29,64351587.483274125,769231.93,7641290.399607775,24822759.22,71992877.8828819
332056,332-056,EXCAVATOR HITACHI ZX 210 5G 332-056,0,KUMAI,Jun,6,AB,0.0,0.0,0,0.0,0.0,0.0,0,0,0.0,0.0,0.0,0.0,0.0,0.0,0.0,0.0,0.0,0.0,0.0,0.0,0.0,0.0,0.0,0.0
332057,332-057,EXCAVATOR HITACHI ZX 210 332-057,1534114993,KUMAI,Jun,6,AB,125.0,0.0,161303300,0.0,3597685.0,0.0,2480,0,20938.82,0.0,51928273.6,0.0,82917.08,0.0,43151842.91,0.0,0.0,0.0,98760718.59,0.0,16113403.14,0.0,114874121.73,0.0
332058,332-058,EXCAVATOR HITACHI ZX 210 332-058,1534114993,KUMAI,Jun,6,AB,150.0,0.0,154080000,0.0,10796900.0,0.0,2700,0,20938.82,0.0,56534814.0,0.0,901925.0,0.0,43151842.91,0.0,0.0,0.0,111385481.91,0.0,15391831.14,0.0,126777313.05,0.0
341001,341-001,BULLDOZER KOMATSU D31P-20 341-001,698150000,KUMAI,Jun,6,AB,0.0,125.0,30000000,78012500.0,0.0,13976284.373333333,0,0,0.0,0.0,0.0,7594125.0,0.0,7176151.422834243,7272395.83,7272395.83,0.0,1704793.8644156011,7272395.83,37723750.49058318,2996851.86,7641290.399607775,10269247.69,45365040.89019096
341002,341-002,BULLDOZER KOMATSU D31P 341-002,650000000,KUMAI,Jun,6,AB,0.0,0.0,0,0.0,0.0,0.0,0,0,0.0,0.0,0.0,0.0,0.0,0.0,6770833.33,0.0,0.0,0.0,6770833.33,0.0,0.0,0.0,6770833.33,0.0
342014,342-014,BULLDOZER WEA B 165 YS 342-014,1550000000,KUMAI,Jun,6,AB,176.0,0.0,0,0.0,0.0,0.0,3633,0,0.0,0.0,0.0,0.0,0.0,0.0,0.0,0.0,0.0,0.0,0.0,0.0,0.0,0.0,0.0,0.0
342015,342-015,BULLDOZER WEA B 165 YS 342-015,1550000000,KUMAI,Jun,6,AB,9.0,100.0,51852600,99520000.0,0.0,13976284.373333333,0,0,0.0,0.0,0.0,24301200.0,56458.54,8191493.702292599,16145833.33,16145833.33,0.0,1688446.525989698,16202291.87,64303257.93161563,5179818.69,7641290.399607775,21382110.56,71944548.3312234
351012,351-012,GRADER XCMG GR-100 351-012,871971000,KUMAI,Jun,6,AB,145.0,150.0,147262000,125220000.0,5716512.0,13976284.373333333,828,0,20938.82,0.0,17337342.96,16924050.0,10884159.78,3775825.4563504537,9083031.25,9083031.25,0.0,852396.9322078006,43021045.99,44611588.01189159,14710746.6,7641290.399607775,57731792.59,52252878.411499366
361008,361-008,BACKHOE LOADER CAT 416 F2 361-008,1041000000,KUMAI,Jun,6,AB,0.0,200.0,0,136880000.0,0.0,13976284.373333333,0,0,0.0,0.0,0.0,14927879.999999998,69479798.96,9380630.52645075,0.0,0.0,0.0,569237.6773305518,69479798.96,38854032.577114634,0.0,7641290.399607775,69479798.96,46495322.97672241
361011,361-011,BACKHOE LOADER CATTERPILLAR 426F2 361-011,994956000,KUMAI,Jun,6,AB,370.0,200.0,301546000,136880000.0,9225429.0,13976284.373333333,1617,0,20938.82,0.0,33858071.94,14927879.999999998,22665601.6,8731803.866523666,10364125.0,10364125.0,0.0,560480.1746023895,76113227.54,48560573.414459385,30122956.33,7641290.399607775,106236183.87,56201863.81406716
361012,361-012,BACKHOE LOADER CATERPILLAR 416 F 361-012,1258506250,KUMAI,Jun,6,AB,346.0,200.0,285719000,136880000.0,15741122.0,13976284.373333333,1531,0,20938.82,0.0,32057333.42,14927879.999999998,7102219.26,4183378.0619403333,34958506.94,34958506.94,968541.66,373653.4497349263,90827723.28,68419702.82500859,28541917.19,7641290.399607775,119369640.47,76060993.22461636
371012,371-012,COMPACTOR SAKAI SV 526-D 371-012,915000000,KUMAI,Jun,6,AB,149.0,150.0,128229400,106080000.0,6162048.0,8591129.686666667,955,0,22572.33,0.0,21556573.1,16924050.0,1384387.79,4256113.536225334,9531250.0,9531250.0,0.0,560480.1746023895,38634258.89,39863023.39749439,12809483.85,7641290.399607775,51443742.74,47504313.79710217
371013,371-013,COMPACTOR SAKAI SV 526-D 371-013,891958000,KUMAI,Jun,6,AB,84.0,150.0,79020000,106080000.0,2593636.0,8591129.686666667,451,0,20938.82,0.0,9443407.82,16924050.0,20729.27,2772780.2028920003,9291229.17,9291229.17,0.0,583833.5152108222,21349002.26,38163022.57476949,7893707.79,7641290.399607775,29242710.05,45804312.97437727
391001,391-001,CRANE KATO KR 25 HV 39-01 391-001,0,KUMAI,Jun,6,AB,0.0,0.0,0,0.0,0.0,0.0,0,0,0.0,0.0,0.0,0.0,0.0,0.0,0.0,0.0,0.0,0.0,0.0,0.0,0.0,0.0,0.0,0.0
4201,4201,Pompa Air,0,KUMAI,Jun,6,AB,0.0,30.0,0,5433180.0,0.0,0.0,0,0,0.0,0.0,0.0,0.0,0.0,2120633.9499999997,0.0,2716590.23,0.0,293214.16541699076,0.0,5130438.34541699,0.0,0.0,0.0,5130438.34541699
4202,4202,Pompa Air,0,KUMAI,Jun,6,AB,0.0,30.0,0,5625000.0,0.0,0.0,0,0,0.0,0.0,0.0,0.0,0.0,2578967.283333333,0.0,1727094.0107291667,0.0,339920.84663385653,0.0,4645982.140696356,0.0,0.0,0.0,4645982.140696356
4203,4203,Pompa Air,0,KUMAI,Jun,6,AB,0.0,30.0,0,5625000.0,0.0,0.0,0,0,0.0,0.0,0.0,0.0,0.0,2253967.283333333,0.0,2678838.21875,0.0,339920.84663385653,0.0,5272726.348717189,0.0,0.0,0.0,5272726.348717189
4204,4204,Pompa Air,0,KUMAI,Jun,6,AB,0.0,30.0,0,5208333.0,0.0,0.0,0,0,0.0,0.0,0.0,0.0,0.0,1628967.2833333332,0.0,2678838.21875,0.0,339920.84663385653,0.0,4647726.348717189,0.0,0.0,0.0,4647726.348717189
4206,4206,Pompa Air,0,KUMAI,Jun,6,AB,0.0,30.0,0,5625000.0,0.0,0.0,0,0,0.0,0.0,0.0,0.0,0.0,2578967.283333333,0.0,1463265.3125,0.0,339920.84663385653,0.0,4382153.442467189,0.0,0.0,0.0,4382153.442467189
4207,4207,Pompa Air,0,KUMAI,Jun,6,AB,0.0,30.0,0,5625000.0,0.0,0.0,0,0,0.0,0.0,0.0,0.0,0.0,1878967.2833333332,0.0,2906250.0,0.0,324351.9528949013,0.0,5109569.236228234,0.0,0.0,0.0,5109569.236228234
4208,4208,Pompa Air,0,KUMAI,Jun,6,AB,0.0,30.0,0,5625000.0,0.0,0.0,0,0,0.0,0.0,0.0,0.0,0.0,1941467.2833333332,0.0,2906250.0,0.0,339920.84663385653,0.0,5187638.129967189,0.0,0.0,0.0,5187638.129967189
4209,4209,Pompa Air,0,KUMAI,Jun,6,AB,0.0,30.0,0,5625000.0,0.0,0.0,0,0,0.0,0.0,0.0,0.0,0.0,2203967.283333333,0.0,2580705.7083333335,0.0,324351.9528949013,0.0,5109024.944561568,0.0,0.0,0.0,5109024.944561568
244001,241-001,TRUCK ISUZU ELF NKR 71 HD 4X4 B 9853 BDG 241-001,0,KUMAI,Jan,1,TR,0.0,0.0,0,0.0,0.0,0.0,0,0,0.0,0.0,0.0,0.0,0.0,0.0,0.0,0.0,0.0,0.0,0.0,0.0,0.0,0.0,0.0,0.0
244002,244-002,TRUCK ISUZU NPS 4X4 MT 244-002,213321630,KUMAI,Jan,1,TR,1370.0,0.0,0,0.0,0.0,0.0,0,0,0.0,0.0,0.0,0.0,0.0,0.0,0.0,0.0,0.0,0.0,0.0,0.0,0.0,0.0,0.0,0.0
251058,251-058,DUMP TRUCK HINO 130HD 251-058,416237315,KUMAI,Jan,1,TR,3030.0,1550.125,84652626,0.0,11866815.0,9340249.236666666,1197,0,15171.88,0.0,18160740.36,13453534.875,4162229.71,8182631.987014201,4335805.36,4335805.364583333,268916.67,190496.38415414467,38794507.1,35502717.84741834,3260402.0,3644357.6942460323,42054909.1,39147075.54166437
251061,251-061,DUMP TRUCK HINO 136 HDX DA 8707 JL 251-061,556170066,KUMAI,Jan,1,TR,3053.0,1550.125,95182856,98610120.0,11181435.0,9340249.236666666,1088,0,15171.88,0.0,16507005.44,13453534.875,5836003.61,8182631.987014201,15449168.5,15126425.0,0.0,190496.38415414467,48973612.55,46293337.48283501,3665974.57,3644357.6942460323,52639587.12,49937695.17708104
251062,251-062,DUMP TRUCK HINO 136 HDX 251-062,544551300,KUMAI,Jan,1,TR,3205.0,1550.125,113016045,98610120.0,10044514.0,9340249.236666666,1164,0,15171.88,0.0,17660068.32,13453534.875,5233474.94,8182631.987014201,15126425.0,15126425.0,0.0,190496.38415414467,48064482.26,46293337.48283501,4352821.13,3644357.6942460323,52417303.39,49937695.17708104
254001,254-001,DUMP TRUCK ISUZU NPS 254-001,799638133,KUMAI,Jan,1,TR,0.0,1550.125,0,62913012.5,0.0,9340249.236666666,0,0,0.0,0.0,0.0,13453534.875,0.0,13511435.947624994,8329563.89,7672656.96875,0.0,147967.24265656655,8329563.89,44125844.27069823,0.0,3644357.6942460323,8329563.89,47770201.96494426
254002,254-002,DUMP TRUCK ISUZU NPS 254-002,799638134,KUMAI,Jan,1,TR,340.0,1550.125,62715514,8566828.125,7538651.0,9340249.236666666,1156,0,15171.88,0.0,17538693.28,13453534.875,6342372.7,13511435.947624994,8329563.9,7672656.979166667,0.0,147967.24265656655,39749280.88,44125844.28111489,2415492.55,3644357.6942460323,42164773.43,47770201.97536092
254003,254-003,DUMP TRUCK ISUZU NPS 254-003,805000000,KUMAI,Jan,1,TR,1615.0,1550.125,96818180,75076992.6875,9507373.0,9340249.236666666,676,0,15171.88,0.0,10256190.88,13453534.875,612639.73,12603565.697624994,8385416.67,8385416.666666667,0.0,147967.24265656655,28761620.28,43930733.71861489,3728959.19,3644357.6942460323,32490579.47,47575091.41286092
254004,254-004,DUMP TRUCK ISUZU NPS 81 254-004,783141767,KUMAI,Jan,1,TR,1856.0,1550.125,92241353,8566828.125,10648137.0,9340249.236666666,1151,0,15171.88,0.0,17462833.88,13453534.875,2842123.56,6801942.476678501,8157726.74,8157726.739583333,456250.0,147967.24265656655,39567071.18,37901420.570585065,3552682.37,3644357.6942460323,43119753.55,41545778.264831096
254005,254-005,DUMP TRUCK ISUZU NPS 81 254-005,808405058,KUMAI,Jan,1,TR,2226.0,1550.125,60170047,42884422.1875,7539382.0,9340249.236666666,1160,0,15171.88,0.0,17599380.8,13453534.875,8289313.69,12603565.697624994,22455696.06,22455696.05888889,374736.11,147967.24265656655,56258508.66,58001013.11083712,2317453.71,3644357.6942460323,58575962.37,61645370.80508315
254006,254-006,DUMP TRUCK ISUZU NPS 81 254-006,808405058,KUMAI,Jan,1,TR,3065.0,1550.125,76300930,98610120.0,7735060.0,9340249.236666666,1477,0,15171.88,0.0,22408866.76,13453534.875,4145684.73,12603565.697624994,22455696.06,22455696.059166666,374736.11,147967.24265656655,57120043.66,58001013.1111149,2938735.83,3644357.6942460323,60058779.49,61645370.80536093
254007,254-007,DUMP TRUCK HINO 130 HD 4X4 254-007,761199489,KUMAI,Jan,1,TR,2921.0,1550.125,86807120,163340416.42499998,7474963.0,9340249.236666666,1440,0,15171.88,0.0,21847507.2,13453534.875,2946705.8,8162330.9720142,7929161.34,7929161.34375,1388132.72,190496.38415414467,41586470.06,39075772.81158501,3343382.5,3644357.6942460323,44929852.56,42720130.50583104
254008,254-008,DUMP TRUCK HINO 130 HD 4X4 254-008,761199489,KUMAI,Jan,1,TR,2844.0,1550.125,82952567,75076992.6875,9761569.0,9340249.236666666,1323,0,15171.88,0.0,20072397.24,13453534.875,13647830.56,8162330.9720142,7929161.34,7929161.34375,1388132.72,190496.38415414467,52799090.86,39075772.81158501,3194924.11,3644357.6942460323,55994014.97,42720130.50583104
254009,254-009,DUMP TRUCK ISUZU NKR 71  B 9853 BDG 254-009,161994822,KUMAI,Jan,1,TR,712.0,1550.125,57653820,98610120.0,9478121.0,9340249.236666666,661,0,15171.88,0.0,10028612.68,13453534.875,5682370.26,6705438.7014999995,2513027.45,2513027.454828004,0.0,147967.24265656655,27702131.39,32160217.510651235,2220541.04,3644357.6942460323,29922672.43,35804575.20489727
271002,271-002,ARM ROLL HINO 130 HD DA 8589 CQ 271-002,450156856,KUMAI,Jan,1,TR,309.0,1550.125,9694621,163340416.42499998,2298438.0,9340249.236666666,115,0,15171.88,0.0,1744766.2,13453534.875,18597720.18,6801942.476678501,4689133.92,0.0,0.0,190496.38415414467,27330058.3,29786222.97249931,373389.03,3644357.6942460323,27703447.33,33430580.666745342
272001,272-001,ARM ROLL ISUZU NPS 81 272-001,879957725,KUMAI,Jan,1,TR,502.0,1550.125,126674400,42884422.1875,11591459.0,9340249.236666666,1704,0,15171.88,0.0,25852883.52,13453534.875,11581332.27,12603565.697624994,9166226.3,9166226.302083334,483138.88,147967.24265656655,58675039.97,44711543.35403156,4878873.66,3644357.6942460323,63553913.63,48355901.048277594
272002,272-002,ARM ROLL ISUZU NPS 81 272-002,879957725,KUMAI,Jan,1,TR,29.0,1550.125,4436084,42884422.1875,3865055.0,9340249.236666666,156,0,15171.88,0.0,2366813.28,13453534.875,98116329.22,12603565.697624994,9166226.3,9166226.302083334,483138.88,147967.24265656655,113997562.68,44711543.35403156,170856.1,3644357.6942460323,114168418.78,48355901.048277594
272003,272-003,ARMROLL HINO 136 HDX 272-003,873809500,KUMAI,Jan,1,TR,2732.0,1550.125,124262616,38049906.25,12068911.0,9340249.236666666,1197,0,15171.88,0.0,18160740.36,13453534.875,2851605.15,6801942.476678501,9102182.29,9102182.291666666,506070.83,108855.07665951124,42689509.63,38806763.95667134,4785983.63,3644357.6942460323,47475493.26,42451121.65091737
272004,272-004,ARM ROLL HINO 136 HDX 272-004,916051300,KUMAI,Jan,1,TR,2756.0,1550.125,85577669,5089875.0,7654464.0,9340249.236666666,1059,0,15171.88,0.0,16067020.92,13453534.875,1946754.15,6801942.476678501,25445869.44,25445869.444444444,2866623.0,108855.07665951124,53980731.51,55150451.10944912,3296030.1,3644357.6942460323,57276761.61,58794808.80369515
272005,272-005,ARM ROLL HINO 136 HDX 272-005,916051300,KUMAI,Jan,1,TR,3895.0,1550.125,130412550,75076992.6875,11622423.0,9340249.236666666,1964,0,15171.88,0.0,29797572.32,13453534.875,8864470.02,6801942.476678501,25445869.44,25445869.444444444,2866623.0,108855.07665951124,78596957.78,55150451.10944912,5022848.78,3644357.6942460323,83619806.56,58794808.80369515
272xx1,272xx1,,0,KUMAI,Jan,1,TR,0.0,1550.125,0,42884422.1875,0.0,9340249.236666666,0,0,0.0,0.0,0.0,13453534.875,0.0,6801942.476678501,0.0,9166226.302083334,0.0,90712.56388292603,0.0,38852665.45431142,0.0,3644357.6942460323,0.0,42497023.148557454
272xx2,272xx2,,0,KUMAI,Jan,1,TR,0.0,1550.125,0,75076992.6875,0.0,9340249.236666666,0,0,0.0,0.0,0.0,13453534.875,0.0,6801942.476678501,0.0,9166226.302083334,0.0,90712.56388292603,0.0,38852665.45431142,0.0,3644357.6942460323,0.0,42497023.148557454
272xx3,272xx3,,0,KUMAI,Jan,1,TR,0.0,1550.125,0,98610120.0,0.0,9340249.236666666,0,0,0.0,0.0,0.0,13453534.875,0.0,6801942.476678501,0.0,9166226.302083334,0.0,90712.56388292603,0.0,38852665.45431142,0.0,3644357.6942460323,0.0,42497023.148557454
244001,241-001,TRUCK ISUZU ELF NKR 71 HD 4X4 B 9853 BDG 241-001,0,KUMAI,Feb,2,TR,0.0,0.0,0,0.0,0.0,0.0,0,0,0.0,0.0,0.0,0.0,0.0,0.0,0.0,0.0,0.0,0.0,0.0,0.0,0.0,0.0,0.0,0.0
244002,244-002,TRUCK ISUZU NPS 4X4 MT 244-002,213321630,KUMAI,Feb,2,TR,995.0,0.0,0,0.0,0.0,0.0,0,0,0.0,0.0,0.0,0.0,0.0,0.0,0.0,0.0,0.0,0.0,0.0,0.0,0.0,0.0,0.0,0.0
251058,251-058,DUMP TRUCK HINO 130HD 251-058,416237315,KUMAI,Feb,2,TR,2091.0,1550.125,72380021,98610120.0,18989137.0,9340249.236666666,848,0,15140.43,0.0,12839084.64,13453534.875,695323.92,8182631.987014201,4335805.36,4335805.364583333,708916.67,190496.38415414467,37568267.59,35502717.84741834,8210919.5,3644357.6942460323,45779187.09,39147075.54166437
251061,251-061,DUMP TRUCK HINO 136 HDX DA 8707 JL 251-061,556170066,KUMAI,Feb,2,TR,2601.0,1550.125,57079780,98610120.0,3826179.0,9340249.236666666,1004,0,15140.43,0.0,15200991.72,13453534.875,1510652.3,8182631.987014201,15449168.5,15126425.0,0.0,190496.38415414467,35986991.52,46293337.48283501,6475232.7,3644357.6942460323,42462224.22,49937695.17708104
251062,251-062,DUMP TRUCK HINO 136 HDX 251-062,544551300,KUMAI,Feb,2,TR,2613.0,1550.125,74685335,98610120.0,4978071.0,9340249.236666666,790,0,15140.43,0.0,11960939.7,13453534.875,1808147.79,8182631.987014201,15126425.0,15126425.0,440000.0,190496.38415414467,34313583.49,46293337.48283501,8472438.46,3644357.6942460323,42786021.95,49937695.17708104
254001,254-001,DUMP TRUCK ISUZU NPS 254-001,799638133,KUMAI,Feb,2,TR,0.0,1550.125,0,98610120.0,0.0,9340249.236666666,0,0,0.0,0.0,0.0,13453534.875,49870509.25,13511435.947624994,8329563.89,7672656.96875,0.0,147967.24265656655,58200073.14,44125844.27069823,0.0,3644357.6942460323,58200073.14,47770201.96494426
254002,254-002,DUMP TRUCK ISUZU NPS 254-002,799638134,KUMAI,Feb,2,TR,353.0,1550.125,62850551,5089875.0,7084247.0,9340249.236666666,847,0,15140.43,0.0,12823944.21,13453534.875,6003664.45,13511435.947624994,8329563.9,7672656.979166667,440000.0,147967.24265656655,34681419.56,44125844.28111489,7129879.32,3644357.6942460323,41811298.88,47770201.97536092
254003,254-003,DUMP TRUCK ISUZU NPS 254-003,805000000,KUMAI,Feb,2,TR,2271.0,1550.125,86589204,75076992.6875,8697786.0,9340249.236666666,813,0,15140.43,0.0,12309169.59,13453534.875,1152638.74,12603565.697624994,8385416.67,8385416.666666667,755316.0,147967.24265656655,31300327.0,43930733.71861489,9822834.73,3644357.6942460323,41123161.73,47575091.41286092
254004,254-004,DUMP TRUCK ISUZU NPS 81 254-004,783141767,KUMAI,Feb,2,TR,2350.0,1550.125,72212405,8566828.125,8038449.0,9340249.236666666,1001,0,15140.43,0.0,15155570.43,13453534.875,25591647.22,6801942.476678501,8157726.74,8157726.739583333,1211566.0,147967.24265656655,58154959.39,37901420.570585065,8191904.84,3644357.6942460323,66346864.23,41545778.264831096
254005,254-005,DUMP TRUCK ISUZU NPS 81 254-005,808405058,KUMAI,Feb,2,TR,2649.0,1550.125,71532020,42884422.1875,7687602.0,9340249.236666666,1240,0,15140.43,0.0,18774133.2,13453534.875,35345710.22,12603565.697624994,22455696.06,22455696.05888889,814736.11,147967.24265656655,85077877.59,58001013.11083712,8114720.75,3644357.6942460323,93192598.34,61645370.80508315
254006,254-006,DUMP TRUCK ISUZU NPS 81 254-006,808405058,KUMAI,Feb,2,TR,1045.0,1550.125,33860163,62913012.5,6359918.0,9340249.236666666,492,0,15140.43,0.0,7449091.56,13453534.875,61364376.2,12603565.697624994,22455696.06,22455696.059166666,814736.11,147967.24265656655,98443817.93,58001013.1111149,3841157.67,3644357.6942460323,102284975.6,61645370.80536093
254007,254-007,DUMP TRUCK HINO 130 HD 4X4 254-007,761199489,KUMAI,Feb,2,TR,2271.0,1550.125,56615572,8566828.125,7202327.0,9340249.236666666,924,0,15140.43,0.0,13989757.32,13453534.875,5580625.38,8162330.9720142,7929161.34,7929161.34375,1388132.72,190496.38415414467,36090003.76,39075772.81158501,6422572.11,3644357.6942460323,42512575.87,42720130.50583104
254008,254-008,DUMP TRUCK HINO 130 HD 4X4 254-008,761199489,KUMAI,Feb,2,TR,2544.0,1550.125,70011903,75076992.6875,7688409.0,9340249.236666666,1105,0,15140.43,0.0,16730175.15,13453534.875,4495655.7,8162330.9720142,7929161.34,7929161.34375,1828132.72,190496.38415414467,38671533.91,39075772.81158501,7942275.94,3644357.6942460323,46613809.85,42720130.50583104
254009,254-009,DUMP TRUCK ISUZU NKR 71  B 9853 BDG 254-009,161994822,KUMAI,Feb,2,TR,134.0,1550.125,12022290,0.0,6919619.0,9340249.236666666,275,0,15140.43,0.0,4163618.25,13453534.875,3841168.54,6705438.7014999995,2513027.45,2513027.454828004,440000.0,147967.24265656655,17877433.24,32160217.510651235,1363830.16,3644357.6942460323,19241263.4,35804575.20489727
271002,271-002,ARM ROLL HINO 130 HD DA 8589 CQ 271-002,450156856,KUMAI,Feb,2,TR,829.0,1550.125,19652761,38049906.25,731502.0,9340249.236666666,375,0,15140.43,0.0,5677661.25,13453534.875,3603199.95,6801942.476678501,4689133.92,0.0,0.0,190496.38415414467,14701497.12,29786222.97249931,2229444.48,3644357.6942460323,16930941.6,33430580.666745342
272001,272-001,ARM ROLL ISUZU NPS 81 272-001,879957725,KUMAI,Feb,2,TR,858.0,1550.125,63569423,42884422.1875,6605994.0,9340249.236666666,1087,0,15140.43,0.0,16457647.41,13453534.875,42464208.05,12603565.697624994,9166226.3,9166226.302083334,923138.88,147967.24265656655,75617214.64,44711543.35403156,7211429.45,3644357.6942460323,82828644.09,48355901.048277594
272002,272-002,ARM ROLL ISUZU NPS 81 272-002,879957725,KUMAI,Feb,2,TR,476.0,1550.125,111553248,42884422.1875,10684887.0,9340249.236666666,1336,0,15140.43,0.0,20227614.48,13453534.875,13824422.72,12603565.697624994,9166226.3,9166226.302083334,923138.88,147967.24265656655,54826289.38,44711543.35403156,12654800.69,3644357.6942460323,67481090.07,48355901.048277594
272003,272-003,ARMROLL HINO 136 HDX 272-003,873809500,KUMAI,Feb,2,TR,2363.0,1550.125,104693165,163340416.42499998,10021459.0,9340249.236666666,837,0,15140.43,0.0,12672539.91,13453534.875,1264877.47,6801942.476678501,9102182.29,9102182.291666666,946070.83,108855.07665951124,34007129.5,38806763.95667134,11876580.56,3644357.6942460323,45883710.06,42451121.65091737
272004,272-004,ARM ROLL HINO 136 HDX 272-004,916051300,KUMAI,Feb,2,TR,2015.0,1550.125,66579581,163340416.42499998,6346876.0,9340249.236666666,805,0,15140.43,0.0,12188046.15,13453534.875,3284417.04,6801942.476678501,25445869.44,25445869.444444444,2866623.0,108855.07665951124,50131831.63,55150451.10944912,7552907.18,3644357.6942460323,57684738.81,58794808.80369515
272005,272-005,ARM ROLL HINO 136 HDX 272-005,916051300,KUMAI,Feb,2,TR,3357.0,1550.125,113827170,75076992.6875,9670454.0,9340249.236666666,1605,0,15140.43,0.0,24300390.15,13453534.875,2195886.83,6801942.476678501,25445869.44,25445869.444444444,3306623.0,108855.07665951124,64919223.42,55150451.10944912,12912758.48,3644357.6942460323,77831981.9,58794808.80369515
272xx1,272xx1,,0,KUMAI,Feb,2,TR,0.0,1550.125,0,42884422.1875,0.0,9340249.236666666,0,0,0.0,0.0,0.0,13453534.875,0.0,6801942.476678501,0.0,9166226.302083334,0.0,90712.56388292603,0.0,38852665.45431142,0.0,3644357.6942460323,0.0,42497023.148557454
272xx2,272xx2,,0,KUMAI,Feb,2,TR,0.0,1550.125,0,75076992.6875,0.0,9340249.236666666,0,0,0.0,0.0,0.0,13453534.875,0.0,6801942.476678501,0.0,9166226.302083334,0.0,90712.56388292603,0.0,38852665.45431142,0.0,3644357.6942460323,0.0,42497023.148557454
272xx3,272xx3,,0,KUMAI,Feb,2,TR,0.0,1550.125,0,98610120.0,0.0,9340249.236666666,0,0,0.0,0.0,0.0,13453534.875,0.0,6801942.476678501,0.0,9166226.302083334,0.0,90712.56388292603,0.0,38852665.45431142,0.0,3644357.6942460323,0.0,42497023.148557454
244001,241-001,TRUCK ISUZU ELF NKR 71 HD 4X4 B 9853 BDG 241-001,0,KUMAI,Mar,3,TR,0.0,0.0,0,0.0,0.0,0.0,0,0,0.0,0.0,0.0,0.0,0.0,0.0,0.0,0.0,0.0,0.0,0.0,0.0,0.0,0.0,0.0,0.0
244002,244-002,TRUCK ISUZU NPS 4X4 MT 244-002,213321630,KUMAI,Mar,3,TR,574.0,0.0,0,0.0,0.0,0.0,0,0,0.0,0.0,0.0,0.0,0.0,0.0,0.0,0.0,0.0,0.0,0.0,0.0,0.0,0.0,0.0,0.0
251058,251-058,DUMP TRUCK HINO 130HD 251-058,416237315,KUMAI,Mar,3,TR,2057.0,1550.125,67001259,0.0,9618481.0,13281549.236666666,726,0,15142.86,0.0,10993716.36,13453534.875,2043931.08,8182631.987014201,4335805.36,4335805.364583333,0.0,190496.38415414467,26991933.8,39444017.84741835,5557560.31,4958124.360912697,32549494.11,44402142.20833105
251061,251-061,DUMP TRUCK HINO 136 HDX DA 8707 JL 251-061,556170066,KUMAI,Mar,3,TR,2070.0,1550.125,61842846,135914548.54999998,13121734.0,13281549.236666666,785,0,15142.86,0.0,11887145.1,13453534.875,3812534.02,8182631.987014201,15449168.5,15126425.0,0.0,190496.38415414467,44270581.62,50234637.48283501,5129684.9,4958124.360912697,49400266.52,55192761.843747705
251062,251-062,DUMP TRUCK HINO 136 HDX 251-062,544551300,KUMAI,Mar,3,TR,1963.0,1550.125,71398794,98777420.0,8809280.0,13281549.236666666,575,0,15142.86,0.0,8707144.5,13453534.875,1934842.07,8182631.987014201,15126425.0,15126425.0,0.0,190496.38415414467,34577691.57,50234637.48283501,5922323.1,4958124.360912697,40500014.67,55192761.843747705
254001,254-001,DUMP TRUCK ISUZU NPS 254-001,799638133,KUMAI,Mar,3,TR,0.0,1550.125,0,98777420.0,0.0,13281549.236666666,0,0,0.0,0.0,0.0,13453534.875,637685.38,13511435.947624994,8329563.89,7672656.96875,0.0,147967.24265656655,8967249.27,48067144.27069823,0.0,4958124.360912697,8967249.27,53025268.63161092
254002,254-002,DUMP TRUCK ISUZU NPS 254-002,799638134,KUMAI,Mar,3,TR,509.0,1550.125,62747128,98777420.0,8084823.0,13281549.236666666,833,0,15142.86,0.0,12614002.38,13453534.875,6928103.53,13511435.947624994,8329563.9,7672656.979166667,0.0,147967.24265656655,35956492.81,48067144.28111489,5204692.47,4958124.360912697,41161185.28,53025268.64202759
254003,254-003,DUMP TRUCK ISUZU NPS 254-003,805000000,KUMAI,Mar,3,TR,2199.0,1550.125,61462276,85338781.0625,9601295.0,13281549.236666666,764,0,15142.86,0.0,11569145.04,13453534.875,13949386.21,12603565.697624994,8385416.67,8385416.666666667,0.0,147967.24265656655,43505242.92,47872033.71861489,5098117.72,4958124.360912697,48603360.64,52830158.07952759
254004,254-004,DUMP TRUCK ISUZU NPS 81 254-004,783141767,KUMAI,Mar,3,TR,1960.0,1550.125,51709866,15608756.25,6354748.0,13281549.236666666,819,0,15142.86,0.0,12402002.34,13453534.875,14832488.35,6801942.476678501,8157726.74,8157726.739583333,456250.0,147967.24265656655,42203215.43,41842720.570585065,4289183.57,4958124.360912697,46492399.0,46800844.93149776
254005,254-005,DUMP TRUCK ISUZU NPS 81 254-005,808405058,KUMAI,Mar,3,TR,2196.0,1550.125,58274452,49641679.787499994,9691480.0,13281549.236666666,940,0,15142.86,0.0,14234288.4,13453534.875,17029353.92,12603565.697624994,22455696.06,22455696.05888889,374736.11,147967.24265656655,63785554.49,61942313.11083712,4833696.95,4958124.360912697,68619251.44,66900437.47174981
254006,254-006,DUMP TRUCK ISUZU NPS 81 254-006,808405058,KUMAI,Mar,3,TR,2458.0,1550.125,68394160,47590512.5,8050511.0,13281549.236666666,1049,0,15142.86,0.0,15884860.14,13453534.875,1312027.38,12603565.697624994,22455696.06,22455696.059166666,374736.11,147967.24265656655,48077830.69,61942313.1111149,5673097.41,4958124.360912697,53750928.1,66900437.47202759
254007,254-007,DUMP TRUCK HINO 130 HD 4X4 254-007,761199489,KUMAI,Mar,3,TR,3276.0,1550.125,87930299,135914548.54999998,9685754.0,13281549.236666666,1477,0,15142.86,0.0,22366004.22,13453534.875,3043343.95,8162330.9720142,7929161.34,7929161.34375,1388132.72,190496.38415414467,44412396.23,43017072.81158501,7293563.54,4958124.360912697,51705959.77,47975197.172497705
254008,254-008,DUMP TRUCK HINO 130 HD 4X4 254-008,761199489,KUMAI,Mar,3,TR,2084.0,1550.125,63539543,85338781.0625,9376761.0,13281549.236666666,852,0,15142.86,0.0,12901716.72,13453534.875,3919239.66,8162330.9720142,7929161.34,7929161.34375,1388132.72,190496.38415414467,35515011.44,43017072.81158501,5270421.0,4958124.360912697,40785432.44,47975197.172497705
254009,254-009,DUMP TRUCK ISUZU NKR 71  B 9853 BDG 254-009,161994822,KUMAI,Mar,3,TR,168.0,1550.125,9489870,98777420.0,8003195.0,13281549.236666666,92,0,15142.86,0.0,1393143.12,13453534.875,9630073.67,6705438.7014999995,2513027.45,2513027.454828004,0.0,147967.24265656655,21539439.24,36101517.51065123,787157.22,4958124.360912697,22326596.46,41059641.87156393
271002,271-002,ARM ROLL HINO 130 HD DA 8589 CQ 271-002,450156856,KUMAI,Mar,3,TR,0.0,1550.125,0,135914548.54999998,2964957.0,13281549.236666666,0,0,0.0,0.0,0.0,13453534.875,13042152.99,6801942.476678501,4689133.92,0.0,3786900.0,190496.38415414467,24483143.91,33727522.97249931,0.0,4958124.360912697,24483143.91,38685647.33341201
272001,272-001,ARM ROLL ISUZU NPS 81 272-001,879957725,KUMAI,Mar,3,TR,961.0,1550.125,26935590,49641679.787499994,3646080.0,13281549.236666666,477,0,15142.86,0.0,7223144.22,13453534.875,61490886.2,12603565.697624994,9166226.3,9166226.302083334,483138.88,147967.24265656655,82009475.6,48652843.35403156,2234229.15,4958124.360912697,84243704.75,53610967.71494426
272002,272-002,ARM ROLL ISUZU NPS 81 272-002,879957725,KUMAI,Mar,3,TR,1818.0,1550.125,66201334,49641679.787499994,7887155.0,13281549.236666666,799,0,15142.86,0.0,12099145.14,13453534.875,155754464.5,12603565.697624994,9166226.3,9166226.302083334,483138.88,147967.24265656655,185390129.82,48652843.35403156,5491208.85,4958124.360912697,190881338.67,53610967.71494426
272003,272-003,ARMROLL HINO 136 HDX 272-003,873809500,KUMAI,Mar,3,TR,2818.0,1550.125,115586500,17415606.25,15153930.0,13281549.236666666,1073,0,15142.86,0.0,16248288.78,13453534.875,4079447.27,6801942.476678501,9102182.29,9102182.291666666,506070.83,108855.07665951124,45089919.17,42748063.95667134,9587565.29,4958124.360912697,54677484.46,47706188.31758404
272004,272-004,ARM ROLL HINO 136 HDX 272-004,916051300,KUMAI,Mar,3,TR,2836.0,1550.125,66343334,5089875.0,8879216.0,13281549.236666666,1153,0,15142.86,0.0,17459717.58,13453534.875,26685336.68,6801942.476678501,25445869.44,25445869.444444444,2866623.0,108855.07665951124,81336762.7,59091751.10944912,5502987.34,4958124.360912697,86839750.04,64049875.470361814
272005,272-005,ARM ROLL HINO 136 HDX 272-005,916051300,KUMAI,Mar,3,TR,2901.0,1550.125,88403518,85338781.0625,10856808.0,13281549.236666666,1232,0,15142.86,0.0,18656003.52,13453534.875,4097540.38,6801942.476678501,25445869.44,25445869.444444444,2866623.0,108855.07665951124,61922844.34,59091751.10944912,7332815.69,4958124.360912697,69255660.03,64049875.470361814
272xx1,272xx1,,0,KUMAI,Mar,3,TR,0.0,1550.125,0,49641679.787499994,0.0,13281549.236666666,0,0,0.0,0.0,0.0,13453534.875,0.0,6801942.476678501,0.0,9166226.302083334,0.0,90712.56388292603,0.0,42793965.45431142,0.0,4958124.360912697,0.0,47752089.81522412
272xx2,272xx2,,0,KUMAI,Mar,3,TR,0.0,1550.125,0,85338781.0625,0.0,13281549.236666666,0,0,0.0,0.0,0.0,13453534.875,0.0,6801942.476678501,0.0,9166226.302083334,0.0,90712.56388292603,0.0,42793965.45431142,0.0,4958124.360912697,0.0,47752089.81522412
272xx3,272xx3,,0,KUMAI,Mar,3,TR,0.0,1550.125,0,98777420.0,0.0,13281549.236666666,0,0,0.0,0.0,0.0,13453534.875,0.0,6801942.476678501,0.0,9166226.302083334,0.0,90712.56388292603,0.0,42793965.45431142,0.0,4958124.360912697,0.0,47752089.81522412
244001,241-001,TRUCK ISUZU ELF NKR 71 HD 4X4 B 9853 BDG 241-001,0,KUMAI,Apr,4,TR,0.0,0.0,0,0.0,0.0,0.0,0,0,0.0,0.0,0.0,0.0,0.0,0.0,0.0,0.0,0.0,0.0,0.0,0.0,0.0,0.0,0.0,0.0
244002,244-002,TRUCK ISUZU NPS 4X4 MT 244-002,213321630,KUMAI,Apr,4,TR,472.0,0.0,0,0.0,0.0,0.0,0,0,0.0,0.0,0.0,0.0,0.0,0.0,0.0,0.0,0.0,0.0,0.0,0.0,0.0,0.0,0.0,0.0
251058,251-058,DUMP TRUCK HINO 130HD 251-058,416237315,KUMAI,Apr,4,TR,1989.0,1550.125,70541205,123471775.0,8037333.0,9340249.236666666,617,0,18223.08,0.0,11243640.36,13453534.875,2057446.57,8182631.987014201,4335805.36,4335805.364583333,0.0,190496.38415414467,25674225.29,35502717.84741834,3663722.48,3691976.74186508,29337947.77,39194694.58928342
251061,251-061,DUMP TRUCK HINO 136 HDX DA 8707 JL 251-061,556170066,KUMAI,Apr,4,TR,1934.0,1550.125,68694288,99035777.1375,11001288.0,9340249.236666666,540,0,18223.08,0.0,9840463.2,13453534.875,5408825.98,8182631.987014201,15449168.5,15126425.0,0.0,190496.38415414467,41699745.68,46293337.48283501,3567798.52,3691976.74186508,45267544.2,49985314.22470009
251062,251-062,DUMP TRUCK HINO 136 HDX 251-062,544551300,KUMAI,Apr,4,TR,1877.0,1550.125,67534595,99035777.1375,7564869.0,9340249.236666666,559,0,18223.08,0.0,10186701.72,13453534.875,3190657.11,8182631.987014201,15126425.0,15126425.0,0.0,190496.38415414467,36068652.83,46293337.48283501,3507567.15,3691976.74186508,39576219.98,49985314.22470009
254001,254-001,DUMP TRUCK ISUZU NPS 254-001,799638133,KUMAI,Apr,4,TR,0.0,1550.125,0,123471775.0,0.0,9340249.236666666,0,0,0.0,0.0,0.0,13453534.875,0.0,13511435.947624994,8329563.89,7672656.96875,0.0,147967.24265656655,8329563.89,44125844.27069823,0.0,3691976.74186508,8329563.89,47817821.0125633
254002,254-002,DUMP TRUCK ISUZU NPS 254-002,799638134,KUMAI,Apr,4,TR,379.0,1550.125,68350136,47590512.5,7268007.0,9340249.236666666,508,0,18223.08,0.0,9257324.64,13453534.875,13347744.13,13511435.947624994,8329563.9,7672656.979166667,315316.0,147967.24265656655,38517955.67,44125844.28111489,3549924.18,3691976.74186508,42067879.85,47817821.022979975
254003,254-003,DUMP TRUCK ISUZU NPS 254-003,805000000,KUMAI,Apr,4,TR,507.0,1550.125,21906265,80207907.3875,5034992.0,9340249.236666666,206,0,18223.08,0.0,3753954.48,13453534.875,3324929.2,12603565.697624994,8385416.67,8385416.666666667,0.0,147967.24265656655,20499292.35,43930733.71861489,1137753.11,3691976.74186508,21637045.46,47622710.460479975
254004,254-004,DUMP TRUCK ISUZU NPS 81 254-004,783141767,KUMAI,Apr,4,TR,2149.0,1550.125,69477090,7804378.125,7830011.0,9340249.236666666,1134,0,18223.08,0.0,20664972.72,13453534.875,480388.15,6801942.476678501,8157726.74,8157726.739583333,456250.0,147967.24265656655,37589348.61,37901420.570585065,3608455.18,3691976.74186508,41197803.79,41593397.31245014
254005,254-005,DUMP TRUCK ISUZU NPS 81 254-005,808405058,KUMAI,Apr,4,TR,1863.0,1550.125,70324208,61684067.98333333,7246529.0,9340249.236666666,734,0,18223.08,0.0,13375740.72,13453534.875,3710964.04,12603565.697624994,22455696.06,22455696.05888889,374736.11,147967.24265656655,47163665.93,58001013.11083712,3652452.23,3691976.74186508,50816118.16,61692989.8527022
254006,254-006,DUMP TRUCK ISUZU NPS 81 254-006,808405058,KUMAI,Apr,4,TR,2060.0,1550.125,100329065,123471775.0,9103325.0,9340249.236666666,1188,0,18223.08,0.0,21649019.04,13453534.875,3548829.93,12603565.697624994,22455696.06,22455696.059166666,374736.11,147967.24265656655,57131606.14,58001013.1111149,5210824.66,3691976.74186508,62342430.8,61692989.85297997
254007,254-007,DUMP TRUCK HINO 130 HD 4X4 254-007,761199489,KUMAI,Apr,4,TR,2609.0,1550.125,88031907,7804378.125,8756511.0,9340249.236666666,1039,0,18223.08,0.0,18933780.12,13453534.875,20724286.55,8162330.9720142,7929161.34,7929161.34375,1388132.72,190496.38415414467,57731871.73,39075772.81158501,4572143.0,3691976.74186508,62304014.73,42767749.55345009
254008,254-008,DUMP TRUCK HINO 130 HD 4X4 254-008,761199489,KUMAI,Apr,4,TR,1774.0,1550.125,64447820,80207907.3875,6352640.0,9340249.236666666,632,0,18223.08,0.0,11516986.56,13453534.875,10972936.66,8162330.9720142,7929161.34,7929161.34375,1388132.72,190496.38415414467,38159857.28,39075772.81158501,3347248.27,3691976.74186508,41507105.55,42767749.55345009
254009,254-009,DUMP TRUCK ISUZU NKR 71  B 9853 BDG 254-009,161994822,KUMAI,Apr,4,TR,53.0,1550.125,8269100,0.0,4479580.0,9340249.236666666,130,0,18223.08,0.0,2369000.4,13453534.875,3955597.28,6705438.7014999995,2513027.45,2513027.454828004,315316.0,147967.24265656655,13632521.13,32160217.510651235,429475.05,3691976.74186508,14061996.18,35852194.252516314
271002,271-002,ARM ROLL HINO 130 HD DA 8589 CQ 271-002,450156856,KUMAI,Apr,4,TR,0.0,1550.125,0,99035777.1375,0.0,9340249.236666666,0,0,0.0,0.0,0.0,13453534.875,4150818.48,6801942.476678501,4689133.92,0.0,0.0,190496.38415414467,8839952.4,29786222.97249931,0.0,3691976.74186508,8839952.4,33478199.71436439
272001,272-001,ARM ROLL ISUZU NPS 81 272-001,879957725,KUMAI,Apr,4,TR,263.0,1550.125,11723725,61684067.98333333,4726620.0,9340249.236666666,132,0,18223.08,0.0,2405446.56,13453534.875,32989352.5,12603565.697624994,9166226.3,9166226.302083334,483138.88,147967.24265656655,49770784.24,44711543.35403156,608899.08,3691976.74186508,50379683.32,48403520.09589665
272002,272-002,ARM ROLL ISUZU NPS 81 272-002,879957725,KUMAI,Apr,4,TR,2030.0,1550.125,86780423,61684067.98333333,8030568.0,9340249.236666666,756,0,18223.08,0.0,13776648.48,13453534.875,85562675.5,12603565.697624994,9166226.3,9166226.302083334,483138.88,147967.24265656655,117019257.16,44711543.35403156,4507144.25,3691976.74186508,121526401.41,48403520.09589665
272003,272-003,ARMROLL HINO 136 HDX 272-003,873809500,KUMAI,Apr,4,TR,2507.0,1550.125,151914983,17415606.25,10586291.0,9340249.236666666,910,0,18223.08,0.0,16583002.8,13453534.875,7487637.03,6801942.476678501,9102182.29,9102182.291666666,506070.83,108855.07665951124,44265183.95,38806763.95667134,7890059.97,3691976.74186508,52155243.92,42498740.698536426
272004,272-004,ARM ROLL HINO 136 HDX 272-004,916051300,KUMAI,Apr,4,TR,2362.0,1550.125,118378945,99035777.1375,8425402.0,9340249.236666666,986,0,18223.08,0.0,17967956.88,13453534.875,289143.33,6801942.476678501,25445869.44,25445869.444444444,0.0,108855.07665951124,52128371.65,55150451.10944912,6148287.4,3691976.74186508,58276659.05,58842427.8513142
272005,272-005,ARM ROLL HINO 136 HDX 272-005,916051300,KUMAI,Apr,4,TR,3457.0,1550.125,124640126,80207907.3875,11680675.0,9340249.236666666,1298,0,18223.08,0.0,23653557.84,13453534.875,6945158.82,6801942.476678501,25445869.44,25445869.444444444,0.0,108855.07665951124,67725261.1,55150451.10944912,6473476.48,3691976.74186508,74198737.58,58842427.8513142
272xx1,272xx1,,0,KUMAI,Apr,4,TR,0.0,1550.125,0,5089875.0,0.0,9340249.236666666,0,0,0.0,0.0,0.0,13453534.875,0.0,6801942.476678501,0.0,9166226.302083334,0.0,90712.56388292603,0.0,38852665.45431142,0.0,3691976.74186508,0.0,42544642.1961765
272xx2,272xx2,,0,KUMAI,Apr,4,TR,0.0,1550.125,0,80207907.3875,0.0,9340249.236666666,0,0,0.0,0.0,0.0,13453534.875,0.0,6801942.476678501,0.0,9166226.302083334,0.0,90712.56388292603,0.0,38852665.45431142,0.0,3691976.74186508,0.0,42544642.1961765
272xx3,272xx3,,0,KUMAI,Apr,4,TR,0.0,1550.125,0,123471775.0,0.0,9340249.236666666,0,0,0.0,0.0,0.0,13453534.875,0.0,6801942.476678501,0.0,9166226.302083334,0.0,90712.56388292603,0.0,38852665.45431142,0.0,3691976.74186508,0.0,42544642.1961765
244001,241-001,TRUCK ISUZU ELF NKR 71 HD 4X4 B 9853 BDG 241-001,0,KUMAI,May,5,TR,0.0,0.0,0,0.0,0.0,0.0,0,0,0.0,0.0,0.0,0.0,0.0,0.0,0.0,0.0,0.0,0.0,0.0,0.0,0.0,0.0,0.0,0.0
244002,244-002,TRUCK ISUZU NPS 4X4 MT 244-002,213321630,KUMAI,May,5,TR,648.0,0.0,0,0.0,0.0,0.0,0,0,0.0,0.0,0.0,0.0,0.0,0.0,0.0,0.0,0.0,0.0,0.0,0.0,0.0,0.0,0.0,0.0
251058,251-058,DUMP TRUCK HINO 130HD 251-058,416237315,KUMAI,May,5,TR,2311.0,1550.125,63469840,0.0,7307176.0,9340249.236666666,687,0,20759.48,0.0,14261762.76,13453534.875,1057808.92,8182631.987014201,4335805.36,4335805.364583333,0.0,190496.38415414467,26962553.04,35502717.84741834,2865402.92,3644357.6942460323,29827955.96,39147075.54166437
251061,251-061,DUMP TRUCK HINO 136 HDX DA 8707 JL 251-061,556170066,KUMAI,May,5,TR,2009.0,1550.125,51735895,101935911.4125,6132657.0,9340249.236666666,638,0,20759.48,0.0,13244548.24,13453534.875,996672.64,8182631.987014201,15449168.5,15126425.0,633716.67,190496.38415414467,36456763.05,46293337.48283501,2335663.44,3644357.6942460323,38792426.49,49937695.17708104
251062,251-062,DUMP TRUCK HINO 136 HDX 251-062,544551300,KUMAI,May,5,TR,2141.0,1550.125,63920513,123471775.0,7798999.0,9340249.236666666,621,0,20759.48,0.0,12891637.08,13453534.875,1455233.98,8182631.987014201,15126425.0,15126425.0,633716.67,190496.38415414467,37906011.73,46293337.48283501,2885748.96,3644357.6942460323,40791760.69,49937695.17708104
254001,254-001,DUMP TRUCK ISUZU NPS 254-001,799638133,KUMAI,May,5,TR,0.0,1550.125,0,123471775.0,0.0,9340249.236666666,0,0,0.0,0.0,0.0,13453534.875,3355979.81,13511435.947624994,8329563.89,7672656.96875,0.0,147967.24265656655,11685543.7,44125844.27069823,0.0,3644357.6942460323,11685543.7,47770201.96494426
254002,254-002,DUMP TRUCK ISUZU NPS 254-002,799638134,KUMAI,May,5,TR,983.0,1550.125,38012038,5089875.0,5661564.0,9340249.236666666,435,0,20759.48,0.0,9030373.8,13453534.875,59599981.31,13511435.947624994,8329563.9,7672656.979166667,0.0,147967.24265656655,82621483.01,44125844.28111489,1716087.59,3644357.6942460323,84337570.6,47770201.97536092
254003,254-003,DUMP TRUCK ISUZU NPS 254-003,805000000,KUMAI,May,5,TR,881.0,1550.125,22197100,85338781.0625,5915727.0,9340249.236666666,333,0,20759.48,0.0,6912906.84,13453534.875,15151814.98,12603565.697624994,8385416.67,8385416.666666667,0.0,147967.24265656655,36365865.49,43930733.71861489,1002108.01,3644357.6942460323,37367973.5,47575091.41286092
254004,254-004,DUMP TRUCK ISUZU NPS 81 254-004,783141767,KUMAI,May,5,TR,1541.0,1550.125,49067073,7804378.125,6957435.0,9340249.236666666,933,0,20759.48,0.0,19368594.84,13453534.875,23249100.26,6801942.476678501,8157726.74,8157726.739583333,456250.0,147967.24265656655,58189106.84,37901420.570585065,2215177.07,3644357.6942460323,60404283.91,41545778.264831096
254005,254-005,DUMP TRUCK ISUZU NPS 81 254-005,808405058,KUMAI,May,5,TR,1969.0,1550.125,58173951,66188906.383333325,6716002.0,9340249.236666666,770,0,20759.48,0.0,15984799.6,13453534.875,5186583.43,12603565.697624994,22455696.06,22455696.05888889,374736.11,147967.24265656655,50717817.2,58001013.11083712,2626315.26,3644357.6942460323,53344132.46,61645370.80508315
254006,254-006,DUMP TRUCK ISUZU NPS 81 254-006,808405058,KUMAI,May,5,TR,2617.0,1550.125,83330120,7804378.125,10530965.0,9340249.236666666,1170,0,20759.48,0.0,24288591.6,13453534.875,5147306.71,12603565.697624994,22455696.06,22455696.059166666,374736.11,147967.24265656655,62797295.48,58001013.1111149,3762013.09,3644357.6942460323,66559308.57,61645370.80536093
254007,254-007,DUMP TRUCK HINO 130 HD 4X4 254-007,761199489,KUMAI,May,5,TR,2763.0,1550.125,93308054,101935911.4125,7728457.0,9340249.236666666,1073,0,20759.48,0.0,22274922.04,13453534.875,3769227.11,8162330.9720142,7929161.34,7929161.34375,1388132.72,190496.38415414467,43089900.21,39075772.81158501,4212475.88,3644357.6942460323,47302376.09,42720130.50583104
254008,254-008,DUMP TRUCK HINO 130 HD 4X4 254-008,761199489,KUMAI,May,5,TR,2119.0,1550.125,63556776,85338781.0625,10569321.0,9340249.236666666,727,0,20759.48,0.0,15092141.96,13453534.875,1607668.76,8162330.9720142,7929161.34,7929161.34375,1388132.72,190496.38415414467,36586425.78,39075772.81158501,2869327.72,3644357.6942460323,39455753.5,42720130.50583104
254009,254-009,DUMP TRUCK ISUZU NKR 71  B 9853 BDG 254-009,161994822,KUMAI,May,5,TR,77.0,1550.125,9215190,123471775.0,4443707.0,9340249.236666666,52,0,20759.48,0.0,1079492.96,13453534.875,8036787.76,6705438.7014999995,2513027.45,2513027.454828004,0.0,147967.24265656655,16073015.17,32160217.510651235,416028.03,3644357.6942460323,16489043.2,35804575.20489727
254010,254-010,DUMP TRUCK 4X4 254-010,806821885,KUMAI,May,5,TR,1572.0,0.0,47802786,0.0,6264055.0,0.0,544,0,20759.48,0.0,11293157.12,0.0,73000.0,0.0,21874181.48,0.0,0.0,0.0,39504393.6,0.0,2158099.7,0.0,41662493.3,0.0
271002,271-002,ARM ROLL HINO 130 HD DA 8589 CQ 271-002,450156856,KUMAI,May,5,TR,0.0,1550.125,0,17415606.25,0.0,9340249.236666666,0,0,0.0,0.0,0.0,13453534.875,571838.51,6801942.476678501,4689133.92,0.0,0.0,190496.38415414467,5260972.43,29786222.97249931,0.0,3644357.6942460323,5260972.43,33430580.666745342
271007,271-007,ARMROLL 271-007,664666885,KUMAI,May,5,TR,2892.0,0.0,112997102,0.0,8533466.0,0.0,814,0,20759.48,0.0,16898216.72,0.0,798025.0,0.0,17925431.48,0.0,0.0,0.0,44155139.2,0.0,5101355.64,0.0,49256494.84,0.0
272001,272-001,ARM ROLL ISUZU NPS 81 272-001,879957725,KUMAI,May,5,TR,775.0,1550.125,29612422,66188906.383333325,3892700.0,9340249.236666666,385,0,20759.48,0.0,7992399.8,13453534.875,25621935.67,12603565.697624994,9166226.3,9166226.302083334,483138.88,147967.24265656655,47156400.65,44711543.35403156,1336879.38,3644357.6942460323,48493280.03,48355901.048277594
272002,272-002,ARM ROLL ISUZU NPS 81 272-002,879957725,KUMAI,May,5,TR,1068.0,1550.125,41148024,66188906.383333325,5784751.0,9340249.236666666,442,0,20759.48,0.0,9175690.16,13453534.875,16395365.75,12603565.697624994,9166226.3,9166226.302083334,483138.88,147967.24265656655,41005172.09,44711543.35403156,1857664.49,3644357.6942460323,42862836.58,48355901.048277594
272003,272-003,ARMROLL HINO 136 HDX 272-003,873809500,KUMAI,May,5,TR,2590.0,1550.125,142267210,101935911.4125,11316549.0,9340249.236666666,926,0,20759.48,0.0,19223278.48,13453534.875,7962261.1,6801942.476678501,9102182.29,9102182.291666666,506070.83,108855.07665951124,48110341.7,38806763.95667134,6422780.94,3644357.6942460323,54533122.64,42451121.65091737
272004,272-004,ARM ROLL HINO 136 HDX 272-004,916051300,KUMAI,May,5,TR,1453.0,1550.125,74508895,101935911.4125,6542708.0,9340249.236666666,757,0,20759.48,0.0,15714926.36,13453534.875,2209836.16,6801942.476678501,25445869.44,25445869.444444444,1046833.33,108855.07665951124,50960173.29,55150451.10944912,3363770.97,3644357.6942460323,54323944.26,58794808.80369515
272005,272-005,ARM ROLL HINO 136 HDX 272-005,916051300,KUMAI,May,5,TR,2618.0,1550.125,85258314,85338781.0625,8211009.0,9340249.236666666,1089,0,20759.48,0.0,22607073.72,13453534.875,4686138.08,6801942.476678501,25445869.44,25445869.444444444,1046833.33,108855.07665951124,61996923.57,55150451.10944912,3849063.14,3644357.6942460323,65845986.71,58794808.80369515
272006,272-006,ARMROLL 4X4 272-006,861691885,KUMAI,May,5,TR,3050.0,0.0,149734950,0.0,7498509.0,0.0,1313,0,20759.48,0.0,27257197.24,0.0,309727.48,0.0,23398348.15,0.0,0.0,0.0,58463781.87,0.0,6759918.77,0.0,65223700.64,0.0
272xx1,272xx1,,0,KUMAI,May,5,TR,0.0,1550.125,0,47590512.5,0.0,9340249.236666666,0,0,0.0,0.0,0.0,13453534.875,0.0,6801942.476678501,0.0,9166226.302083334,0.0,90712.56388292603,0.0,38852665.45431142,0.0,3644357.6942460323,0.0,42497023.148557454
272xx2,272xx2,,0,KUMAI,May,5,TR,0.0,1550.125,0,85338781.0625,0.0,9340249.236666666,0,0,0.0,0.0,0.0,13453534.875,0.0,6801942.476678501,0.0,9166226.302083334,0.0,90712.56388292603,0.0,38852665.45431142,0.0,3644357.6942460323,0.0,42497023.148557454
272xx3,272xx3,,0,KUMAI,May,5,TR,0.0,1550.125,0,123471775.0,0.0,9340249.236666666,0,0,0.0,0.0,0.0,13453534.875,0.0,6801942.476678501,0.0,9166226.302083334,0.0,90712.56388292603,0.0,38852665.45431142,0.0,3644357.6942460323,0.0,42497023.148557454
244001,241-001,TRUCK ISUZU ELF NKR 71 HD 4X4 B 9853 BDG 241-001,0,KUMAI,Jun,6,TR,0.0,0.0,0,0.0,0.0,0.0,0,0,0.0,0.0,0.0,0.0,0.0,0.0,0.0,0.0,0.0,0.0,0.0,0.0,0.0,0.0,0.0,0.0
244002,244-002,TRUCK ISUZU NPS 4X4 MT 244-002,213321630,KUMAI,Jun,6,TR,38.0,0.0,0,0.0,0.0,0.0,0,0,0.0,0.0,0.0,0.0,0.0,0.0,0.0,0.0,0.0,0.0,0.0,0.0,0.0,0.0,0.0,0.0
251058,251-058,DUMP TRUCK HINO 130HD 251-058,416237315,KUMAI,Jun,6,TR,2509.0,1550.125,65559209,123471775.0,6273207.0,9340249.236666666,945,0,20938.82,0.0,19787184.9,13453534.875,6452479.24,8182631.987014201,4335805.36,4335805.364583333,0.0,190496.38415414467,36848676.5,35502717.84741834,2100582.03,3644357.6942460323,38949258.53,39147075.54166437
251061,251-061,DUMP TRUCK HINO 136 HDX DA 8707 JL 251-061,556170066,KUMAI,Jun,6,TR,2789.0,1550.125,79947944,135914548.54999998,7194422.0,9340249.236666666,990,0,20938.82,0.0,20729431.8,13453534.875,7032887.43,8182631.987014201,15449168.5,15126425.0,6201916.67,190496.38415414467,56607826.4,46293337.48283501,2561611.35,3644357.6942460323,59169437.75,49937695.17708104
251062,251-062,DUMP TRUCK HINO 136 HDX 251-062,544551300,KUMAI,Jun,6,TR,2994.0,1550.125,82834569,123471775.0,8430294.0,9340249.236666666,994,0,20938.82,0.0,20813187.08,13453534.875,2212125.45,8182631.987014201,15126425.0,15126425.0,523416.66,190496.38415414467,47105448.19,46293337.48283501,2654101.68,3644357.6942460323,49759549.87,49937695.17708104
254001,254-001,DUMP TRUCK ISUZU NPS 254-001,799638133,KUMAI,Jun,6,TR,0.0,1550.125,0,123471775.0,0.0,9340249.236666666,0,0,0.0,0.0,0.0,13453534.875,17515834.15,13511435.947624994,8329563.89,7672656.96875,0.0,147967.24265656655,25845398.04,44125844.27069823,0.0,3644357.6942460323,25845398.04,47770201.96494426
254002,254-002,DUMP TRUCK ISUZU NPS 254-002,799638134,KUMAI,Jun,6,TR,1875.0,1550.125,73646176,47590512.5,2195584.0,9340249.236666666,825,0,20938.82,0.0,17274526.5,13453534.875,11950637.72,13511435.947624994,8329563.9,7672656.979166667,0.0,147967.24265656655,39750312.12,44125844.28111489,2359696.46,3644357.6942460323,42110008.58,47770201.97536092
254003,254-003,DUMP TRUCK ISUZU NPS 254-003,805000000,KUMAI,Jun,6,TR,2570.0,1550.125,52142517,85338781.0625,7012835.0,9340249.236666666,690,0,20938.82,0.0,14447785.8,13453534.875,20101497.75,12603565.697624994,8385416.67,8385416.666666667,0.0,147967.24265656655,49947535.22,43930733.71861489,1670697.92,3644357.6942460323,51618233.14,47575091.41286092
254004,254-004,DUMP TRUCK ISUZU NPS 81 254-004,783141767,KUMAI,Jun,6,TR,985.0,1550.125,26712440,7804378.125,3305971.0,9340249.236666666,657,0,20938.82,0.0,13756804.74,13453534.875,9359968.09,6801942.476678501,8157726.74,8157726.739583333,456250.0,147967.24265656655,35036720.57,37901420.570585065,855893.05,3644357.6942460323,35892613.62,41545778.264831096
254005,254-005,DUMP TRUCK ISUZU NPS 81 254-005,808405058,KUMAI,Jun,6,TR,1898.0,1550.125,56297275,49641679.787499994,4060456.0,9340249.236666666,775,0,20938.82,0.0,16227585.5,13453534.875,25525414.53,12603565.697624994,22455696.06,22455696.05888889,374736.11,147967.24265656655,68643888.2,58001013.11083712,1803820.48,3644357.6942460323,70447708.68,61645370.80508315
254006,254-006,DUMP TRUCK ISUZU NPS 81 254-006,808405058,KUMAI,Jun,6,TR,1865.0,1550.125,63002500,7804378.125,5028420.0,9340249.236666666,968,0,20938.82,0.0,20268777.76,13453534.875,40134019.63,12603565.697624994,22455696.06,22455696.059166666,374736.11,147967.24265656655,88261649.56,58001013.1111149,2018662.54,3644357.6942460323,90280312.1,61645370.80536093
254007,254-007,DUMP TRUCK HINO 130 HD 4X4 254-007,761199489,KUMAI,Jun,6,TR,3592.0,1550.125,95998212,17415606.25,7349343.0,9340249.236666666,1562,0,20938.82,0.0,32706436.84,13453534.875,6624416.28,8162330.9720142,7929161.34,7929161.34375,1388132.72,190496.38415414467,55997490.18,39075772.81158501,3075877.85,3644357.6942460323,59073368.03,42720130.50583104
254008,254-008,DUMP TRUCK HINO 130 HD 4X4 254-008,761199489,KUMAI,Jun,6,TR,3409.0,1550.125,86177100,85338781.0625,4764348.0,9340249.236666666,1169,0,20938.82,0.0,24477480.58,13453534.875,16281187.06,8162330.9720142,7929161.34,7929161.34375,1388132.72,190496.38415414467,54840309.7,39075772.81158501,2761199.69,3644357.6942460323,57601509.39,42720130.50583104
254009,254-009,DUMP TRUCK ISUZU NKR 71  B 9853 BDG 254-009,161994822,KUMAI,Jun,6,TR,84.0,1550.125,9048330,0.0,4363469.0,9340249.236666666,174,0,20938.82,0.0,3643354.68,13453534.875,7113771.88,6705438.7014999995,2513027.45,2513027.454828004,0.0,147967.24265656655,17633623.01,32160217.510651235,289917.46,3644357.6942460323,17923540.47,35804575.20489727
254010,254-010,DUMP TRUCK 4X4 254-010,806821885,KUMAI,Jun,6,TR,3003.0,0.0,93573115,0.0,9710010.0,0.0,1208,0,20938.82,0.0,25294094.56,0.0,1426701.71,0.0,22949256.56,0.0,0.0,0.0,59380062.83,0.0,2998175.34,0.0,62378238.17,0.0
271002,271-002,ARM ROLL HINO 130 HD DA 8589 CQ 271-002,450156856,KUMAI,Jun,6,TR,0.0,1550.125,0,135914548.54999998,0.0,9340249.236666666,0,0,0.0,0.0,0.0,13453534.875,145104.89,6801942.476678501,4689133.92,0.0,0.0,190496.38415414467,4834238.81,29786222.97249931,0.0,3644357.6942460323,4834238.81,33430580.666745342
271007,271-007,ARMROLL 271-007,664666885,KUMAI,Jun,6,TR,3402.0,0.0,144077037,0.0,10915426.0,0.0,924,0,20938.82,0.0,19347469.68,0.0,1138561.91,0.0,19000506.56,0.0,0.0,0.0,50401964.15,0.0,4616371.05,0.0,55018335.2,0.0
272001,272-001,ARM ROLL ISUZU NPS 81 272-001,879957725,KUMAI,Jun,6,TR,584.0,1550.125,30415054,49641679.787499994,3367285.0,9340249.236666666,533,0,20938.82,0.0,11160391.06,13453534.875,7411942.16,12603565.697624994,9166226.3,9166226.302083334,483138.88,147967.24265656655,31588983.4,44711543.35403156,974528.47,3644357.6942460323,32563511.87,48355901.048277594
272002,272-002,ARM ROLL ISUZU NPS 81 272-002,879957725,KUMAI,Jun,6,TR,3473.0,1550.125,160675108,49641679.787499994,10055358.0,9340249.236666666,1463,0,20938.82,0.0,30633493.66,13453534.875,14986925.61,12603565.697624994,9166226.3,9166226.302083334,483138.88,147967.24265656655,65325142.45,44711543.35403156,5148189.69,3644357.6942460323,70473332.14,48355901.048277594
272003,272-003,ARMROLL HINO 136 HDX 272-003,873809500,KUMAI,Jun,6,TR,2151.0,1550.125,134123637,135914548.54999998,12815568.0,9340249.236666666,921,0,20938.82,0.0,19284653.22,13453534.875,9676345.4,6801942.476678501,9102182.29,9102182.291666666,506070.83,108855.07665951124,51384819.74,38806763.95667134,4297454.25,3644357.6942460323,55682273.99,42451121.65091737
272004,272-004,ARM ROLL HINO 136 HDX 272-004,916051300,KUMAI,Jun,6,TR,240.0,1550.125,6062179,5089875.0,2287312.0,9340249.236666666,156,0,20938.82,0.0,3266455.92,13453534.875,15352712.23,6801942.476678501,25445869.44,25445869.444444444,564087.08,108855.07665951124,46916436.67,55150451.10944912,194238.22,3644357.6942460323,47110674.89,58794808.80369515
272005,272-005,ARM ROLL HINO 136 HDX 272-005,916051300,KUMAI,Jun,6,TR,3817.0,1550.125,144738368,85338781.0625,9635796.0,9340249.236666666,1807,0,20938.82,0.0,37836447.74,13453534.875,22382137.65,6801942.476678501,25445869.44,25445869.444444444,564087.08,108855.07665951124,95864337.91,55150451.10944912,4637560.75,3644357.6942460323,100501898.66,58794808.80369515
272006,272-006,ARMROLL 4X4 272-006,861691885,KUMAI,Jun,6,TR,3619.0,0.0,170428553,0.0,10729755.0,0.0,1489,0,20938.82,0.0,31177902.98,0.0,441470.0,0.0,24473423.23,0.0,0.0,0.0,66822551.21,0.0,5460699.73,0.0,72283250.94,0.0
272xx1,272xx1,,0,KUMAI,Jun,6,TR,0.0,1550.125,0,49641679.787499994,0.0,9340249.236666666,0,0,0.0,0.0,0.0,13453534.875,0.0,6801942.476678501,0.0,9166226.302083334,0.0,90712.56388292603,0.0,38852665.45431142,0.0,3644357.6942460323,0.0,42497023.148557454
272xx2,272xx2,,0,KUMAI,Jun,6,TR,0.0,1550.125,0,85338781.0625,0.0,9340249.236666666,0,0,0.0,0.0,0.0,13453534.875,0.0,6801942.476678501,0.0,9166226.302083334,0.0,90712.56388292603,0.0,38852665.45431142,0.0,3644357.6942460323,0.0,42497023.148557454
272xx3,272xx3,,0,KUMAI,Jun,6,TR,0.0,1550.125,0,123471775.0,0.0,9340249.236666666,0,0,0.0,0.0,0.0,13453534.875,0.0,6801942.476678501,0.0,9166226.302083334,0.0,90712.56388292603,0.0,38852665.45431142,0.0,3644357.6942460323,0.0,42497023.148557454
2902,2902,,0,KUMAI,Jan,1,TR,0.0,0.0,0,0.0,0.0,0.0,0,0,0.0,0.0,0.0,0.0,0.0,0.0,0.0,4873026.65625,0.0,0.0,0.0,4873026.65625,0.0,0.0,0.0,4873026.65625
2902,2902,,0,KUMAI,Feb,2,TR,0.0,0.0,0,0.0,0.0,0.0,0,0,0.0,0.0,0.0,0.0,0.0,0.0,0.0,4873026.65625,0.0,0.0,0.0,4873026.65625,0.0,0.0,0.0,4873026.65625
2902,2902,,0,KUMAI,Mar,3,TR,0.0,0.0,0,0.0,0.0,0.0,0,0,0.0,0.0,0.0,0.0,0.0,0.0,0.0,4873026.65625,0.0,0.0,0.0,4873026.65625,0.0,0.0,0.0,4873026.65625
2902,2902,,0,KUMAI,Apr,4,TR,0.0,0.0,0,0.0,0.0,0.0,0,0,0.0,0.0,0.0,0.0,0.0,0.0,0.0,4873026.65625,0.0,0.0,0.0,4873026.65625,0.0,0.0,0.0,4873026.65625
2902,2902,,0,KUMAI,May,5,TR,0.0,0.0,0,0.0,0.0,0.0,0,0,0.0,0.0,0.0,0.0,0.0,0.0,0.0,4873026.65625,0.0,0.0,0.0,4873026.65625,0.0,0.0,0.0,4873026.65625
2902,2902,,0,KUMAI,Jun,6,TR,0.0,0.0,0,0.0,0.0,0.0,0,0,0.0,0.0,0.0,0.0,0.0,0.0,0.0,4873026.65625,0.0,0.0,0.0,4873026.65625,0.0,0.0,0.0,4873026.65625
311001,311-001,TRAILER MITSUBISHI FV 419P DA 9119 AT/ DA 8602 CR 311-001,0,SUNGAI DANAU,Jan,1,AB,0.0,0.0,0,0.0,0.0,0.0,0,0,0.0,14485.0,0.0,0.0,3852156.18,0.0,0.0,0.0,75000.0,0.0,3927156.18,0.0,0.0,0.0,3927156.18,0.0
311002,311-002,TRAILER MITSUBISHI FV 419P DA 9295 CC 311-002,0,SUNGAI DANAU,Jan,1,AB,0.0,0.0,25750000,0.0,0.0,0.0,453,0,12950.57,14485.0,5866608.21,0.0,9451225.35,0.0,0.0,0.0,22182500.0,60000000.0,37500333.56,60000000.0,2165348.04,0.0,39665681.6,60000000.0
311003,311-003,TRAILER MITSUBISHI FV 419P B 9234 TIN 311-003,0,SUNGAI DANAU,Jan,1,AB,0.0,0.0,0,0.0,0.0,0.0,0,0,0.0,14485.0,0.0,0.0,0.0,0.0,0.0,0.0,20000000.0,0.0,20000000.0,0.0,0.0,0.0,20000000.0,0.0
321002,321-002,FARM TRACTOR KUBOTA M9540 321-002,423213543,SUNGAI DANAU,Jan,1,AB,0.0,0.0,0,0.0,0.0,0.0,0,0,0.0,14485.0,0.0,0.0,0.0,0.0,4408474.41,4408474.40625,0.0,1556419.8374807087,4408474.41,5964894.243730709,0.0,0.0,4408474.41,5964894.243730709
321004,321-004,FARM TRACTOR KUBOTA M9540 321-004,423213543,SUNGAI DANAU,Jan,1,AB,0.0,0.0,0,0.0,0.0,0.0,0,0,0.0,14485.0,0.0,0.0,1326840.0,0.0,4408474.41,4408474.40625,0.0,0.0,5735314.41,4408474.40625,0.0,0.0,5735314.41,4408474.40625
321005,321-005,FARM TRACTOR KUBOTA M9540 321-005,560598958,SUNGAI DANAU,Jan,1,AB,0.0,0.0,0,0.0,0.0,0.0,0,0,0.0,14485.0,0.0,0.0,0.0,0.0,5839572.48,5839572.479166667,0.0,0.0,5839572.48,5839572.479166667,0.0,0.0,5839572.48,5839572.479166667
322003,322-003,CRAWLER CROWN KD 3000 HZL 322-003,171424505,SUNGAI DANAU,Jan,1,AB,0.0,0.0,0,0.0,0.0,0.0,0,0,0.0,14485.0,0.0,0.0,0.0,0.0,0.0,0.0,0.0,0.0,0.0,0.0,0.0,0.0,0.0,0.0
322004,322-004,CRAWLER CROWN KD 3000 HZL 322-004,171424505,SUNGAI DANAU,Jan,1,AB,0.0,0.0,0,0.0,0.0,0.0,24,0,0.0,14485.0,0.0,0.0,435985.5,0.0,0.0,0.0,0.0,0.0,435985.5,0.0,0.0,0.0,435985.5,0.0
331001,331-001,EXCAVATOR HITACHI ZX48U-5A-CST 331-001,535000000,SUNGAI DANAU,Jan,1,AB,0.0,200.0,0,41860000.0,4157000.0,10792101.13,0,0,0.0,14485.0,0.0,0.0,45677678.35,1164067.0103467999,0.0,0.0,460000.0,1611514.34500215,50294678.35,13567682.485348951,0.0,8373320.7105252305,50294678.35,21941003.19587418
331002,331-002,EXCAVATOR HITACHI ZX33U-5A 331-002,510000000,SUNGAI DANAU,Jan,1,AB,160.0,200.0,41158648,41860000.0,6307175.0,10792101.13,399,0,12950.57,14485.0,5167277.43,0.0,6616768.57,2107060.6506801336,5312500.0,5312500.0,490000.0,1611514.34500215,23893721.0,19823176.125682283,3461079.52,8373320.7105252305,27354800.52,28196496.836207513
331003,331-003,EXCAVATOR HITACHI ZX 48U-5A 331-003,599234673,SUNGAI DANAU,Jan,1,AB,101.8,0.0,30567600,0.0,5579626.0,0.0,589,0,12950.57,14485.0,7627885.73,0.0,1932795.88,0.0,20534296.46,0.0,514000.0,0.0,36188604.07,0.0,2570465.74,0.0,38759069.81,0.0
332001,332-001,EXCAVATOR HITACHI ZAXIS ZX200 332-001,0,SUNGAI DANAU,Jan,1,AB,0.0,0.0,0,0.0,0.0,0.0,0,0,0.0,14485.0,0.0,0.0,0.0,0.0,0.0,0.0,0.0,0.0,0.0,0.0,0.0,0.0,0.0,0.0
332002,332-002,EXCAVATOR HITACHI ZAXIS ZX210F 332-002,0,SUNGAI DANAU,Jan,1,AB,0.0,0.0,0,0.0,0.0,0.0,0,0,0.0,14485.0,0.0,0.0,0.0,0.0,0.0,0.0,0.0,0.0,0.0,0.0,0.0,0.0,0.0,0.0
332003,332-003,EXCAVATOR HITACHI ZAXIS ZX210F 332-003,0,SUNGAI DANAU,Jan,1,AB,0.0,0.0,0,0.0,0.0,0.0,0,0,0.0,14485.0,0.0,0.0,0.0,0.0,0.0,0.0,0.0,0.0,0.0,0.0,0.0,0.0,0.0,0.0
332005,332-005,EXCAVATOR CATERPILLAR 320 332-005,0,SUNGAI DANAU,Jan,1,AB,0.0,0.0,0,0.0,0.0,0.0,0,0,0.0,14485.0,0.0,0.0,0.0,0.0,0.0,0.0,0.0,0.0,0.0,0.0,0.0,0.0,0.0,0.0
332006,332-006,EXCAVATOR KOBELCO SK 50 332-006,0,SUNGAI DANAU,Jan,1,AB,0.0,0.0,0,0.0,0.0,0.0,0,0,0.0,14485.0,0.0,0.0,0.0,0.0,0.0,0.0,0.0,0.0,0.0,0.0,0.0,0.0,0.0,0.0
332007,332-007,EXCAVATOR HITACHI ZAXIS 210 F 332-007,0,SUNGAI DANAU,Jan,1,AB,0.0,0.0,0,0.0,0.0,0.0,0,0,0.0,14485.0,0.0,0.0,0.0,0.0,0.0,0.0,0.0,0.0,0.0,0.0,0.0,0.0,0.0,0.0
332008,332-008,EXCAVATOR KOMATSU PC 200 - 8 E-24 GSM 332-008,0,SUNGAI DANAU,Jan,1,AB,0.0,0.0,0,0.0,0.0,0.0,0,0,0.0,14485.0,0.0,0.0,0.0,0.0,0.0,0.0,0.0,0.0,0.0,0.0,0.0,0.0,0.0,0.0
332009,332-009,EXCAVATOR HITACHI ZAXIS ZX210F - 5G 332-009,0,SUNGAI DANAU,Jan,1,AB,0.0,0.0,0,0.0,0.0,0.0,0,0,0.0,14485.0,0.0,0.0,0.0,0.0,0.0,0.0,0.0,0.0,0.0,0.0,0.0,0.0,0.0,0.0
332010,332-010,EXCAVATOR HITACHI ZAXIS ZX210F - 5G 332-010,818181818,SUNGAI DANAU,Jan,1,AB,0.0,150.0,0,69135000.0,0.0,8138157.42,0,0,0.0,14485.0,0.0,0.0,122782.67,3181195.513551917,1080427.08,0.0,0.0,1611514.34500215,1203209.75,12930867.278554067,0.0,8373320.7105252305,1203209.75,21304187.989079297
332011,332-011,EXCAVATOR HITACHI ZAXIS 210 F LONG ARM 332-011,0,SUNGAI DANAU,Jan,1,AB,0.0,0.0,0,0.0,0.0,0.0,0,0,0.0,14485.0,0.0,0.0,0.0,0.0,0.0,0.0,0.0,0.0,0.0,0.0,0.0,0.0,0.0,0.0
332012,332-012,EXCAVATOR KOMATSU PC200-7 E-14 GSM 332-012,0,SUNGAI DANAU,Jan,1,AB,0.0,0.0,0,0.0,0.0,0.0,0,0,0.0,14485.0,0.0,0.0,0.0,0.0,0.0,0.0,0.0,0.0,0.0,0.0,0.0,0.0,0.0,0.0
332018,332-018,EXCAVATOR KOBELCO SK200-10 332-018,0,SUNGAI DANAU,Jan,1,AB,0.0,0.0,0,0.0,0.0,0.0,0,0,0.0,14485.0,0.0,0.0,0.0,0.0,0.0,0.0,0.0,0.0,0.0,0.0,0.0,0.0,0.0,0.0
332021,332-021,EXCAVATOR HITACHI ZAXIS 200 LC MJ 332-021,0,SUNGAI DANAU,Jan,1,AB,0.0,0.0,0,0.0,0.0,0.0,0,0,0.0,14485.0,0.0,0.0,0.0,0.0,0.0,0.0,0.0,0.0,0.0,0.0,0.0,0.0,0.0,0.0
332025,332-025,EXCAVATOR KOBELCO SK200-10 332-025,1353204375,SUNGAI DANAU,Jan,1,AB,210.0,215.0,143115000,146522500.0,8339800.0,9119407.42,3305,0,12950.57,14485.0,42801633.85,49828400.0,15248399.96,3776002.9343687496,16672014.5,14095878.90625,490000.0,1611514.34500215,83551848.31,78431203.60562089,12034710.08,8373320.7105252305,95586558.39,86804524.31614612
332029,332-029,EXCAVATOR HITACHI ZX210F-5G 332-029,1378368000,SUNGAI DANAU,Jan,1,AB,202.0,200.0,137663000,137500000.0,11602600.0,14893544.84,3690,0,12950.57,14485.0,47787603.3,46352000.0,2657407.73,3237789.3894769996,14358000.0,14358000.0,930000.0,1611514.34500215,77335611.03,80452848.57447915,11576244.93,8373320.7105252305,88911855.96,88826169.28500438
332034,332-034,EXCAVATOR HITACHI ZX210F-5G 332-034,1490775000,SUNGAI DANAU,Jan,1,AB,181.0,200.0,64400000,70000000.0,10407540.0,15343544.84,0,0,0.0,14485.0,0.0,0.0,7982718.44,3734128.722810332,15528906.25,15528906.25,910000.0,1611514.34500215,34829164.69,36218094.15781248,5415472.37,8373320.7105252305,40244637.06,44591414.86833771
332035,332-035,EXCAVATOR HITACHI ZX210F-5G 332-035,1490775000,SUNGAI DANAU,Jan,1,AB,173.0,200.0,60200000,70000000.0,6337327.0,15343544.84,0,0,0.0,14485.0,0.0,0.0,1420772.85,6444322.589477,15528906.25,15528906.25,534000.0,1611514.34500215,23821006.1,38928288.02447915,5062289.39,8373320.7105252305,28883295.49,47301608.73500438
332040,332-040,EXCAVATOR HITACHI ZX 210 F-5G 332-040,1518656875,SUNGAI DANAU,Jan,1,AB,174.0,220.0,68420332,77000000.0,11018550.0,15593544.84,1671,0,12950.57,14485.0,21640402.47,0.0,1761707.18,3806957.5336436667,15819342.45,15819342.447916666,1570146.32,1611514.34500215,51810148.42,36831359.16656248,5753546.86,8373320.7105252305,57563695.28,45204679.87708771
332041,332-041,EXCAVATOR HITACHI ZX 210 F-5G 332-041,1518656875,SUNGAI DANAU,Jan,1,AB,175.6,200.0,200437500,137500000.0,17286743.0,14893544.84,3031,0,12950.57,14485.0,39253177.67,46352000.0,8033872.93,3690401.960310334,15819342.45,15819342.447916666,1652646.32,1611514.34500215,82045782.37,82366803.59322914,16855027.08,8373320.7105252305,98900809.45,90740124.30375437
332047,332-047,EXCAVATOR HITACHI ZX 210 F-5G 332-047,1566339250,SUNGAI DANAU,Jan,1,AB,217.2,200.0,223375000,136300000.0,22488705.0,14893544.84,4174,0,12950.57,14485.0,54055679.18,46352000.0,38247358.81,3483657.3603103333,43509423.61,43509423.61111111,1951125.0,1611514.34500215,160252291.6,109850140.1564236,18783868.66,8373320.7105252305,179036160.26,118223460.86694883
332048,332-048,EXCAVATOR HITACHI ZX 210 F-5G 332-048,1563111750,SUNGAI DANAU,Jan,1,AB,186.0,200.0,75845200,70000000.0,13473382.0,15343544.84,800,0,12950.57,14485.0,10360456.0,0.0,2191180.54,3483657.3603103333,43419770.83,43419770.833333336,2033625.0,1611514.34500215,71478414.37,63858487.37864582,6377912.82,8373320.7105252305,77856327.19,72231808.08917105
332052,332-052,EXCAVATOR HITACHI ZX 210G-5G 332-052,317452500,SUNGAI DANAU,Jan,1,AB,338.0,0.0,0,0.0,0.0,0.0,0,0,0.0,14485.0,0.0,0.0,0.0,0.0,0.0,0.0,0.0,0.0,0.0,0.0,0.0,0.0,0.0,0.0
341003,341-003,BULLDOZER KOMATSU D31 341-003,0,SUNGAI DANAU,Jan,1,AB,195.0,0.0,70500000,0.0,0.0,0.0,0,0,0.0,14485.0,0.0,0.0,0.0,0.0,0.0,0.0,63000000.0,0.0,63000000.0,0.0,5928428.61,0.0,68928428.61,0.0
342001,342-001,BULLDOZER CAT D6G DC-08 342-001,0,SUNGAI DANAU,Jan,1,AB,0.0,0.0,0,0.0,0.0,0.0,0,0,0.0,14485.0,0.0,0.0,0.0,0.0,0.0,0.0,0.0,0.0,0.0,0.0,0.0,0.0,0.0,0.0
342003,342-003,BULLDOZER CAT D6G DC-10 342-003,0,SUNGAI DANAU,Jan,1,AB,0.0,0.0,0,0.0,0.0,0.0,0,0,0.0,14485.0,0.0,0.0,0.0,0.0,0.0,0.0,0.0,0.0,0.0,0.0,0.0,0.0,0.0,0.0
342004,342-004,BULLDOZER CAT D6G DC-11 342-004,89866738,SUNGAI DANAU,Jan,1,AB,78.24,150.0,78872439,148950000.0,6576923.0,14212294.84,1707,0,12950.57,14485.0,22106622.99,58664250.0,115680720.42,3842790.7624403997,0.0,0.0,470000.0,1611514.34500215,144834266.41,78330849.94744255,6632476.93,8373320.7105252305,151466743.34,86704170.65796778
342005,342-005,BULLDOZER CAT D6G2 342-005,0,SUNGAI DANAU,Jan,1,AB,0.0,0.0,0,0.0,0.0,0.0,0,0,0.0,14485.0,0.0,0.0,0.0,0.0,0.0,0.0,0.0,0.0,0.0,0.0,0.0,0.0,0.0,0.0
342006,342-006,BULLDOZER CAT D7G2 342-006,80400146,SUNGAI DANAU,Jan,1,AB,201.0,150.0,199593000,148950000.0,5508500.0,14512294.84,4391,0,12950.57,14485.0,56865952.87,58664250.0,3150096.04,3842790.7624403997,0.0,0.0,470000.0,1556419.8374807087,65994548.91,78575755.43992111,16784012.08,8373320.7105252305,82778560.99,86949076.15044634
342007,342-007,BULLDOZER CAT D6G 342-007,0,SUNGAI DANAU,Jan,1,AB,0.0,0.0,0,0.0,0.0,0.0,0,0,0.0,14485.0,0.0,0.0,0.0,0.0,0.0,0.0,0.0,0.0,0.0,0.0,0.0,0.0,0.0,0.0
342008,342-008,BULLDOZER CAT D7G2 342-008,1929603500,SUNGAI DANAU,Jan,1,AB,0.0,0.0,0,0.0,0.0,0.0,0,0,0.0,14485.0,0.0,0.0,0.0,0.0,0.0,0.0,0.0,0.0,0.0,0.0,0.0,0.0,0.0,0.0
342009,342-009,BULLDOZER CAT D7G D-07 GSM 342-009,0,SUNGAI DANAU,Jan,1,AB,0.0,0.0,0,0.0,0.0,0.0,0,0,0.0,14485.0,0.0,0.0,0.0,0.0,0.0,0.0,0.0,0.0,0.0,0.0,0.0,0.0,0.0,0.0
342010,342-010,BULLDOZER CAT D7G D-06 GSM 342-010,0,SUNGAI DANAU,Jan,1,AB,0.0,0.0,0,0.0,0.0,0.0,0,0,0.0,14485.0,0.0,0.0,0.0,0.0,0.0,0.0,0.0,0.0,0.0,0.0,0.0,0.0,0.0,0.0
342011,342-011,BULLDOZER CAT D7G D-10 GSM 342-011,0,SUNGAI DANAU,Jan,1,AB,0.0,0.0,0,0.0,0.0,0.0,0,0,0.0,14485.0,0.0,0.0,0.0,0.0,0.0,0.0,0.0,0.0,0.0,0.0,0.0,0.0,0.0,0.0
342012,342-012,BULLDOZER WEA B 220 342-012,2321435000,SUNGAI DANAU,Jan,1,AB,11.1,150.0,0,148950000.0,483000.0,14212294.84,0,0,0.0,14485.0,0.0,47800500.0,1207215.0,3759457.4291070662,0.0,24181614.583333332,0.0,1556419.8374807087,1690215.0,91510286.68992111,0.0,8373320.7105252305,1690215.0,99883607.40044634
342013,342-013,BULLDOZER WEA B 220 342-013,2321435000,SUNGAI DANAU,Jan,1,AB,0.0,150.0,0,148950000.0,0.0,14212294.84,0,0,0.0,14485.0,0.0,47800500.0,9179135.4,3759457.4291070662,24181614.58,24181614.583333332,0.0,1556419.8374807087,33360749.98,91510286.68992111,0.0,8373320.7105252305,33360749.98,99883607.40044634
342014,342-014,BULLDOZER WEA B 165 YS 342-014,1550000000,SUNGAI DANAU,Jan,1,AB,35.0,150.0,34755000,72105000.0,4879500.0,8138157.42,894,0,12950.57,14485.0,11577809.58,43455000.0,14545620.62,3759457.4291070662,16145833.33,16145833.333333334,470000.0,1556419.8374807087,47618763.53,73054868.01992111,2922589.17,8373320.7105252305,50541352.7,81428188.73044634
342016,342-016,BULLDOZER KOMATSU D85E 342-016,3651184000,SUNGAI DANAU,Jan,1,AB,104.3,0.0,0,0.0,0.0,0.0,0,0,0.0,14485.0,0.0,0.0,0.0,0.0,0.0,0.0,0.0,0.0,0.0,0.0,0.0,0.0,0.0,0.0
342018,342-018,BULLDOZER KOMATSU D85E 342-018,3679975400,SUNGAI DANAU,Jan,1,AB,284.0,0.0,282012000,0.0,14803300.0,0.0,7328,0,12950.57,14485.0,94901776.96,0.0,4690574.59,0.0,38333077.08,0.0,930000.0,0.0,153658728.63,0.0,23714723.53,0.0,177373452.16,0.0
351001,351-001,GRADER KOMATSU 40A2-2204 351-001,0,SUNGAI DANAU,Jan,1,AB,0.0,0.0,0,0.0,0.0,0.0,0,0,0.0,14485.0,0.0,0.0,0.0,0.0,0.0,0.0,0.0,0.0,0.0,0.0,0.0,0.0,0.0,0.0
351002,351-002,GRADER KOMATSU 405A-2 351-002,0,SUNGAI DANAU,Jan,1,AB,0.0,0.0,0,0.0,0.0,0.0,0,0,0.0,14485.0,0.0,0.0,0.0,0.0,0.0,0.0,0.0,0.0,0.0,0.0,0.0,0.0,0.0,0.0
351003,351-003,GRADER KOMATSU 355 A 351-003,0,SUNGAI DANAU,Jan,1,AB,0.0,0.0,0,0.0,0.0,0.0,0,0,0.0,14485.0,0.0,0.0,0.0,0.0,0.0,0.0,0.0,0.0,0.0,0.0,0.0,0.0,0.0,0.0
351004,351-004,GRADER CATERPILAR 120 K 351-004,834113614,SUNGAI DANAU,Jan,1,AB,141.0,175.0,66396900,78505000.0,11513800.0,8619407.42,0,0,0.0,14485.0,0.0,0.0,6033167.96,12191549.659960268,0.0,0.0,910000.0,1556419.8374807087,18456967.96,22367376.917440977,5583394.06,8373320.7105252305,24040362.02,30740697.627966207
351005,351-005,GRADER KOMATSU 355 A 351-005,0,SUNGAI DANAU,Jan,1,AB,0.0,0.0,0,0.0,0.0,0.0,0,0,0.0,14485.0,0.0,0.0,0.0,0.0,0.0,0.0,0.0,0.0,0.0,0.0,0.0,0.0,0.0,0.0
351006,351-006,GRADER KOMATSU 405 351-006,0,SUNGAI DANAU,Jan,1,AB,0.0,0.0,0,0.0,0.0,0.0,0,0,0.0,14485.0,0.0,0.0,0.0,0.0,0.0,0.0,0.0,0.0,0.0,0.0,0.0,0.0,0.0,0.0
351007,351-007,GRADER CATERPILLAR 120K 351-007,925000000,SUNGAI DANAU,Jan,1,AB,72.0,125.0,43322800,56075000.0,9158300.0,7585032.42,0,0,0.0,14485.0,0.0,0.0,5537916.56,10137738.166026931,0.0,0.0,910000.0,1556419.8374807087,15606216.56,19279190.42350764,3643065.63,8373320.7105252305,19249282.19,27652511.134032868
351008,351-008,GRADER CATERPILLAR 120 K 351-008,0,SUNGAI DANAU,Jan,1,AB,0.0,0.0,0,0.0,0.0,0.0,0,0,0.0,14485.0,0.0,0.0,0.0,0.0,0.0,0.0,0.0,0.0,0.0,0.0,0.0,0.0,0.0,0.0
351009,351-009,GRADER CATERPILLAR 120 K 351-009,0,SUNGAI DANAU,Jan,1,AB,0.0,0.0,0,0.0,0.0,0.0,0,0,0.0,14485.0,0.0,0.0,0.0,0.0,0.0,0.0,0.0,0.0,0.0,0.0,0.0,0.0,0.0,0.0
351010,351-010,GRADER CATERPILLAR 120 K 351-010,735897991,SUNGAI DANAU,Jan,1,AB,0.0,0.0,0,0.0,0.0,0.0,0,0,0.0,14485.0,0.0,0.0,445557.01,0.0,7665604.07,7665604.070520833,0.0,1556419.8374807087,8111161.08,9222023.908001542,0.0,0.0,8111161.08,9222023.908001542
351013,351-013,GRADER XCMG GR-135 351-013,1160887500,SUNGAI DANAU,Jan,1,AB,65.0,100.0,30608500,44860000.0,5309000.0,7031907.42,0,0,0.0,14485.0,0.0,0.0,2901497.42,5952120.028960268,12092578.12,12092578.125,532880.38,0.0,20835955.92,25076605.573960267,2573905.06,8373320.7105252305,23409860.98,33449926.284485497
351015,351-015,GRADER XCMG GR-135 351-015,1146243282,SUNGAI DANAU,Jan,1,AB,157.0,125.0,73931300,56075000.0,7443500.0,7585032.42,0,0,0.0,14485.0,0.0,0.0,6780770.09,0.0,23880068.37,23880068.373958334,1105000.0,1556419.8374807087,39209338.46,33021520.631439045,6216970.7,8373320.7105252305,45426309.16,41394841.341964275
351016,351-016,GRADER XCMG GR-135 351-016,1146243282,SUNGAI DANAU,Jan,1,AB,135.0,125.0,63571500,56075000.0,6947000.0,7585032.42,0,0,0.0,14485.0,0.0,0.0,3289442.61,8317751.957393598,23880068.37,23880068.373958334,1144274.73,1556419.8374807087,35260785.71,41339272.58883264,5345802.83,8373320.7105252305,40606588.54,49712593.29935787
361001,361-001,BACKHOE LOADER CASE 580 SR361-001,0,SUNGAI DANAU,Jan,1,AB,0.0,0.0,0,0.0,0.0,0.0,0,0,0.0,14485.0,0.0,0.0,0.0,0.0,0.0,0.0,0.0,0.0,0.0,0.0,0.0,0.0,0.0,0.0
361002,361-002,BACKHOE LOADER CASE 580 SM 361-002,0,SUNGAI DANAU,Jan,1,AB,0.0,0.0,0,0.0,0.0,0.0,0,0,0.0,14485.0,0.0,0.0,0.0,0.0,0.0,0.0,0.0,0.0,0.0,0.0,0.0,0.0,0.0,0.0
361003,361-003,BACKHOE LOADER CASE 580 SM 361-003,0,SUNGAI DANAU,Jan,1,AB,0.0,0.0,0,0.0,0.0,0.0,0,0,0.0,14485.0,0.0,0.0,0.0,0.0,0.0,0.0,0.0,0.0,0.0,0.0,0.0,0.0,0.0,0.0
361004,361-004,BACKHOE LOADER CAT 416 F 361-004,650919900,SUNGAI DANAU,Jan,1,AB,0.0,0.0,0,0.0,0.0,0.0,0,0,0.0,14485.0,0.0,0.0,0.0,0.0,0.0,0.0,0.0,0.0,0.0,0.0,0.0,0.0,0.0,0.0
361005,361-005,BACKHOE LOADER CAT 416 E 361-005,0,SUNGAI DANAU,Jan,1,AB,0.0,0.0,0,0.0,0.0,0.0,0,0,0.0,14485.0,0.0,0.0,0.0,0.0,0.0,0.0,0.0,0.0,0.0,0.0,0.0,0.0,0.0,0.0
361006,361-006,BACKHOE LOADER CAT 416 F 361-006,933592400,SUNGAI DANAU,Jan,1,AB,0.0,0.0,0,0.0,0.0,0.0,0,0,0.0,14485.0,0.0,0.0,12817021.24,0.0,0.0,0.0,0.0,0.0,12817021.24,0.0,0.0,0.0,12817021.24,0.0
361007,361-007,BACKHOE LOADER CAT 416 F 361-007,933285600,SUNGAI DANAU,Jan,1,AB,277.0,200.0,117198700,84620000.0,14445800.0,14893544.84,0,0,0.0,14485.0,0.0,0.0,11480632.57,0.0,0.0,0.0,470000.0,0.0,26396432.57,14893544.84,9855377.67,8373320.7105252305,36251810.24,23266865.55052523
361009,361-009,BACKHOE LOADER CATTERPILLAR 426F2 361-009,996438000,SUNGAI DANAU,Jan,1,AB,258.0,150.0,109159800,63465000.0,13210100.0,13893544.84,0,0,0.0,14485.0,0.0,0.0,11992264.68,11022524.403928466,10379562.5,10379562.5,929971.65,1556419.8374807087,36511898.83,36852051.58140917,9179377.04,8373320.7105252305,45691275.87,45225372.2919344
361010,361-010,BACKHOE LOADER CATTERPILLAR 426F2 361-010,996548000,SUNGAI DANAU,Jan,1,AB,317.0,150.0,134122700,63465000.0,17016250.0,13893544.84,0,0,0.0,14485.0,0.0,0.0,31807095.72,11022524.403928466,10380708.33,10380708.333333334,910000.0,1556419.8374807087,60114054.05,36853197.41474251,11278536.9,8373320.7105252305,71392590.95,45226518.12526774
361013,361-013,BACKHOE LOADER CATERPILLAR 416F 361-013,1229774436,SUNGAI DANAU,Jan,1,AB,296.0,200.0,125237600,84620000.0,10495200.0,14893544.84,0,0,0.0,14485.0,0.0,0.0,4712514.24,9867713.264780132,12810150.37,12810150.375,1281915.18,1556419.8374807087,29299779.79,39127828.31726084,10531378.31,8373320.7105252305,39831158.1,47501149.02778607
361014,361-014,BACKHOE LOADER CATERPILLAR 416F2 361-014,1265043837,SUNGAI DANAU,Jan,1,AB,162.0,200.0,68542200,84620000.0,12460000.0,14893544.84,0,0,0.0,14485.0,0.0,0.0,2845436.42,9867713.264780132,35140106.58,35140106.583333336,1202800.0,1556419.8374807087,51648343.0,61457784.525594175,5763794.89,8373320.7105252305,57412137.89,69831105.2361194
371001,371-001,COMPACTOR SV 510D 371-001,0,SUNGAI DANAU,Jan,1,AB,0.0,0.0,0,0.0,0.0,0.0,0,0,0.0,14485.0,0.0,0.0,0.0,0.0,0.0,0.0,0.0,0.0,0.0,0.0,0.0,0.0,0.0,0.0
371002,371-002,COMPACTOR IR 371-002,21936235,SUNGAI DANAU,Jan,1,AB,75.0,100.0,34476120,39100000.0,5370600.0,12893544.84,0,0,0.0,14485.0,0.0,0.0,1213509.22,4280253.340900333,0.0,0.0,470000.0,1556419.8374807087,7054109.22,18730218.01838104,2899137.82,8373320.7105252305,9953247.04,27103538.72890627
371003,371-003,COMPACTOR SAKAI SV512D 371-003,0,SUNGAI DANAU,Jan,1,AB,0.0,0.0,0,0.0,0.0,0.0,0,0,0.0,14485.0,0.0,0.0,0.0,0.0,0.0,0.0,0.0,0.0,0.0,0.0,0.0,0.0,0.0,0.0
371004,371-004,COMPACTOR SAKAI SV512D 371-004,0,SUNGAI DANAU,Jan,1,AB,0.0,0.0,0,0.0,0.0,0.0,0,0,0.0,14485.0,0.0,0.0,0.0,0.0,0.0,0.0,0.0,0.0,0.0,0.0,0.0,0.0,0.0,0.0
371005,371-005,COMPACTOR SAKAI SV512D371-005,268072750,SUNGAI DANAU,Jan,1,AB,131.0,0.0,57273200,0.0,6126900.0,0.0,0,0,0.0,14485.0,0.0,0.0,53863538.72,4852170.887163966,0.0,0.0,509274.73,1556419.8374807087,60499713.45,6408590.724644675,4816171.31,0.0,65315884.76,6408590.724644675
371006,371-006,COMPACTOR SAKAI SV525D 371-006,0,SUNGAI DANAU,Jan,1,AB,0.0,0.0,0,0.0,0.0,0.0,0,0,0.0,14485.0,0.0,0.0,0.0,0.0,0.0,0.0,0.0,0.0,0.0,0.0,0.0,0.0,0.0,0.0
371007,371-007,COMPACTOR VOLVO SD 120 DC KJU  371-007,0,SUNGAI DANAU,Jan,1,AB,0.0,0.0,0,0.0,0.0,0.0,0,0,0.0,14485.0,0.0,0.0,0.0,0.0,0.0,0.0,0.0,0.0,0.0,0.0,0.0,0.0,0.0,0.0
371009,371-009,COMPACTOR SAKAI SV515TF-E 371-009,0,SUNGAI DANAU,Jan,1,AB,0.0,0.0,0,0.0,0.0,0.0,0,0,0.0,14485.0,0.0,0.0,0.0,0.0,0.0,0.0,0.0,0.0,0.0,0.0,0.0,0.0,0.0,0.0
371011,371-011,COMPACTOR SAKAI SV 526-D 371-011,959723500,SUNGAI DANAU,Jan,1,AB,140.0,175.0,61208000,72887500.0,7216500.0,14393544.84,0,0,0.0,14485.0,0.0,0.0,1275982.2,3954640.227163967,9997119.79,9997119.791666666,470000.0,0.0,18959601.99,28345304.85883063,5147053.31,8373320.7105252305,24106655.3,36718625.56935586
371015,371-015,COMPACTOR DYNAPAC CA30D 371-015 ,1083602525,SUNGAI DANAU,Jan,1,AB,161.0,100.0,70828730,41910000.0,7193500.0,12893544.84,0,0,0.0,14485.0,0.0,0.0,0.0,0.0,11287526.3,11287526.302083334,1130281.94,1556419.8374807087,19611308.24,25737490.97956404,5956071.9,8373320.7105252305,25567380.14,34110811.69008927
371016,371-016,COMPACTOR DYNAPAC CA30D 371-016,1083852525,SUNGAI DANAU,Jan,1,AB,107.0,125.0,54991250,52387500.0,6039800.0,13393544.84,0,0,0.0,14485.0,0.0,0.0,2090090.0,0.0,11290130.47,11290130.46875,1160281.94,1556419.8374807087,20580302.41,26240095.14623071,4624279.43,8373320.7105252305,25204581.84,34613415.85675594
311001,311-001,TRAILER MITSUBISHI FV 419P DA 9119 AT/ DA 8602 CR 311-001,0,SUNGAI DANAU,Feb,2,AB,0.0,0.0,26500000,0.0,0.0,0.0,363,0,13804.93,14485.0,5011189.59,0.0,3882382.12,0.0,0.0,0.0,1715000.0,0.0,10608571.71,0.0,2756208.37,0.0,13364780.08,0.0
311002,311-002,TRAILER MITSUBISHI FV 419P DA 9295 CC 311-002,0,SUNGAI DANAU,Feb,2,AB,0.0,0.0,4000000,0.0,0.0,0.0,0,0,0.0,14485.0,0.0,0.0,1386529.14,0.0,0.0,0.0,20280000.0,60000000.0,21666529.14,60000000.0,416031.45,0.0,22082560.59,60000000.0
311003,311-003,TRAILER MITSUBISHI FV 419P B 9234 TIN 311-003,0,SUNGAI DANAU,Feb,2,AB,0.0,0.0,0,0.0,0.0,0.0,0,0,0.0,14485.0,0.0,0.0,0.0,0.0,0.0,0.0,20000000.0,0.0,20000000.0,0.0,0.0,0.0,20000000.0,0.0
321002,321-002,FARM TRACTOR KUBOTA M9540 321-002,423213543,SUNGAI DANAU,Feb,2,AB,0.0,0.0,0,0.0,0.0,0.0,0,0,0.0,14485.0,0.0,0.0,0.0,0.0,4408474.41,4408474.40625,0.0,1546706.1935410376,4408474.41,5955180.599791038,0.0,0.0,4408474.41,5955180.599791038
321004,321-004,FARM TRACTOR KUBOTA M9540 321-004,423213543,SUNGAI DANAU,Feb,2,AB,0.0,0.0,0,0.0,0.0,0.0,0,0,0.0,14485.0,0.0,0.0,0.0,0.0,4408474.41,4408474.40625,0.0,0.0,4408474.41,4408474.40625,0.0,0.0,4408474.41,4408474.40625
321005,321-005,FARM TRACTOR KUBOTA M9540 321-005,560598958,SUNGAI DANAU,Feb,2,AB,0.0,0.0,0,0.0,0.0,0.0,0,0,0.0,14485.0,0.0,0.0,0.0,0.0,5839572.48,5839572.479166667,0.0,0.0,5839572.48,5839572.479166667,0.0,0.0,5839572.48,5839572.479166667
322003,322-003,CRAWLER CROWN KD 3000 HZL 322-003,171424505,SUNGAI DANAU,Feb,2,AB,0.0,0.0,0,0.0,0.0,0.0,0,0,0.0,14485.0,0.0,0.0,0.0,0.0,3571343.85,0.0,5500000.0,0.0,9071343.85,0.0,0.0,0.0,9071343.85,0.0
322004,322-004,CRAWLER CROWN KD 3000 HZL 322-004,171424505,SUNGAI DANAU,Feb,2,AB,0.0,0.0,0,0.0,0.0,0.0,0,0,0.0,14485.0,0.0,0.0,17300194.64,0.0,3571343.85,0.0,5650000.0,0.0,26521538.49,0.0,0.0,0.0,26521538.49,0.0
331001,331-001,EXCAVATOR HITACHI ZX48U-5A-CST 331-001,535000000,SUNGAI DANAU,Feb,2,AB,0.0,200.0,0,41860000.0,1725090.0,10755851.13,40,0,13804.93,14485.0,552197.2,0.0,21201999.99,1164067.0103467999,0.0,0.0,0.0,1601456.8552593046,23479287.19,13521374.995606106,0.0,8195026.237311712,23479287.19,21716401.232917815
331002,331-002,EXCAVATOR HITACHI ZX33U-5A 331-002,510000000,SUNGAI DANAU,Feb,2,AB,113.0,200.0,34731078,41860000.0,5889832.0,10755851.13,541,0,14746.66,14485.0,7977942.73,0.0,4770565.87,2107060.6506801336,5312500.0,5312500.0,0.0,1601456.8552593046,23950840.6,19776868.635939438,3612305.21,8195026.237311712,27563145.81,27971894.873251148
331003,331-003,EXCAVATOR HITACHI ZX 48U-5A 331-003,599234673,SUNGAI DANAU,Feb,2,AB,134.0,0.0,42440600,0.0,5545907.0,0.0,575,0,14659.33,14485.0,8429114.79,0.0,1179256.84,0.0,20534296.46,0.0,0.0,0.0,35688575.09,0.0,4414156.12,0.0,40102731.21,0.0
332001,332-001,EXCAVATOR HITACHI ZAXIS ZX200 332-001,0,SUNGAI DANAU,Feb,2,AB,0.0,0.0,0,0.0,0.0,0.0,0,0,0.0,14485.0,0.0,0.0,0.0,0.0,0.0,0.0,0.0,0.0,0.0,0.0,0.0,0.0,0.0,0.0
332002,332-002,EXCAVATOR HITACHI ZAXIS ZX210F 332-002,0,SUNGAI DANAU,Feb,2,AB,0.0,0.0,0,0.0,0.0,0.0,0,0,0.0,14485.0,0.0,0.0,0.0,0.0,0.0,0.0,0.0,0.0,0.0,0.0,0.0,0.0,0.0,0.0
332003,332-003,EXCAVATOR HITACHI ZAXIS ZX210F 332-003,0,SUNGAI DANAU,Feb,2,AB,0.0,0.0,0,0.0,0.0,0.0,0,0,0.0,14485.0,0.0,0.0,0.0,0.0,0.0,0.0,0.0,0.0,0.0,0.0,0.0,0.0,0.0,0.0
332005,332-005,EXCAVATOR CATERPILLAR 320 332-005,0,SUNGAI DANAU,Feb,2,AB,0.0,0.0,0,0.0,0.0,0.0,0,0,0.0,14485.0,0.0,0.0,0.0,0.0,0.0,0.0,0.0,0.0,0.0,0.0,0.0,0.0,0.0,0.0
332006,332-006,EXCAVATOR KOBELCO SK 50 332-006,0,SUNGAI DANAU,Feb,2,AB,0.0,0.0,0,0.0,0.0,0.0,0,0,0.0,14485.0,0.0,0.0,0.0,0.0,0.0,0.0,0.0,0.0,0.0,0.0,0.0,0.0,0.0,0.0
332007,332-007,EXCAVATOR HITACHI ZAXIS 210 F 332-007,0,SUNGAI DANAU,Feb,2,AB,0.0,0.0,0,0.0,0.0,0.0,0,0,0.0,14485.0,0.0,0.0,0.0,0.0,0.0,0.0,0.0,0.0,0.0,0.0,0.0,0.0,0.0,0.0
332008,332-008,EXCAVATOR KOMATSU PC 200 - 8 E-24 GSM 332-008,0,SUNGAI DANAU,Feb,2,AB,0.0,0.0,0,0.0,0.0,0.0,0,0,0.0,14485.0,0.0,0.0,0.0,0.0,0.0,0.0,0.0,0.0,0.0,0.0,0.0,0.0,0.0,0.0
332009,332-009,EXCAVATOR HITACHI ZAXIS ZX210F - 5G 332-009,0,SUNGAI DANAU,Feb,2,AB,0.0,0.0,0,0.0,0.0,0.0,0,0,0.0,14485.0,0.0,0.0,0.0,0.0,0.0,0.0,0.0,0.0,0.0,0.0,0.0,0.0,0.0,0.0
332010,332-010,EXCAVATOR HITACHI ZAXIS ZX210F - 5G 332-010,818181818,SUNGAI DANAU,Feb,2,AB,38.0,150.0,8296200,69135000.0,236500.0,8108157.42,40,0,13804.93,14485.0,552197.2,0.0,19910651.01,3181195.513551917,1080427.08,0.0,0.0,1601456.8552593046,21779775.29,12890809.788811222,862870.03,8195026.237311712,22642645.32,21085836.026122935
332011,332-011,EXCAVATOR HITACHI ZAXIS 210 F LONG ARM 332-011,0,SUNGAI DANAU,Feb,2,AB,0.0,0.0,0,0.0,0.0,0.0,0,0,0.0,14485.0,0.0,0.0,0.0,0.0,0.0,0.0,0.0,0.0,0.0,0.0,0.0,0.0,0.0,0.0
332012,332-012,EXCAVATOR KOMATSU PC200-7 E-14 GSM 332-012,0,SUNGAI DANAU,Feb,2,AB,0.0,0.0,0,0.0,0.0,0.0,0,0,0.0,14485.0,0.0,0.0,0.0,0.0,0.0,0.0,0.0,0.0,0.0,0.0,0.0,0.0,0.0,0.0
332018,332-018,EXCAVATOR KOBELCO SK200-10 332-018,0,SUNGAI DANAU,Feb,2,AB,0.0,0.0,0,0.0,0.0,0.0,0,0,0.0,14485.0,0.0,0.0,0.0,0.0,0.0,0.0,0.0,0.0,0.0,0.0,0.0,0.0,0.0,0.0
332021,332-021,EXCAVATOR HITACHI ZAXIS 200 LC MJ 332-021,0,SUNGAI DANAU,Feb,2,AB,0.0,0.0,0,0.0,0.0,0.0,0,0,0.0,14485.0,0.0,0.0,0.0,0.0,0.0,0.0,0.0,0.0,0.0,0.0,0.0,0.0,0.0,0.0
332025,332-025,EXCAVATOR KOBELCO SK200-10 332-025,1353204375,SUNGAI DANAU,Feb,2,AB,197.0,215.0,116023000,146522500.0,8195600.0,9089407.42,2037,0,14040.15,14485.0,28599792.08,49828400.0,4258216.11,3776002.9343687496,16672014.5,14095878.90625,77500.0,1601456.8552593046,57803122.69,78391146.11587805,12067304.31,8195026.237311712,69870427.0,86586172.35318975
332029,332-029,EXCAVATOR HITACHI ZX210F-5G 332-029,1378368000,SUNGAI DANAU,Feb,2,AB,124.0,200.0,95724500,137500000.0,9075900.0,14851044.84,2100,0,13998.44,14485.0,29396720.44,46352000.0,21428355.04,3237789.3894769996,14358000.0,14358000.0,10000.0,1601456.8552593046,74268975.48,80400291.0847363,9956100.7,8195026.237311712,84225076.18,88595317.32204801
332034,332-034,EXCAVATOR HITACHI ZX210F-5G 332-034,1490775000,SUNGAI DANAU,Feb,2,AB,134.0,200.0,48582640,70000000.0,7528623.0,15301044.84,2080,0,13804.93,14485.0,28714254.4,0.0,1223151.53,3734128.722810332,15528906.25,15528906.25,1213000.0,1601456.8552593046,54207935.18,36165536.66806964,5052976.57,8195026.237311712,59260911.75,44360562.90538135
332035,332-035,EXCAVATOR HITACHI ZX210F-5G 332-035,1490775000,SUNGAI DANAU,Feb,2,AB,172.0,200.0,139202870,70000000.0,10861320.0,15301044.84,1660,0,13804.93,14485.0,22916183.8,0.0,2597926.22,6444322.589477,15528906.25,15528906.25,1400000.0,1601456.8552593046,53304336.27,38875730.534736305,14478193.06,8195026.237311712,67782529.33,47070756.77204802
332040,332-040,EXCAVATOR HITACHI ZX 210 F-5G 332-040,1518656875,SUNGAI DANAU,Feb,2,AB,173.6,220.0,64105724,77000000.0,11600029.0,15551044.84,1311,0,13957.6,14485.0,18298414.36,0.0,1315397.63,3806957.5336436667,15819342.45,15819342.447916666,831646.32,1601456.8552593046,47864829.76,36778801.67681964,6667499.37,8195026.237311712,54532329.13,44973827.91413135
332041,332-041,EXCAVATOR HITACHI ZX 210 F-5G 332-041,1518656875,SUNGAI DANAU,Feb,2,AB,132.9,200.0,71410976,137500000.0,12174973.0,14851044.84,2655,0,14008.25,14485.0,37191890.68,46352000.0,20045785.2,3690401.960310334,15819342.45,15819342.447916666,690146.32,1601456.8552593046,85922137.65,82314246.1034863,7427303.02,8195026.237311712,93349440.67,90509272.340798
332047,332-047,EXCAVATOR HITACHI ZX 210 F-5G 332-047,1566339250,SUNGAI DANAU,Feb,2,AB,188.0,200.0,185187500,136300000.0,21096980.0,14851044.84,4049,0,13984.68,14485.0,56623983.85,46352000.0,5096121.86,3483657.3603103333,43509423.61,43509423.61111111,1058625.0,1601456.8552593046,127385134.32,109797582.66668075,19260956.16,8195026.237311712,146646090.48,117992608.90399246
332048,332-048,EXCAVATOR HITACHI ZX 210 F-5G 332-048,1563111750,SUNGAI DANAU,Feb,2,AB,184.0,200.0,135418296,70000000.0,14405623.0,15301044.84,3600,0,13804.93,14485.0,49697748.0,0.0,5093713.07,3483657.3603103333,43419770.83,43419770.833333336,2222625.0,1601456.8552593046,114839479.9,63805929.88890298,14084567.6,8195026.237311712,128924047.5,72000956.12621468
332052,332-052,EXCAVATOR HITACHI ZX 210G-5G 332-052,317452500,SUNGAI DANAU,Feb,2,AB,285.0,0.0,0,0.0,0.0,0.0,0,0,0.0,14485.0,0.0,0.0,0.0,0.0,0.0,0.0,0.0,0.0,0.0,0.0,0.0,0.0,0.0,0.0
341003,341-003,BULLDOZER KOMATSU D31 341-003,0,SUNGAI DANAU,Feb,2,AB,221.0,0.0,77902500,0.0,0.0,0.0,0,0,0.0,14485.0,0.0,0.0,0.0,0.0,0.0,0.0,71505000.0,0.0,71505000.0,0.0,8102472.56,0.0,79607472.56,0.0
342001,342-001,BULLDOZER CAT D6G DC-08 342-001,0,SUNGAI DANAU,Feb,2,AB,0.0,0.0,0,0.0,0.0,0.0,0,0,0.0,14485.0,0.0,0.0,0.0,0.0,0.0,0.0,0.0,0.0,0.0,0.0,0.0,0.0,0.0,0.0
342003,342-003,BULLDOZER CAT D6G DC-10 342-003,0,SUNGAI DANAU,Feb,2,AB,0.0,0.0,0,0.0,0.0,0.0,0,0,0.0,14485.0,0.0,0.0,0.0,0.0,0.0,0.0,0.0,0.0,0.0,0.0,0.0,0.0,0.0,0.0
342004,342-004,BULLDOZER CAT D6G DC-11 342-004,89866738,SUNGAI DANAU,Feb,2,AB,67.76,150.0,87177795,148950000.0,6255594.0,14169794.84,1881,0,13982.27,14485.0,26300658.54,58664250.0,5832382.01,3842790.7624403997,0.0,0.0,957440.0,1601456.8552593046,39346074.55,78278292.4576997,9067176.17,8195026.237311712,48413250.72,86473318.6950114
342005,342-005,BULLDOZER CAT D6G2 342-005,0,SUNGAI DANAU,Feb,2,AB,0.0,0.0,0,0.0,0.0,0.0,0,0,0.0,14485.0,0.0,0.0,0.0,0.0,0.0,0.0,0.0,0.0,0.0,0.0,0.0,0.0,0.0,0.0
342006,342-006,BULLDOZER CAT D7G2 342-006,80400146,SUNGAI DANAU,Feb,2,AB,123.0,150.0,122139000,148950000.0,8726000.0,14469794.84,2115,0,14017.14,14485.0,29646250.69,58664250.0,412510.06,3842790.7624403997,0.0,0.0,38000.0,1546706.1935410376,38822760.75,78523541.79598144,12703416.4,8195026.237311712,51526177.15,86718568.03329314
342007,342-007,BULLDOZER CAT D6G 342-007,0,SUNGAI DANAU,Feb,2,AB,0.0,0.0,0,0.0,0.0,0.0,0,0,0.0,14485.0,0.0,0.0,0.0,0.0,0.0,0.0,0.0,0.0,0.0,0.0,0.0,0.0,0.0,0.0
342008,342-008,BULLDOZER CAT D7G2 342-008,1929603500,SUNGAI DANAU,Feb,2,AB,0.0,0.0,0,0.0,0.0,0.0,0,0,0.0,14485.0,0.0,0.0,0.0,0.0,0.0,0.0,0.0,0.0,0.0,0.0,0.0,0.0,0.0,0.0
342009,342-009,BULLDOZER CAT D7G D-07 GSM 342-009,0,SUNGAI DANAU,Feb,2,AB,0.0,0.0,0,0.0,0.0,0.0,0,0,0.0,14485.0,0.0,0.0,0.0,0.0,0.0,0.0,0.0,0.0,0.0,0.0,0.0,0.0,0.0,0.0
342010,342-010,BULLDOZER CAT D7G D-06 GSM 342-010,0,SUNGAI DANAU,Feb,2,AB,0.0,0.0,0,0.0,0.0,0.0,0,0,0.0,14485.0,0.0,0.0,0.0,0.0,0.0,0.0,0.0,0.0,0.0,0.0,0.0,0.0,0.0,0.0
342011,342-011,BULLDOZER CAT D7G D-10 GSM 342-011,0,SUNGAI DANAU,Feb,2,AB,0.0,0.0,0,0.0,0.0,0.0,0,0,0.0,14485.0,0.0,0.0,0.0,0.0,0.0,0.0,0.0,0.0,0.0,0.0,0.0,0.0,0.0,0.0
342012,342-012,BULLDOZER WEA B 220 342-012,2321435000,SUNGAI DANAU,Feb,2,AB,69.0,150.0,0,148950000.0,0.0,14169794.84,0,0,0.0,14485.0,0.0,47800500.0,0.0,3759457.4291070662,0.0,24181614.583333332,0.0,1546706.1935410376,0.0,91458073.04598144,0.0,8195026.237311712,0.0,99653099.28329314
342013,342-013,BULLDOZER WEA B 220 342-013,2321435000,SUNGAI DANAU,Feb,2,AB,0.0,150.0,0,148950000.0,0.0,14169794.84,20,0,13804.93,14485.0,276098.6,47800500.0,56153697.23,3759457.4291070662,24181614.58,24181614.583333332,0.0,1546706.1935410376,80611410.41,91458073.04598144,0.0,8195026.237311712,80611410.41,99653099.28329314
342014,342-014,BULLDOZER WEA B 165 YS 342-014,1550000000,SUNGAI DANAU,Feb,2,AB,102.0,150.0,101286000,72105000.0,6077500.0,8108157.42,1719,0,14027.21,14485.0,24112781.37,43455000.0,3002342.91,3759457.4291070662,16145833.33,16145833.333333334,8178240.0,1546706.1935410376,57516697.61,73015154.37598144,10534540.43,8195026.237311712,68051238.04,81210180.61329314
342016,342-016,BULLDOZER KOMATSU D85E 342-016,3651184000,SUNGAI DANAU,Feb,2,AB,91.1,0.0,0,0.0,0.0,0.0,0,0,0.0,14485.0,0.0,0.0,0.0,0.0,0.0,0.0,0.0,0.0,0.0,0.0,0.0,0.0,0.0,0.0
342018,342-018,BULLDOZER KOMATSU D85E 342-018,3679975400,SUNGAI DANAU,Feb,2,AB,139.0,0.0,138027000,0.0,11666300.0,0.0,2936,0,13961.93,14485.0,40992228.59,0.0,1629244.08,0.0,38333077.08,0.0,188000.0,0.0,92808849.75,0.0,14355893.33,0.0,107164743.08,0.0
351001,351-001,GRADER KOMATSU 40A2-2204 351-001,0,SUNGAI DANAU,Feb,2,AB,0.0,0.0,0,0.0,0.0,0.0,0,0,0.0,14485.0,0.0,0.0,0.0,0.0,0.0,0.0,0.0,0.0,0.0,0.0,0.0,0.0,0.0,0.0
351002,351-002,GRADER KOMATSU 405A-2 351-002,0,SUNGAI DANAU,Feb,2,AB,0.0,0.0,0,0.0,0.0,0.0,0,0,0.0,14485.0,0.0,0.0,0.0,0.0,0.0,0.0,0.0,0.0,0.0,0.0,0.0,0.0,0.0,0.0
351003,351-003,GRADER KOMATSU 355 A 351-003,0,SUNGAI DANAU,Feb,2,AB,0.0,0.0,0,0.0,0.0,0.0,0,0,0.0,14485.0,0.0,0.0,0.0,0.0,0.0,0.0,0.0,0.0,0.0,0.0,0.0,0.0,0.0,0.0
351004,351-004,GRADER CATERPILAR 120 K 351-004,834113614,SUNGAI DANAU,Feb,2,AB,109.0,175.0,51328100,78505000.0,10419800.0,8589407.42,0,0,0.0,14485.0,0.0,0.0,9440557.73,12191549.659960268,0.0,0.0,30000.0,1546706.1935410376,19890357.73,22327663.273501307,5338526.0,8195026.237311712,25228883.73,30522689.51081302
351005,351-005,GRADER KOMATSU 355 A 351-005,0,SUNGAI DANAU,Feb,2,AB,0.0,0.0,0,0.0,0.0,0.0,0,0,0.0,14485.0,0.0,0.0,0.0,0.0,0.0,0.0,0.0,0.0,0.0,0.0,0.0,0.0,0.0,0.0
351006,351-006,GRADER KOMATSU 405 351-006,0,SUNGAI DANAU,Feb,2,AB,0.0,0.0,0,0.0,0.0,0.0,0,0,0.0,14485.0,0.0,0.0,0.0,0.0,0.0,0.0,0.0,0.0,0.0,0.0,0.0,0.0,0.0,0.0
351007,351-007,GRADER CATERPILLAR 120K 351-007,925000000,SUNGAI DANAU,Feb,2,AB,37.0,125.0,37672000,56075000.0,8279300.0,7555032.42,0,0,0.0,14485.0,0.0,0.0,16989971.75,10137738.166026931,0.0,0.0,0.0,1546706.1935410376,25269271.75,19239476.779567968,3918184.22,8195026.237311712,29187455.97,27434503.016879678
351008,351-008,GRADER CATERPILLAR 120 K 351-008,0,SUNGAI DANAU,Feb,2,AB,0.0,0.0,0,0.0,0.0,0.0,0,0,0.0,14485.0,0.0,0.0,0.0,0.0,0.0,0.0,0.0,0.0,0.0,0.0,0.0,0.0,0.0,0.0
351009,351-009,GRADER CATERPILLAR 120 K 351-009,0,SUNGAI DANAU,Feb,2,AB,0.0,0.0,0,0.0,0.0,0.0,0,0,0.0,14485.0,0.0,0.0,0.0,0.0,0.0,0.0,0.0,0.0,0.0,0.0,0.0,0.0,0.0,0.0
351010,351-010,GRADER CATERPILLAR 120 K 351-010,735897991,SUNGAI DANAU,Feb,2,AB,0.0,0.0,0,0.0,0.0,0.0,0,0,0.0,14485.0,0.0,0.0,11304196.0,0.0,7665604.07,7665604.070520833,0.0,1546706.1935410376,18969800.07,9212310.26406187,0.0,0.0,18969800.07,9212310.26406187
351013,351-013,GRADER XCMG GR-135 351-013,1160887500,SUNGAI DANAU,Feb,2,AB,44.0,100.0,47090000,44860000.0,4428000.0,7001907.42,0,0,0.0,14485.0,0.0,0.0,1310520.18,5952120.028960268,12092578.12,12092578.125,39274.72,0.0,17870373.02,25046605.573960267,4897730.28,8195026.237311712,22768103.3,33241631.81127198
351015,351-015,GRADER XCMG GR-135 351-015,1146243282,SUNGAI DANAU,Feb,2,AB,81.0,125.0,58862500,56075000.0,6017000.0,7555032.42,0,0,0.0,14485.0,0.0,0.0,2269420.6,0.0,23880068.37,23880068.373958334,635000.0,1546706.1935410376,32801488.97,32981806.987499375,6122162.85,8195026.237311712,38923651.82,41176833.224811085
351016,351-016,GRADER XCMG GR-135 351-016,1146243282,SUNGAI DANAU,Feb,2,AB,62.0,125.0,51799000,56075000.0,5388500.0,7555032.42,0,0,0.0,14485.0,0.0,0.0,3282025.33,8317751.957393598,23880068.37,23880068.373958334,635000.0,1546706.1935410376,33185593.7,41299558.944892965,5387503.3,8195026.237311712,38573097.0,49494585.18220468
361001,361-001,BACKHOE LOADER CASE 580 SR361-001,0,SUNGAI DANAU,Feb,2,AB,0.0,0.0,0,0.0,0.0,0.0,0,0,0.0,14485.0,0.0,0.0,0.0,0.0,0.0,0.0,0.0,0.0,0.0,0.0,0.0,0.0,0.0,0.0
361002,361-002,BACKHOE LOADER CASE 580 SM 361-002,0,SUNGAI DANAU,Feb,2,AB,0.0,0.0,0,0.0,0.0,0.0,0,0,0.0,14485.0,0.0,0.0,0.0,0.0,0.0,0.0,0.0,0.0,0.0,0.0,0.0,0.0,0.0,0.0
361003,361-003,BACKHOE LOADER CASE 580 SM 361-003,0,SUNGAI DANAU,Feb,2,AB,0.0,0.0,0,0.0,0.0,0.0,0,0,0.0,14485.0,0.0,0.0,0.0,0.0,0.0,0.0,0.0,0.0,0.0,0.0,0.0,0.0,0.0,0.0
361004,361-004,BACKHOE LOADER CAT 416 F 361-004,650919900,SUNGAI DANAU,Feb,2,AB,0.0,0.0,0,0.0,0.0,0.0,0,0,0.0,14485.0,0.0,0.0,109927.58,0.0,0.0,0.0,0.0,0.0,109927.58,0.0,0.0,0.0,109927.58,0.0
361005,361-005,BACKHOE LOADER CAT 416 E 361-005,0,SUNGAI DANAU,Feb,2,AB,0.0,0.0,0,0.0,0.0,0.0,0,0,0.0,14485.0,0.0,0.0,0.0,0.0,0.0,0.0,0.0,0.0,0.0,0.0,0.0,0.0,0.0,0.0
361006,361-006,BACKHOE LOADER CAT 416 F 361-006,933592400,SUNGAI DANAU,Feb,2,AB,0.0,0.0,0,0.0,0.0,0.0,0,0,0.0,14485.0,0.0,0.0,307521.03,0.0,0.0,0.0,0.0,0.0,307521.03,0.0,0.0,0.0,307521.03,0.0
361007,361-007,BACKHOE LOADER CAT 416 F 361-007,933285600,SUNGAI DANAU,Feb,2,AB,199.0,200.0,84196900,84620000.0,12266300.0,14851044.84,0,0,0.0,14485.0,0.0,0.0,24414260.54,0.0,0.0,0.0,0.0,0.0,36680560.54,14851044.84,8757139.65,8195026.237311712,45437700.19,23046071.07731171
361009,361-009,BACKHOE LOADER CATTERPILLAR 426F2 361-009,996438000,SUNGAI DANAU,Feb,2,AB,187.0,150.0,79119700,63465000.0,11469300.0,13851044.84,0,0,0.0,14485.0,0.0,0.0,2091167.21,11022524.403928466,10379562.5,10379562.5,0.0,1546706.1935410376,23940029.71,36799837.9374695,8229070.93,8195026.237311712,32169100.64,44994864.17478121
361010,361-010,BACKHOE LOADER CATTERPILLAR 426F2 361-010,996548000,SUNGAI DANAU,Feb,2,AB,227.0,150.0,96043700,63465000.0,13440250.0,13851044.84,0,0,0.0,14485.0,0.0,0.0,74538408.0,11022524.403928466,10380708.33,10380708.333333334,0.0,1546706.1935410376,98359366.33,36800983.77080283,9989300.01,8195026.237311712,108348666.34,44996010.00811455
361013,361-013,BACKHOE LOADER CATERPILLAR 416F 361-013,1229774436,SUNGAI DANAU,Feb,2,AB,258.0,200.0,109159800,84620000.0,9290300.0,14851044.84,0,0,0.0,14485.0,0.0,0.0,5261282.95,9867713.264780132,12810150.37,12810150.375,791943.53,1546706.1935410376,28153676.85,39075614.673321165,11353477.54,8195026.237311712,39507154.39,47270640.91063288
361014,361-014,BACKHOE LOADER CATERPILLAR 416F2 361-014,1265043837,SUNGAI DANAU,Feb,2,AB,256.0,200.0,108313600,84620000.0,15262500.0,14851044.84,0,0,0.0,14485.0,0.0,0.0,2270015.68,9867713.264780132,35140106.58,35140106.583333336,380800.0,1546706.1935410376,53053422.26,61405570.8816545,11265466.09,8195026.237311712,64318888.35,69600597.1189662
371001,371-001,COMPACTOR SV 510D 371-001,0,SUNGAI DANAU,Feb,2,AB,0.0,0.0,0,0.0,0.0,0.0,0,0,0.0,14485.0,0.0,0.0,0.0,0.0,0.0,0.0,0.0,0.0,0.0,0.0,0.0,0.0,0.0,0.0
371002,371-002,COMPACTOR IR 371-002,21936235,SUNGAI DANAU,Feb,2,AB,37.0,100.0,32834400,39100000.0,4806000.0,12851044.84,0,0,0.0,14485.0,0.0,0.0,1045160.58,4280253.340900333,0.0,0.0,0.0,1546706.1935410376,5851160.58,18678004.37444137,3415035.78,8195026.237311712,9266196.36,26873030.611753084
371003,371-003,COMPACTOR SAKAI SV512D 371-003,0,SUNGAI DANAU,Feb,2,AB,0.0,0.0,0,0.0,0.0,0.0,0,0,0.0,14485.0,0.0,0.0,0.0,0.0,0.0,0.0,0.0,0.0,0.0,0.0,0.0,0.0,0.0,0.0
371004,371-004,COMPACTOR SAKAI SV512D 371-004,0,SUNGAI DANAU,Feb,2,AB,0.0,0.0,0,0.0,0.0,0.0,0,0,0.0,14485.0,0.0,0.0,0.0,0.0,0.0,0.0,0.0,0.0,0.0,0.0,0.0,0.0,0.0,0.0
371005,371-005,COMPACTOR SAKAI SV512D371-005,268072750,SUNGAI DANAU,Feb,2,AB,44.0,0.0,43720000,0.0,5703550.0,0.0,0,0,0.0,14485.0,0.0,0.0,9375002.21,4852170.887163966,0.0,0.0,38949.82,1546706.1935410376,15117502.03,6398877.080705004,4547223.78,0.0,19664725.81,6398877.080705004
371006,371-006,COMPACTOR SAKAI SV525D 371-006,0,SUNGAI DANAU,Feb,2,AB,0.0,0.0,0,0.0,0.0,0.0,0,0,0.0,14485.0,0.0,0.0,0.0,0.0,0.0,0.0,0.0,0.0,0.0,0.0,0.0,0.0,0.0,0.0
371007,371-007,COMPACTOR VOLVO SD 120 DC KJU  371-007,0,SUNGAI DANAU,Feb,2,AB,0.0,0.0,0,0.0,0.0,0.0,0,0,0.0,14485.0,0.0,0.0,0.0,0.0,0.0,0.0,0.0,0.0,0.0,0.0,0.0,0.0,0.0,0.0
371009,371-009,COMPACTOR SAKAI SV515TF-E 371-009,0,SUNGAI DANAU,Feb,2,AB,0.0,0.0,0,0.0,0.0,0.0,0,0,0.0,14485.0,0.0,0.0,0.0,0.0,0.0,0.0,0.0,0.0,0.0,0.0,0.0,0.0,0.0,0.0
371011,371-011,COMPACTOR SAKAI SV 526-D 371-011,959723500,SUNGAI DANAU,Feb,2,AB,109.0,175.0,47654800,72887500.0,6489600.0,14351044.84,0,0,0.0,14485.0,0.0,0.0,233855.16,3954640.227163967,9997119.79,9997119.791666666,40749.82,0.0,16761324.77,28302804.85883063,4956473.92,8195026.237311712,21717798.69,36497831.096142344
371015,371-015,COMPACTOR DYNAPAC CA30D 371-015 ,1083602525,SUNGAI DANAU,Feb,2,AB,89.0,100.0,54991250,41910000.0,5909000.0,12851044.84,0,0,0.0,14485.0,0.0,0.0,7000.0,0.0,11287526.3,11287526.302083334,690281.94,1546706.1935410376,17893808.24,25685277.33562437,5719522.41,8195026.237311712,23613330.65,33880303.57293608
371016,371-016,COMPACTOR DYNAPAC CA30D 371-016,1083852525,SUNGAI DANAU,Feb,2,AB,106.0,125.0,48392300,52387500.0,6007500.0,13351044.84,0,0,0.0,14485.0,0.0,0.0,0.0,0.0,11290130.47,11290130.46875,690281.94,1546706.1935410376,17987912.41,26187881.50229104,5033179.72,8195026.237311712,23021092.13,34382907.73960275
311001,311-001,TRAILER MITSUBISHI FV 419P DA 9119 AT/ DA 8602 CR 311-001,0,SUNGAI DANAU,Mar,3,AB,0.0,0.0,7000000,0.0,0.0,0.0,0,0,0.0,14485.0,0.0,0.0,13905390.15,0.0,0.0,0.0,918000.0,0.0,14823390.15,0.0,1208910.91,0.0,16032301.06,0.0
311002,311-002,TRAILER MITSUBISHI FV 419P DA 9295 CC 311-002,0,SUNGAI DANAU,Mar,3,AB,0.0,0.0,4000000,0.0,0.0,0.0,237,0,15095.07,14485.0,3577531.59,0.0,30816294.89,0.0,0.0,0.0,21149211.0,60000000.0,55543037.48,60000000.0,690806.24,0.0,56233843.72,60000000.0
311003,311-003,TRAILER MITSUBISHI FV 419P B 9234 TIN 311-003,0,SUNGAI DANAU,Mar,3,AB,0.0,0.0,0,0.0,0.0,0.0,0,0,0.0,14485.0,0.0,0.0,0.0,0.0,0.0,0.0,20000000.0,0.0,20000000.0,0.0,0.0,0.0,20000000.0,0.0
321002,321-002,FARM TRACTOR KUBOTA M9540 321-002,423213543,SUNGAI DANAU,Mar,3,AB,0.0,0.0,0,0.0,0.0,0.0,0,0,0.0,14485.0,0.0,0.0,0.0,0.0,4408474.41,4408474.40625,0.0,2213827.0977346133,4408474.41,6622301.503984613,0.0,0.0,4408474.41,6622301.503984613
321004,321-004,FARM TRACTOR KUBOTA M9540 321-004,423213543,SUNGAI DANAU,Mar,3,AB,0.0,0.0,0,0.0,0.0,0.0,0,0,0.0,14485.0,0.0,0.0,0.0,0.0,4408474.41,4408474.40625,0.0,0.0,4408474.41,4408474.40625,0.0,0.0,4408474.41,4408474.40625
321005,321-005,FARM TRACTOR KUBOTA M9540 321-005,560598958,SUNGAI DANAU,Mar,3,AB,0.0,0.0,0,0.0,0.0,0.0,0,0,0.0,14485.0,0.0,0.0,0.0,0.0,5839572.48,5839572.479166667,0.0,0.0,5839572.48,5839572.479166667,0.0,0.0,5839572.48,5839572.479166667
322003,322-003,CRAWLER CROWN KD 3000 HZL 322-003,171424505,SUNGAI DANAU,Mar,3,AB,0.0,0.0,0,0.0,0.0,0.0,0,0,0.0,14485.0,0.0,0.0,0.0,0.0,3571343.85,0.0,0.0,0.0,3571343.85,0.0,0.0,0.0,3571343.85,0.0
322004,322-004,CRAWLER CROWN KD 3000 HZL 322-004,171424505,SUNGAI DANAU,Mar,3,AB,0.0,0.0,0,0.0,0.0,0.0,0,0,0.0,14485.0,0.0,0.0,540000.0,0.0,3571343.85,0.0,0.0,0.0,4111343.85,0.0,0.0,0.0,4111343.85,0.0
331001,331-001,EXCAVATOR HITACHI ZX48U-5A-CST 331-001,535000000,SUNGAI DANAU,Mar,3,AB,0.0,200.0,0,41860000.0,0.0,16332551.13,0,0,0.0,14485.0,0.0,0.0,6711974.41,1164067.0103467999,0.0,0.0,0.0,2292192.65871637,6711974.41,19788810.79906317,0.0,12015531.927875537,6711974.41,31804342.726938706
331002,331-002,EXCAVATOR HITACHI ZX33U-5A 331-002,510000000,SUNGAI DANAU,Mar,3,AB,45.0,200.0,15939190,41860000.0,10116509.0,16332551.13,182,0,15409.3,14485.0,2804491.9,0.0,18336017.92,2107060.6506801336,5312500.0,5312500.0,0.0,2292192.65871637,36569518.82,26044304.439396504,2752722.96,12015531.927875537,39322241.78,38059836.36727204
331003,331-003,EXCAVATOR HITACHI ZX 48U-5A 331-003,599234673,SUNGAI DANAU,Mar,3,AB,143.5,0.0,55594826,0.0,8941912.0,0.0,689,0,15330.25,14485.0,10562539.19,0.0,774883.61,0.0,20534296.46,0.0,0.0,0.0,40813631.26,0.0,9601313.12,0.0,50414944.38,0.0
332001,332-001,EXCAVATOR HITACHI ZAXIS ZX200 332-001,0,SUNGAI DANAU,Mar,3,AB,0.0,0.0,0,0.0,0.0,0.0,0,0,0.0,14485.0,0.0,0.0,0.0,0.0,0.0,0.0,0.0,0.0,0.0,0.0,0.0,0.0,0.0,0.0
332002,332-002,EXCAVATOR HITACHI ZAXIS ZX210F 332-002,0,SUNGAI DANAU,Mar,3,AB,0.0,0.0,0,0.0,0.0,0.0,0,0,0.0,14485.0,0.0,0.0,0.0,0.0,0.0,0.0,0.0,0.0,0.0,0.0,0.0,0.0,0.0,0.0
332003,332-003,EXCAVATOR HITACHI ZAXIS ZX210F 332-003,0,SUNGAI DANAU,Mar,3,AB,0.0,0.0,0,0.0,0.0,0.0,0,0,0.0,14485.0,0.0,0.0,0.0,0.0,0.0,0.0,0.0,0.0,0.0,0.0,0.0,0.0,0.0,0.0
332005,332-005,EXCAVATOR CATERPILLAR 320 332-005,0,SUNGAI DANAU,Mar,3,AB,0.0,0.0,0,0.0,0.0,0.0,0,0,0.0,14485.0,0.0,0.0,0.0,0.0,0.0,0.0,0.0,0.0,0.0,0.0,0.0,0.0,0.0,0.0
332006,332-006,EXCAVATOR KOBELCO SK 50 332-006,0,SUNGAI DANAU,Mar,3,AB,0.0,0.0,0,0.0,0.0,0.0,0,0,0.0,14485.0,0.0,0.0,0.0,0.0,0.0,0.0,0.0,0.0,0.0,0.0,0.0,0.0,0.0,0.0
332007,332-007,EXCAVATOR HITACHI ZAXIS 210 F 332-007,0,SUNGAI DANAU,Mar,3,AB,0.0,0.0,0,0.0,0.0,0.0,0,0,0.0,14485.0,0.0,0.0,0.0,0.0,0.0,0.0,0.0,0.0,0.0,0.0,0.0,0.0,0.0,0.0
332008,332-008,EXCAVATOR KOMATSU PC 200 - 8 E-24 GSM 332-008,0,SUNGAI DANAU,Mar,3,AB,0.0,0.0,0,0.0,0.0,0.0,0,0,0.0,14485.0,0.0,0.0,0.0,0.0,0.0,0.0,0.0,0.0,0.0,0.0,0.0,0.0,0.0,0.0
332009,332-009,EXCAVATOR HITACHI ZAXIS ZX210F - 5G 332-009,0,SUNGAI DANAU,Mar,3,AB,0.0,0.0,0,0.0,0.0,0.0,0,0,0.0,14485.0,0.0,0.0,0.0,0.0,0.0,0.0,0.0,0.0,0.0,0.0,0.0,0.0,0.0,0.0
332010,332-010,EXCAVATOR HITACHI ZAXIS ZX210F - 5G 332-010,818181818,SUNGAI DANAU,Mar,3,AB,10.0,100.0,12905200,46090000.0,7178660.0,6986907.42,0,0,0.0,14485.0,0.0,0.0,16722104.24,3181195.513551917,1080427.08,0.0,0.0,2292192.65871637,24981191.32,12460295.592268286,2228748.16,12015531.927875537,27209939.48,24475827.52014382
332011,332-011,EXCAVATOR HITACHI ZAXIS 210 F LONG ARM 332-011,0,SUNGAI DANAU,Mar,3,AB,0.0,0.0,0,0.0,0.0,0.0,0,0,0.0,14485.0,0.0,0.0,0.0,0.0,0.0,0.0,0.0,0.0,0.0,0.0,0.0,0.0,0.0,0.0
332012,332-012,EXCAVATOR KOMATSU PC200-7 E-14 GSM 332-012,0,SUNGAI DANAU,Mar,3,AB,0.0,0.0,0,0.0,0.0,0.0,0,0,0.0,14485.0,0.0,0.0,0.0,0.0,0.0,0.0,0.0,0.0,0.0,0.0,0.0,0.0,0.0,0.0
332018,332-018,EXCAVATOR KOBELCO SK200-10 332-018,0,SUNGAI DANAU,Mar,3,AB,0.0,0.0,0,0.0,0.0,0.0,0,0,0.0,14485.0,0.0,0.0,0.0,0.0,0.0,0.0,0.0,0.0,0.0,0.0,0.0,0.0,0.0,0.0
332021,332-021,EXCAVATOR HITACHI ZAXIS 200 LC MJ 332-021,0,SUNGAI DANAU,Mar,3,AB,0.0,0.0,0,0.0,0.0,0.0,0,0,0.0,14485.0,0.0,0.0,0.0,0.0,0.0,0.0,0.0,0.0,0.0,0.0,0.0,0.0,0.0,0.0
332025,332-025,EXCAVATOR KOBELCO SK200-10 332-025,1353204375,SUNGAI DANAU,Mar,3,AB,147.0,215.0,51450000,146522500.0,10238300.0,12802207.42,0,0,0.0,14485.0,0.0,49828400.0,3078153.37,3776002.9343687496,16672014.5,14095878.90625,20000.0,2292192.65871637,30008467.87,82794681.91933511,8885495.21,12015531.927875537,38893963.08,94810213.84721065
332029,332-029,EXCAVATOR HITACHI ZX210F-5G 332-029,1378368000,SUNGAI DANAU,Mar,3,AB,121.0,175.0,92317500,120312500.0,9666650.0,16572724.84,2037,0,15181.64,14485.0,30924990.84,40558000.0,25385337.1,3237789.3894769996,14358000.0,14358000.0,0.0,2292192.65871637,80334977.94,77018706.88819337,15943376.16,12015531.927875537,96278354.1,89034238.8160689
332034,332-034,EXCAVATOR HITACHI ZX210F-5G 332-034,1490775000,SUNGAI DANAU,Mar,3,AB,126.0,200.0,64277104,70000000.0,16557868.33,20504964.84,1580,0,15095.07,14485.0,23850210.6,0.0,3977614.88,3734128.722810332,15528906.25,15528906.25,20000.0,2292192.65871637,59934600.06,42060192.471526705,11100756.06,12015531.927875537,71035356.12,54075724.399402246
332035,332-035,EXCAVATOR HITACHI ZX210F-5G 332-035,1490775000,SUNGAI DANAU,Mar,3,AB,105.0,200.0,87322024,70000000.0,13244354.67,18641064.84,1780,0,15095.07,14485.0,26869224.6,0.0,26959132.91,6444322.589477,15528906.25,15528906.25,150000.0,2292192.65871637,82751618.43,42906486.33819337,15080649.67,12015531.927875537,97832268.1,54922018.266068906
332040,332-040,EXCAVATOR HITACHI ZX 210 F-5G 332-040,1518656875,SUNGAI DANAU,Mar,3,AB,153.3,220.0,87249733,77000000.0,17645739.0,22991644.84,2529,0,15208.14,14485.0,38461377.84,0.0,321505.33,3806957.5336436667,15819342.45,15819342.447916666,740146.32,2292192.65871637,72988110.94,44910137.480276704,15068164.9,12015531.927875537,88056275.84,56925669.40815224
332041,332-041,EXCAVATOR HITACHI ZX 210 F-5G 332-041,1518656875,SUNGAI DANAU,Mar,3,AB,128.9,175.0,81752506,120312500.0,14682113.33,18809404.84,2367,0,15217.89,14485.0,36020742.26,40558000.0,594962.39,3690401.960310334,15819342.45,15819342.447916666,720146.32,2292192.65871637,67837306.75,81169341.90694337,14118785.23,12015531.927875537,81956091.98,93184873.8348189
332047,332-047,EXCAVATOR HITACHI ZX 210 F-5G 332-047,1566339250,SUNGAI DANAU,Mar,3,AB,120.4,175.0,153812500,119262500.0,25661908.0,19182184.84,2581,0,15165.24,14485.0,39141474.68,40558000.0,2680765.63,3483657.3603103333,43509423.61,43509423.61111111,1338625.0,2292192.65871637,112332196.92,109025458.47013782,26563658.53,12015531.927875537,138895855.45,121040990.39801335
332048,332-048,EXCAVATOR HITACHI ZX 210 F-5G 332-048,1563111750,SUNGAI DANAU,Mar,3,AB,139.0,200.0,110731439,70000000.0,18398920.0,20877744.84,2408,0,15095.07,14485.0,36348928.56,0.0,3442299.39,3483657.3603103333,43419770.83,43419770.833333336,1028625.0,2292192.65871637,102638543.78,70073365.69236003,19123492.13,12015531.927875537,121762035.91,82088897.62023556
332052,332-052,EXCAVATOR HITACHI ZX 210G-5G 332-052,317452500,SUNGAI DANAU,Mar,3,AB,282.9,0.0,0,0.0,0.0,0.0,0,0,0.0,14485.0,0.0,0.0,0.0,0.0,0.0,0.0,1000387.5,0.0,1000387.5,0.0,0.0,0.0,1000387.5,0.0
341003,341-003,BULLDOZER KOMATSU D31 341-003,0,SUNGAI DANAU,Mar,3,AB,133.0,0.0,46882500,0.0,0.0,0.0,0,0,0.0,14485.0,0.0,0.0,0.0,0.0,0.0,0.0,41895000.0,0.0,41895000.0,0.0,8096680.83,0.0,49991680.83,0.0
342001,342-001,BULLDOZER CAT D6G DC-08 342-001,0,SUNGAI DANAU,Mar,3,AB,0.0,0.0,0,0.0,0.0,0.0,0,0,0.0,14485.0,0.0,0.0,0.0,0.0,0.0,0.0,0.0,0.0,0.0,0.0,0.0,0.0,0.0,0.0
342003,342-003,BULLDOZER CAT D6G DC-10 342-003,0,SUNGAI DANAU,Mar,3,AB,0.0,0.0,0,0.0,0.0,0.0,0,0,0.0,14485.0,0.0,0.0,0.0,0.0,0.0,0.0,0.0,0.0,0.0,0.0,0.0,0.0,0.0,0.0
342004,342-004,BULLDOZER CAT D6G DC-11 342-004,89866738,SUNGAI DANAU,Mar,3,AB,0.0,150.0,0,148950000.0,8356000.0,19000934.84,0,0,0.0,14485.0,0.0,58664250.0,0.0,3842790.7624403997,0.0,0.0,0.0,2292192.65871637,8356000.0,83800168.26115677,0.0,12015531.927875537,8356000.0,95815700.1890323
342005,342-005,BULLDOZER CAT D6G2 342-005,0,SUNGAI DANAU,Mar,3,AB,0.0,0.0,0,0.0,0.0,0.0,0,0,0.0,14485.0,0.0,0.0,0.0,0.0,0.0,0.0,0.0,0.0,0.0,0.0,0.0,0.0,0.0,0.0
342006,342-006,BULLDOZER CAT D7G2 342-006,80400146,SUNGAI DANAU,Mar,3,AB,0.0,150.0,0,148950000.0,3658013.33,21910394.84,0,0,0.0,14485.0,0.0,58664250.0,8694000.0,3842790.7624403997,0.0,0.0,0.0,2213827.0977346133,12352013.33,86631262.70017502,0.0,12015531.927875537,12352013.33,98646794.62805055
342007,342-007,BULLDOZER CAT D6G 342-007,0,SUNGAI DANAU,Mar,3,AB,0.0,0.0,0,0.0,0.0,0.0,0,0,0.0,14485.0,0.0,0.0,0.0,0.0,0.0,0.0,0.0,0.0,0.0,0.0,0.0,0.0,0.0,0.0
342008,342-008,BULLDOZER CAT D7G2 342-008,1929603500,SUNGAI DANAU,Mar,3,AB,0.0,200.0,0,198600000.0,0.0,17497724.84,0,0,0.0,14485.0,0.0,78219000.0,0.0,13855276.8178,0.0,0.0,0.0,2213827.0977346133,0.0,111785828.75553462,0.0,12015531.927875537,0.0,123801360.68341015
342009,342-009,BULLDOZER CAT D7G D-07 GSM 342-009,0,SUNGAI DANAU,Mar,3,AB,0.0,0.0,0,0.0,0.0,0.0,0,0,0.0,14485.0,0.0,0.0,0.0,0.0,0.0,0.0,0.0,0.0,0.0,0.0,0.0,0.0,0.0,0.0
342010,342-010,BULLDOZER CAT D7G D-06 GSM 342-010,0,SUNGAI DANAU,Mar,3,AB,0.0,0.0,0,0.0,0.0,0.0,0,0,0.0,14485.0,0.0,0.0,0.0,0.0,0.0,0.0,0.0,0.0,0.0,0.0,0.0,0.0,0.0,0.0
342011,342-011,BULLDOZER CAT D7G D-10 GSM 342-011,0,SUNGAI DANAU,Mar,3,AB,0.0,0.0,0,0.0,0.0,0.0,0,0,0.0,14485.0,0.0,0.0,0.0,0.0,0.0,0.0,0.0,0.0,0.0,0.0,0.0,0.0,0.0,0.0
342012,342-012,BULLDOZER WEA B 220 342-012,2321435000,SUNGAI DANAU,Mar,3,AB,0.0,150.0,0,148950000.0,0.0,20492054.84,0,0,0.0,14485.0,0.0,47800500.0,0.0,3759457.4291070662,0.0,24181614.583333332,0.0,2213827.0977346133,0.0,98447453.95017502,0.0,12015531.927875537,0.0,110462985.87805055
342013,342-013,BULLDOZER WEA B 220 342-013,2321435000,SUNGAI DANAU,Mar,3,AB,0.0,150.0,0,148950000.0,0.0,19746494.84,0,0,0.0,14485.0,0.0,47800500.0,16228537.63,3759457.4291070662,24181614.58,24181614.583333332,0.0,2213827.0977346133,40410152.21,97701893.95017502,0.0,12015531.927875537,40410152.21,109717425.87805055
342014,342-014,BULLDOZER WEA B 165 YS 342-014,1550000000,SUNGAI DANAU,Mar,3,AB,0.0,150.0,0,72105000.0,3736000.0,9211497.42,0,0,0.0,14485.0,0.0,43455000.0,0.0,3759457.4291070662,16145833.33,16145833.333333334,0.0,2213827.0977346133,19881833.33,74785615.28017502,0.0,12015531.927875537,19881833.33,86801147.20805055
342016,342-016,BULLDOZER KOMATSU D85E 342-016,3651184000,SUNGAI DANAU,Mar,3,AB,62.5,0.0,0,0.0,0.0,0.0,0,0,0.0,14485.0,0.0,0.0,0.0,0.0,0.0,0.0,0.0,0.0,0.0,0.0,0.0,0.0,0.0,0.0
342018,342-018,BULLDOZER KOMATSU D85E 342-018,3679975400,SUNGAI DANAU,Mar,3,AB,0.0,0.0,0,0.0,10283367.0,0.0,0,0,0.0,14485.0,0.0,0.0,0.0,0.0,38333077.08,0.0,0.0,0.0,48616444.08,0.0,0.0,0.0,48616444.08,0.0
351001,351-001,GRADER KOMATSU 40A2-2204 351-001,0,SUNGAI DANAU,Mar,3,AB,0.0,0.0,0,0.0,0.0,0.0,0,0,0.0,14485.0,0.0,0.0,0.0,0.0,0.0,0.0,0.0,0.0,0.0,0.0,0.0,0.0,0.0,0.0
351002,351-002,GRADER KOMATSU 405A-2 351-002,0,SUNGAI DANAU,Mar,3,AB,0.0,0.0,0,0.0,0.0,0.0,0,0,0.0,14485.0,0.0,0.0,0.0,0.0,0.0,0.0,0.0,0.0,0.0,0.0,0.0,0.0,0.0,0.0
351003,351-003,GRADER KOMATSU 355 A 351-003,0,SUNGAI DANAU,Mar,3,AB,0.0,0.0,0,0.0,0.0,0.0,0,0,0.0,14485.0,0.0,0.0,0.0,0.0,0.0,0.0,0.0,0.0,0.0,0.0,0.0,0.0,0.0,0.0
351004,351-004,GRADER CATERPILAR 120 K 351-004,834113614,SUNGAI DANAU,Mar,3,AB,171.0,175.0,80523900,78505000.0,17089280.0,12302207.42,0,0,0.0,14485.0,0.0,0.0,6592853.91,12191549.659960268,0.0,0.0,0.0,2213827.0977346133,23682133.91,26707584.17769488,13906603.06,12015531.927875537,37588736.97,38723116.10557042
351005,351-005,GRADER KOMATSU 355 A 351-005,0,SUNGAI DANAU,Mar,3,AB,0.0,0.0,0,0.0,0.0,0.0,0,0,0.0,14485.0,0.0,0.0,0.0,0.0,0.0,0.0,0.0,0.0,0.0,0.0,0.0,0.0,0.0,0.0
351006,351-006,GRADER KOMATSU 405 351-006,0,SUNGAI DANAU,Mar,3,AB,0.0,0.0,0,0.0,0.0,0.0,0,0,0.0,14485.0,0.0,0.0,0.0,0.0,0.0,0.0,0.0,0.0,0.0,0.0,0.0,0.0,0.0,0.0
351007,351-007,GRADER CATERPILLAR 120K 351-007,925000000,SUNGAI DANAU,Mar,3,AB,126.0,125.0,59333400,56075000.0,15895167.0,11267832.42,0,0,0.0,14485.0,0.0,0.0,13181445.26,10137738.166026931,0.0,0.0,0.0,2213827.0977346133,29076612.26,23619397.683761545,10246970.67,12015531.927875537,39323582.93,35634929.611637086
351008,351-008,GRADER CATERPILLAR 120 K 351-008,0,SUNGAI DANAU,Mar,3,AB,0.0,0.0,0,0.0,0.0,0.0,0,0,0.0,14485.0,0.0,0.0,0.0,0.0,0.0,0.0,0.0,0.0,0.0,0.0,0.0,0.0,0.0,0.0
351009,351-009,GRADER CATERPILLAR 120 K 351-009,0,SUNGAI DANAU,Mar,3,AB,0.0,0.0,0,0.0,0.0,0.0,0,0,0.0,14485.0,0.0,0.0,0.0,0.0,0.0,0.0,0.0,0.0,0.0,0.0,0.0,0.0,0.0,0.0
351010,351-010,GRADER CATERPILLAR 120 K 351-010,735897991,SUNGAI DANAU,Mar,3,AB,0.0,0.0,0,0.0,0.0,0.0,0,0,0.0,14485.0,0.0,0.0,0.0,0.0,7665604.07,7665604.070520833,0.0,2213827.0977346133,7665604.07,9879431.168255446,0.0,0.0,7665604.07,9879431.168255446
351013,351-013,GRADER XCMG GR-135 351-013,1160887500,SUNGAI DANAU,Mar,3,AB,76.0,100.0,41439200,44860000.0,9608700.0,10714707.42,0,0,0.0,14485.0,0.0,0.0,4957143.1,5952120.028960268,12092578.12,12092578.125,30000.0,0.0,26688421.22,28759405.573960267,7156614.44,12015531.927875537,33845035.66,40774937.50183581
351015,351-015,GRADER XCMG GR-135 351-015,1146243282,SUNGAI DANAU,Mar,3,AB,135.0,125.0,63571500,56075000.0,10851000.0,11267832.42,0,0,0.0,14485.0,0.0,0.0,162856.21,0.0,23880068.37,23880068.373958334,635000.0,2213827.0977346133,35528924.58,37361727.89169295,10978897.15,12015531.927875537,46507821.73,49377259.819568485
351016,351-016,GRADER XCMG GR-135 351-016,1146243282,SUNGAI DANAU,Mar,3,AB,163.0,125.0,76756700,56075000.0,10711000.0,11267832.42,0,0,0.0,14485.0,0.0,0.0,17153630.0,8317751.957393598,23880068.37,23880068.373958334,635000.0,2213827.0977346133,52379698.37,45679479.849086545,13256001.75,12015531.927875537,65635700.12,57695011.77696209
361001,361-001,BACKHOE LOADER CASE 580 SR361-001,0,SUNGAI DANAU,Mar,3,AB,0.0,0.0,0,0.0,0.0,0.0,0,0,0.0,14485.0,0.0,0.0,0.0,0.0,0.0,0.0,0.0,0.0,0.0,0.0,0.0,0.0,0.0,0.0
361002,361-002,BACKHOE LOADER CASE 580 SM 361-002,0,SUNGAI DANAU,Mar,3,AB,0.0,0.0,0,0.0,0.0,0.0,0,0,0.0,14485.0,0.0,0.0,0.0,0.0,0.0,0.0,0.0,0.0,0.0,0.0,0.0,0.0,0.0,0.0
361003,361-003,BACKHOE LOADER CASE 580 SM 361-003,0,SUNGAI DANAU,Mar,3,AB,0.0,0.0,0,0.0,0.0,0.0,0,0,0.0,14485.0,0.0,0.0,0.0,0.0,0.0,0.0,0.0,0.0,0.0,0.0,0.0,0.0,0.0,0.0
361004,361-004,BACKHOE LOADER CAT 416 F 361-004,650919900,SUNGAI DANAU,Mar,3,AB,0.0,0.0,0,0.0,0.0,0.0,0,0,0.0,14485.0,0.0,0.0,0.0,0.0,0.0,0.0,0.0,0.0,0.0,0.0,0.0,0.0,0.0,0.0
361005,361-005,BACKHOE LOADER CAT 416 E 361-005,0,SUNGAI DANAU,Mar,3,AB,0.0,0.0,0,0.0,0.0,0.0,0,0,0.0,14485.0,0.0,0.0,0.0,0.0,0.0,0.0,0.0,0.0,0.0,0.0,0.0,0.0,0.0,0.0
361006,361-006,BACKHOE LOADER CAT 416 F 361-006,933592400,SUNGAI DANAU,Mar,3,AB,0.0,0.0,0,0.0,0.0,0.0,0,0,0.0,14485.0,0.0,0.0,263550.0,0.0,0.0,0.0,0.0,0.0,263550.0,0.0,0.0,0.0,263550.0,0.0
361007,361-007,BACKHOE LOADER CAT 416 F 361-007,933285600,SUNGAI DANAU,Mar,3,AB,168.0,200.0,69811500,84620000.0,15920780.0,22291644.84,0,0,0.0,14485.0,0.0,0.0,8839255.71,0.0,0.0,0.0,0.0,0.0,24760035.71,22291644.84,12056554.88,12015531.927875537,36816590.59,34307176.76787554
361009,361-009,BACKHOE LOADER CATTERPILLAR 426F2 361-009,996438000,SUNGAI DANAU,Mar,3,AB,209.0,150.0,88427900,63465000.0,16669984.0,20173304.84,0,0,0.0,14485.0,0.0,0.0,7494622.84,11022524.403928466,10379562.5,10379562.5,30000.0,2213827.0977346133,34574169.34,43789218.84166308,15271636.18,12015531.927875537,49845805.52,55804750.76953861
361010,361-010,BACKHOE LOADER CATTERPILLAR 426F2 361-010,996548000,SUNGAI DANAU,Mar,3,AB,296.0,150.0,125237600,63465000.0,24312000.0,21291644.84,0,0,0.0,14485.0,0.0,0.0,1664604.29,11022524.403928466,10380708.33,10380708.333333334,0.0,2213827.0977346133,36357312.62,44908704.67499641,21628728.75,12015531.927875537,57986041.37,56924236.602871954
361013,361-013,BACKHOE LOADER CATERPILLAR 416F 361-013,1229774436,SUNGAI DANAU,Mar,3,AB,80.0,200.0,33848000,84620000.0,13138600.0,21173304.84,0,0,0.0,14485.0,0.0,0.0,6259523.7,9867713.264780132,12810150.37,12810150.375,811915.19,2213827.0977346133,33020189.26,46064995.577514745,5845602.37,12015531.927875537,38865791.63,58080527.50539029
361014,361-014,BACKHOE LOADER CATERPILLAR 416F2 361-014,1265043837,SUNGAI DANAU,Mar,3,AB,160.0,200.0,67696000,84620000.0,20368013.32,22291644.84,0,0,0.0,14485.0,0.0,0.0,4878538.04,9867713.264780132,35140106.58,35140106.583333336,292800.0,2213827.0977346133,60679457.94,69513291.78584808,11691204.73,12015531.927875537,72370662.67,81528823.71372361
371001,371-001,COMPACTOR SV 510D 371-001,0,SUNGAI DANAU,Mar,3,AB,0.0,0.0,0,0.0,0.0,0.0,0,0,0.0,14485.0,0.0,0.0,0.0,0.0,0.0,0.0,0.0,0.0,0.0,0.0,0.0,0.0,0.0,0.0
371002,371-002,COMPACTOR IR 371-002,21936235,SUNGAI DANAU,Mar,3,AB,126.0,100.0,51714180,39100000.0,9890300.0,19173304.84,0,0,0.0,14485.0,0.0,0.0,29610.22,4280253.340900333,0.0,0.0,30000.0,2213827.0977346133,9949910.22,25667385.278634943,8931119.5,12015531.927875537,18881029.72,37682917.206510484
371003,371-003,COMPACTOR SAKAI SV512D 371-003,0,SUNGAI DANAU,Mar,3,AB,0.0,0.0,0,0.0,0.0,0.0,0,0,0.0,14485.0,0.0,0.0,0.0,0.0,0.0,0.0,0.0,0.0,0.0,0.0,0.0,0.0,0.0,0.0
371004,371-004,COMPACTOR SAKAI SV512D 371-004,0,SUNGAI DANAU,Mar,3,AB,0.0,0.0,0,0.0,0.0,0.0,0,0,0.0,14485.0,0.0,0.0,0.0,0.0,0.0,0.0,0.0,0.0,0.0,0.0,0.0,0.0,0.0,0.0
371005,371-005,COMPACTOR SAKAI SV512D371-005,268072750,SUNGAI DANAU,Mar,3,AB,80.0,0.0,38473600,0.0,9010900.0,0.0,0,0,0.0,14485.0,0.0,0.0,12444768.07,4852170.887163966,0.0,0.0,39274.73,2213827.0977346133,21494942.8,7065997.984898579,6644450.7,0.0,28139393.5,7065997.984898579
371006,371-006,COMPACTOR SAKAI SV525D 371-006,0,SUNGAI DANAU,Mar,3,AB,0.0,0.0,0,0.0,0.0,0.0,0,0,0.0,14485.0,0.0,0.0,0.0,0.0,0.0,0.0,0.0,0.0,0.0,0.0,0.0,0.0,0.0,0.0
371007,371-007,COMPACTOR VOLVO SD 120 DC KJU  371-007,0,SUNGAI DANAU,Mar,3,AB,0.0,0.0,0,0.0,0.0,0.0,0,0,0.0,14485.0,0.0,0.0,0.0,0.0,0.0,0.0,0.0,0.0,0.0,0.0,0.0,0.0,0.0,0.0
371009,371-009,COMPACTOR SAKAI SV515TF-E 371-009,0,SUNGAI DANAU,Mar,3,AB,0.0,0.0,0,0.0,0.0,0.0,0,0,0.0,14485.0,0.0,0.0,0.0,0.0,0.0,0.0,0.0,0.0,0.0,0.0,0.0,0.0,0.0,0.0
371011,371-011,COMPACTOR SAKAI SV 526-D 371-011,959723500,SUNGAI DANAU,Mar,3,AB,171.0,175.0,74761200,72887500.0,11518500.0,19927744.84,0,0,0.0,14485.0,0.0,0.0,1374064.33,3954640.227163967,9997119.79,9997119.791666666,0.0,0.0,22889684.12,33879504.85883063,12911375.78,12015531.927875537,35801059.9,45895036.786706164
371015,371-015,COMPACTOR DYNAPAC CA30D 371-015 ,1083602525,SUNGAI DANAU,Mar,3,AB,135.0,100.0,59390550,41910000.0,10647000.0,20291644.84,0,0,0.0,14485.0,0.0,0.0,0.0,0.0,11287526.3,11287526.302083334,690281.94,2213827.0977346133,22624808.24,33792998.23981795,10256840.57,12015531.927875537,32881648.81,45808530.16769348
371016,371-016,COMPACTOR DYNAPAC CA30D 371-016,1083852525,SUNGAI DANAU,Mar,3,AB,167.0,125.0,73468310,52387500.0,10782000.0,17063844.84,0,0,0.0,14485.0,0.0,0.0,500000.0,0.0,11290130.47,11290130.46875,690281.94,2213827.0977346133,23262412.41,30567802.40648461,12688091.67,12015531.927875537,35950504.08,42583334.33436015
311001,311-001,TRAILER MITSUBISHI FV 419P DA 9119 AT/ DA 8602 CR 311-001,0,SUNGAI DANAU,Apr,4,AB,0.0,0.0,0,0.0,0.0,0.0,0,0,0.0,14485.0,0.0,0.0,4615891.11,0.0,0.0,0.0,0.0,0.0,4615891.11,0.0,0.0,0.0,4615891.11,0.0
311002,311-002,TRAILER MITSUBISHI FV 419P DA 9295 CC 311-002,0,SUNGAI DANAU,Apr,4,AB,0.0,0.0,10000000,0.0,0.0,0.0,139,0,23298.01,14485.0,3238423.39,0.0,3845261.75,0.0,0.0,0.0,20770000.0,60000000.0,27853685.14,60000000.0,1097126.45,0.0,28950811.59,60000000.0
311003,311-003,TRAILER MITSUBISHI FV 419P B 9234 TIN 311-003,0,SUNGAI DANAU,Apr,4,AB,0.0,0.0,0,0.0,0.0,0.0,0,0,0.0,14485.0,0.0,0.0,0.0,0.0,0.0,0.0,20000000.0,0.0,20000000.0,0.0,0.0,0.0,20000000.0,0.0
321002,321-002,FARM TRACTOR KUBOTA M9540 321-002,423213543,SUNGAI DANAU,Apr,4,AB,0.0,0.0,0,0.0,0.0,0.0,0,0,0.0,14485.0,0.0,0.0,0.0,0.0,4408474.41,4408474.40625,0.0,1540950.9772847956,4408474.41,5949425.383534796,0.0,0.0,4408474.41,5949425.383534796
321004,321-004,FARM TRACTOR KUBOTA M9540 321-004,423213543,SUNGAI DANAU,Apr,4,AB,0.0,0.0,0,0.0,0.0,0.0,0,0,0.0,14485.0,0.0,0.0,0.0,0.0,4408474.41,4408474.40625,0.0,0.0,4408474.41,4408474.40625,0.0,0.0,4408474.41,4408474.40625
321005,321-005,FARM TRACTOR KUBOTA M9540 321-005,560598958,SUNGAI DANAU,Apr,4,AB,0.0,0.0,0,0.0,0.0,0.0,0,0,0.0,14485.0,0.0,0.0,0.0,0.0,5839572.48,5839572.479166667,0.0,0.0,5839572.48,5839572.479166667,0.0,0.0,5839572.48,5839572.479166667
322003,322-003,CRAWLER CROWN KD 3000 HZL 322-003,171424505,SUNGAI DANAU,Apr,4,AB,0.0,0.0,0,0.0,0.0,0.0,0,0,0.0,14485.0,0.0,0.0,0.0,0.0,3571343.85,0.0,0.0,0.0,3571343.85,0.0,0.0,0.0,3571343.85,0.0
322004,322-004,CRAWLER CROWN KD 3000 HZL 322-004,171424505,SUNGAI DANAU,Apr,4,AB,0.0,0.0,0,0.0,0.0,0.0,0,0,0.0,14485.0,0.0,0.0,0.0,0.0,3571343.85,0.0,0.0,0.0,3571343.85,0.0,0.0,0.0,3571343.85,0.0
331001,331-001,EXCAVATOR HITACHI ZX48U-5A-CST 331-001,535000000,SUNGAI DANAU,Apr,4,AB,51.5,200.0,25003892,41860000.0,2237278.0,10773351.13,390,0,23635.49,14485.0,9217841.98,0.0,12173962.01,1164067.0103467999,0.0,0.0,111000.0,1595497.9145338149,23740081.99,13532916.054880615,2743243.13,7991056.781431222,26483325.12,21523972.83631184
331002,331-002,EXCAVATOR HITACHI ZX33U-5A 331-002,510000000,SUNGAI DANAU,Apr,4,AB,67.0,200.0,24235086,41860000.0,5161411.0,10773351.13,253,0,23818.24,14485.0,6026014.61,0.0,43275962.13,2107060.6506801336,5312500.0,5312500.0,37000.0,1595497.9145338149,59812887.74,19788409.69521395,2658895.39,7991056.781431222,62471783.13,27779466.47664517
331003,331-003,EXCAVATOR HITACHI ZX 48U-5A 331-003,599234673,SUNGAI DANAU,Apr,4,AB,166.8,0.0,66174260,0.0,7250298.0,0.0,704,0,23753.21,14485.0,16722260.46,0.0,183200.0,0.0,20534296.46,0.0,337000.0,0.0,45027054.92,0.0,7260153.1,0.0,52287208.02,0.0
332001,332-001,EXCAVATOR HITACHI ZAXIS ZX200 332-001,0,SUNGAI DANAU,Apr,4,AB,0.0,0.0,0,0.0,0.0,0.0,0,0,0.0,14485.0,0.0,0.0,0.0,0.0,0.0,0.0,0.0,0.0,0.0,0.0,0.0,0.0,0.0,0.0
332002,332-002,EXCAVATOR HITACHI ZAXIS ZX210F 332-002,0,SUNGAI DANAU,Apr,4,AB,0.0,0.0,0,0.0,0.0,0.0,0,0,0.0,14485.0,0.0,0.0,0.0,0.0,0.0,0.0,0.0,0.0,0.0,0.0,0.0,0.0,0.0,0.0
332003,332-003,EXCAVATOR HITACHI ZAXIS ZX210F 332-003,0,SUNGAI DANAU,Apr,4,AB,0.0,0.0,0,0.0,0.0,0.0,0,0,0.0,14485.0,0.0,0.0,0.0,0.0,0.0,0.0,0.0,0.0,0.0,0.0,0.0,0.0,0.0,0.0
332005,332-005,EXCAVATOR CATERPILLAR 320 332-005,0,SUNGAI DANAU,Apr,4,AB,0.0,0.0,0,0.0,0.0,0.0,0,0,0.0,14485.0,0.0,0.0,0.0,0.0,0.0,0.0,0.0,0.0,0.0,0.0,0.0,0.0,0.0,0.0
332006,332-006,EXCAVATOR KOBELCO SK 50 332-006,0,SUNGAI DANAU,Apr,4,AB,0.0,0.0,0,0.0,0.0,0.0,0,0,0.0,14485.0,0.0,0.0,0.0,0.0,0.0,0.0,0.0,0.0,0.0,0.0,0.0,0.0,0.0,0.0
332007,332-007,EXCAVATOR HITACHI ZAXIS 210 F 332-007,0,SUNGAI DANAU,Apr,4,AB,0.0,0.0,0,0.0,0.0,0.0,0,0,0.0,14485.0,0.0,0.0,0.0,0.0,0.0,0.0,0.0,0.0,0.0,0.0,0.0,0.0,0.0,0.0
332008,332-008,EXCAVATOR KOMATSU PC 200 - 8 E-24 GSM 332-008,0,SUNGAI DANAU,Apr,4,AB,0.0,0.0,0,0.0,0.0,0.0,0,0,0.0,14485.0,0.0,0.0,0.0,0.0,0.0,0.0,0.0,0.0,0.0,0.0,0.0,0.0,0.0,0.0
332009,332-009,EXCAVATOR HITACHI ZAXIS ZX210F - 5G 332-009,0,SUNGAI DANAU,Apr,4,AB,0.0,0.0,0,0.0,0.0,0.0,0,0,0.0,14485.0,0.0,0.0,0.0,0.0,0.0,0.0,0.0,0.0,0.0,0.0,0.0,0.0,0.0,0.0
332010,332-010,EXCAVATOR HITACHI ZAXIS ZX210F - 5G 332-010,818181818,SUNGAI DANAU,Apr,4,AB,128.0,100.0,58995200,46090000.0,9945160.0,7031907.42,0,0,0.0,14485.0,0.0,0.0,65507542.77,3181195.513551917,1080427.08,0.0,192000.0,1595497.9145338149,76725129.85,11808600.848085731,6472519.44,7991056.781431222,83197649.29,19799657.62951695
332011,332-011,EXCAVATOR HITACHI ZAXIS 210 F LONG ARM 332-011,0,SUNGAI DANAU,Apr,4,AB,0.0,0.0,0,0.0,0.0,0.0,0,0,0.0,14485.0,0.0,0.0,0.0,0.0,0.0,0.0,0.0,0.0,0.0,0.0,0.0,0.0,0.0,0.0
332012,332-012,EXCAVATOR KOMATSU PC200-7 E-14 GSM 332-012,0,SUNGAI DANAU,Apr,4,AB,0.0,0.0,0,0.0,0.0,0.0,0,0,0.0,14485.0,0.0,0.0,0.0,0.0,0.0,0.0,0.0,0.0,0.0,0.0,0.0,0.0,0.0,0.0
332018,332-018,EXCAVATOR KOBELCO SK200-10 332-018,0,SUNGAI DANAU,Apr,4,AB,0.0,0.0,0,0.0,0.0,0.0,0,0,0.0,14485.0,0.0,0.0,0.0,0.0,0.0,0.0,0.0,0.0,0.0,0.0,0.0,0.0,0.0,0.0
332021,332-021,EXCAVATOR HITACHI ZAXIS 200 LC MJ 332-021,0,SUNGAI DANAU,Apr,4,AB,0.0,0.0,0,0.0,0.0,0.0,0,0,0.0,14485.0,0.0,0.0,0.0,0.0,0.0,0.0,0.0,0.0,0.0,0.0,0.0,0.0,0.0,0.0
332025,332-025,EXCAVATOR KOBELCO SK200-10 332-025,1353204375,SUNGAI DANAU,Apr,4,AB,131.0,215.0,52150000,146522500.0,6459600.0,9119407.42,0,0,0.0,14485.0,0.0,49828400.0,3226489.0,3776002.9343687496,16672014.5,14095878.90625,337000.0,1595497.9145338149,26695103.5,78415187.17515256,5721514.44,7991056.781431222,32416617.94,86406243.95658378
332029,332-029,EXCAVATOR HITACHI ZX210F-5G 332-029,1378368000,SUNGAI DANAU,Apr,4,AB,40.0,175.0,31512400,120312500.0,4650550.0,14356044.84,838,0,23468.73,14485.0,19666795.51,40558000.0,101743039.17,3237789.3894769996,14358000.0,14358000.0,4044000.0,1595497.9145338149,144462384.68,74105332.14401081,3457308.76,7991056.781431222,147919693.44,82096388.92544204
332034,332-034,EXCAVATOR HITACHI ZX210F-5G 332-034,1490775000,SUNGAI DANAU,Apr,4,AB,118.0,200.0,119111590,70000000.0,13044273.0,15306044.84,1700,0,23298.01,14485.0,39606617.0,0.0,526269.12,3734128.722810332,15528906.25,15528906.25,1153000.0,1595497.9145338149,69859065.37,36164577.72734415,13068047.6,7991056.781431222,82927112.97,44155634.50877537
332035,332-035,EXCAVATOR HITACHI ZX210F-5G 332-035,1490775000,SUNGAI DANAU,Apr,4,AB,87.0,200.0,84230404,70000000.0,9334361.0,15306044.84,920,0,23298.01,14485.0,21434169.2,0.0,4449439.06,6444322.589477,15528906.25,15528906.25,1123000.0,1595497.9145338149,51869875.51,38874771.594010815,9241140.42,7991056.781431222,61111015.93,46865828.375442035
332040,332-040,EXCAVATOR HITACHI ZX 210 F-5G 332-040,1518656875,SUNGAI DANAU,Apr,4,AB,231.1,175.0,66190562,61250000.0,15992502.0,14656044.84,4225,0,23379.28,14485.0,98777443.77,0.0,4983653.46,3806957.5336436667,15819342.45,15819342.447916666,994146.32,1595497.9145338149,136567088.0,35877842.73609415,7261941.64,7991056.781431222,143829029.64,43868899.51752537
332041,332-041,EXCAVATOR HITACHI ZX 210 F-5G 332-041,1518656875,SUNGAI DANAU,Apr,4,AB,175.0,175.0,66163392,120312500.0,11792151.0,14356044.84,3092,0,23405.35,14485.0,72369353.39,40558000.0,6724869.99,3690401.960310334,15819342.45,15819342.447916666,4892146.32,1595497.9145338149,111597863.15,76019287.16276081,7258960.75,7991056.781431222,118856823.9,84010343.94419204
332047,332-047,EXCAVATOR HITACHI ZX 210 F-5G 332-047,1566339250,SUNGAI DANAU,Apr,4,AB,180.2,175.0,49745905,119262500.0,12962578.0,14356044.84,3654,0,23384.15,14485.0,85445667.43,40558000.0,2126488.85,3483657.3603103333,43509423.61,43509423.61111111,1298625.0,1595497.9145338149,145342782.89,103502623.72595526,5457754.82,7991056.781431222,150800537.71,111493680.50738649
332048,332-048,EXCAVATOR HITACHI ZX 210 F-5G 332-048,1563111750,SUNGAI DANAU,Apr,4,AB,138.0,200.0,122179600,70000000.0,12552910.0,15306044.84,2140,0,23298.01,14485.0,49857741.4,0.0,1657021.51,3483657.3603103333,43419770.83,43419770.833333336,2133625.0,1595497.9145338149,109621068.74,63804970.94817749,13404647.1,7991056.781431222,123025715.84,71796027.72960871
332052,332-052,EXCAVATOR HITACHI ZX 210G-5G 332-052,317452500,SUNGAI DANAU,Apr,4,AB,210.1,0.0,0,0.0,0.0,0.0,0,0,0.0,14485.0,0.0,0.0,0.0,0.0,0.0,0.0,1000387.5,0.0,1000387.5,0.0,0.0,0.0,1000387.5,0.0
341003,341-003,BULLDOZER KOMATSU D31 341-003,0,SUNGAI DANAU,Apr,4,AB,148.0,0.0,52170000,0.0,0.0,0.0,0,0,0.0,14485.0,0.0,0.0,0.0,0.0,0.0,0.0,43785000.0,0.0,43785000.0,0.0,5723708.7,0.0,49508708.7,0.0
342001,342-001,BULLDOZER CAT D6G DC-08 342-001,0,SUNGAI DANAU,Apr,4,AB,0.0,0.0,0,0.0,0.0,0.0,0,0,0.0,14485.0,0.0,0.0,0.0,0.0,0.0,0.0,0.0,0.0,0.0,0.0,0.0,0.0,0.0,0.0
342003,342-003,BULLDOZER CAT D6G DC-10 342-003,0,SUNGAI DANAU,Apr,4,AB,0.0,0.0,0,0.0,0.0,0.0,0,0,0.0,14485.0,0.0,0.0,0.0,0.0,0.0,0.0,0.0,0.0,0.0,0.0,0.0,0.0,0.0,0.0
342004,342-004,BULLDOZER CAT D6G DC-11 342-004,89866738,SUNGAI DANAU,Apr,4,AB,0.0,150.0,0,148950000.0,4303000.0,14174794.84,0,0,0.0,14485.0,0.0,58664250.0,0.0,3842790.7624403997,0.0,0.0,0.0,1595497.9145338149,4303000.0,78277333.51697421,0.0,7991056.781431222,4303000.0,86268390.29840544
342005,342-005,BULLDOZER CAT D6G2 342-005,0,SUNGAI DANAU,Apr,4,AB,0.0,0.0,0,0.0,0.0,0.0,0,0,0.0,14485.0,0.0,0.0,0.0,0.0,0.0,0.0,0.0,0.0,0.0,0.0,0.0,0.0,0.0,0.0
342006,342-006,BULLDOZER CAT D7G2 342-006,80400146,SUNGAI DANAU,Apr,4,AB,0.0,150.0,0,148950000.0,0.0,14474794.84,0,0,0.0,14485.0,0.0,58664250.0,8694000.0,3842790.7624403997,0.0,0.0,4000000.0,1540950.9772847956,12694000.0,78522786.57972519,0.0,7991056.781431222,12694000.0,86513843.36115642
342007,342-007,BULLDOZER CAT D6G 342-007,0,SUNGAI DANAU,Apr,4,AB,0.0,0.0,0,0.0,0.0,0.0,0,0,0.0,14485.0,0.0,0.0,0.0,0.0,0.0,0.0,0.0,0.0,0.0,0.0,0.0,0.0,0.0,0.0
342008,342-008,BULLDOZER CAT D7G2 342-008,1929603500,SUNGAI DANAU,Apr,4,AB,76.1,200.0,87355951,198600000.0,1389400.0,15281044.84,2370,0,23401.84,14485.0,55462352.29,78219000.0,575350.8,13855276.8178,21003779.25,0.0,307000.0,1540950.9772847956,78737882.34,108896272.6350848,9584052.45,7991056.781431222,88321934.79,116887329.41651602
342009,342-009,BULLDOZER CAT D7G D-07 GSM 342-009,0,SUNGAI DANAU,Apr,4,AB,0.0,0.0,0,0.0,0.0,0.0,0,0,0.0,14485.0,0.0,0.0,0.0,0.0,0.0,0.0,0.0,0.0,0.0,0.0,0.0,0.0,0.0,0.0
342010,342-010,BULLDOZER CAT D7G D-06 GSM 342-010,0,SUNGAI DANAU,Apr,4,AB,0.0,0.0,0,0.0,0.0,0.0,0,0,0.0,14485.0,0.0,0.0,0.0,0.0,0.0,0.0,0.0,0.0,0.0,0.0,0.0,0.0,0.0,0.0
342011,342-011,BULLDOZER CAT D7G D-10 GSM 342-011,0,SUNGAI DANAU,Apr,4,AB,0.0,0.0,0,0.0,0.0,0.0,0,0,0.0,14485.0,0.0,0.0,0.0,0.0,0.0,0.0,0.0,0.0,0.0,0.0,0.0,0.0,0.0,0.0
342012,342-012,BULLDOZER WEA B 220 342-012,2321435000,SUNGAI DANAU,Apr,4,AB,0.0,150.0,0,148950000.0,0.0,14174794.84,0,0,0.0,14485.0,0.0,47800500.0,0.0,3759457.4291070662,0.0,24181614.583333332,0.0,1540950.9772847956,0.0,91457317.82972519,0.0,7991056.781431222,0.0,99448374.61115642
342013,342-013,BULLDOZER WEA B 220 342-013,2321435000,SUNGAI DANAU,Apr,4,AB,0.0,150.0,0,148950000.0,0.0,14174794.84,0,0,0.0,14485.0,0.0,47800500.0,52000.0,3759457.4291070662,24181614.58,24181614.583333332,0.0,1540950.9772847956,24233614.58,91457317.82972519,0.0,7991056.781431222,24233614.58,99448374.61115642
342014,342-014,BULLDOZER WEA B 165 YS 342-014,1550000000,SUNGAI DANAU,Apr,4,AB,54.0,150.0,60207470,72105000.0,903000.0,8138157.42,1327,0,23388.57,14485.0,31036632.29,43455000.0,8552623.72,3759457.4291070662,16145833.33,16145833.333333334,0.0,1540950.9772847956,56638089.34,73039399.15972519,6605520.79,7991056.781431222,63243610.13,81030455.94115642
342016,342-016,BULLDOZER KOMATSU D85E 342-016,3651184000,SUNGAI DANAU,Apr,4,AB,4.4,0.0,0,0.0,0.0,0.0,0,0,0.0,14485.0,0.0,0.0,0.0,0.0,0.0,0.0,0.0,0.0,0.0,0.0,0.0,0.0,0.0,0.0
342018,342-018,BULLDOZER KOMATSU D85E 342-018,3679975400,SUNGAI DANAU,Apr,4,AB,0.0,0.0,0,0.0,7962500.0,0.0,0,0,0.0,14485.0,0.0,0.0,7438700.0,0.0,38333077.08,0.0,0.0,0.0,53734277.08,0.0,0.0,0.0,53734277.08,0.0
351001,351-001,GRADER KOMATSU 40A2-2204 351-001,0,SUNGAI DANAU,Apr,4,AB,0.0,0.0,0,0.0,0.0,0.0,0,0,0.0,14485.0,0.0,0.0,0.0,0.0,0.0,0.0,0.0,0.0,0.0,0.0,0.0,0.0,0.0,0.0
351002,351-002,GRADER KOMATSU 405A-2 351-002,0,SUNGAI DANAU,Apr,4,AB,0.0,0.0,0,0.0,0.0,0.0,0,0,0.0,14485.0,0.0,0.0,0.0,0.0,0.0,0.0,0.0,0.0,0.0,0.0,0.0,0.0,0.0,0.0
351003,351-003,GRADER KOMATSU 355 A 351-003,0,SUNGAI DANAU,Apr,4,AB,0.0,0.0,0,0.0,0.0,0.0,0,0,0.0,14485.0,0.0,0.0,0.0,0.0,0.0,0.0,0.0,0.0,0.0,0.0,0.0,0.0,0.0,0.0
351004,351-004,GRADER CATERPILAR 120 K 351-004,834113614,SUNGAI DANAU,Apr,4,AB,116.0,175.0,54624400,78505000.0,10782300.0,8619407.42,0,0,0.0,14485.0,0.0,0.0,6886284.12,12191549.659960268,0.0,0.0,163880.38,1540950.9772847956,17832464.5,22351908.057245065,5992987.41,7991056.781431222,23825451.91,30342964.83867629
351005,351-005,GRADER KOMATSU 355 A 351-005,0,SUNGAI DANAU,Apr,4,AB,0.0,0.0,0,0.0,0.0,0.0,0,0,0.0,14485.0,0.0,0.0,0.0,0.0,0.0,0.0,0.0,0.0,0.0,0.0,0.0,0.0,0.0,0.0
351006,351-006,GRADER KOMATSU 405 351-006,0,SUNGAI DANAU,Apr,4,AB,0.0,0.0,0,0.0,0.0,0.0,0,0,0.0,14485.0,0.0,0.0,0.0,0.0,0.0,0.0,0.0,0.0,0.0,0.0,0.0,0.0,0.0,0.0
351007,351-007,GRADER CATERPILLAR 120K 351-007,925000000,SUNGAI DANAU,Apr,4,AB,57.0,125.0,35788400,56075000.0,5489000.0,7585032.42,0,0,0.0,14485.0,0.0,0.0,7904590.73,10137738.166026931,0.0,0.0,0.0,1540950.9772847956,13393590.73,19263721.563311726,3926440.03,7991056.781431222,17320030.76,27254778.344742946
351008,351-008,GRADER CATERPILLAR 120 K 351-008,0,SUNGAI DANAU,Apr,4,AB,0.0,0.0,0,0.0,0.0,0.0,0,0,0.0,14485.0,0.0,0.0,0.0,0.0,0.0,0.0,0.0,0.0,0.0,0.0,0.0,0.0,0.0,0.0
351009,351-009,GRADER CATERPILLAR 120 K 351-009,0,SUNGAI DANAU,Apr,4,AB,0.0,0.0,0,0.0,0.0,0.0,0,0,0.0,14485.0,0.0,0.0,0.0,0.0,0.0,0.0,0.0,0.0,0.0,0.0,0.0,0.0,0.0,0.0
351010,351-010,GRADER CATERPILLAR 120 K 351-010,735897991,SUNGAI DANAU,Apr,4,AB,0.0,0.0,0,0.0,0.0,0.0,0,0,0.0,14485.0,0.0,0.0,0.0,0.0,7665604.07,7665604.070520833,0.0,1540950.9772847956,7665604.07,9206555.04780563,0.0,0.0,7665604.07,9206555.04780563
351013,351-013,GRADER XCMG GR-135 351-013,1160887500,SUNGAI DANAU,Apr,4,AB,80.0,100.0,45206400,44860000.0,5745000.0,7031907.42,0,0,0.0,14485.0,0.0,0.0,2517051.84,5952120.028960268,12092578.12,12092578.125,37000.0,0.0,20391629.96,25076605.573960267,4959713.72,7991056.781431222,25351343.68,33067662.355391487
351015,351-015,GRADER XCMG GR-135 351-015,1146243282,SUNGAI DANAU,Apr,4,AB,198.0,125.0,93238200,56075000.0,4749500.0,7585032.42,0,0,0.0,14485.0,0.0,0.0,3908401.84,0.0,23880068.37,23880068.373958334,743000.0,1540950.9772847956,33280970.21,33006051.771243133,10229409.55,7991056.781431222,43510379.76,40997108.55267435
351016,351-016,GRADER XCMG GR-135 351-016,1146243282,SUNGAI DANAU,Apr,4,AB,63.0,150.0,44735500,67290000.0,5330000.0,8138157.42,0,0,0.0,14485.0,0.0,0.0,5718620.88,8317751.957393598,23880068.37,23880068.373958334,702000.0,1540950.9772847956,35630689.25,41876928.72863673,4908050.04,7991056.781431222,40538739.29,49867985.51006795
361001,361-001,BACKHOE LOADER CASE 580 SR361-001,0,SUNGAI DANAU,Apr,4,AB,0.0,0.0,0,0.0,0.0,0.0,0,0,0.0,14485.0,0.0,0.0,0.0,0.0,0.0,0.0,0.0,0.0,0.0,0.0,0.0,0.0,0.0,0.0
361002,361-002,BACKHOE LOADER CASE 580 SM 361-002,0,SUNGAI DANAU,Apr,4,AB,0.0,0.0,0,0.0,0.0,0.0,0,0,0.0,14485.0,0.0,0.0,0.0,0.0,0.0,0.0,0.0,0.0,0.0,0.0,0.0,0.0,0.0,0.0
361003,361-003,BACKHOE LOADER CASE 580 SM 361-003,0,SUNGAI DANAU,Apr,4,AB,0.0,0.0,0,0.0,0.0,0.0,0,0,0.0,14485.0,0.0,0.0,0.0,0.0,0.0,0.0,0.0,0.0,0.0,0.0,0.0,0.0,0.0,0.0
361004,361-004,BACKHOE LOADER CAT 416 F 361-004,650919900,SUNGAI DANAU,Apr,4,AB,0.0,0.0,0,0.0,0.0,0.0,0,0,0.0,14485.0,0.0,0.0,0.0,0.0,0.0,0.0,0.0,0.0,0.0,0.0,0.0,0.0,0.0,0.0
361005,361-005,BACKHOE LOADER CAT 416 E 361-005,0,SUNGAI DANAU,Apr,4,AB,0.0,0.0,0,0.0,0.0,0.0,0,0,0.0,14485.0,0.0,0.0,0.0,0.0,0.0,0.0,0.0,0.0,0.0,0.0,0.0,0.0,0.0,0.0
361006,361-006,BACKHOE LOADER CAT 416 F 361-006,933592400,SUNGAI DANAU,Apr,4,AB,40.0,0.0,12058350,0.0,501900.0,0.0,40,0,23298.01,14485.0,931920.4,0.0,22455506.49,0.0,0.0,0.0,224000.0,0.0,24113326.89,0.0,1322953.47,0.0,25436280.36,0.0
361007,361-007,BACKHOE LOADER CAT 416 F 361-007,933285600,SUNGAI DANAU,Apr,4,AB,107.0,200.0,45271700,84620000.0,9936800.0,14856044.84,0,0,0.0,14485.0,0.0,0.0,90816943.93,0.0,0.0,0.0,412000.0,0.0,101165743.93,14856044.84,4966877.96,7991056.781431222,106132621.89,22847101.621431224
361009,361-009,BACKHOE LOADER CATTERPILLAR 426F2 361-009,996438000,SUNGAI DANAU,Apr,4,AB,233.0,150.0,98582300,63465000.0,12260000.0,13856044.84,0,0,0.0,14485.0,0.0,0.0,41422648.32,11022524.403928466,10379562.5,10379562.5,288971.66,1540950.9772847956,64351182.48,36799082.72121326,10815724.9,7991056.781431222,75166907.38,44790139.50264448
361010,361-010,BACKHOE LOADER CATTERPILLAR 426F2 361-010,996548000,SUNGAI DANAU,Apr,4,AB,298.0,150.0,126083800,63465000.0,21236000.0,13856044.84,0,0,0.0,14485.0,0.0,0.0,52710349.42,11022524.403928466,10380708.33,10380708.333333334,301943.32,1540950.9772847956,84629001.07,36800228.554546595,13832987.21,7991056.781431222,98461988.28,44791285.335977815
361013,361-013,BACKHOE LOADER CATERPILLAR 416F 361-013,1229774436,SUNGAI DANAU,Apr,4,AB,236.0,200.0,99851600,84620000.0,14216800.0,14856044.84,0,0,0.0,14485.0,0.0,0.0,1579708.09,9867713.264780132,12810150.37,12810150.375,1206943.53,1540950.9772847956,29813601.99,39074859.45706493,10954983.16,7991056.781431222,40768585.15,47065916.23849615
361014,361-014,BACKHOE LOADER CATERPILLAR 416F2 361-014,1265043837,SUNGAI DANAU,Apr,4,AB,277.0,200.0,117198700,84620000.0,15785500.0,14856044.84,0,0,0.0,14485.0,0.0,0.0,5255214.96,9867713.264780132,35140106.58,35140106.583333336,643800.0,1540950.9772847956,56824621.54,61404815.66539826,12858179.38,7991056.781431222,69682800.92,69395872.44682948
371001,371-001,COMPACTOR SV 510D 371-001,0,SUNGAI DANAU,Apr,4,AB,0.0,0.0,0,0.0,0.0,0.0,0,0,0.0,14485.0,0.0,0.0,0.0,0.0,0.0,0.0,0.0,0.0,0.0,0.0,0.0,0.0,0.0,0.0
371002,371-002,COMPACTOR IR 371-002,21936235,SUNGAI DANAU,Apr,4,AB,67.0,100.0,31192680,39100000.0,4980500.0,12856044.84,0,0,0.0,14485.0,0.0,0.0,701244.95,4280253.340900333,0.0,0.0,0.0,1540950.9772847956,5681744.95,18677249.158185128,3422231.43,7991056.781431222,9103976.38,26668305.939616352
371003,371-003,COMPACTOR SAKAI SV512D 371-003,0,SUNGAI DANAU,Apr,4,AB,0.0,0.0,0,0.0,0.0,0.0,0,0,0.0,14485.0,0.0,0.0,0.0,0.0,0.0,0.0,0.0,0.0,0.0,0.0,0.0,0.0,0.0,0.0
371004,371-004,COMPACTOR SAKAI SV512D 371-004,0,SUNGAI DANAU,Apr,4,AB,0.0,0.0,0,0.0,0.0,0.0,0,0,0.0,14485.0,0.0,0.0,0.0,0.0,0.0,0.0,0.0,0.0,0.0,0.0,0.0,0.0,0.0,0.0
371005,371-005,COMPACTOR SAKAI SV512D371-005,268072750,SUNGAI DANAU,Apr,4,AB,86.0,0.0,41971200,0.0,5497750.0,0.0,0,0,0.0,14485.0,0.0,0.0,263550.0,4852170.887163966,0.0,0.0,69274.73,1540950.9772847956,5830574.73,6393121.864448762,4604771.37,0.0,10435346.1,6393121.864448762
371006,371-006,COMPACTOR SAKAI SV525D 371-006,0,SUNGAI DANAU,Apr,4,AB,0.0,0.0,0,0.0,0.0,0.0,0,0,0.0,14485.0,0.0,0.0,0.0,0.0,0.0,0.0,0.0,0.0,0.0,0.0,0.0,0.0,0.0,0.0
371007,371-007,COMPACTOR VOLVO SD 120 DC KJU  371-007,0,SUNGAI DANAU,Apr,4,AB,0.0,0.0,0,0.0,0.0,0.0,0,0,0.0,14485.0,0.0,0.0,0.0,0.0,0.0,0.0,0.0,0.0,0.0,0.0,0.0,0.0,0.0,0.0
371009,371-009,COMPACTOR SAKAI SV515TF-E 371-009,0,SUNGAI DANAU,Apr,4,AB,0.0,0.0,0,0.0,0.0,0.0,0,0,0.0,14485.0,0.0,0.0,0.0,0.0,0.0,0.0,0.0,0.0,0.0,0.0,0.0,0.0,0.0,0.0
371011,371-011,COMPACTOR SAKAI SV 526-D 371-011,959723500,SUNGAI DANAU,Apr,4,AB,116.0,175.0,50715200,72887500.0,6792000.0,14356044.84,0,0,0.0,14485.0,0.0,0.0,15680504.6,3954640.227163967,9997119.79,9997119.791666666,172000.0,0.0,32641624.39,28307804.85883063,5564098.74,7991056.781431222,38205723.13,36298861.64026185
371015,371-015,COMPACTOR DYNAPAC CA30D 371-015 ,1083602525,SUNGAI DANAU,Apr,4,AB,198.0,100.0,87106140,41910000.0,7833800.0,12856044.84,0,0,0.0,14485.0,0.0,0.0,267004.54,0.0,11287526.3,11287526.302083334,1105281.94,1540950.9772847956,20493612.78,25684522.11936813,9556645.03,7991056.781431222,30050257.81,33675578.90079935
371016,371-016,COMPACTOR DYNAPAC CA30D 371-016,1083852525,SUNGAI DANAU,Apr,4,AB,66.0,125.0,41793350,52387500.0,5404700.0,13356044.84,0,0,0.0,14485.0,0.0,0.0,342868.8,0.0,11290130.47,11290130.46875,1027281.94,1540950.9772847956,18064981.21,26187126.286034796,4585258.98,7991056.781431222,22650240.19,34178183.06746602
311001,311-001,TRAILER MITSUBISHI FV 419P DA 9119 AT/ DA 8602 CR 311-001,0,SUNGAI DANAU,May,5,AB,0.0,0.0,4000000,0.0,0.0,0.0,0,0,0.0,14485.0,0.0,0.0,4419829.52,0.0,0.0,0.0,350000.0,0.0,4769829.52,0.0,441120.71,0.0,5210950.23,0.0
311002,311-002,TRAILER MITSUBISHI FV 419P DA 9295 CC 311-002,0,SUNGAI DANAU,May,5,AB,0.0,0.0,11000000,0.0,0.0,0.0,153,0,22594.31,14485.0,3456929.43,0.0,4860467.4,0.0,0.0,0.0,21407053.0,60000000.0,29724449.83,60000000.0,1213081.95,0.0,30937531.78,60000000.0
311003,311-003,TRAILER MITSUBISHI FV 419P B 9234 TIN 311-003,0,SUNGAI DANAU,May,5,AB,0.0,0.0,0,0.0,0.0,0.0,0,0,0.0,14485.0,0.0,0.0,0.0,0.0,0.0,0.0,20000000.0,0.0,20000000.0,0.0,0.0,0.0,20000000.0,0.0
321002,321-002,FARM TRACTOR KUBOTA M9540 321-002,423213543,SUNGAI DANAU,May,5,AB,0.0,0.0,0,0.0,0.0,0.0,0,0,0.0,14485.0,0.0,0.0,0.0,0.0,4408474.41,4408474.40625,0.0,1543437.7428463232,4408474.41,5951912.149096323,0.0,0.0,4408474.41,5951912.149096323
321004,321-004,FARM TRACTOR KUBOTA M9540 321-004,423213543,SUNGAI DANAU,May,5,AB,0.0,0.0,0,0.0,0.0,0.0,0,0,0.0,14485.0,0.0,0.0,1047540.0,0.0,4408474.41,4408474.40625,0.0,0.0,5456014.41,4408474.40625,0.0,0.0,5456014.41,4408474.40625
321005,321-005,FARM TRACTOR KUBOTA M9540 321-005,560598958,SUNGAI DANAU,May,5,AB,0.0,0.0,0,0.0,0.0,0.0,0,0,0.0,14485.0,0.0,0.0,0.0,0.0,5839572.48,5839572.479166667,0.0,0.0,5839572.48,5839572.479166667,0.0,0.0,5839572.48,5839572.479166667
322003,322-003,CRAWLER CROWN KD 3000 HZL 322-003,171424505,SUNGAI DANAU,May,5,AB,0.0,0.0,0,0.0,0.0,0.0,0,0,0.0,14485.0,0.0,0.0,0.0,0.0,3571343.85,0.0,0.0,0.0,3571343.85,0.0,0.0,0.0,3571343.85,0.0
322004,322-004,CRAWLER CROWN KD 3000 HZL 322-004,171424505,SUNGAI DANAU,May,5,AB,0.0,0.0,0,0.0,0.0,0.0,0,0,0.0,14485.0,0.0,0.0,0.0,0.0,3571343.85,0.0,0.0,0.0,3571343.85,0.0,0.0,0.0,3571343.85,0.0
331001,331-001,EXCAVATOR HITACHI ZX48U-5A-CST 331-001,535000000,SUNGAI DANAU,May,5,AB,83.5,200.0,46865050,41860000.0,6513273.0,10749601.13,532,0,22799.48,14485.0,12129325.38,0.0,37458409.59,1164067.0103467999,0.0,0.0,135000.0,3196145.4143897314,56236007.97,15109813.554736532,5168286.04,7941255.23611784,61404294.01,23051068.790854372
331002,331-002,EXCAVATOR HITACHI ZX33U-5A 331-002,510000000,SUNGAI DANAU,May,5,AB,101.0,200.0,49636596,41860000.0,6668059.0,10749601.13,460,0,23204.48,14485.0,10674060.36,0.0,3662753.61,2107060.6506801336,5312500.0,5312500.0,165000.0,3196145.4143897314,26482372.97,21365307.195069864,5473932.63,7941255.23611784,31956305.6,29306562.431187704
331003,331-003,EXCAVATOR HITACHI ZX 48U-5A 331-003,599234673,SUNGAI DANAU,May,5,AB,124.4,0.0,52934360,0.0,6205876.0,0.0,570,0,23045.69,14485.0,13136044.65,0.0,356304.4,0.0,20534296.46,0.0,20000.0,0.0,40252521.51,0.0,5837610.63,0.0,46090132.14,0.0
332001,332-001,EXCAVATOR HITACHI ZAXIS ZX200 332-001,0,SUNGAI DANAU,May,5,AB,0.0,0.0,0,0.0,0.0,0.0,0,0,0.0,14485.0,0.0,0.0,0.0,0.0,0.0,0.0,0.0,0.0,0.0,0.0,0.0,0.0,0.0,0.0
332002,332-002,EXCAVATOR HITACHI ZAXIS ZX210F 332-002,0,SUNGAI DANAU,May,5,AB,0.0,0.0,0,0.0,0.0,0.0,0,0,0.0,14485.0,0.0,0.0,0.0,0.0,0.0,0.0,0.0,0.0,0.0,0.0,0.0,0.0,0.0,0.0
332003,332-003,EXCAVATOR HITACHI ZAXIS ZX210F 332-003,0,SUNGAI DANAU,May,5,AB,0.0,0.0,0,0.0,0.0,0.0,0,0,0.0,14485.0,0.0,0.0,0.0,0.0,0.0,0.0,0.0,0.0,0.0,0.0,0.0,0.0,0.0,0.0
332005,332-005,EXCAVATOR CATERPILLAR 320 332-005,0,SUNGAI DANAU,May,5,AB,0.0,0.0,0,0.0,0.0,0.0,0,0,0.0,14485.0,0.0,0.0,0.0,0.0,0.0,0.0,0.0,0.0,0.0,0.0,0.0,0.0,0.0,0.0
332006,332-006,EXCAVATOR KOBELCO SK 50 332-006,0,SUNGAI DANAU,May,5,AB,0.0,0.0,0,0.0,0.0,0.0,0,0,0.0,14485.0,0.0,0.0,0.0,0.0,0.0,0.0,0.0,0.0,0.0,0.0,0.0,0.0,0.0,0.0
332007,332-007,EXCAVATOR HITACHI ZAXIS 210 F 332-007,0,SUNGAI DANAU,May,5,AB,0.0,0.0,0,0.0,0.0,0.0,0,0,0.0,14485.0,0.0,0.0,0.0,0.0,0.0,0.0,0.0,0.0,0.0,0.0,0.0,0.0,0.0,0.0
332008,332-008,EXCAVATOR KOMATSU PC 200 - 8 E-24 GSM 332-008,0,SUNGAI DANAU,May,5,AB,0.0,0.0,0,0.0,0.0,0.0,0,0,0.0,14485.0,0.0,0.0,0.0,0.0,0.0,0.0,0.0,0.0,0.0,0.0,0.0,0.0,0.0,0.0
332009,332-009,EXCAVATOR HITACHI ZAXIS ZX210F - 5G 332-009,0,SUNGAI DANAU,May,5,AB,0.0,0.0,0,0.0,0.0,0.0,0,0,0.0,14485.0,0.0,0.0,0.0,0.0,0.0,0.0,0.0,0.0,0.0,0.0,0.0,0.0,0.0,0.0
332010,332-010,EXCAVATOR HITACHI ZAXIS ZX210F - 5G 332-010,818181818,SUNGAI DANAU,May,5,AB,59.0,100.0,39176500,46090000.0,9292300.0,7001907.42,0,0,0.0,14485.0,0.0,0.0,18272718.89,3181195.513551917,1080427.08,0.0,30000.0,3196145.4143897314,28675445.97,13379248.347941648,4320391.38,7941255.23611784,32995837.35,21320503.584059488
332011,332-011,EXCAVATOR HITACHI ZAXIS 210 F LONG ARM 332-011,0,SUNGAI DANAU,May,5,AB,0.0,0.0,0,0.0,0.0,0.0,0,0,0.0,14485.0,0.0,0.0,0.0,0.0,0.0,0.0,0.0,0.0,0.0,0.0,0.0,0.0,0.0,0.0
332012,332-012,EXCAVATOR KOMATSU PC200-7 E-14 GSM 332-012,0,SUNGAI DANAU,May,5,AB,0.0,0.0,0,0.0,0.0,0.0,0,0,0.0,14485.0,0.0,0.0,0.0,0.0,0.0,0.0,0.0,0.0,0.0,0.0,0.0,0.0,0.0,0.0
332018,332-018,EXCAVATOR KOBELCO SK200-10 332-018,0,SUNGAI DANAU,May,5,AB,0.0,0.0,0,0.0,0.0,0.0,0,0,0.0,14485.0,0.0,0.0,0.0,0.0,0.0,0.0,0.0,0.0,0.0,0.0,0.0,0.0,0.0,0.0
332021,332-021,EXCAVATOR HITACHI ZAXIS 200 LC MJ 332-021,0,SUNGAI DANAU,May,5,AB,0.0,0.0,0,0.0,0.0,0.0,0,0,0.0,14485.0,0.0,0.0,0.0,0.0,0.0,0.0,0.0,0.0,0.0,0.0,0.0,0.0,0.0,0.0
332025,332-025,EXCAVATOR KOBELCO SK200-10 332-025,1353204375,SUNGAI DANAU,May,5,AB,65.0,215.0,52500000,146522500.0,5203400.0,0.0,0,0,0.0,14485.0,0.0,49828400.0,1503678.8,0.0,16672014.5,14095878.90625,20000.0,3196145.4143897314,23399093.3,67120424.32063973,5789709.33,7941255.23611784,29188802.63,75061679.55675757
332029,332-029,EXCAVATOR HITACHI ZX210F-5G 332-029,1378368000,SUNGAI DANAU,May,5,AB,31.0,175.0,13297500,120312500.0,20000.0,14338544.84,203,0,22671.12,14485.0,4602238.14,40558000.0,79722080.41,3237789.3894769996,14358000.0,14358000.0,400000.0,3196145.4143897314,99102318.55,75688479.64386673,1466450.66,7941255.23611784,100568769.21,83629734.87998457
332034,332-034,EXCAVATOR HITACHI ZX210F-5G 332-034,1490775000,SUNGAI DANAU,May,5,AB,106.0,200.0,94581403,70000000.0,12522593.0,15288544.84,1300,0,22594.31,14485.0,29372603.0,0.0,3825656.53,3734128.722810332,15528906.25,15528906.25,0.0,3196145.4143897314,61249758.78,37747725.22720006,10430453.93,7941255.23611784,71680212.71,45688980.4633179
332035,332-035,EXCAVATOR HITACHI ZX210F-5G 332-035,1490775000,SUNGAI DANAU,May,5,AB,71.0,200.0,65065260,70000000.0,9517560.0,15288544.84,950,0,22594.31,14485.0,21464594.5,0.0,9908009.93,6444322.589477,15528906.25,15528906.25,2535334.0,3196145.4143897314,58954404.68,40457919.09386673,7175408.43,7941255.23611784,66129813.11,48399174.32998457
332040,332-040,EXCAVATOR HITACHI ZX 210 F-5G 332-040,1518656875,SUNGAI DANAU,May,5,AB,210.1,175.0,180923355,61250000.0,16871567.0,14638544.84,3728,0,22677.96,14485.0,84543451.86,0.0,3997914.95,3806957.5336436667,15819342.45,15819342.447916666,740146.32,3196145.4143897314,121972422.58,37460990.23595006,19952259.73,7941255.23611784,141924682.31,45402245.4720679
332041,332-041,EXCAVATOR HITACHI ZX 210 F-5G 332-041,1518656875,SUNGAI DANAU,May,5,AB,125.6,175.0,112105378,120312500.0,12093507.0,14338544.84,2844,0,22679.29,14485.0,64499912.38,40558000.0,4985175.83,3690401.960310334,15819342.45,15819342.447916666,740146.32,3196145.4143897314,98138083.98,77602434.66261673,12363001.0,7941255.23611784,110501084.98,85543689.89873457
332047,332-047,EXCAVATOR HITACHI ZX 210 F-5G 332-047,1566339250,SUNGAI DANAU,May,5,AB,121.1,175.0,131104882,119262500.0,13436954.0,14338544.84,3046,0,22691.58,14485.0,69118539.23,40558000.0,41231151.32,3483657.3603103333,43509423.61,43509423.61111111,1008625.0,3196145.4143897314,168304693.16,105085771.22581118,14458269.68,7941255.23611784,182762962.84,113027026.46192902
332048,332-048,EXCAVATOR HITACHI ZX 210 F-5G 332-048,1563111750,SUNGAI DANAU,May,5,AB,83.0,200.0,89845834,70000000.0,11578655.0,15288544.84,1100,0,22594.31,14485.0,24853741.0,0.0,6407870.41,3483657.3603103333,43419770.83,43419770.833333336,1173625.0,3196145.4143897314,87433662.24,65388118.4480334,9908214.54,7941255.23611784,97341876.78,73329373.68415123
332052,332-052,EXCAVATOR HITACHI ZX 210G-5G 332-052,317452500,SUNGAI DANAU,May,5,AB,222.8,0.0,0,0.0,0.0,0.0,0,0,0.0,14485.0,0.0,0.0,0.0,0.0,0.0,0.0,0.0,0.0,0.0,0.0,0.0,0.0,0.0,0.0
341003,341-003,BULLDOZER KOMATSU D31 341-003,0,SUNGAI DANAU,May,5,AB,0.0,0.0,0,0.0,0.0,0.0,0,0,0.0,14485.0,0.0,0.0,0.0,0.0,0.0,0.0,0.0,0.0,0.0,0.0,0.0,0.0,0.0,0.0
342001,342-001,BULLDOZER CAT D6G DC-08 342-001,0,SUNGAI DANAU,May,5,AB,0.0,0.0,0,0.0,0.0,0.0,0,0,0.0,14485.0,0.0,0.0,0.0,0.0,0.0,0.0,0.0,0.0,0.0,0.0,0.0,0.0,0.0,0.0
342003,342-003,BULLDOZER CAT D6G DC-10 342-003,0,SUNGAI DANAU,May,5,AB,0.0,0.0,0,0.0,0.0,0.0,0,0,0.0,14485.0,0.0,0.0,0.0,0.0,0.0,0.0,0.0,0.0,0.0,0.0,0.0,0.0,0.0,0.0
342004,342-004,BULLDOZER CAT D6G DC-11 342-004,89866738,SUNGAI DANAU,May,5,AB,0.0,150.0,0,148950000.0,0.0,14157294.84,0,0,0.0,14485.0,0.0,58664250.0,0.0,3842790.7624403997,0.0,0.0,0.0,3196145.4143897314,0.0,79860481.01683013,0.0,7941255.23611784,0.0,87801736.25294797
342005,342-005,BULLDOZER CAT D6G2 342-005,0,SUNGAI DANAU,May,5,AB,0.0,0.0,0,0.0,0.0,0.0,0,0,0.0,14485.0,0.0,0.0,0.0,0.0,0.0,0.0,0.0,0.0,0.0,0.0,0.0,0.0,0.0,0.0
342006,342-006,BULLDOZER CAT D7G2 342-006,80400146,SUNGAI DANAU,May,5,AB,0.0,150.0,0,148950000.0,0.0,14457294.84,0,0,0.0,14485.0,0.0,58664250.0,8694000.0,3842790.7624403997,0.0,0.0,0.0,1543437.7428463232,8694000.0,78507773.34528673,0.0,7941255.23611784,8694000.0,86449028.58140457
342007,342-007,BULLDOZER CAT D6G 342-007,0,SUNGAI DANAU,May,5,AB,0.0,0.0,0,0.0,0.0,0.0,0,0,0.0,14485.0,0.0,0.0,0.0,0.0,0.0,0.0,0.0,0.0,0.0,0.0,0.0,0.0,0.0,0.0
342008,342-008,BULLDOZER CAT D7G2 342-008,1929603500,SUNGAI DANAU,May,5,AB,62.0,200.0,67345170,198600000.0,5449000.0,15263544.84,1306,0,22725.65,14485.0,29679694.14,78219000.0,0.0,13855276.8178,21003779.25,0.0,50000.0,1543437.7428463232,56182473.39,108881259.40064633,7426837.31,7941255.23611784,63609310.7,116822514.63676417
342009,342-009,BULLDOZER CAT D7G D-07 GSM 342-009,0,SUNGAI DANAU,May,5,AB,0.0,0.0,0,0.0,0.0,0.0,0,0,0.0,14485.0,0.0,0.0,0.0,0.0,0.0,0.0,0.0,0.0,0.0,0.0,0.0,0.0,0.0,0.0
342010,342-010,BULLDOZER CAT D7G D-06 GSM 342-010,0,SUNGAI DANAU,May,5,AB,0.0,0.0,0,0.0,0.0,0.0,0,0,0.0,14485.0,0.0,0.0,0.0,0.0,0.0,0.0,0.0,0.0,0.0,0.0,0.0,0.0,0.0,0.0
342011,342-011,BULLDOZER CAT D7G D-10 GSM 342-011,0,SUNGAI DANAU,May,5,AB,0.0,0.0,0,0.0,0.0,0.0,0,0,0.0,14485.0,0.0,0.0,0.0,0.0,0.0,0.0,0.0,0.0,0.0,0.0,0.0,0.0,0.0,0.0
342012,342-012,BULLDOZER WEA B 220 342-012,2321435000,SUNGAI DANAU,May,5,AB,12.8,150.0,0,148950000.0,0.0,14157294.84,0,0,0.0,14485.0,0.0,47800500.0,0.0,3759457.4291070662,0.0,24181614.583333332,0.0,1543437.7428463232,0.0,91442304.59528673,0.0,7941255.23611784,0.0,99383559.83140457
342013,342-013,BULLDOZER WEA B 220 342-013,2321435000,SUNGAI DANAU,May,5,AB,0.0,150.0,0,148950000.0,0.0,14157294.84,0,0,0.0,14485.0,0.0,47800500.0,0.0,3759457.4291070662,24181614.58,24181614.583333332,0.0,1543437.7428463232,24181614.58,91442304.59528673,0.0,7941255.23611784,24181614.58,99383559.83140457
342014,342-014,BULLDOZER WEA B 165 YS 342-014,1550000000,SUNGAI DANAU,May,5,AB,0.0,150.0,0,72105000.0,0.0,8108157.42,0,0,0.0,14485.0,0.0,43455000.0,0.0,3759457.4291070662,16145833.33,16145833.333333334,0.0,1543437.7428463232,16145833.33,73011885.92528673,0.0,7941255.23611784,16145833.33,80953141.16140456
342016,342-016,BULLDOZER KOMATSU D85E 342-016,3651184000,SUNGAI DANAU,May,5,AB,0.0,0.0,0,0.0,0.0,0.0,0,0,0.0,14485.0,0.0,0.0,0.0,0.0,0.0,0.0,0.0,0.0,0.0,0.0,0.0,0.0,0.0,0.0
342018,342-018,BULLDOZER KOMATSU D85E 342-018,3679975400,SUNGAI DANAU,May,5,AB,0.0,0.0,0,0.0,47000.0,0.0,0,0,0.0,14485.0,0.0,0.0,0.0,0.0,38333077.08,0.0,0.0,0.0,38380077.08,0.0,0.0,0.0,38380077.08,0.0
351001,351-001,GRADER KOMATSU 40A2-2204 351-001,0,SUNGAI DANAU,May,5,AB,0.0,0.0,0,0.0,0.0,0.0,0,0,0.0,14485.0,0.0,0.0,0.0,0.0,0.0,0.0,0.0,0.0,0.0,0.0,0.0,0.0,0.0,0.0
351002,351-002,GRADER KOMATSU 405A-2 351-002,0,SUNGAI DANAU,May,5,AB,0.0,0.0,0,0.0,0.0,0.0,0,0,0.0,14485.0,0.0,0.0,0.0,0.0,0.0,0.0,0.0,0.0,0.0,0.0,0.0,0.0,0.0,0.0
351003,351-003,GRADER KOMATSU 355 A 351-003,0,SUNGAI DANAU,May,5,AB,0.0,0.0,0,0.0,0.0,0.0,0,0,0.0,14485.0,0.0,0.0,0.0,0.0,0.0,0.0,0.0,0.0,0.0,0.0,0.0,0.0,0.0,0.0
351004,351-004,GRADER CATERPILAR 120 K 351-004,834113614,SUNGAI DANAU,May,5,AB,50.0,175.0,47090000,78505000.0,9099800.0,8589407.42,0,0,0.0,14485.0,0.0,0.0,14698967.32,12191549.659960268,0.0,0.0,0.0,1543437.7428463232,23798767.32,22324394.82280659,5193093.57,7941255.23611784,28991860.89,30265650.05892443
351005,351-005,GRADER KOMATSU 355 A 351-005,0,SUNGAI DANAU,May,5,AB,0.0,0.0,0,0.0,0.0,0.0,0,0,0.0,14485.0,0.0,0.0,0.0,0.0,0.0,0.0,0.0,0.0,0.0,0.0,0.0,0.0,0.0,0.0
351006,351-006,GRADER KOMATSU 405 351-006,0,SUNGAI DANAU,May,5,AB,0.0,0.0,0,0.0,0.0,0.0,0,0,0.0,14485.0,0.0,0.0,0.0,0.0,0.0,0.0,0.0,0.0,0.0,0.0,0.0,0.0,0.0,0.0
351007,351-007,GRADER CATERPILLAR 120K 351-007,925000000,SUNGAI DANAU,May,5,AB,0.0,125.0,0,56075000.0,4446000.0,7555032.42,0,0,0.0,14485.0,0.0,0.0,1562608.79,10137738.166026931,0.0,0.0,100000.0,1543437.7428463232,6108608.79,19236208.328873254,0.0,7941255.23611784,6108608.79,27177463.564991094
351008,351-008,GRADER CATERPILLAR 120 K 351-008,0,SUNGAI DANAU,May,5,AB,0.0,0.0,0,0.0,0.0,0.0,0,0,0.0,14485.0,0.0,0.0,0.0,0.0,0.0,0.0,0.0,0.0,0.0,0.0,0.0,0.0,0.0,0.0
351009,351-009,GRADER CATERPILLAR 120 K 351-009,0,SUNGAI DANAU,May,5,AB,0.0,0.0,0,0.0,0.0,0.0,0,0,0.0,14485.0,0.0,0.0,0.0,0.0,0.0,0.0,0.0,0.0,0.0,0.0,0.0,0.0,0.0,0.0
351010,351-010,GRADER CATERPILLAR 120 K 351-010,735897991,SUNGAI DANAU,May,5,AB,0.0,0.0,0,0.0,0.0,0.0,0,0,0.0,14485.0,0.0,0.0,0.0,0.0,7665604.07,7665604.070520833,0.0,1543437.7428463232,7665604.07,9209041.813367156,0.0,0.0,7665604.07,9209041.813367156
351013,351-013,GRADER XCMG GR-135 351-013,1160887500,SUNGAI DANAU,May,5,AB,46.0,100.0,47090000,44860000.0,5182700.0,7001907.42,0,0,0.0,14485.0,0.0,0.0,856318.54,5952120.028960268,12092578.12,12092578.125,0.0,0.0,18131596.66,25046605.573960267,5193093.57,7941255.23611784,23324690.23,32987860.810078107
351015,351-015,GRADER XCMG GR-135 351-015,1146243282,SUNGAI DANAU,May,5,AB,40.0,125.0,58862500,56075000.0,5524500.0,7555032.42,0,0,0.0,14485.0,0.0,0.0,0.0,0.0,23880068.37,23880068.373958334,665000.0,1543437.7428463232,30069568.37,32978538.53680466,6491366.96,7941255.23611784,36560935.33,40919793.7729225
351016,351-016,GRADER XCMG GR-135 351-016,1146243282,SUNGAI DANAU,May,5,AB,58.0,150.0,58862500,67290000.0,5221500.0,8108157.42,0,0,0.0,14485.0,0.0,0.0,1876978.35,8317751.957393598,23880068.37,23880068.373958334,635000.0,1543437.7428463232,31613546.72,41849415.494198255,6491366.96,7941255.23611784,38104913.68,49790670.730316095
361001,361-001,BACKHOE LOADER CASE 580 SR361-001,0,SUNGAI DANAU,May,5,AB,0.0,0.0,0,0.0,0.0,0.0,0,0,0.0,14485.0,0.0,0.0,0.0,0.0,0.0,0.0,0.0,0.0,0.0,0.0,0.0,0.0,0.0,0.0
361002,361-002,BACKHOE LOADER CASE 580 SM 361-002,0,SUNGAI DANAU,May,5,AB,0.0,0.0,0,0.0,0.0,0.0,0,0,0.0,14485.0,0.0,0.0,0.0,0.0,0.0,0.0,0.0,0.0,0.0,0.0,0.0,0.0,0.0,0.0
361003,361-003,BACKHOE LOADER CASE 580 SM 361-003,0,SUNGAI DANAU,May,5,AB,0.0,0.0,0,0.0,0.0,0.0,0,0,0.0,14485.0,0.0,0.0,0.0,0.0,0.0,0.0,0.0,0.0,0.0,0.0,0.0,0.0,0.0,0.0
361004,361-004,BACKHOE LOADER CAT 416 F 361-004,650919900,SUNGAI DANAU,May,5,AB,0.0,0.0,0,0.0,0.0,0.0,0,0,0.0,14485.0,0.0,0.0,0.0,0.0,0.0,0.0,0.0,0.0,0.0,0.0,0.0,0.0,0.0,0.0
361005,361-005,BACKHOE LOADER CAT 416 E 361-005,0,SUNGAI DANAU,May,5,AB,0.0,0.0,0,0.0,0.0,0.0,0,0,0.0,14485.0,0.0,0.0,0.0,0.0,0.0,0.0,0.0,0.0,0.0,0.0,0.0,0.0,0.0,0.0
361006,361-006,BACKHOE LOADER CAT 416 F 361-006,933592400,SUNGAI DANAU,May,5,AB,145.0,0.0,46012125,0.0,6398250.0,0.0,0,0,0.0,14485.0,0.0,0.0,10090425.66,0.0,0.0,0.0,909703.0,0.0,17398378.66,0.0,5074225.32,0.0,22472603.98,0.0
361007,361-007,BACKHOE LOADER CAT 416 F 361-007,933285600,SUNGAI DANAU,May,5,AB,71.0,200.0,38502100,84620000.0,8978300.0,14838544.84,0,0,0.0,14485.0,0.0,0.0,32978044.62,0.0,0.0,0.0,30000.0,0.0,41986344.62,14838544.84,4246018.43,7941255.23611784,46232363.05,22779800.07611784
361009,361-009,BACKHOE LOADER CATTERPILLAR 426F2 361-009,996438000,SUNGAI DANAU,May,5,AB,246.0,150.0,104082600,63465000.0,12518300.0,13838544.84,0,0,0.0,14485.0,0.0,0.0,41555528.69,11022524.403928466,10379562.5,10379562.5,30000.0,1543437.7428463232,64483391.19,36784069.48677479,11478247.62,7941255.23611784,75961638.81,44725324.72289263
361010,361-010,BACKHOE LOADER CATTERPILLAR 426F2 361-010,996548000,SUNGAI DANAU,May,5,AB,285.0,150.0,120583500,63465000.0,16072250.0,13838544.84,0,0,0.0,14485.0,0.0,0.0,64166234.73,11022524.403928466,10380708.33,10380708.333333334,30000.0,1543437.7428463232,90649193.06,36785215.32010812,13297969.8,7941255.23611784,103947162.86,44726470.55622596
361013,361-013,BACKHOE LOADER CATERPILLAR 416F 361-013,1229774436,SUNGAI DANAU,May,5,AB,216.0,200.0,91389600,84620000.0,13436300.0,14838544.84,0,0,0.0,14485.0,0.0,0.0,3078375.28,9867713.264780132,12810150.37,12810150.375,791943.53,1543437.7428463232,30116769.18,39059846.222626455,10078461.33,7941255.23611784,40195230.51,47001101.458744295
361014,361-014,BACKHOE LOADER CATERPILLAR 416F2 361-014,1265043837,SUNGAI DANAU,May,5,AB,306.0,200.0,129468600,84620000.0,15563500.0,14838544.84,0,0,0.0,14485.0,0.0,0.0,17179862.95,9867713.264780132,35140106.58,35140106.583333336,292800.0,1543437.7428463232,68176269.53,61389802.43095979,14277820.21,7941255.23611784,82454089.74,69331057.66707763
371001,371-001,COMPACTOR SV 510D 371-001,0,SUNGAI DANAU,May,5,AB,0.0,0.0,0,0.0,0.0,0.0,0,0,0.0,14485.0,0.0,0.0,0.0,0.0,0.0,0.0,0.0,0.0,0.0,0.0,0.0,0.0,0.0,0.0
371002,371-002,COMPACTOR IR 371-002,21936235,SUNGAI DANAU,May,5,AB,6.0,100.0,2462580,39100000.0,4711100.0,12838544.84,0,0,0.0,14485.0,0.0,0.0,10780164.3,4280253.340900333,0.0,0.0,0.0,1543437.7428463232,15491264.3,18662235.923746653,271573.76,7941255.23611784,15762838.06,26603491.159864493
371003,371-003,COMPACTOR SAKAI SV512D 371-003,0,SUNGAI DANAU,May,5,AB,0.0,0.0,0,0.0,0.0,0.0,0,0,0.0,14485.0,0.0,0.0,0.0,0.0,0.0,0.0,0.0,0.0,0.0,0.0,0.0,0.0,0.0,0.0
371004,371-004,COMPACTOR SAKAI SV512D 371-004,0,SUNGAI DANAU,May,5,AB,0.0,0.0,0,0.0,0.0,0.0,0,0,0.0,14485.0,0.0,0.0,0.0,0.0,0.0,0.0,0.0,0.0,0.0,0.0,0.0,0.0,0.0,0.0
371005,371-005,COMPACTOR SAKAI SV512D371-005,268072750,SUNGAI DANAU,May,5,AB,48.0,0.0,43720000,0.0,5227000.0,0.0,0,0,0.0,14485.0,0.0,0.0,159862.55,4852170.887163966,0.0,0.0,0.0,1543437.7428463232,5386862.55,6395608.630010289,4821449.37,0.0,10208311.92,6395608.630010289
371006,371-006,COMPACTOR SAKAI SV525D 371-006,0,SUNGAI DANAU,May,5,AB,0.0,0.0,0,0.0,0.0,0.0,0,0,0.0,14485.0,0.0,0.0,0.0,0.0,0.0,0.0,0.0,0.0,0.0,0.0,0.0,0.0,0.0,0.0
371007,371-007,COMPACTOR VOLVO SD 120 DC KJU  371-007,0,SUNGAI DANAU,May,5,AB,0.0,0.0,0,0.0,0.0,0.0,0,0,0.0,14485.0,0.0,0.0,0.0,0.0,0.0,0.0,0.0,0.0,0.0,0.0,0.0,0.0,0.0,0.0
371009,371-009,COMPACTOR SAKAI SV515TF-E 371-009,0,SUNGAI DANAU,May,5,AB,0.0,0.0,0,0.0,0.0,0.0,0,0,0.0,14485.0,0.0,0.0,0.0,0.0,0.0,0.0,0.0,0.0,0.0,0.0,0.0,0.0,0.0,0.0
371011,371-011,COMPACTOR SAKAI SV 526-D 371-011,959723500,SUNGAI DANAU,May,5,AB,50.0,175.0,43720000,72887500.0,5576500.0,14338544.84,0,0,0.0,14485.0,0.0,0.0,2233869.67,3954640.227163967,9997119.79,9997119.791666666,30000.0,0.0,17837489.46,28290304.85883063,4821449.37,7941255.23611784,22658938.83,36231560.09494847
371015,371-015,COMPACTOR DYNAPAC CA30D 371-015 ,1083602525,SUNGAI DANAU,May,5,AB,45.0,100.0,54991250,41910000.0,5478000.0,12838544.84,0,0,0.0,14485.0,0.0,0.0,0.0,0.0,11287526.3,11287526.302083334,798281.94,1543437.7428463232,17563808.24,25669508.884929657,6064444.82,7941255.23611784,23628253.06,33610764.1210475
371016,371-016,COMPACTOR DYNAPAC CA30D 371-016,1083852525,SUNGAI DANAU,May,5,AB,58.0,125.0,54991250,52387500.0,5268500.0,13338544.84,0,0,0.0,14485.0,0.0,0.0,0.0,0.0,11290130.47,11290130.46875,690281.94,1543437.7428463232,17248912.41,26172113.05159632,6064444.82,7941255.23611784,23313357.23,34113368.28771416
311001,311-001,TRAILER MITSUBISHI FV 419P DA 9119 AT/ DA 8602 CR 311-001,0,SUNGAI DANAU,Jun,6,AB,0.0,0.0,2000000,0.0,0.0,0.0,0,0,0.0,14485.0,0.0,0.0,0.0,0.0,0.0,0.0,210000.0,0.0,210000.0,0.0,183808.52,0.0,393808.52,0.0
311002,311-002,TRAILER MITSUBISHI FV 419P DA 9295 CC 311-002,0,SUNGAI DANAU,Jun,6,AB,0.0,0.0,4000000,0.0,0.0,0.0,102,0,20826.15,14485.0,2124267.3,0.0,1134664.39,0.0,0.0,0.0,20380000.0,60000000.0,23638931.69,60000000.0,367617.04,0.0,24006548.73,60000000.0
311003,311-003,TRAILER MITSUBISHI FV 419P B 9234 TIN 311-003,0,SUNGAI DANAU,Jun,6,AB,0.0,0.0,0,0.0,0.0,0.0,0,0,0.0,14485.0,0.0,0.0,0.0,0.0,0.0,0.0,20000000.0,0.0,20000000.0,0.0,0.0,0.0,20000000.0,0.0
321002,321-002,FARM TRACTOR KUBOTA M9540 321-002,423213543,SUNGAI DANAU,Jun,6,AB,0.0,0.0,0,0.0,0.0,0.0,0,0,0.0,14485.0,0.0,0.0,0.0,0.0,4408474.41,4408474.40625,0.0,1543931.4906186212,4408474.41,5952405.896868621,0.0,0.0,4408474.41,5952405.896868621
321004,321-004,FARM TRACTOR KUBOTA M9540 321-004,423213543,SUNGAI DANAU,Jun,6,AB,0.0,0.0,5496000,0.0,0.0,0.0,0,0,0.0,14485.0,0.0,0.0,7000.0,0.0,4408474.41,4408474.40625,0.0,0.0,4415474.41,4408474.40625,505105.81,0.0,4920580.22,4408474.40625
321005,321-005,FARM TRACTOR KUBOTA M9540 321-005,560598958,SUNGAI DANAU,Jun,6,AB,0.0,0.0,0,0.0,0.0,0.0,0,0,0.0,14485.0,0.0,0.0,0.0,0.0,5839572.48,5839572.479166667,0.0,0.0,5839572.48,5839572.479166667,0.0,0.0,5839572.48,5839572.479166667
322003,322-003,CRAWLER CROWN KD 3000 HZL 322-003,171424505,SUNGAI DANAU,Jun,6,AB,0.0,0.0,0,0.0,0.0,0.0,0,0,0.0,14485.0,0.0,0.0,0.0,0.0,3571343.85,0.0,0.0,0.0,3571343.85,0.0,0.0,0.0,3571343.85,0.0
322004,322-004,CRAWLER CROWN KD 3000 HZL 322-004,171424505,SUNGAI DANAU,Jun,6,AB,0.0,0.0,0,0.0,0.0,0.0,0,0,0.0,14485.0,0.0,0.0,0.0,0.0,3571343.85,0.0,0.0,0.0,3571343.85,0.0,0.0,0.0,3571343.85,0.0
331001,331-001,EXCAVATOR HITACHI ZX48U-5A-CST 331-001,535000000,SUNGAI DANAU,Jun,6,AB,162.5,200.0,82540302,41860000.0,8335971.0,10764601.13,1118,0,20827.15,14485.0,23284752.46,0.0,10739754.81,1164067.0103467999,0.0,0.0,30000.0,3197167.8655288266,42390478.27,15125836.005875628,7585805.37,7935746.300238971,49976283.64,23061582.3061146
331002,331-002,EXCAVATOR HITACHI ZX33U-5A 331-002,510000000,SUNGAI DANAU,Jun,6,AB,109.0,200.0,52854633,41860000.0,7014897.0,10764601.13,499,0,20827.57,14485.0,10392959.51,0.0,5258713.11,2107060.6506801336,5312500.0,5312500.0,0.0,3197167.8655288266,27979069.62,21381329.64620896,4857565.93,7935746.300238971,32836635.55,29317075.94644793
331003,331-003,EXCAVATOR HITACHI ZX 48U-5A 331-003,599234673,SUNGAI DANAU,Jun,6,AB,114.1,0.0,49890520,0.0,6346160.0,0.0,546,0,20827.23,14485.0,11371666.74,0.0,384057.04,0.0,20534296.46,0.0,195805.0,0.0,38831985.24,0.0,4585151.32,0.0,43417136.56,0.0
332001,332-001,EXCAVATOR HITACHI ZAXIS ZX200 332-001,0,SUNGAI DANAU,Jun,6,AB,0.0,0.0,0,0.0,0.0,0.0,0,0,0.0,14485.0,0.0,0.0,0.0,0.0,0.0,0.0,0.0,0.0,0.0,0.0,0.0,0.0,0.0,0.0
332002,332-002,EXCAVATOR HITACHI ZAXIS ZX210F 332-002,0,SUNGAI DANAU,Jun,6,AB,0.0,0.0,0,0.0,0.0,0.0,0,0,0.0,14485.0,0.0,0.0,0.0,0.0,0.0,0.0,0.0,0.0,0.0,0.0,0.0,0.0,0.0,0.0
332003,332-003,EXCAVATOR HITACHI ZAXIS ZX210F 332-003,0,SUNGAI DANAU,Jun,6,AB,0.0,0.0,0,0.0,0.0,0.0,0,0,0.0,14485.0,0.0,0.0,0.0,0.0,0.0,0.0,0.0,0.0,0.0,0.0,0.0,0.0,0.0,0.0
332005,332-005,EXCAVATOR CATERPILLAR 320 332-005,0,SUNGAI DANAU,Jun,6,AB,0.0,0.0,0,0.0,0.0,0.0,0,0,0.0,14485.0,0.0,0.0,0.0,0.0,0.0,0.0,0.0,0.0,0.0,0.0,0.0,0.0,0.0,0.0
332006,332-006,EXCAVATOR KOBELCO SK 50 332-006,0,SUNGAI DANAU,Jun,6,AB,0.0,0.0,0,0.0,0.0,0.0,0,0,0.0,14485.0,0.0,0.0,0.0,0.0,0.0,0.0,0.0,0.0,0.0,0.0,0.0,0.0,0.0,0.0
332007,332-007,EXCAVATOR HITACHI ZAXIS 210 F 332-007,0,SUNGAI DANAU,Jun,6,AB,0.0,0.0,0,0.0,0.0,0.0,0,0,0.0,14485.0,0.0,0.0,0.0,0.0,0.0,0.0,0.0,0.0,0.0,0.0,0.0,0.0,0.0,0.0
332008,332-008,EXCAVATOR KOMATSU PC 200 - 8 E-24 GSM 332-008,0,SUNGAI DANAU,Jun,6,AB,0.0,0.0,0,0.0,0.0,0.0,0,0,0.0,14485.0,0.0,0.0,0.0,0.0,0.0,0.0,0.0,0.0,0.0,0.0,0.0,0.0,0.0,0.0
332009,332-009,EXCAVATOR HITACHI ZAXIS ZX210F - 5G 332-009,0,SUNGAI DANAU,Jun,6,AB,0.0,0.0,0,0.0,0.0,0.0,0,0,0.0,14485.0,0.0,0.0,0.0,0.0,0.0,0.0,0.0,0.0,0.0,0.0,0.0,0.0,0.0,0.0
332010,332-010,EXCAVATOR HITACHI ZAXIS ZX210F - 5G 332-010,818181818,SUNGAI DANAU,Jun,6,AB,0.0,100.0,0,46090000.0,0.0,7016907.42,100,0,20826.56,14485.0,2082655.61,0.0,20644248.25,3181195.513551917,1080427.08,0.0,0.0,3197167.8655288266,23807330.94,13395270.799080744,0.0,7935746.300238971,23807330.94,21331017.099319715
332011,332-011,EXCAVATOR HITACHI ZAXIS 210 F LONG ARM 332-011,0,SUNGAI DANAU,Jun,6,AB,0.0,0.0,0,0.0,0.0,0.0,0,0,0.0,14485.0,0.0,0.0,0.0,0.0,0.0,0.0,0.0,0.0,0.0,0.0,0.0,0.0,0.0,0.0
332012,332-012,EXCAVATOR KOMATSU PC200-7 E-14 GSM 332-012,0,SUNGAI DANAU,Jun,6,AB,0.0,0.0,0,0.0,0.0,0.0,0,0,0.0,14485.0,0.0,0.0,0.0,0.0,0.0,0.0,0.0,0.0,0.0,0.0,0.0,0.0,0.0,0.0
332018,332-018,EXCAVATOR KOBELCO SK200-10 332-018,0,SUNGAI DANAU,Jun,6,AB,0.0,0.0,0,0.0,0.0,0.0,0,0,0.0,14485.0,0.0,0.0,0.0,0.0,0.0,0.0,0.0,0.0,0.0,0.0,0.0,0.0,0.0,0.0
332021,332-021,EXCAVATOR HITACHI ZAXIS 200 LC MJ 332-021,0,SUNGAI DANAU,Jun,6,AB,0.0,0.0,0,0.0,0.0,0.0,0,0,0.0,14485.0,0.0,0.0,0.0,0.0,0.0,0.0,0.0,0.0,0.0,0.0,0.0,0.0,0.0,0.0
332025,332-025,EXCAVATOR KOBELCO SK200-10 332-025,1353204375,SUNGAI DANAU,Jun,6,AB,221.0,215.0,77350000,146522500.0,13488800.0,0.0,0,0,0.0,14485.0,0.0,49828400.0,13123940.28,0.0,16672014.5,14095878.90625,30000.0,3197167.8655288266,43314754.78,67121446.77177882,7108794.5,7935746.300238971,50423549.28,75057193.07201779
332029,332-029,EXCAVATOR HITACHI ZX210F-5G 332-029,1378368000,SUNGAI DANAU,Jun,6,AB,129.0,175.0,104496390,120312500.0,6053700.0,14353544.84,2581,0,20826.4,14485.0,53752942.9,40558000.0,27492091.17,3237789.3894769996,14358000.0,14358000.0,0.0,3197167.8655288266,101656734.07,75704502.09500583,9603663.38,7935746.300238971,111260397.45,83640248.39524479
332034,332-034,EXCAVATOR HITACHI ZX210F-5G 332-034,1490775000,SUNGAI DANAU,Jun,6,AB,135.0,200.0,96891591,70000000.0,11604468.0,15303544.84,2350,0,20826.15,14485.0,48941452.5,0.0,2654536.84,3734128.722810332,15528906.25,15528906.25,0.0,3197167.8655288266,78729363.59,37763747.67833916,8904749.96,7935746.300238971,87634113.55,45699493.978578135
332035,332-035,EXCAVATOR HITACHI ZX210F-5G 332-035,1490775000,SUNGAI DANAU,Jun,6,AB,60.0,200.0,18946710,70000000.0,8721338.0,15303544.84,1250,0,20826.15,14485.0,26032687.5,0.0,17634340.78,6444322.589477,15528906.25,15528906.25,200000.0,3197167.8655288266,68117272.53,40473941.54500583,1741283.36,7935746.300238971,69858555.89,48409687.845244795
332039,332-039,EXCAVATOR HITACHI ZX 210 F-5G 332-039,1518656875,SUNGAI DANAU,Jun,6,AB,192.7,0.0,0,0.0,0.0,0.0,0,0,0.0,14485.0,0.0,0.0,0.0,0.0,0.0,0.0,0.0,0.0,0.0,0.0,0.0,0.0,0.0,0.0
332040,332-040,EXCAVATOR HITACHI ZX 210 F-5G 332-040,1518656875,SUNGAI DANAU,Jun,6,AB,172.2,175.0,120711215,61250000.0,8207916.0,14653544.84,3436,0,20826.33,14485.0,71559280.85,0.0,6356016.18,3806957.5336436667,15819342.45,15819342.447916666,690146.32,3197167.8655288266,102632701.8,37477012.68708916,11093874.87,7935746.300238971,113726576.67,45412758.98732813
332041,332-041,EXCAVATOR HITACHI ZX 210 F-5G 332-041,1518656875,SUNGAI DANAU,Jun,6,AB,168.4,175.0,108445056,120312500.0,11771628.0,14353544.84,3122,0,20826.44,14485.0,65020133.71,40558000.0,1604830.99,3690401.960310334,15819342.45,15819342.447916666,690146.32,3197167.8655288266,94906081.47,77618457.11375582,9966562.61,7935746.300238971,104872644.08,85554203.41399479
332047,332-047,EXCAVATOR HITACHI ZX 210 F-5G 332-047,1566339250,SUNGAI DANAU,Jun,6,AB,139.1,175.0,65497047,119262500.0,9337508.0,14353544.84,2943,0,20826.34,14485.0,61291907.68,40558000.0,4239956.52,3483657.3603103333,43509423.61,43509423.61111111,1008625.0,3197167.8655288266,119387420.81,105101793.67695028,6019457.63,7935746.300238971,125406878.44,113037539.97718924
332048,332-048,EXCAVATOR HITACHI ZX 210 F-5G 332-048,1563111750,SUNGAI DANAU,Jun,6,AB,128.0,200.0,89891408,70000000.0,11640446.0,15303544.84,2450,0,20826.15,14485.0,51024067.5,0.0,3543486.47,3483657.3603103333,43419770.83,43419770.833333336,1008625.0,3197167.8655288266,110636395.8,65404140.8991725,8261403.32,7935746.300238971,118897799.12,73339887.19941147
332052,332-052,EXCAVATOR HITACHI ZX 210G-5G 332-052,317452500,SUNGAI DANAU,Jun,6,AB,238.0,0.0,0,0.0,0.0,0.0,0,0,0.0,14485.0,0.0,0.0,0.0,0.0,0.0,0.0,0.0,0.0,0.0,0.0,0.0,0.0,0.0,0.0
341003,341-003,BULLDOZER KOMATSU D31 341-003,0,SUNGAI DANAU,Jun,6,AB,0.0,0.0,0,0.0,0.0,0.0,0,0,0.0,14485.0,0.0,0.0,0.0,0.0,0.0,0.0,0.0,0.0,0.0,0.0,0.0,0.0,0.0,0.0
342001,342-001,BULLDOZER CAT D6G DC-08 342-001,0,SUNGAI DANAU,Jun,6,AB,0.0,0.0,0,0.0,0.0,0.0,0,0,0.0,14485.0,0.0,0.0,0.0,0.0,0.0,0.0,0.0,0.0,0.0,0.0,0.0,0.0,0.0,0.0
342003,342-003,BULLDOZER CAT D6G DC-10 342-003,0,SUNGAI DANAU,Jun,6,AB,0.0,0.0,0,0.0,0.0,0.0,0,0,0.0,14485.0,0.0,0.0,0.0,0.0,0.0,0.0,0.0,0.0,0.0,0.0,0.0,0.0,0.0,0.0
342004,342-004,BULLDOZER CAT D6G DC-11 342-004,89866738,SUNGAI DANAU,Jun,6,AB,0.0,150.0,0,148950000.0,0.0,14172294.84,0,0,0.0,14485.0,0.0,58664250.0,175080.87,3842790.7624403997,0.0,0.0,0.0,3197167.8655288266,175080.87,79876503.46796922,0.0,7935746.300238971,175080.87,87812249.76820819
342005,342-005,BULLDOZER CAT D6G2 342-005,0,SUNGAI DANAU,Jun,6,AB,0.0,0.0,0,0.0,0.0,0.0,0,0,0.0,14485.0,0.0,0.0,0.0,0.0,0.0,0.0,0.0,0.0,0.0,0.0,0.0,0.0,0.0,0.0
342006,342-006,BULLDOZER CAT D7G2 342-006,80400146,SUNGAI DANAU,Jun,6,AB,0.0,150.0,0,148950000.0,0.0,14472294.84,0,0,0.0,14485.0,0.0,58664250.0,8978493.12,3842790.7624403997,0.0,0.0,0.0,1543931.4906186212,8978493.12,78523267.09305902,0.0,7935746.300238971,8978493.12,86459013.39329799
342007,342-007,BULLDOZER CAT D6G 342-007,0,SUNGAI DANAU,Jun,6,AB,0.0,0.0,0,0.0,0.0,0.0,0,0,0.0,14485.0,0.0,0.0,0.0,0.0,0.0,0.0,0.0,0.0,0.0,0.0,0.0,0.0,0.0,0.0
342008,342-008,BULLDOZER CAT D7G2 342-008,1929603500,SUNGAI DANAU,Jun,6,AB,166.0,200.0,175447760,198600000.0,7456000.0,15278544.84,4093,0,20826.36,14485.0,85242305.05,78219000.0,2000.0,13855276.8178,21003779.25,0.0,0.0,1543931.4906186212,113704084.3,108896753.14841862,16124396.53,7935746.300238971,129828480.83,116832499.44865759
342009,342-009,BULLDOZER CAT D7G D-07 GSM 342-009,0,SUNGAI DANAU,Jun,6,AB,0.0,0.0,0,0.0,0.0,0.0,0,0,0.0,14485.0,0.0,0.0,0.0,0.0,0.0,0.0,0.0,0.0,0.0,0.0,0.0,0.0,0.0,0.0
342010,342-010,BULLDOZER CAT D7G D-06 GSM 342-010,0,SUNGAI DANAU,Jun,6,AB,0.0,0.0,0,0.0,0.0,0.0,0,0,0.0,14485.0,0.0,0.0,0.0,0.0,0.0,0.0,0.0,0.0,0.0,0.0,0.0,0.0,0.0,0.0
342011,342-011,BULLDOZER CAT D7G D-10 GSM 342-011,0,SUNGAI DANAU,Jun,6,AB,0.0,0.0,0,0.0,0.0,0.0,0,0,0.0,14485.0,0.0,0.0,0.0,0.0,0.0,0.0,0.0,0.0,0.0,0.0,0.0,0.0,0.0,0.0
342012,342-012,BULLDOZER WEA B 220 342-012,2321435000,SUNGAI DANAU,Jun,6,AB,52.4,150.0,0,148950000.0,0.0,14172294.84,0,0,0.0,14485.0,0.0,47800500.0,0.0,3759457.4291070662,0.0,24181614.583333332,0.0,1543931.4906186212,0.0,91457798.34305902,0.0,7935746.300238971,0.0,99393544.64329799
342013,342-013,BULLDOZER WEA B 220 342-013,2321435000,SUNGAI DANAU,Jun,6,AB,0.0,150.0,0,148950000.0,0.0,14172294.84,0,0,0.0,14485.0,0.0,47800500.0,0.0,3759457.4291070662,24181614.58,24181614.583333332,0.0,1543931.4906186212,24181614.58,91457798.34305902,0.0,7935746.300238971,24181614.58,99393544.64329799
342014,342-014,BULLDOZER WEA B 165 YS 342-014,1550000000,SUNGAI DANAU,Jun,6,AB,176.0,150.0,181770880,72105000.0,7069000.0,8123157.42,3633,0,20826.37,14485.0,75662194.83,43455000.0,5496763.4,3759457.4291070662,16145833.33,16145833.333333334,0.0,1543931.4906186212,104373791.56,73027379.67305902,16705518.19,7935746.300238971,121079309.75,80963125.97329798
342016,342-016,BULLDOZER KOMATSU D85E 342-016,3651184000,SUNGAI DANAU,Jun,6,AB,10.7,0.0,0,0.0,0.0,0.0,0,0,0.0,14485.0,0.0,0.0,0.0,0.0,0.0,0.0,0.0,0.0,0.0,0.0,0.0,0.0,0.0,0.0
342018,342-018,BULLDOZER KOMATSU D85E 342-018,3679975400,SUNGAI DANAU,Jun,6,AB,111.0,0.0,111573480,0.0,6810500.0,0.0,2889,0,20826.33,14485.0,60167254.96,0.0,0.0,0.0,38333077.08,0.0,50000.0,0.0,105360832.04,0.0,10254078.1,0.0,115614910.14,0.0
351001,351-001,GRADER KOMATSU 40A2-2204 351-001,0,SUNGAI DANAU,Jun,6,AB,0.0,0.0,0,0.0,0.0,0.0,0,0,0.0,14485.0,0.0,0.0,0.0,0.0,0.0,0.0,0.0,0.0,0.0,0.0,0.0,0.0,0.0,0.0
351002,351-002,GRADER KOMATSU 405A-2 351-002,0,SUNGAI DANAU,Jun,6,AB,0.0,0.0,0,0.0,0.0,0.0,0,0,0.0,14485.0,0.0,0.0,0.0,0.0,0.0,0.0,0.0,0.0,0.0,0.0,0.0,0.0,0.0,0.0
351003,351-003,GRADER KOMATSU 355 A 351-003,0,SUNGAI DANAU,Jun,6,AB,0.0,0.0,0,0.0,0.0,0.0,0,0,0.0,14485.0,0.0,0.0,0.0,0.0,0.0,0.0,0.0,0.0,0.0,0.0,0.0,0.0,0.0,0.0
351004,351-004,GRADER CATERPILAR 120 K 351-004,834113614,SUNGAI DANAU,Jun,6,AB,97.0,175.0,47090000,78505000.0,6136500.0,8604407.42,0,0,0.0,14485.0,0.0,0.0,3404434.14,12191549.659960268,0.0,0.0,0.0,1543931.4906186212,9540934.14,22339888.570578888,4327771.6,7935746.300238971,13868705.74,30275634.87081786
351005,351-005,GRADER KOMATSU 355 A 351-005,0,SUNGAI DANAU,Jun,6,AB,0.0,0.0,0,0.0,0.0,0.0,0,0,0.0,14485.0,0.0,0.0,0.0,0.0,0.0,0.0,0.0,0.0,0.0,0.0,0.0,0.0,0.0,0.0
351006,351-006,GRADER KOMATSU 405 351-006,0,SUNGAI DANAU,Jun,6,AB,0.0,0.0,0,0.0,0.0,0.0,0,0,0.0,14485.0,0.0,0.0,0.0,0.0,0.0,0.0,0.0,0.0,0.0,0.0,0.0,0.0,0.0,0.0
351007,351-007,GRADER CATERPILLAR 120K 351-007,925000000,SUNGAI DANAU,Jun,6,AB,0.0,125.0,0,56075000.0,4471000.0,7570032.42,0,0,0.0,14485.0,0.0,0.0,3422082.84,10137738.166026931,0.0,0.0,0.0,1543931.4906186212,7893082.84,19251702.07664555,0.0,7935746.300238971,7893082.84,27187448.37688452
351008,351-008,GRADER CATERPILLAR 120 K 351-008,0,SUNGAI DANAU,Jun,6,AB,0.0,0.0,0,0.0,0.0,0.0,0,0,0.0,14485.0,0.0,0.0,0.0,0.0,0.0,0.0,0.0,0.0,0.0,0.0,0.0,0.0,0.0,0.0
351009,351-009,GRADER CATERPILLAR 120 K 351-009,0,SUNGAI DANAU,Jun,6,AB,0.0,0.0,0,0.0,0.0,0.0,0,0,0.0,14485.0,0.0,0.0,0.0,0.0,0.0,0.0,0.0,0.0,0.0,0.0,0.0,0.0,0.0,0.0
351010,351-010,GRADER CATERPILLAR 120 K 351-010,735897991,SUNGAI DANAU,Jun,6,AB,0.0,0.0,0,0.0,0.0,0.0,47,0,20826.15,14485.0,978829.05,0.0,8116247.25,0.0,7665604.07,7665604.070520833,0.0,1543931.4906186212,16760680.37,9209535.561139455,0.0,0.0,16760680.37,9209535.561139455
351013,351-013,GRADER XCMG GR-135 351-013,1160887500,SUNGAI DANAU,Jun,6,AB,93.0,100.0,47090000,44860000.0,5888500.0,7016907.42,0,0,0.0,14485.0,0.0,0.0,497854.29,5952120.028960268,12092578.12,12092578.125,30000.0,0.0,18508932.41,25061605.573960267,4327771.6,7935746.300238971,22836704.01,32997351.874199238
351015,351-015,GRADER XCMG GR-135 351-015,1146243282,SUNGAI DANAU,Jun,6,AB,53.0,125.0,58862500,56075000.0,5321500.0,7570032.42,0,0,0.0,14485.0,0.0,0.0,14000.0,0.0,23880068.37,23880068.373958334,635000.0,1543931.4906186212,29850568.37,32994032.284576956,5409714.5,7935746.300238971,35260282.87,40929778.58481593
351016,351-016,GRADER XCMG GR-135 351-016,1146243282,SUNGAI DANAU,Jun,6,AB,104.0,150.0,58862500,67290000.0,9659160.0,8123157.42,0,0,0.0,14485.0,0.0,0.0,850000.0,8317751.957393598,23880068.37,23880068.373958334,635000.0,1543931.4906186212,35024228.37,41864909.241970554,5409714.5,7935746.300238971,40433942.87,49800655.54220952
361001,361-001,BACKHOE LOADER CASE 580 SR361-001,0,SUNGAI DANAU,Jun,6,AB,0.0,0.0,0,0.0,0.0,0.0,0,0,0.0,14485.0,0.0,0.0,0.0,0.0,0.0,0.0,0.0,0.0,0.0,0.0,0.0,0.0,0.0,0.0
361002,361-002,BACKHOE LOADER CASE 580 SM 361-002,0,SUNGAI DANAU,Jun,6,AB,0.0,0.0,0,0.0,0.0,0.0,0,0,0.0,14485.0,0.0,0.0,0.0,0.0,0.0,0.0,0.0,0.0,0.0,0.0,0.0,0.0,0.0,0.0
361003,361-003,BACKHOE LOADER CASE 580 SM 361-003,0,SUNGAI DANAU,Jun,6,AB,0.0,0.0,0,0.0,0.0,0.0,0,0,0.0,14485.0,0.0,0.0,0.0,0.0,0.0,0.0,0.0,0.0,0.0,0.0,0.0,0.0,0.0,0.0
361004,361-004,BACKHOE LOADER CAT 416 F 361-004,650919900,SUNGAI DANAU,Jun,6,AB,0.0,0.0,0,0.0,0.0,0.0,0,0,0.0,14485.0,0.0,0.0,0.0,0.0,0.0,0.0,0.0,0.0,0.0,0.0,0.0,0.0,0.0,0.0
361005,361-005,BACKHOE LOADER CAT 416 E 361-005,0,SUNGAI DANAU,Jun,6,AB,0.0,0.0,0,0.0,0.0,0.0,0,0,0.0,14485.0,0.0,0.0,0.0,0.0,0.0,0.0,0.0,0.0,0.0,0.0,0.0,0.0,0.0,0.0
361006,361-006,BACKHOE LOADER CAT 416 F 361-006,933592400,SUNGAI DANAU,Jun,6,AB,0.0,0.0,0,0.0,0.0,0.0,0,0,0.0,14485.0,0.0,0.0,4891498.0,0.0,0.0,0.0,0.0,0.0,4891498.0,0.0,0.0,0.0,4891498.0,0.0
361007,361-007,BACKHOE LOADER CAT 416 F 361-007,933285600,SUNGAI DANAU,Jun,6,AB,97.0,200.0,41040700,84620000.0,9503800.0,14853544.84,0,0,0.0,14485.0,0.0,0.0,32277358.92,0.0,0.0,0.0,0.0,0.0,41781158.92,14853544.84,3771815.16,7935746.300238971,45552974.08,22789291.14023897
361009,361-009,BACKHOE LOADER CATTERPILLAR 426F2 361-009,996438000,SUNGAI DANAU,Jun,6,AB,251.0,150.0,106198100,63465000.0,13119700.0,13853544.84,0,0,0.0,14485.0,0.0,0.0,7792103.77,11022524.403928466,10379562.5,10379562.5,0.0,1543931.4906186212,31291366.27,36799563.234547086,9760057.78,7935746.300238971,41051424.05,44735309.53478606
361010,361-010,BACKHOE LOADER CATTERPILLAR 426F2 361-010,996548000,SUNGAI DANAU,Jun,6,AB,328.0,150.0,138776800,63465000.0,17523400.0,13853544.84,0,0,0.0,14485.0,0.0,0.0,16026063.84,11022524.403928466,10380708.33,10380708.333333334,0.0,1543931.4906186212,43930172.17,36800709.06788042,12754179.09,7935746.300238971,56684351.26,44736455.36811939
361013,361-013,BACKHOE LOADER CATERPILLAR 416F 361-013,1229774436,SUNGAI DANAU,Jun,6,AB,269.0,200.0,113813900,84620000.0,14912000.0,14853544.84,0,0,0.0,14485.0,0.0,0.0,11398764.08,9867713.264780132,12810150.37,12810150.375,841915.18,1543931.4906186212,39962829.63,39075339.970398754,10459982.24,7935746.300238971,50422811.87,47011086.27063772
361014,361-014,BACKHOE LOADER CATERPILLAR 416F2 361-014,1265043837,SUNGAI DANAU,Jun,6,AB,322.0,200.0,136238200,84620000.0,18219000.0,14853544.84,0,0,0.0,14485.0,0.0,0.0,9932276.87,9867713.264780132,35140106.58,35140106.583333336,342771.65,1543931.4906186212,63634155.1,61405296.17873209,12520870.94,7935746.300238971,76155026.04,69341042.47897106
371001,371-001,COMPACTOR SV 510D 371-001,0,SUNGAI DANAU,Jun,6,AB,0.0,0.0,0,0.0,0.0,0.0,0,0,0.0,14485.0,0.0,0.0,0.0,0.0,0.0,0.0,0.0,0.0,0.0,0.0,0.0,0.0,0.0,0.0
371002,371-002,COMPACTOR IR 371-002,21936235,SUNGAI DANAU,Jun,6,AB,15.0,100.0,6156450,39100000.0,9244800.0,12853544.84,0,0,0.0,14485.0,0.0,0.0,13002375.5,4280253.340900333,0.0,0.0,150000.0,1543931.4906186212,22397175.5,18677729.67151895,565803.98,7935746.300238971,22962979.48,26613475.971757922
371003,371-003,COMPACTOR SAKAI SV512D 371-003,0,SUNGAI DANAU,Jun,6,AB,0.0,0.0,0,0.0,0.0,0.0,0,0,0.0,14485.0,0.0,0.0,0.0,0.0,0.0,0.0,0.0,0.0,0.0,0.0,0.0,0.0,0.0,0.0
371004,371-004,COMPACTOR SAKAI SV512D 371-004,0,SUNGAI DANAU,Jun,6,AB,0.0,0.0,0,0.0,0.0,0.0,0,0,0.0,14485.0,0.0,0.0,0.0,0.0,0.0,0.0,0.0,0.0,0.0,0.0,0.0,0.0,0.0,0.0
371005,371-005,COMPACTOR SAKAI SV512D371-005,268072750,SUNGAI DANAU,Jun,6,AB,99.0,0.0,43720000,0.0,5850000.0,0.0,0,0,0.0,14485.0,0.0,0.0,1607360.12,4852170.887163966,0.0,0.0,30000.0,1543931.4906186212,7487360.12,6396102.377782587,4018054.24,0.0,11505414.36,6396102.377782587
371006,371-006,COMPACTOR SAKAI SV525D 371-006,0,SUNGAI DANAU,Jun,6,AB,0.0,0.0,0,0.0,0.0,0.0,0,0,0.0,14485.0,0.0,0.0,0.0,0.0,0.0,0.0,0.0,0.0,0.0,0.0,0.0,0.0,0.0,0.0
371007,371-007,COMPACTOR VOLVO SD 120 DC KJU  371-007,0,SUNGAI DANAU,Jun,6,AB,0.0,0.0,0,0.0,0.0,0.0,0,0,0.0,14485.0,0.0,0.0,0.0,0.0,0.0,0.0,0.0,0.0,0.0,0.0,0.0,0.0,0.0,0.0
371009,371-009,COMPACTOR SAKAI SV515TF-E 371-009,0,SUNGAI DANAU,Jun,6,AB,0.0,0.0,0,0.0,0.0,0.0,0,0,0.0,14485.0,0.0,0.0,0.0,0.0,0.0,0.0,0.0,0.0,0.0,0.0,0.0,0.0,0.0,0.0
371011,371-011,COMPACTOR SAKAI SV 526-D 371-011,959723500,SUNGAI DANAU,Jun,6,AB,95.0,175.0,43720000,72887500.0,5748100.0,14353544.84,0,0,0.0,14485.0,0.0,0.0,227594.49,3954640.227163967,9997119.79,9997119.791666666,0.0,0.0,15972814.28,28305304.85883063,4018054.24,7935746.300238971,19990868.52,36241051.1590696
371015,371-015,COMPACTOR DYNAPAC CA30D 371-015 ,1083602525,SUNGAI DANAU,Jun,6,AB,54.0,100.0,54991250,41910000.0,5618600.0,12853544.84,0,0,0.0,14485.0,0.0,0.0,842000.1,0.0,11287526.3,11287526.302083334,709756.84,1543931.4906186212,18457883.24,25685002.632701952,5053930.13,7935746.300238971,23511813.37,33620748.93294092
371016,371-016,COMPACTOR DYNAPAC CA30D 371-016,1083852525,SUNGAI DANAU,Jun,6,AB,105.0,125.0,54991250,52387500.0,6343000.0,13353544.84,0,0,0.0,14485.0,0.0,0.0,398290.37,0.0,11290130.47,11290130.46875,690281.94,1543931.4906186212,18721702.78,26187606.79936862,5053930.13,7935746.300238971,23775632.91,34123353.09960759
211002,211-002,JEEP WRANGLER RUBICON B 2603 BJG 211-002,1810630631,SUNGAI DANAU,Jan,1,TR,0.0,0.0,0,0.0,0.0,0.0,0,0,0.0,0.0,0.0,0.0,0.0,0.0,0.0,0.0,0.0,0.0,0.0,0.0,0.0,0.0,0.0,0.0
211003,211-003,JEEP GLADIATOR RUBICON DC 3.6 DA 8047 JJ 211-003,2100900901,SUNGAI DANAU,Jan,1,TR,0.0,1557.1277725953487,90000000,90000000.0,0.0,0.0,0,0,0.0,0.0,0.0,0.0,0.0,0.0,21884384.39,22447121.89,512917.0,1852908.3333333333,22397301.39,24300030.223333333,13327875.85,4623187.868089608,35725177.24,28923218.09142294
211004,211-004,HYUNDAI PALISADE  S. AWD B 1356 HKS 211-004,1045840085,SUNGAI DANAU,Jan,1,TR,0.0,1557.1277725953487,50000000,50000000.0,0.0,0.0,0,0,0.0,0.0,0.0,0.0,0.0,0.0,10894167.55,11886537.360000001,992369.81,997250.0,11886537.36,12883787.360000001,7404375.47,4623187.868089608,19290912.83,17506975.22808961
211005,211-005,LEXUS RX450 SONIC CROME B 666 LUC 211-005,1751173656,SUNGAI DANAU,Jan,1,TR,0.0,1557.1277725953487,80000000,80000000.0,0.0,0.0,0,0,0.0,0.0,0.0,0.0,0.0,0.0,18241392.25,19869527.67,1628135.42,997250.0,19869527.67,20866777.67,11847000.75,4623187.868089608,31716528.42,25489965.53808961
211010,211-010,SUBARU FORESTER 2.01-S 211-010,596564102,SUNGAI DANAU,Jan,1,TR,0.0,1557.1277725953487,27000000,27000000.0,0.0,0.0,0,0,0.0,0.0,0.0,0.0,0.0,3000000.0,6214209.4,4740625.0,777750.0,458333.3333333333,6991959.4,8198958.333333333,3998362.75,4623187.868089608,10990322.15,12822146.201422941
211011,211-011,SUBARU FORESTER  ADV2.01-S 211-011,551564102,SUNGAI DANAU,Jan,1,TR,0.0,1557.1277725953487,27000000,27000000.0,0.0,0.0,0,0,0.0,0.0,0.0,0.0,0.0,3000000.0,5745459.4,4740625.0,541025.0,458333.3333333333,6286484.4,8198958.333333333,3998362.75,4623187.868089608,10284847.15,12822146.201422941
222016,222-016,MITSUBISHI TRITON DA 8827 JK 222-016,455100000,SUNGAI DANAU,Jan,1,TR,0.0,1557.1277725953487,27000000,27000000.0,0.0,0.0,0,0,0.0,0.0,0.0,0.0,0.0,0.0,4740625.0,4740625.0,0.0,997250.0,4740625.0,5737875.0,3998362.75,4623187.868089608,8738987.75,10361062.868089609
231001,231-001,BUS HINO 130 MDBL DA 9577 CL/ DA 7219 CD 231-001,583909091,SUNGAI DANAU,Jan,1,TR,1047.0,1557.1277725953487,39937380,40265600.0,6465800.0,7006087.42,0,0,0.0,14485.060800000001,0.0,0.0,5552780.73,2861372.315,0.0,0.0,81000.0,803018.0025175709,12099580.73,10670477.737517571,5914227.14,4623187.868089608,18013807.87,15293665.605607178
231002,231-002,BUS HINO 130 MDBL DA 9592 CL/ DA 7223 CD 231-002,583909091,SUNGAI DANAU,Jan,1,TR,690.0,2621.607890944,39937380,40265600.0,5643170.0,7006087.42,0,0,0.0,14485.060800000001,0.0,0.0,19400232.36,2866035.4793333337,0.0,0.0,37000.0,803018.0025175709,25080402.36,10675140.901850905,5914227.14,4623187.868089608,30994629.5,15298328.769940514
231003,231-003,BUS ISUZU MINI BUS F 7120 AB/DA 7026 TAJ 231-003,460145600,SUNGAI DANAU,Jan,1,TR,91.0,1557.1277725953487,31040270,31295300.0,6040010.0,7006087.42,0,0,0.0,14485.060800000001,0.0,0.0,1086471.04,2861372.315,4793183.33,4793183.333333333,0.0,803018.0025175709,11919664.37,15463661.070850903,4596676.28,4623187.868089608,16516340.65,20086848.93894051
231004,231-004,BUS HINO 130 MDBL DA 7445 CD 231-004,708789027,SUNGAI DANAU,Jan,1,TR,1440.0,1557.1277725953487,39937380,40265600.0,6172090.0,7006087.42,0,0,0.0,14485.060800000001,0.0,0.0,768016.91,1853524.768833333,7383219.03,7383219.03125,457103.89,483658.10677949194,14780429.83,16726489.326862825,5914227.14,4623187.868089608,20694656.97,21349677.194952432
231005,231-005,BUS HINO 130 MDBL DA 8705 CO 231-005,913515450,SUNGAI DANAU,Jan,1,TR,2128.0,1557.1277725953487,39937380,40265600.0,5809360.0,7006087.42,0,0,0.0,14485.060800000001,0.0,0.0,1096674.75,1807841.42292236,25375429.17,25375429.166666668,0.0,483658.10677949194,32281463.92,34673016.116368525,5914227.14,4623187.868089608,38195691.06,39296203.98445813
241008,241-008,TRUCK HINO 130 HD DA 8587 CQ 241-008,317045945,SUNGAI DANAU,Jan,1,TR,0.0,1380.5858944855813,20619812,20000000.0,0.0,7006087.42,0,0,0.0,14485.060800000001,11950000.0,0.0,1918000.0,2490533.8021723595,3616811.93,3616811.9270833335,3135000.0,239729.84285684887,20619811.93,13353162.992112542,3053536.6,4623187.868089608,23673348.53,17976350.86020215
242004,242-004,TRUCK HINO 136 HDX 242-004,522000000,SUNGAI DANAU,Jan,1,TR,746.0,1557.1277725953487,22514620,22699600.0,6174630.0,4769407.42,0,0,0.0,14485.060800000001,0.0,0.0,78926.0,1161281.18513232,14500000.0,14500000.0,3180800.14,683979.8428568488,23934356.14,21114668.44798917,3334134.0,4623187.868089608,27268490.14,25737856.31607878
242005,242-005,TRUCK HINO 136 HDX 242-005,522900000,SUNGAI DANAU,Jan,1,TR,860.0,1557.1277725953487,22514620,22699600.0,5887920.0,4769407.42,0,0,0.0,14485.060800000001,0.0,0.0,107248.84,957754.9050073201,14525000.0,14525000.0,3195819.02,444250.0,23715987.86,20696412.32500732,3334134.0,4623187.868089608,27050121.86,25319600.19309693
251001,251-001,DUMP TRUCK HINO 130 HD DA 9881 AW 251-001,0,SUNGAI DANAU,Jan,1,TR,0.0,0.0,0,0.0,0.0,0.0,0,0,0.0,0.0,0.0,0.0,0.0,0.0,0.0,0.0,0.0,0.0,0.0,0.0,0.0,0.0,0.0,0.0
251002,251-002,DUMP TRUCK HINO 130 HD DA 9660 AY 251-002,0,SUNGAI DANAU,Jan,1,TR,0.0,0.0,0,0.0,0.0,0.0,0,0,0.0,0.0,0.0,0.0,0.0,0.0,0.0,0.0,0.0,0.0,0.0,0.0,0.0,0.0,0.0,0.0
251003,251-003,DUMP TRUCK HINO 130 HD DA 9661 AY 251-003,0,SUNGAI DANAU,Jan,1,TR,0.0,0.0,0,0.0,0.0,0.0,0,0,0.0,0.0,0.0,0.0,0.0,0.0,0.0,0.0,0.0,0.0,0.0,0.0,0.0,0.0,0.0,0.0
251004,251-004,DUMP TRUCK HINO 130 HD DA 9165 AZ/DA 8953 CD 251-004,0,SUNGAI DANAU,Jan,1,TR,0.0,0.0,0,0.0,0.0,0.0,0,0,0.0,0.0,0.0,0.0,0.0,0.0,0.0,0.0,0.0,0.0,0.0,0.0,0.0,0.0,0.0,0.0
251005,251-005,DUMP TRUCK HINO 130 HD DA 8027 CF/ B 9853 BDG 251-005,0,SUNGAI DANAU,Jan,1,TR,0.0,0.0,0,0.0,0.0,0.0,0,0,0.0,0.0,0.0,0.0,0.0,0.0,0.0,0.0,0.0,0.0,0.0,0.0,0.0,0.0,0.0,0.0
251006,251-006,DUMP TRUCK HINO 130 HD DA 9706 AZ/DA 8570 CH 251-006,0,SUNGAI DANAU,Jan,1,TR,0.0,0.0,0,0.0,0.0,0.0,0,0,0.0,0.0,0.0,0.0,0.0,0.0,0.0,0.0,0.0,0.0,0.0,0.0,0.0,0.0,0.0,0.0
251007,251-007,DUMP TRUCK HINO 130 HD DA 9341 AO/DA 8902 CJ 251-007,0,SUNGAI DANAU,Jan,1,TR,0.0,0.0,0,0.0,0.0,0.0,0,0,0.0,0.0,0.0,0.0,0.0,0.0,0.0,0.0,0.0,0.0,0.0,0.0,0.0,0.0,0.0,0.0
251008,251-008,DUMP TRUCK HINO 130 HD DA 9342 AO/DA 8903 CJ 251-008,0,SUNGAI DANAU,Jan,1,TR,0.0,0.0,0,0.0,0.0,0.0,0,0,0.0,0.0,0.0,0.0,0.0,0.0,0.0,0.0,0.0,0.0,0.0,0.0,0.0,0.0,0.0,0.0
251009,251-009,DUMP TRUCK HINO 130 HD DA 9862 AO/DA 8981 CL 251-009,0,SUNGAI DANAU,Jan,1,TR,0.0,0.0,0,0.0,0.0,0.0,0,0,0.0,0.0,0.0,0.0,0.0,0.0,0.0,0.0,0.0,0.0,0.0,0.0,0.0,0.0,0.0,0.0
251010,251-010,DUMP TRUCK HINO 130 HD DA 9863 AO/DA 8980 CL 251-010,0,SUNGAI DANAU,Jan,1,TR,0.0,0.0,0,0.0,0.0,0.0,0,0,0.0,0.0,0.0,0.0,0.0,0.0,0.0,0.0,0.0,0.0,0.0,0.0,0.0,0.0,0.0,0.0
251011,251-011,DUMP TRUCK HINO 130 HD DA 9294 AQ 251-011,0,SUNGAI DANAU,Jan,1,TR,0.0,0.0,0,0.0,0.0,0.0,0,0,0.0,0.0,0.0,0.0,0.0,0.0,0.0,0.0,0.0,0.0,0.0,0.0,0.0,0.0,0.0,0.0
251012,251-012,DUMP TRUCK HINO 130 HD DA 9295 AQ 251-012,0,SUNGAI DANAU,Jan,1,TR,0.0,0.0,0,0.0,0.0,0.0,0,0,0.0,0.0,0.0,0.0,0.0,0.0,0.0,0.0,0.0,0.0,0.0,0.0,0.0,0.0,0.0,0.0
251013,251-013,DUMP TRUCK HINO 130 HD DA 9124 C 251-013,0,SUNGAI DANAU,Jan,1,TR,0.0,0.0,0,0.0,0.0,0.0,0,0,0.0,0.0,0.0,0.0,0.0,0.0,0.0,0.0,0.0,0.0,0.0,0.0,0.0,0.0,0.0,0.0
251014,251-014,DUMP TRUCK HINO 130 HD DA 9125 C 251-014,0,SUNGAI DANAU,Jan,1,TR,0.0,0.0,0,0.0,0.0,0.0,0,0,0.0,0.0,0.0,0.0,0.0,0.0,0.0,0.0,0.0,0.0,0.0,0.0,0.0,0.0,0.0,0.0
251015,251-015,DUMP TRUCK HINO 130 HD DA 9285 C 251-015,0,SUNGAI DANAU,Jan,1,TR,0.0,0.0,0,0.0,0.0,0.0,0,0,0.0,0.0,0.0,0.0,0.0,0.0,0.0,0.0,0.0,0.0,0.0,0.0,0.0,0.0,0.0,0.0
251016,251-016,DUMP TRUCK HINO 130 HD DA 9396 CC 251-016,0,SUNGAI DANAU,Jan,1,TR,0.0,0.0,0,0.0,0.0,0.0,0,0,0.0,0.0,0.0,0.0,0.0,0.0,0.0,0.0,0.0,0.0,0.0,0.0,0.0,0.0,0.0,0.0
251017,251-017,DUMP TRUCK HINO 130 HD DA 9397 CC 251-017,0,SUNGAI DANAU,Jan,1,TR,0.0,0.0,0,0.0,0.0,0.0,0,0,0.0,0.0,0.0,0.0,0.0,0.0,0.0,0.0,0.0,0.0,0.0,0.0,0.0,0.0,0.0,0.0
251018,251-018,DUMP TRUCK HINO 130 HD DA 9679 CF/DA 8708 CC 251-018,0,SUNGAI DANAU,Jan,1,TR,0.0,0.0,0,0.0,0.0,0.0,0,0,0.0,0.0,0.0,0.0,0.0,0.0,0.0,0.0,0.0,0.0,0.0,0.0,0.0,0.0,0.0,0.0
251019,251-019,DUMP TRUCK HINO 130 HD DA 9701 CF/DA 8707 CD 251-019,0,SUNGAI DANAU,Jan,1,TR,0.0,0.0,0,0.0,0.0,0.0,0,0,0.0,0.0,0.0,0.0,0.0,0.0,0.0,0.0,0.0,0.0,0.0,0.0,0.0,0.0,0.0,0.0
251020,251-020,DUMP TRUCK HINO 130 HD DA 9700 CF/DA 8706 CD 251-020,0,SUNGAI DANAU,Jan,1,TR,0.0,0.0,0,0.0,0.0,0.0,0,0,0.0,0.0,0.0,0.0,0.0,0.0,0.0,0.0,0.0,0.0,0.0,0.0,0.0,0.0,0.0,0.0
251021,251-021,DUMP TRUCK HINO 130 HD DA 9687 CC/DA 8707 CC 251-021,0,SUNGAI DANAU,Jan,1,TR,0.0,0.0,0,0.0,0.0,0.0,0,0,0.0,0.0,0.0,0.0,0.0,0.0,0.0,0.0,0.0,0.0,0.0,0.0,0.0,0.0,0.0,0.0
251022,251-022,DUMP TRUCK HINO 130 HD DA 9680 CF/DA 8708 CD 251-022,0,SUNGAI DANAU,Jan,1,TR,0.0,0.0,0,0.0,0.0,0.0,0,0,0.0,0.0,0.0,0.0,0.0,0.0,0.0,0.0,0.0,0.0,0.0,0.0,0.0,0.0,0.0,0.0
251023,251-023,DUMP TRUCK HINO 130 HD DA 9031 CI/DA 8137 CK 251-023,0,SUNGAI DANAU,Jan,1,TR,0.0,0.0,0,0.0,0.0,0.0,0,0,0.0,0.0,0.0,0.0,0.0,0.0,0.0,0.0,0.0,0.0,0.0,0.0,0.0,0.0,0.0,0.0
251024,251-024,DUMP TRUCK HINO 130 HD DA 9032 CI/DA 8138 CK 251-024,0,SUNGAI DANAU,Jan,1,TR,0.0,0.0,0,0.0,0.0,0.0,0,0,0.0,0.0,0.0,0.0,0.0,0.0,0.0,0.0,0.0,0.0,0.0,0.0,0.0,0.0,0.0,0.0
251025,251-025,DUMP TRUCK HINO 130 HD DA 9033 CI/DA 8135 CK 251-025,0,SUNGAI DANAU,Jan,1,TR,0.0,0.0,0,0.0,0.0,0.0,0,0,0.0,0.0,0.0,0.0,0.0,0.0,0.0,0.0,0.0,0.0,0.0,0.0,0.0,0.0,0.0,0.0
251026,251-026,DUMP TRUCK HINO 130 HD DA 9034 CI/DA 8140 CK 251-026,0,SUNGAI DANAU,Jan,1,TR,0.0,0.0,0,0.0,0.0,0.0,0,0,0.0,0.0,0.0,0.0,0.0,0.0,0.0,0.0,0.0,0.0,0.0,0.0,0.0,0.0,0.0,0.0
251027,251-027,DUMP TRUCK HINO 130 HD DA 9035 CI/DA 8139 CK 251-027,0,SUNGAI DANAU,Jan,1,TR,0.0,0.0,0,0.0,0.0,0.0,0,0,0.0,0.0,0.0,0.0,0.0,0.0,0.0,0.0,0.0,0.0,0.0,0.0,0.0,0.0,0.0,0.0
251028,251-028,DUMP TRUCK HINO 130 HD DA 9246 CJ/DA 8024 CS 251-028,0,SUNGAI DANAU,Jan,1,TR,0.0,0.0,0,0.0,0.0,0.0,0,0,0.0,0.0,0.0,0.0,0.0,0.0,0.0,0.0,0.0,0.0,0.0,0.0,0.0,0.0,0.0,0.0
251029,251-029,DUMP TRUCK HINO 130 HD DA 9248 CJ/DA 8021 CS 251-029,0,SUNGAI DANAU,Jan,1,TR,0.0,0.0,0,0.0,0.0,0.0,0,0,0.0,0.0,0.0,0.0,0.0,0.0,0.0,0.0,0.0,0.0,0.0,0.0,0.0,0.0,0.0,0.0
251030,251-030,DUMP TRUCK HINO 130 HD DA 9249 CJ 251-030,0,SUNGAI DANAU,Jan,1,TR,0.0,0.0,0,0.0,0.0,0.0,0,0,0.0,0.0,0.0,0.0,0.0,0.0,0.0,0.0,0.0,0.0,0.0,0.0,0.0,0.0,0.0,0.0
251031,251-031,DUMP TRUCK HINO 130 HD DA 9251- CJ 251-031,0,SUNGAI DANAU,Jan,1,TR,0.0,0.0,0,0.0,0.0,0.0,0,0,0.0,0.0,0.0,0.0,0.0,0.0,0.0,0.0,0.0,0.0,0.0,0.0,0.0,0.0,0.0,0.0
251032,251-032,DUMP TRUCK HINO 130 HD DA 9247 CJ/DA 8020 CS 251-032,0,SUNGAI DANAU,Jan,1,TR,0.0,0.0,0,0.0,0.0,0.0,0,0,0.0,0.0,0.0,0.0,0.0,0.0,0.0,0.0,0.0,0.0,0.0,0.0,0.0,0.0,0.0,0.0
251033,251-033,DUMP TRUCK HINO 130 HD DA 9250 CJ 251-033,0,SUNGAI DANAU,Jan,1,TR,0.0,0.0,0,0.0,0.0,0.0,0,0,0.0,0.0,0.0,0.0,0.0,0.0,0.0,0.0,0.0,0.0,0.0,0.0,0.0,0.0,0.0,0.0
251034,251-034,DUMP TRUCK HINO 130 HD DA 8206 CF 251-034,303363637,SUNGAI DANAU,Jan,1,TR,1341.0,1200.0,17756431,59327715.932361454,4490461.0,7006087.42,376,0,12950.57,14485.060800000001,4869414.32,4456941.784615385,31871372.43,3606310.2334499992,0.0,0.0,0.0,788463.4761561509,41231247.75,15857802.914221535,2629505.64,4623187.868089608,43860753.39,20480990.78231114
251035,251-035,DUMP TRUCK HINO 130 HD DA 8207 CF 251-035,303363637,SUNGAI DANAU,Jan,1,TR,1366.0,1200.0,22882260,24017676.448738195,4586087.0,7006087.42,381,0,12950.57,14485.060800000001,4934167.17,4456941.784615385,7397914.44,3592382.433449999,0.0,0.0,0.0,733044.3180876675,16918168.61,15788455.95615305,3388576.89,4623187.868089608,20306745.5,20411643.82424266
251036,251-036,DUMP TRUCK HINO 130 HD DA 8209 CF 251-036,303363637,SUNGAI DANAU,Jan,1,TR,1572.0,1200.0,24278562,59327715.932361454,4440373.0,7006087.42,417,0,12950.57,14485.060800000001,5400387.69,4456941.784615385,1028541.51,3833574.3331083325,0.0,0.0,52018.88,947303.7398120316,10921321.08,16243907.277535748,3595351.78,4623187.868089608,14516672.86,20867095.145625357
251037,251-037,DUMP TRUCK HINO 130 HD DA 8674 CO 251-037,319664981,SUNGAI DANAU,Jan,1,TR,1489.0,1200.0,24158788,59327715.932361454,4615440.0,7006087.42,434,0,12950.57,14485.060800000001,5620547.38,4456941.784615385,21796863.39,3741838.298274999,3329843.55,3329843.553854167,3415218.88,778807.1077048243,38777913.2,19313518.164449375,3577614.75,4623187.868089608,42355527.95,23936706.032538984
251038,251-038,DUMP TRUCK HINO 130 HD DA 8675 CO 251-038,319664981,SUNGAI DANAU,Jan,1,TR,1490.0,1200.0,20253046,59327715.932361454,4444040.0,7006087.42,406,0,12950.57,14485.060800000001,5257931.42,4456941.784615385,717010.29,3741838.298274999,3329843.55,3329843.553854167,0.0,831707.2131338313,13748825.26,19366418.26987838,2999223.14,4623187.868089608,16748048.4,23989606.13796799
251039,251-039,DUMP TRUCK HINO 130 HD DA 8678 CO 251-039,319664981,SUNGAI DANAU,Jan,1,TR,1551.0,2496.0,25606104,24017676.448738195,4705945.0,7006087.42,344,0,12950.57,14485.060800000001,4454996.08,9270438.912000002,357502.43,3741838.298274999,3329843.55,3329843.553854167,3610200.0,831707.2131338313,16458487.06,24179915.397262998,3791944.17,4623187.868089608,20250431.23,28803103.265352607
251040,251-040,DUMP TRUCK HINO 130 HD DA 8679 CO 251-040,319664981,SUNGAI DANAU,Jan,1,TR,1497.0,1200.0,23174402,24017676.448738195,4489852.0,7006087.42,381,0,12950.57,14485.060800000001,4934167.17,4456941.784615385,5315741.87,3705673.3232749994,3329843.55,3329843.553854167,3415218.88,749418.1602442649,21484823.47,19247964.241988815,3431839.47,4623187.868089608,24916662.94,23871152.110078424
251041,251-041,DUMP TRUCK HINO 130 HD DA 8680 CO 251-041,319664981,SUNGAI DANAU,Jan,1,TR,2072.0,1200.0,31987508,24017676.448738195,5114674.0,7006087.42,848,0,12950.57,14485.060800000001,10982083.36,4456941.784615385,1386622.84,3741838.298274999,3329843.55,3329843.553854167,3415218.88,872851.7395786144,24228442.63,19407562.796323165,4736950.39,4623187.868089608,28965393.02,24030750.664412774
251042,251-042,DUMP TRUCK HINO 130 HD DA 8681 CO 251-042,319664981,SUNGAI DANAU,Jan,1,TR,1562.0,1200.0,22785303,24017676.448738195,4588168.0,7006087.42,405,0,12950.57,14485.060800000001,5244980.85,4456941.784615385,5095080.01,3741838.298274999,3329843.55,3329843.553854167,3543200.0,872851.7395786144,21801272.41,19407562.796323165,3374218.77,4623187.868089608,25175491.18,24030750.664412774
251043,251-043,DUMP TRUCK HINO 130 HD DA 8570 CP 251-043,0,SUNGAI DANAU,Jan,1,TR,0.0,0.0,0,0.0,0.0,0.0,0,0,0.0,14485.060800000001,0.0,0.0,0.0,0.0,0.0,0.0,0.0,0.0,0.0,0.0,0.0,0.0,0.0,0.0
251044,251-044,DUMP TRUCK HINO 130HD DA 8571 CP 251-044,320742425,SUNGAI DANAU,Jan,1,TR,1193.0,1200.0,22217871,59327715.932361454,5337145.0,7006087.42,273,0,12950.57,14485.060800000001,3535505.61,4456941.784615385,10411416.74,3741838.298274999,3341066.93,3341066.9270833335,0.0,6257281.423875136,22625134.28,24803215.853848852,3290189.18,4623187.868089608,25915323.46,29426403.72193846
251045,251-045,DUMP TRUCK HINO 130 HD DA 8643 CQ 251-045,315888441,SUNGAI DANAU,Jan,1,TR,2015.0,1200.0,30900104,44115679.55988834,4724936.0,7006087.42,560,0,12950.57,14485.060800000001,7252319.2,4456941.784615385,2484576.0,3741838.298274999,3290504.59,3290504.59375,0.0,872851.7395786144,17752335.79,19368223.836219,4575919.44,4623187.868089608,22328255.23,23991411.70430861
251046,251-046,DUMP TRUCK HINO 130 HD DA 8642 CQ 251-046,315888441,SUNGAI DANAU,Jan,1,TR,1776.0,1200.0,31575081,24017676.448738195,5016113.0,7006087.42,435,0,12950.57,14485.060800000001,5633497.95,4456941.784615385,1134810.67,3741838.298274999,3290504.59,3290504.59375,0.0,872851.7395786144,15074926.21,19368223.836219,4675875.1,4623187.868089608,19750801.31,23991411.70430861
251047,251-047,DUMP TRUCK HINO 130 HD DA 8923 CV 251-047,349692273,SUNGAI DANAU,Jan,1,TR,1836.0,1200.0,26626236,24017676.448738195,7094603.0,7006087.42,707,0,12950.57,14485.060800000001,9156052.99,4456941.784615385,9044669.25,3741838.298274999,3642627.84,3642627.84375,180000.0,831707.2131338313,29117953.08,19679202.559774216,3943012.97,4623187.868089608,33060966.05,24302390.427863825
251048,251-048,DUMP TRUCK HINO 130 HD DA 8921 CV 251-048,349692273,SUNGAI DANAU,Jan,1,TR,1886.0,1200.0,28573156,24017676.448738195,4669716.0,7006087.42,493,0,12950.57,14485.060800000001,6384631.01,4456941.784615385,1112460.71,3705673.3232749994,3642627.84,3642627.84375,52036.96,749418.1602442649,15861472.52,19560748.531884648,4231327.51,4623187.868089608,20092800.03,24183936.399974257
251049,251-049,DUMP TRUCK HINO 130 HD DA 8924 CV 251-049,352419546,SUNGAI DANAU,Jan,1,TR,1884.0,1200.0,27822032,24017676.448738195,4904637.0,7006087.42,453,0,12950.57,14485.060800000001,5866608.21,4456941.784615385,144511.78,3540872.1482749996,3671036.94,3671036.9375,212036.96,831707.2131338313,14798830.89,19506645.503524214,4120095.43,4623187.868089608,18918926.32,24129833.371613823
251050,251-050,DUMP TRUCK HINO 130 HD DA 8925 CV 251-050,352419545,SUNGAI DANAU,Jan,1,TR,1828.0,1200.0,27922411,24017676.448738195,4817248.0,7006087.42,404,0,12950.57,14485.060800000001,5232030.28,4456941.784615385,1185447.75,3207289.9699499994,3671036.93,3671036.9270833335,0.0,712891.8969718553,14905762.96,19054247.998620573,4134960.3,4623187.868089608,19040723.26,23677435.866710182
251051,251-051,DUMP TRUCK HINO 130 HD DA 8012 CZ 251-051,342218546,SUNGAI DANAU,Jan,1,TR,1768.0,1200.0,22303032,24017676.448738195,4907135.0,7006087.42,439,0,12950.57,14485.060800000001,5685300.23,4456941.784615385,2178474.02,3207289.9699499994,3564776.52,3564776.5208333335,0.0,712891.8969718553,16335685.77,18947987.592370573,3302800.46,4623187.868089608,19638486.23,23571175.460460182
251052,251-052,DUMP TRUCK HINO 130 HD DA 8013 CZ 251-052,342218546,SUNGAI DANAU,Jan,1,TR,1950.0,1200.0,27888667,24017676.448738195,4890894.0,7006087.42,515,0,12950.57,14485.060800000001,6669543.55,4456941.784615385,4741383.57,3207289.9699499994,3564776.52,3564776.5208333335,37000.0,712891.8969718553,19903597.64,18947987.592370573,4129963.24,4623187.868089608,24033560.88,23571175.460460182
251053,251-053,DUMP TRUCK HINO 130 HD DA 8014 CZ 251-053,342218546,SUNGAI DANAU,Jan,1,TR,1845.0,1200.0,23395859,59327715.932361454,4681980.0,7006087.42,446,0,12950.57,14485.060800000001,5775954.22,4456941.784615385,5239902.73,2892749.2362083327,3564776.52,3564776.5208333335,44000.0,647956.3178209051,19306613.47,18568511.279477958,3464634.49,4623187.868089608,22771247.96,23191699.147567566
251054,251-054,DUMP TRUCK HINO 130 HD DA 8016 CZ 251-054,342218545,SUNGAI DANAU,Jan,1,TR,1780.0,1200.0,32245400,44115679.55988834,5092999.0,7006087.42,478,0,12950.57,14485.060800000001,6190372.46,4456941.784615385,6801870.48,2234311.87424388,3564776.51,3564776.5104166665,44000.0,665869.5810349603,21694018.45,17927987.170310892,4775140.98,4623187.868089608,26469159.43,22551175.0384005
251055,251-055,DUMP TRUCK HINO 130 HD DA 8015 CZ 251-055,342338545,SUNGAI DANAU,Jan,1,TR,2122.0,1200.0,32219734,44115679.55988834,5474464.0,7006087.42,480,0,12950.57,14485.060800000001,6216273.6,4456941.784615385,940298.71,2234311.87424388,3566026.51,3566026.5104166665,0.0,665869.5810349603,16197062.82,17929237.170310892,4771340.16,4623187.868089608,20968402.98,22552425.0384005
251056,251-056,DUMP TRUCK HINO 130 HD 25-85 251-056,416237315,SUNGAI DANAU,Jan,1,TR,2743.0,1200.0,41345411,24017676.448738195,5674755.0,7006087.42,540,0,12950.57,14485.060800000001,6993307.8,4456941.784615385,1552600.69,2002098.0764285715,4335805.36,4335805.364583333,500953.63,532959.5655806753,19057422.48,18333892.211207964,6122738.94,4623187.868089608,25180161.42,22957080.079297572
251057,251-057,DUMP TRUCK HINO 130 HD 25-86 251-057,416237315,SUNGAI DANAU,Jan,1,TR,2408.0,1200.0,34540982,24017676.448738195,5308070.0,7006087.42,599,0,12950.57,14485.060800000001,7757391.43,4456941.784615385,1882689.96,1515514.1655,4335805.36,4335805.364583333,288898.59,392972.2117583373,19572855.34,17707320.946457054,5115088.0,4623187.868089608,24687943.34,22330508.814546663
251058,251-058,DUMP TRUCK HINO 130HD 251-058,416237315,SUNGAI DANAU,Jan,1,TR,3030.0,0.0,0,0.0,0.0,0.0,1197,0,0.0,0.0,0.0,0.0,0.0,0.0,0.0,0.0,0.0,0.0,0.0,0.0,0.0,0.0,0.0,0.0
251059,251-059,DUMP TRUCK HINO 130HD DA 8475 JJ 251-059,520059549,SUNGAI DANAU,Jan,1,TR,1801.0,1000.0,30324000,30335760.0,7017205.0,7006087.42,0,0,0.0,14485.060800000001,0.0,0.0,5413299.62,3441586.5925,5417286.97,5417286.972916666,829665.97,731924.7391367891,18677457.56,16596885.724553455,4490605.64,4623187.868089608,23168063.2,21220073.592643064
251060,251-060,DUMP TRUCK HINO 130HD DA 8476 JJ 251-060,520059549,SUNGAI DANAU,Jan,1,TR,1314.0,1200.0,22681746,59327715.932361454,4717258.0,7006087.42,325,0,12950.57,14485.060800000001,4208935.25,4456941.784615385,2312235.49,3441586.5925,5417286.97,5417286.972916666,906665.97,731924.7391367891,17562381.68,21053827.509168837,3358883.27,4623187.868089608,20921264.95,25677015.377258446
251061,251-061,DUMP TRUCK HINO 136 HDX DA 8707 JL 251-061,556170066,SUNGAI DANAU,Jan,1,TR,3053.0,0.0,0,0.0,0.0,0.0,1088,0,0.0,0.0,0.0,0.0,0.0,0.0,0.0,0.0,0.0,0.0,0.0,0.0,0.0,0.0,0.0,0.0
251063,251-063,DUMPTRUCK 136 HDX 251-063,607312672,SUNGAI DANAU,Jan,1,TR,2700.0,1200.0,34838650,59327715.932361454,5787038.0,7006087.42,591,0,12950.57,14485.060800000001,7653786.87,4456941.784615385,40000.0,457467.0633333333,16869796.44,4335805.364583333,257000.0,684959.4744388675,30607621.31,16941261.106970917,5159168.91,4623187.868089608,35766790.22,21564448.975060526
251064,251-064,DUMPTRUCK HINO 136 HDX 251-064,607312672,SUNGAI DANAU,Jan,1,TR,1166.0,1200.0,16010209,24017676.448738195,4538085.0,7006087.42,238,0,12950.57,14485.060800000001,3082235.66,4456941.784615385,0.0,457467.0633333333,16869796.44,4335805.364583333,37000.0,634578.4216493372,24527117.1,16890880.054181386,2370911.98,4623187.868089608,26898029.08,21514067.922270995
261001,261-001,TRUCK TANGKI TOYOTA DYNA DA 9457 C 261-001,0,SUNGAI DANAU,Jan,1,TR,0.0,0.0,0,0.0,0.0,0.0,0,0,0.0,0.0,0.0,0.0,0.0,0.0,0.0,0.0,0.0,0.0,0.0,0.0,0.0,0.0,0.0,0.0
261002,261-002,TRUCK TANGKI HINO DUTRO DA 9464 C 261-002,0,SUNGAI DANAU,Jan,1,TR,0.0,0.0,0,0.0,0.0,0.0,0,0,0.0,0.0,0.0,0.0,0.0,0.0,0.0,0.0,0.0,0.0,0.0,0.0,0.0,0.0,0.0,0.0
261003,261-003,TRUCK TANGKI HINO DUTRO DA 9091 CF 261-003,0,SUNGAI DANAU,Jan,1,TR,0.0,0.0,0,0.0,0.0,0.0,0,0,0.0,0.0,0.0,0.0,0.0,0.0,0.0,0.0,0.0,0.0,0.0,0.0,0.0,0.0,0.0,0.0
261004,261-004,TRUCK TANGKI HINO 130HD DA 9626 CC/DA 8026 JG 261-004,0,SUNGAI DANAU,Jan,1,TR,0.0,0.0,0,0.0,0.0,0.0,0,0,0.0,0.0,0.0,0.0,0.0,0.0,0.0,0.0,0.0,0.0,0.0,0.0,0.0,0.0,0.0,0.0
261005,261-005,TRUCK TANGKI HINO DUTRO DA 9117 CF 261-005,0,SUNGAI DANAU,Jan,1,TR,0.0,0.0,0,0.0,0.0,0.0,0,0,0.0,0.0,0.0,0.0,0.0,0.0,0.0,0.0,0.0,0.0,0.0,0.0,0.0,0.0,0.0,0.0
261006,261-006,TRUCK TANGKI HINO DUTRO DA 9118 CF 261-006,0,SUNGAI DANAU,Jan,1,TR,0.0,0.0,0,0.0,0.0,0.0,0,0,0.0,0.0,0.0,0.0,0.0,0.0,0.0,0.0,0.0,0.0,0.0,0.0,0.0,0.0,0.0,0.0
261007,261-007,TRUCK TANGKI HINO 130 HD DA 9526 CI/DA 8013 CM 261-007,251772728,SUNGAI DANAU,Jan,1,TR,1204.0,2039.6726660340205,0,29411163.526528,0.0,7006087.42,287,0,12950.57,14485.060800000001,3716813.59,6422778.821652367,6170182.39,2255917.163,0.0,0.0,0.0,639839.3704270363,9886995.98,16324622.775079403,0.0,4623187.868089608,9886995.98,20947810.643169012
261008,261-008,TRUCK TANGKI HINO 130 HD DA 9524 CI/DA 8014 CM 261-008,251772728,SUNGAI DANAU,Jan,1,TR,0.0,0.0,0,0.0,0.0,0.0,0,0,0.0,0.0,0.0,0.0,0.0,0.0,0.0,0.0,0.0,0.0,0.0,0.0,0.0,0.0,0.0,0.0
261009,261-009,TRUCK TANGKI HINO 130 HD DA 9458 CI/DA 8012 CM 261-009,251772728,SUNGAI DANAU,Jan,1,TR,0.0,2039.6726660340205,0,29411163.526528,0.0,7006087.42,0,0,0.0,14485.060800000001,0.0,6422778.821652367,121553.76,3575121.4595833328,0.0,0.0,0.0,801338.6340912532,121553.76,17805326.33532695,0.0,4623187.868089608,121553.76,22428514.20341656
261010,261-010,TRUCK TANGKI HINO 130 HD DA 9460 CI/DA 8987 CI 261-010,251772728,SUNGAI DANAU,Jan,1,TR,0.0,0.0,0,0.0,0.0,0.0,0,0,0.0,0.0,0.0,0.0,34729.65,0.0,0.0,0.0,0.0,0.0,34729.65,0.0,0.0,0.0,34729.65,0.0
261011,261-011,TRUCK TANGKI HINO 130 HD DA 8606 CL 261-011,272724200,SUNGAI DANAU,Jan,1,TR,2506.0,2039.6726660340205,28332294,29411163.526528,5842520.0,7006087.42,507,0,12950.57,14485.060800000001,6565938.99,6422778.821652367,3846502.99,3332787.95117436,2840877.08,2840877.078125,259000.0,813094.2130754769,19354839.06,20415625.484027203,4195658.85,4623187.868089608,23550497.91,25038813.352116812
261012,261-012,TRUCK TANGKI HINO 130 HD DA 8607 CL 261-012,273058794,SUNGAI DANAU,Jan,1,TR,2292.0,2039.6726660340205,26846573,29411163.526528,5768993.0,7006087.42,450,0,12950.57,14485.060800000001,5827756.5,6422778.821652367,5115140.77,2324009.934,2844362.43,2844362.4322916665,330981.92,626404.4230164947,19887234.62,19223643.03096053,3975642.13,4623187.868089608,23862876.75,23846830.89905014
261013,261-013,TRUCK TANGKI HINO 130 HD DA 8597 CN 261-013,292654546,SUNGAI DANAU,Jan,1,TR,1894.0,2039.6726660340205,24110432,29411163.526528,5466452.0,7006087.42,422,0,12950.57,14485.060800000001,5465140.54,6422778.821652367,7046915.39,2324009.934,3048484.85,3048484.8489583335,274000.0,696937.8969218374,21300992.78,19498298.921532534,3570453.83,4623187.868089608,24871446.61,24121486.789622143
261014,261-014,TRUCK TANGKI HINO 130 HD DA 8598 CN 261-014,292654546,SUNGAI DANAU,Jan,1,TR,1401.0,2039.6726660340205,17171808,29411163.526528,5074162.0,7006087.42,333,0,12950.57,14485.060800000001,4312539.81,6422778.821652367,11063712.11,2324009.934,3323484.85,3048484.8489583335,229000.0,696937.8969218374,24002898.77,19498298.921532534,2542930.28,4623187.868089608,26545829.05,24121486.789622143
261015,261-015,TRUCK TANGKI HINO 130 HD DA 8587 CQ 261-015,0,SUNGAI DANAU,Jan,1,TR,0.0,0.0,0,0.0,0.0,0.0,0,0,0.0,0.0,0.0,0.0,0.0,0.0,0.0,0.0,0.0,0.0,0.0,0.0,0.0,0.0,0.0,0.0
261016,261-016,TRUCK TANGKI HINO 130 HD DA 8234 CM 261-016,0,SUNGAI DANAU,Jan,1,TR,0.0,0.0,0,0.0,0.0,0.0,0,0,0.0,0.0,0.0,0.0,0.0,0.0,0.0,0.0,0.0,0.0,0.0,0.0,0.0,0.0,0.0,0.0
261017,261-017,TRUCK TANGKI HINO 130 HD DA 8027 CF 261-017,0,SUNGAI DANAU,Jan,1,TR,0.0,0.0,0,0.0,0.0,0.0,0,0,0.0,0.0,0.0,0.0,0.0,0.0,0.0,0.0,0.0,0.0,0.0,0.0,0.0,0.0,0.0,0.0
261019,261-019,TRUCK TANGKI HINO 130 HD DA 8137 CK 261-019,271454545,SUNGAI DANAU,Jan,1,TR,0.0,0.0,0,0.0,0.0,0.0,0,0,0.0,0.0,0.0,0.0,0.0,0.0,0.0,0.0,0.0,0.0,0.0,0.0,0.0,0.0,0.0,0.0
262003,262-003,TRUCK TANGKI HINO 130 HD DA 8569 CP 262-003,634129138,SUNGAI DANAU,Jan,1,TR,2501.0,2651.5744658442263,46069461,29411163.526528,6569232.0,7006087.42,732,0,12950.57,14485.060800000001,9479817.24,10668949.264855875,19051852.02,2842797.01145976,6605511.85,6605511.854166667,324500.0,7091801.265148083,42030913.11,34215146.815630384,6822311.74,4623187.868089608,48853224.85,38838334.68371999
262004,262-004,TRUCK TANGKI HINO 130 HD DA 8567 CP 262-004,634129138,SUNGAI DANAU,Jan,1,TR,2136.0,2651.5744658442263,51350487,29411163.526528,6559520.0,7006087.42,887,0,12950.57,14485.060800000001,11487155.59,10668949.264855875,16100557.94,2706259.8114597597,7386761.85,7386761.854166667,274000.0,7091801.265148083,41807995.38,34859859.61563039,7604365.73,4623187.868089608,49412361.11,39483047.48372
262005,262-005,TRUCK TANGKI HINO FG235 DA 8170 CR 262-005,634129137,SUNGAI DANAU,Jan,1,TR,2084.0,2651.5744658442263,46723684,29411163.526528,6361946.0,7006087.42,673,0,12950.57,14485.060800000001,8715733.61,10668949.264855875,2239064.51,2706259.8114597597,6605511.84,6605511.84375,289100.14,634801.2651480832,24211356.1,27621609.60521372,6919193.99,4623187.868089608,31130550.09,32244797.47330333
262006,262-006,TRUCK TANGKI HINO FG 235 DA 8171 CR 262-006,634129137,SUNGAI DANAU,Jan,1,TR,2444.0,2651.5744658442263,53400297,29411163.526528,7667018.0,7006087.42,760,0,12950.57,14485.060800000001,9842433.2,10668949.264855875,5333519.46,2672238.41270976,6605511.84,6605511.84375,274000.0,634801.2651480832,29722482.5,27587588.20646372,7907916.98,4623187.868089608,37630399.48,32210776.07455333
262007,262-007,TRUCK TANGKI HINO FG 235 DA 8342 JD 262-007,742644909,SUNGAI DANAU,Jan,1,TR,2471.0,2651.5744658442263,59715183,29411163.526528,6804672.0,7006087.42,908,0,12950.57,14485.060800000001,11759117.56,10668949.264855875,22573515.66,2706259.8114597597,7735884.47,7735884.46875,311000.0,564267.7912427407,49184189.69,28681448.756308377,8843072.72,4623187.868089608,58027262.41,33304636.624397986
262008,262-008,TRUCK TANGKI HINO FG 235 DA 8343 JD 262-008,742644909,SUNGAI DANAU,Jan,1,TR,2485.0,2651.5744658442263,62414041,29411163.526528,7511713.0,7006087.42,724,0,12950.57,14485.060800000001,9376212.68,10668949.264855875,3613769.02,2707843.3614597595,7735884.47,7735884.46875,719491.0,564267.7912427407,28957070.17,28683032.306308374,9242739.88,4623187.868089608,38199810.05,33306220.174397983
262009,262-009,TRUCK TANGKI HINO FG 235 JK DA 8110 JI 262-009,735353097,SUNGAI DANAU,Jan,1,TR,2549.0,2651.5744658442263,59286788,29411163.526528,7532046.0,7006087.42,857,0,12950.57,14485.060800000001,11098638.49,10668949.264855875,2343742.91,3178468.993751711,8534928.09,8534928.088958334,719491.0,564267.7912427407,30228846.49,29952701.558808662,8779632.78,4623187.868089608,39008479.27,34575889.42689827
262010,262-010,TRUCK TANGKI HINO FM 260 DA 8112 JI 262-010,735353097,SUNGAI DANAU,Jan,1,TR,2356.0,2651.5744658442263,59152374,29411163.526528,7418259.0,7006087.42,828,0,12950.57,14485.060800000001,10723071.96,10668949.264855875,4478674.9,3149447.096951711,8534928.09,8534928.088958334,326018.88,542436.0017006107,31480952.83,29901847.87246653,8759727.74,4623187.868089608,40240680.57,34525035.740556136
262011,262-011,TRUCK TANGKI HINO FG260JK DA 8381 GB 262-011,869854319,SUNGAI DANAU,Jan,1,TR,2485.0,2651.5744658442263,50287748,29411163.526528,6660725.0,7006087.42,720,0,12950.57,14485.060800000001,9324410.4,10668949.264855875,4005954.26,3134519.3286896404,24162619.98,9060982.4934375,6903200.0,1208191.5806848346,51056909.64,31078730.087667845,7446987.35,4623187.868089608,58503896.99,35701917.955757454
271001,271-001,ARM ROLL HINO 130 HD DA 8590 CQ 271-001,444295945,SUNGAI DANAU,Jan,1,TR,1506.0,876.1632554642858,17599625,24017676.448738195,5565568.0,7006087.42,405,0,12950.57,14485.060800000001,5244980.85,3021732.86336336,1674252.66,2194529.553416666,4628082.76,4628082.760416667,20000.0,432017.52767022327,17132884.27,17282450.124866918,2606284.63,4623187.868089608,19739168.9,21905637.992956527
271002,271-002,ARM ROLL HINO 130 HD DA 8589 CQ 271-002,450156856,SUNGAI DANAU,Jan,1,TR,309.0,0.0,0,0.0,0.0,0.0,115,0,0.0,0.0,0.0,0.0,0.0,0.0,0.0,0.0,0.0,0.0,0.0,0.0,0.0,0.0,0.0,0.0
271003,271-003,ARM ROLL HINO 130 HD DA 8508 JG 271-003,502363636,SUNGAI DANAU,Jan,1,TR,1274.0,876.1632554642858,14921557,24017676.448738195,5284689.0,7006087.42,353,0,12950.57,14485.060800000001,4571551.21,3021732.86336336,309144.75,2185203.22475,5770667.63,5770667.635416667,0.0,6394017.527670223,15936052.59,24377708.671200253,2209696.21,4623187.868089608,18145748.8,29000896.539289862
271004,271-004,ARM ROLL HINO 130 HD DA 8337 JJ 271-004,537470252,SUNGAI DANAU,Jan,1,TR,1982.0,876.1632554642858,23701981,24017676.448738195,4837635.0,7006087.42,482,0,12950.57,14485.060800000001,6242174.74,3021732.86336336,18134361.99,2185203.22475,5598648.46,5598648.458333333,0.0,432017.52767022327,34812820.19,18243689.494116917,3509967.33,4623187.868089608,38322787.52,22866877.362206526
213003,213-003,HYUNDAI IONIQ 5N,1309550000,SUNGAI DANAU,Jan,1,TR,0.0,1557.1277725953487,60000000,60000000.0,0.0,0.0,0,0,0.0,0.0,0.0,0.0,0.0,0.0,13641145.83,13641146.0,1359215.0,997250.0,15000360.83,14638396.0,8885250.56,4623187.868089608,23885611.39,19261583.86808961
211002,211-002,JEEP WRANGLER RUBICON B 2603 BJG 211-002,1810630631,SUNGAI DANAU,Feb,2,TR,0.0,0.0,0,0.0,0.0,0.0,0,0,0.0,0.0,0.0,0.0,0.0,0.0,0.0,0.0,0.0,0.0,0.0,0.0,0.0,0.0,0.0,0.0
211003,211-003,JEEP GLADIATOR RUBICON DC 3.6 DA 8047 JJ 211-003,2100900901,SUNGAI DANAU,Feb,2,TR,0.0,1380.5858944855813,90000000,90000000.0,0.0,0.0,0,0,0.0,0.0,0.0,0.0,0.0,0.0,21884384.39,22447121.89,512917.0,1852908.3333333333,22397301.39,24300030.223333333,17730611.28,4276373.651227491,40127912.67,28576403.874560826
211004,211-004,HYUNDAI PALISADE  S. AWD B 1356 HKS 211-004,1045840085,SUNGAI DANAU,Feb,2,TR,0.0,1380.5858944855813,50000000,50000000.0,0.0,0.0,0,0,0.0,0.0,0.0,0.0,0.0,0.0,10894167.55,11886537.360000001,992369.81,997250.0,11886537.36,12883787.360000001,9850339.6,4276373.651227491,21736876.96,17160161.011227492
211005,211-005,LEXUS RX450 SONIC CROME B 666 LUC 211-005,1751173656,SUNGAI DANAU,Feb,2,TR,0.0,1380.5858944855813,80000000,80000000.0,0.0,0.0,0,0,0.0,0.0,0.0,0.0,3510000.0,0.0,18241392.25,19869527.67,1628135.42,997250.0,23379527.67,20866777.67,15760543.36,4276373.651227491,39140071.03,25143151.32122749
211010,211-010,SUBARU FORESTER 2.01-S 211-010,596564102,SUNGAI DANAU,Feb,2,TR,0.0,1380.5858944855813,27000000,27000000.0,0.0,0.0,0,0,0.0,0.0,0.0,0.0,0.0,3000000.0,6214209.4,4740625.0,777750.0,458333.3333333333,6991959.4,8198958.333333333,5319183.38,4276373.651227491,12311142.78,12475331.984560825
211011,211-011,SUBARU FORESTER  ADV2.01-S 211-011,551564102,SUNGAI DANAU,Feb,2,TR,0.0,1380.5858944855813,27000000,27000000.0,0.0,0.0,0,0,0.0,0.0,0.0,0.0,0.0,3000000.0,5745459.4,4740625.0,541025.0,458333.3333333333,6286484.4,8198958.333333333,5319183.38,4276373.651227491,11605667.78,12475331.984560825
222016,222-016,MITSUBISHI TRITON DA 8827 JK 222-016,455100000,SUNGAI DANAU,Feb,2,TR,0.0,1380.5858944855813,27000000,27000000.0,0.0,0.0,0,0,0.0,0.0,0.0,0.0,150000.0,0.0,4740625.0,4740625.0,0.0,997250.0,4890625.0,5737875.0,5319183.38,4276373.651227491,10209808.38,10014248.651227491
231001,231-001,BUS HINO 130 MDBL DA 9577 CL/ DA 7219 CD 231-001,583909091,SUNGAI DANAU,Feb,2,TR,854.0,1380.5858944855813,39937380,40265600.0,5771290.0,6993587.42,0,0,0.0,14485.060800000001,0.0,0.0,2402263.12,2861372.315,0.0,0.0,0.0,801549.2067179651,8173553.12,10656508.941717964,7867935.11,4276373.651227491,16041488.23,14932882.592945455
231002,231-002,BUS HINO 130 MDBL DA 9592 CL/ DA 7223 CD 231-002,583909091,SUNGAI DANAU,Feb,2,TR,464.0,1804.229939754667,39937380,40265600.0,5034730.0,6993587.42,0,0,0.0,14485.060800000001,0.0,0.0,748423.86,2866035.4793333337,0.0,0.0,0.0,801549.2067179651,5783153.86,10661172.106051298,7867935.11,4276373.651227491,13651088.97,14937545.757278789
231003,231-003,BUS ISUZU MINI BUS F 7120 AB/DA 7026 TAJ 231-003,460145600,SUNGAI DANAU,Feb,2,TR,77.0,1380.5858944855813,31040270,31295300.0,5972690.0,6993587.42,0,0,0.0,14485.060800000001,0.0,0.0,89435.26,2861372.315,4793183.33,4793183.333333333,40500.0,801549.2067179651,10895808.59,15449692.275051296,6115144.02,4276373.651227491,17010952.61,19726065.926278785
231004,231-004,BUS HINO 130 MDBL DA 7445 CD 231-004,708789027,SUNGAI DANAU,Feb,2,TR,1062.0,1380.5858944855813,39937380,40265600.0,5508830.0,6993587.42,0,0,0.0,14485.060800000001,0.0,0.0,465759.59,1853524.768833333,7383219.03,7383219.03125,494103.89,482773.4504038493,13851912.51,16713104.670487182,7867935.11,4276373.651227491,21719847.62,20989478.321714673
231005,231-005,BUS HINO 130 MDBL DA 8705 CO 231-005,913515450,SUNGAI DANAU,Feb,2,TR,1181.0,1380.5858944855813,39937380,40265600.0,5112290.0,6993587.42,0,0,0.0,14485.060800000001,0.0,0.0,716894.75,1807841.42292236,25375429.17,25375429.166666668,0.0,482773.4504038493,31204613.92,34659631.45999288,7867935.11,4276373.651227491,39072549.03,38936005.11122037
241008,241-008,TRUCK HINO 130 HD DA 8587 CQ 241-008,317045945,SUNGAI DANAU,Feb,2,TR,0.0,1380.5858944855813,14574812,20000000.0,0.0,6993587.42,0,0,0.0,14485.060800000001,8055000.0,0.0,798000.0,2490533.8021723595,3616811.93,3616811.9270833335,2105000.0,239291.35432343572,14574811.93,13340224.503579129,2871336.96,4276373.651227491,17446148.89,17616598.15480662
242004,242-004,TRUCK HINO 136 HDX 242-004,522000000,SUNGAI DANAU,Feb,2,TR,1081.0,1380.5858944855813,22514620,22699600.0,6185320.0,4756907.42,0,0,0.0,14485.060800000001,0.0,0.0,493436.64,1161281.18513232,14500000.0,14500000.0,19981.92,683541.3543234357,21198738.56,21101729.959455755,4435533.06,4276373.651227491,25634271.62,25378103.610683247
242005,242-005,TRUCK HINO 136 HDX 242-005,522900000,SUNGAI DANAU,Feb,2,TR,715.0,1380.5858944855813,22514620,22699600.0,6968480.0,4756907.42,0,0,0.0,14485.060800000001,0.0,0.0,493629.99,957754.9050073201,14525000.0,14525000.0,0.0,444250.0,21987109.99,20683912.32500732,4435533.06,4276373.651227491,26422643.05,24960285.97623481
251001,251-001,DUMP TRUCK HINO 130 HD DA 9881 AW 251-001,0,SUNGAI DANAU,Feb,2,TR,0.0,0.0,0,0.0,0.0,0.0,0,0,0.0,0.0,0.0,0.0,0.0,0.0,0.0,0.0,0.0,0.0,0.0,0.0,0.0,0.0,0.0,0.0
251002,251-002,DUMP TRUCK HINO 130 HD DA 9660 AY 251-002,0,SUNGAI DANAU,Feb,2,TR,0.0,0.0,0,0.0,0.0,0.0,0,0,0.0,0.0,0.0,0.0,0.0,0.0,0.0,0.0,0.0,0.0,0.0,0.0,0.0,0.0,0.0,0.0
251003,251-003,DUMP TRUCK HINO 130 HD DA 9661 AY 251-003,0,SUNGAI DANAU,Feb,2,TR,0.0,0.0,0,0.0,0.0,0.0,0,0,0.0,0.0,0.0,0.0,0.0,0.0,0.0,0.0,0.0,0.0,0.0,0.0,0.0,0.0,0.0,0.0
251004,251-004,DUMP TRUCK HINO 130 HD DA 9165 AZ/DA 8953 CD 251-004,0,SUNGAI DANAU,Feb,2,TR,0.0,0.0,0,0.0,0.0,0.0,0,0,0.0,0.0,0.0,0.0,0.0,0.0,0.0,0.0,0.0,0.0,0.0,0.0,0.0,0.0,0.0,0.0
251005,251-005,DUMP TRUCK HINO 130 HD DA 8027 CF/ B 9853 BDG 251-005,0,SUNGAI DANAU,Feb,2,TR,0.0,0.0,0,0.0,0.0,0.0,0,0,0.0,0.0,0.0,0.0,0.0,0.0,0.0,0.0,0.0,0.0,0.0,0.0,0.0,0.0,0.0,0.0
251006,251-006,DUMP TRUCK HINO 130 HD DA 9706 AZ/DA 8570 CH 251-006,0,SUNGAI DANAU,Feb,2,TR,0.0,0.0,0,0.0,0.0,0.0,0,0,0.0,0.0,0.0,0.0,0.0,0.0,0.0,0.0,0.0,0.0,0.0,0.0,0.0,0.0,0.0,0.0
251007,251-007,DUMP TRUCK HINO 130 HD DA 9341 AO/DA 8902 CJ 251-007,0,SUNGAI DANAU,Feb,2,TR,0.0,0.0,0,0.0,0.0,0.0,0,0,0.0,0.0,0.0,0.0,0.0,0.0,0.0,0.0,0.0,0.0,0.0,0.0,0.0,0.0,0.0,0.0
251008,251-008,DUMP TRUCK HINO 130 HD DA 9342 AO/DA 8903 CJ 251-008,0,SUNGAI DANAU,Feb,2,TR,0.0,0.0,0,0.0,0.0,0.0,0,0,0.0,0.0,0.0,0.0,0.0,0.0,0.0,0.0,0.0,0.0,0.0,0.0,0.0,0.0,0.0,0.0
251009,251-009,DUMP TRUCK HINO 130 HD DA 9862 AO/DA 8981 CL 251-009,0,SUNGAI DANAU,Feb,2,TR,0.0,0.0,0,0.0,0.0,0.0,0,0,0.0,0.0,0.0,0.0,0.0,0.0,0.0,0.0,0.0,0.0,0.0,0.0,0.0,0.0,0.0,0.0
251010,251-010,DUMP TRUCK HINO 130 HD DA 9863 AO/DA 8980 CL 251-010,0,SUNGAI DANAU,Feb,2,TR,0.0,0.0,0,0.0,0.0,0.0,0,0,0.0,0.0,0.0,0.0,0.0,0.0,0.0,0.0,0.0,0.0,0.0,0.0,0.0,0.0,0.0,0.0
251011,251-011,DUMP TRUCK HINO 130 HD DA 9294 AQ 251-011,0,SUNGAI DANAU,Feb,2,TR,0.0,0.0,0,0.0,0.0,0.0,0,0,0.0,0.0,0.0,0.0,0.0,0.0,0.0,0.0,0.0,0.0,0.0,0.0,0.0,0.0,0.0,0.0
251012,251-012,DUMP TRUCK HINO 130 HD DA 9295 AQ 251-012,0,SUNGAI DANAU,Feb,2,TR,0.0,0.0,0,0.0,0.0,0.0,0,0,0.0,0.0,0.0,0.0,0.0,0.0,0.0,0.0,0.0,0.0,0.0,0.0,0.0,0.0,0.0,0.0
251013,251-013,DUMP TRUCK HINO 130 HD DA 9124 C 251-013,0,SUNGAI DANAU,Feb,2,TR,0.0,0.0,0,0.0,0.0,0.0,0,0,0.0,0.0,0.0,0.0,0.0,0.0,0.0,0.0,0.0,0.0,0.0,0.0,0.0,0.0,0.0,0.0
251014,251-014,DUMP TRUCK HINO 130 HD DA 9125 C 251-014,0,SUNGAI DANAU,Feb,2,TR,0.0,0.0,0,0.0,0.0,0.0,0,0,0.0,0.0,0.0,0.0,0.0,0.0,0.0,0.0,0.0,0.0,0.0,0.0,0.0,0.0,0.0,0.0
251015,251-015,DUMP TRUCK HINO 130 HD DA 9285 C 251-015,0,SUNGAI DANAU,Feb,2,TR,0.0,0.0,0,0.0,0.0,0.0,0,0,0.0,0.0,0.0,0.0,0.0,0.0,0.0,0.0,0.0,0.0,0.0,0.0,0.0,0.0,0.0,0.0
251016,251-016,DUMP TRUCK HINO 130 HD DA 9396 CC 251-016,0,SUNGAI DANAU,Feb,2,TR,0.0,0.0,0,0.0,0.0,0.0,0,0,0.0,0.0,0.0,0.0,0.0,0.0,0.0,0.0,0.0,0.0,0.0,0.0,0.0,0.0,0.0,0.0
251017,251-017,DUMP TRUCK HINO 130 HD DA 9397 CC 251-017,0,SUNGAI DANAU,Feb,2,TR,0.0,0.0,0,0.0,0.0,0.0,0,0,0.0,0.0,0.0,0.0,0.0,0.0,0.0,0.0,0.0,0.0,0.0,0.0,0.0,0.0,0.0,0.0
251018,251-018,DUMP TRUCK HINO 130 HD DA 9679 CF/DA 8708 CC 251-018,0,SUNGAI DANAU,Feb,2,TR,0.0,0.0,0,0.0,0.0,0.0,0,0,0.0,0.0,0.0,0.0,0.0,0.0,0.0,0.0,0.0,0.0,0.0,0.0,0.0,0.0,0.0,0.0
251019,251-019,DUMP TRUCK HINO 130 HD DA 9701 CF/DA 8707 CD 251-019,0,SUNGAI DANAU,Feb,2,TR,0.0,0.0,0,0.0,0.0,0.0,0,0,0.0,0.0,0.0,0.0,0.0,0.0,0.0,0.0,0.0,0.0,0.0,0.0,0.0,0.0,0.0,0.0
251020,251-020,DUMP TRUCK HINO 130 HD DA 9700 CF/DA 8706 CD 251-020,0,SUNGAI DANAU,Feb,2,TR,0.0,0.0,0,0.0,0.0,0.0,0,0,0.0,0.0,0.0,0.0,0.0,0.0,0.0,0.0,0.0,0.0,0.0,0.0,0.0,0.0,0.0,0.0
251021,251-021,DUMP TRUCK HINO 130 HD DA 9687 CC/DA 8707 CC 251-021,0,SUNGAI DANAU,Feb,2,TR,0.0,0.0,0,0.0,0.0,0.0,0,0,0.0,0.0,0.0,0.0,0.0,0.0,0.0,0.0,0.0,0.0,0.0,0.0,0.0,0.0,0.0,0.0
251022,251-022,DUMP TRUCK HINO 130 HD DA 9680 CF/DA 8708 CD 251-022,0,SUNGAI DANAU,Feb,2,TR,0.0,0.0,0,0.0,0.0,0.0,0,0,0.0,0.0,0.0,0.0,0.0,0.0,0.0,0.0,0.0,0.0,0.0,0.0,0.0,0.0,0.0,0.0
251023,251-023,DUMP TRUCK HINO 130 HD DA 9031 CI/DA 8137 CK 251-023,0,SUNGAI DANAU,Feb,2,TR,0.0,0.0,0,0.0,0.0,0.0,0,0,0.0,0.0,0.0,0.0,0.0,0.0,0.0,0.0,0.0,0.0,0.0,0.0,0.0,0.0,0.0,0.0
251024,251-024,DUMP TRUCK HINO 130 HD DA 9032 CI/DA 8138 CK 251-024,0,SUNGAI DANAU,Feb,2,TR,0.0,0.0,0,0.0,0.0,0.0,0,0,0.0,0.0,0.0,0.0,0.0,0.0,0.0,0.0,0.0,0.0,0.0,0.0,0.0,0.0,0.0,0.0
251025,251-025,DUMP TRUCK HINO 130 HD DA 9033 CI/DA 8135 CK 251-025,0,SUNGAI DANAU,Feb,2,TR,0.0,0.0,0,0.0,0.0,0.0,0,0,0.0,0.0,0.0,0.0,0.0,0.0,0.0,0.0,0.0,0.0,0.0,0.0,0.0,0.0,0.0,0.0
251026,251-026,DUMP TRUCK HINO 130 HD DA 9034 CI/DA 8140 CK 251-026,0,SUNGAI DANAU,Feb,2,TR,0.0,0.0,0,0.0,0.0,0.0,0,0,0.0,0.0,0.0,0.0,0.0,0.0,0.0,0.0,0.0,0.0,0.0,0.0,0.0,0.0,0.0,0.0
251027,251-027,DUMP TRUCK HINO 130 HD DA 9035 CI/DA 8139 CK 251-027,0,SUNGAI DANAU,Feb,2,TR,0.0,0.0,0,0.0,0.0,0.0,0,0,0.0,0.0,0.0,0.0,0.0,0.0,0.0,0.0,0.0,0.0,0.0,0.0,0.0,0.0,0.0,0.0
251028,251-028,DUMP TRUCK HINO 130 HD DA 9246 CJ/DA 8024 CS 251-028,0,SUNGAI DANAU,Feb,2,TR,0.0,0.0,0,0.0,0.0,0.0,0,0,0.0,0.0,0.0,0.0,0.0,0.0,0.0,0.0,0.0,0.0,0.0,0.0,0.0,0.0,0.0,0.0
251029,251-029,DUMP TRUCK HINO 130 HD DA 9248 CJ/DA 8021 CS 251-029,0,SUNGAI DANAU,Feb,2,TR,0.0,0.0,0,0.0,0.0,0.0,0,0,0.0,0.0,0.0,0.0,0.0,0.0,0.0,0.0,0.0,0.0,0.0,0.0,0.0,0.0,0.0,0.0
251030,251-030,DUMP TRUCK HINO 130 HD DA 9249 CJ 251-030,0,SUNGAI DANAU,Feb,2,TR,0.0,0.0,0,0.0,0.0,0.0,0,0,0.0,0.0,0.0,0.0,0.0,0.0,0.0,0.0,0.0,0.0,0.0,0.0,0.0,0.0,0.0,0.0
251031,251-031,DUMP TRUCK HINO 130 HD DA 9251- CJ 251-031,0,SUNGAI DANAU,Feb,2,TR,0.0,0.0,0,0.0,0.0,0.0,0,0,0.0,0.0,0.0,0.0,0.0,0.0,0.0,0.0,0.0,0.0,0.0,0.0,0.0,0.0,0.0,0.0
251032,251-032,DUMP TRUCK HINO 130 HD DA 9247 CJ/DA 8020 CS 251-032,0,SUNGAI DANAU,Feb,2,TR,0.0,0.0,0,0.0,0.0,0.0,0,0,0.0,0.0,0.0,0.0,0.0,0.0,0.0,0.0,0.0,0.0,0.0,0.0,0.0,0.0,0.0,0.0
251033,251-033,DUMP TRUCK HINO 130 HD DA 9250 CJ 251-033,0,SUNGAI DANAU,Feb,2,TR,0.0,0.0,0,0.0,0.0,0.0,0,0,0.0,0.0,0.0,0.0,0.0,0.0,0.0,0.0,0.0,0.0,0.0,0.0,0.0,0.0,0.0,0.0
251034,251-034,DUMP TRUCK HINO 130 HD DA 8206 CF 251-034,303363637,SUNGAI DANAU,Feb,2,TR,1494.0,1200.0,20548727,48323289.56322396,4457221.0,6993587.42,398,0,13804.93,14485.060800000001,5494362.14,4456941.784615385,6950066.87,3606310.2334499992,0.0,0.0,32036.96,787021.3019604419,16933686.97,15843860.740025826,4048238.79,4276373.651227491,20981925.76,20120234.391253315
251035,251-035,DUMP TRUCK HINO 130 HD DA 8207 CF 251-035,303363637,SUNGAI DANAU,Feb,2,TR,1386.0,1200.0,22472096,19375731.713593755,4585878.0,6993587.42,315,0,13804.93,14485.060800000001,4348552.95,4456941.784615385,2879547.42,3592382.433449999,0.0,0.0,0.0,731703.5107683341,11813978.37,15774615.148833716,4427155.54,4276373.651227491,16241133.91,20050988.800061207
251036,251-036,DUMP TRUCK HINO 130 HD DA 8209 CF 251-036,303363637,SUNGAI DANAU,Feb,2,TR,938.0,1200.0,15527703,48323289.56322396,4122435.0,6993587.42,252,0,13804.93,14485.060800000001,3478842.36,4456941.784615385,16780927.81,3833574.3331083325,0.0,0.0,0.0,945571.0317661043,24382205.17,16229674.56948982,3059062.95,4276373.651227491,27441268.12,20506048.22071731
251037,251-037,DUMP TRUCK HINO 130 HD DA 8674 CO 251-037,319664981,SUNGAI DANAU,Feb,2,TR,1301.0,1200.0,22159389,48323289.56322396,4573513.0,6993587.42,326,0,13804.93,14485.060800000001,4500407.18,4456941.784615385,7914698.5,3741838.298274999,3329843.55,3329843.553854167,0.0,777382.5959193929,20318462.23,19299593.652663942,4365550.14,4276373.651227491,24684012.37,23575967.303891435
251038,251-038,DUMP TRUCK HINO 130 HD DA 8675 CO 251-038,319664981,SUNGAI DANAU,Feb,2,TR,1140.0,1200.0,16553392,48323289.56322396,4294385.0,6993587.42,323,0,13804.93,14485.060800000001,4458992.39,4456941.784615385,5339140.71,3741838.298274999,3329843.55,3329843.553854167,89018.88,830185.9420573139,17511380.53,19352396.998801865,3261130.65,4276373.651227491,20772511.18,23628770.650029354
251039,251-039,DUMP TRUCK HINO 130 HD DA 8678 CO 251-039,319664981,SUNGAI DANAU,Feb,2,TR,1323.0,2304.0,22386525,19375731.713593755,4717214.0,6993587.42,345,0,13804.93,14485.060800000001,4762700.85,8557328.22646154,4137298.24,3741838.298274999,3329843.55,3329843.553854167,0.0,830185.9420573139,16947056.64,23452783.440648023,4410297.47,4276373.651227491,21357354.11,27729157.091875516
251040,251-040,DUMP TRUCK HINO 130 HD DA 8679 CO 251-040,319664981,SUNGAI DANAU,Feb,2,TR,1233.0,1200.0,16533093,19375731.713593755,4216226.0,6993587.42,350,0,13804.93,14485.060800000001,4831725.5,4456941.784615385,1968858.02,3705673.3232749994,3329843.55,3329843.553854167,0.0,748047.4036205478,14346653.07,19234093.4853651,3257131.61,4276373.651227491,17603784.68,23510467.13659259
251041,251-041,DUMP TRUCK HINO 130 HD DA 8680 CO 251-041,319664981,SUNGAI DANAU,Feb,2,TR,1773.0,1200.0,26738814,19375731.713593755,4751298.0,6993587.42,479,0,13804.93,14485.060800000001,6612561.47,4456941.784615385,3262202.25,3741838.298274999,3329843.55,3329843.553854167,0.0,871255.2112756968,17955905.27,19393466.268020246,5267727.97,4276373.651227491,23223633.24,23669839.91924774
251042,251-042,DUMP TRUCK HINO 130 HD DA 8681 CO 251-042,319664981,SUNGAI DANAU,Feb,2,TR,3346.0,1200.0,22849237,19375731.713593755,4612578.0,6993587.42,357,0,13804.93,14485.060800000001,4928360.01,4456941.784615385,8029844.94,3741838.298274999,3329843.55,3329843.553854167,0.0,871255.2112756968,20900626.5,19393466.268020246,4501454.88,4276373.651227491,25402081.38,23669839.91924774
251043,251-043,DUMP TRUCK HINO 130 HD DA 8570 CP 251-043,0,SUNGAI DANAU,Feb,2,TR,0.0,0.0,0,0.0,0.0,0.0,0,0,0.0,14485.060800000001,0.0,0.0,0.0,0.0,0.0,0.0,0.0,0.0,0.0,0.0,0.0,0.0,0.0,0.0
251044,251-044,DUMP TRUCK HINO 130HD DA 8571 CP 251-044,320742425,SUNGAI DANAU,Feb,2,TR,1314.0,1200.0,23608499,48323289.56322396,4663647.0,6993587.42,370,0,13804.93,14485.060800000001,5107824.1,4456941.784615385,2235557.31,3741838.298274999,3341066.93,3341066.9270833335,3483200.0,898634.7240879522,18831295.34,19432069.15406167,4651034.65,4276373.651227491,23482329.99,23708442.805289164
251045,251-045,DUMP TRUCK HINO 130 HD DA 8643 CQ 251-045,315888441,SUNGAI DANAU,Feb,2,TR,1029.0,1200.0,15704691,43629972.648321666,4390472.0,6993587.42,296,0,14413.67,14485.060800000001,4266445.08,4456941.784615385,24707945.24,3741838.298274999,3290504.59,3290504.59375,32036.96,871255.2112756968,36687403.87,19354127.307916082,3093930.79,4276373.651227491,39781334.66,23630500.95914357
251046,251-046,DUMP TRUCK HINO 130 HD DA 8642 CQ 251-046,315888441,SUNGAI DANAU,Feb,2,TR,1551.0,1200.0,25664052,19375731.713593755,4709744.0,6993587.42,345,0,13804.93,14485.060800000001,4762700.85,4456941.784615385,925169.75,3741838.298274999,3290504.59,3290504.59375,0.0,871255.2112756968,13688119.19,19354127.307916082,5055992.55,4276373.651227491,18744111.74,23630500.95914357
251047,251-047,DUMP TRUCK HINO 130 HD DA 8923 CV 251-047,349692273,SUNGAI DANAU,Feb,2,TR,1335.0,1200.0,18359543,19375731.713593755,4521585.0,6993587.42,328,0,13804.93,14485.060800000001,4528017.04,4456941.784615385,3963618.75,3741838.298274999,3642627.84,3642627.84375,0.0,830185.9420573139,16655848.63,19665181.2886977,3616954.67,4276373.651227491,20272803.3,23941554.939925194
251048,251-048,DUMP TRUCK HINO 130 HD DA 8921 CV 251-048,349692273,SUNGAI DANAU,Feb,2,TR,1527.0,1200.0,25146989,19375731.713593755,4751381.0,6993587.42,387,0,13804.93,14485.060800000001,5342507.91,4456941.784615385,1015676.85,3705673.3232749994,3642627.84,3642627.84375,56981.92,748047.4036205478,14809175.52,19546877.775260933,4954127.63,4276373.651227491,19763303.15,23823251.42648842
251049,251-049,DUMP TRUCK HINO 130 HD DA 8924 CV 251-049,352419546,SUNGAI DANAU,Feb,2,TR,1811.0,1200.0,28477123,19375731.713593755,4943352.0,6993587.42,414,0,13804.93,14485.060800000001,5715241.02,4456941.784615385,550046.91,3540872.1482749996,3671036.94,3671036.9375,0.0,830185.9420573139,14879676.87,19492624.2324477,5610186.65,4276373.651227491,20489863.52,23768997.883675188
251050,251-050,DUMP TRUCK HINO 130 HD DA 8925 CV 251-050,352419545,SUNGAI DANAU,Feb,2,TR,1473.0,1200.0,22058182,19375731.713593755,4650159.0,6993587.42,347,0,13804.93,14485.060800000001,4790310.71,4456941.784615385,281992.75,3207289.9699499994,3671036.93,3671036.9270833335,0.0,711587.9503348403,13393499.39,19040444.051983558,4345611.67,4276373.651227491,17739111.06,23316817.703211047
251051,251-051,DUMP TRUCK HINO 130 HD DA 8012 CZ 251-051,342218546,SUNGAI DANAU,Feb,2,TR,1371.0,1200.0,18530973,19375731.713593755,4426603.0,6993587.42,281,0,13804.93,14485.060800000001,3879185.33,4456941.784615385,3677030.37,3207289.9699499994,3564776.52,3564776.5208333335,0.0,711587.9503348403,15547595.22,18934183.645733558,3650727.54,4276373.651227491,19198322.76,23210557.296961047
251052,251-052,DUMP TRUCK HINO 130 HD DA 8013 CZ 251-052,342218546,SUNGAI DANAU,Feb,2,TR,1344.0,1200.0,21997589,19375731.713593755,4572050.0,6993587.42,328,0,13804.93,14485.060800000001,4528017.04,4456941.784615385,1457939.23,3207289.9699499994,3564776.52,3564776.5208333335,0.0,711587.9503348403,14122782.79,18934183.645733558,4333674.44,4276373.651227491,18456457.23,23210557.296961047
251053,251-053,DUMP TRUCK HINO 130 HD DA 8014 CZ 251-053,342218546,SUNGAI DANAU,Feb,2,TR,1079.0,1200.0,17686887,48323289.56322396,4395598.0,6993587.42,241,0,13804.93,14485.060800000001,3326988.13,4456941.784615385,1897794.31,2892749.2362083327,3564776.52,3564776.5208333335,359018.88,646771.144493583,13544175.84,18554826.106150635,3484436.87,4276373.651227491,17028612.71,22831199.757378124
251054,251-054,DUMP TRUCK HINO 130 HD DA 8016 CZ 251-054,342218545,SUNGAI DANAU,Feb,2,TR,1791.0,1200.0,28366136,43629972.648321666,4834942.0,6993587.42,400,0,13804.93,14485.060800000001,5521972.0,4456941.784615385,907485.43,2234311.87424388,3564776.51,3564776.5104166665,72018.88,664651.6426566885,14901194.82,17914269.231932618,5588321.45,4276373.651227491,20489516.27,22190642.883160107
251055,251-055,DUMP TRUCK HINO 130 HD DA 8015 CZ 251-055,342338545,SUNGAI DANAU,Feb,2,TR,1937.0,1200.0,27092754,43629972.648321666,4957233.0,6993587.42,449,0,13804.93,14485.060800000001,6198413.57,4456941.784615385,5841036.71,2234311.87424388,3566026.51,3566026.5104166665,44000.0,664651.6426566885,20606709.79,17915519.231932618,5337456.55,4276373.651227491,25944166.34,22191892.883160107
251056,251-056,DUMP TRUCK HINO 130 HD 25-85 251-056,416237315,SUNGAI DANAU,Feb,2,TR,1767.0,1200.0,30866625,19375731.713593755,5192956.0,6993587.42,315,0,13804.93,14485.060800000001,4348552.95,4456941.784615385,6569314.13,2002098.0764285715,4335805.36,4335805.364583333,305916.67,531984.7321786464,20752545.11,18320417.377805937,6080934.77,4276373.651227491,26833479.88,22596791.02903343
251057,251-057,DUMP TRUCK HINO 130 HD 25-86 251-057,416237315,SUNGAI DANAU,Feb,2,TR,2100.0,1200.0,35008762,19375731.713593755,5289285.0,6993587.42,449,0,13804.93,14485.060800000001,6198413.57,4456941.784615385,393046.81,1515514.1655,4335805.36,4335805.364583333,340935.55,392253.4284531276,16557486.29,17694102.163151845,6896963.89,4276373.651227491,23454450.18,21970475.814379334
251058,251-058,DUMP TRUCK HINO 130HD 251-058,416237315,SUNGAI DANAU,Feb,2,TR,2091.0,0.0,0,0.0,0.0,0.0,848,0,0.0,0.0,0.0,0.0,0.0,0.0,0.0,0.0,0.0,0.0,0.0,0.0,0.0,0.0,0.0,0.0
251059,251-059,DUMP TRUCK HINO 130HD DA 8475 JJ 251-059,520059549,SUNGAI DANAU,Feb,2,TR,1348.0,1000.0,30324000,30335760.0,5067090.0,6993587.42,0,0,0.0,14485.060800000001,0.0,0.0,2510157.53,3441586.5925,5417286.97,5417286.972916666,906665.97,730585.9796331401,13901200.47,16583046.965049805,5974033.96,4276373.651227491,19875234.43,20859420.616277296
251060,251-060,DUMP TRUCK HINO 130HD DA 8476 JJ 251-060,520059549,SUNGAI DANAU,Feb,2,TR,981.0,1200.0,17594110,48323289.56322396,4220111.0,6993587.42,252,0,13804.93,14485.060800000001,3478842.36,4456941.784615385,4284389.1,3441586.5925,5417286.97,5417286.972916666,849665.97,730585.9796331401,18250295.4,21039988.74966519,3466159.17,4276373.651227491,21716454.57,25316362.400892682
251061,251-061,DUMP TRUCK HINO 136 HDX DA 8707 JL 251-061,556170066,SUNGAI DANAU,Feb,2,TR,2601.0,0.0,392668,0.0,0.0,0.0,1004,0,0.0,0.0,0.0,0.0,0.0,0.0,0.0,0.0,0.0,0.0,0.0,0.0,77358.26,0.0,77358.26,0.0
251063,251-063,DUMPTRUCK 136 HDX 251-063,607312672,SUNGAI DANAU,Feb,2,TR,2436.0,1200.0,36480803,48323289.56322396,5259653.0,6993587.42,511,0,13804.93,14485.060800000001,7054319.23,4456941.784615385,1080060.76,457467.0633333333,16869796.44,4335805.364583333,0.0,684519.1940667306,30263829.43,16928320.82659878,7186965.97,4276373.651227491,37450795.4,21204694.477826267
251064,251-064,DUMPTRUCK HINO 136 HDX 251-064,607312672,SUNGAI DANAU,Feb,2,TR,1025.0,1200.0,15665742,19375731.713593755,4541971.0,6993587.42,276,0,13804.93,14485.060800000001,3810160.68,4456941.784615385,1006191.29,457467.0633333333,16869796.44,4335805.364583333,0.0,634230.2929829963,26228119.41,16878031.925515044,3086257.58,4276373.651227491,29314376.99,21154405.576742537
261001,261-001,TRUCK TANGKI TOYOTA DYNA DA 9457 C 261-001,0,SUNGAI DANAU,Feb,2,TR,0.0,0.0,0,0.0,0.0,0.0,0,0,0.0,0.0,0.0,0.0,0.0,0.0,0.0,0.0,0.0,0.0,0.0,0.0,0.0,0.0,0.0,0.0
261002,261-002,TRUCK TANGKI HINO DUTRO DA 9464 C 261-002,0,SUNGAI DANAU,Feb,2,TR,0.0,0.0,0,0.0,0.0,0.0,0,0,0.0,0.0,0.0,0.0,0.0,0.0,0.0,0.0,0.0,0.0,0.0,0.0,0.0,0.0,0.0,0.0
261003,261-003,TRUCK TANGKI HINO DUTRO DA 9091 CF 261-003,0,SUNGAI DANAU,Feb,2,TR,0.0,0.0,0,0.0,0.0,0.0,0,0,0.0,0.0,0.0,0.0,0.0,0.0,0.0,0.0,0.0,0.0,0.0,0.0,0.0,0.0,0.0,0.0
261004,261-004,TRUCK TANGKI HINO 130HD DA 9626 CC/DA 8026 JG 261-004,0,SUNGAI DANAU,Feb,2,TR,0.0,0.0,0,0.0,0.0,0.0,0,0,0.0,0.0,0.0,0.0,0.0,0.0,0.0,0.0,0.0,0.0,0.0,0.0,0.0,0.0,0.0,0.0
261005,261-005,TRUCK TANGKI HINO DUTRO DA 9117 CF 261-005,0,SUNGAI DANAU,Feb,2,TR,0.0,0.0,0,0.0,0.0,0.0,0,0,0.0,0.0,0.0,0.0,0.0,0.0,0.0,0.0,0.0,0.0,0.0,0.0,0.0,0.0,0.0,0.0
261006,261-006,TRUCK TANGKI HINO DUTRO DA 9118 CF 261-006,0,SUNGAI DANAU,Feb,2,TR,0.0,0.0,0,0.0,0.0,0.0,0,0,0.0,0.0,0.0,0.0,0.0,0.0,0.0,0.0,0.0,0.0,0.0,0.0,0.0,0.0,0.0,0.0
261007,261-007,TRUCK TANGKI HINO 130 HD DA 9526 CI/DA 8013 CM 261-007,251772728,SUNGAI DANAU,Feb,2,TR,821.0,2039.6726660340205,0,20241204.63662267,0.0,6993587.42,0,0,0.0,14485.060800000001,0.0,6422778.821652367,0.0,2255917.163,0.0,0.0,0.0,638669.0437634258,0.0,16310952.448415792,0.0,4276373.651227491,0.0,20587326.099643283
261008,261-008,TRUCK TANGKI HINO 130 HD DA 9524 CI/DA 8014 CM 261-008,251772728,SUNGAI DANAU,Feb,2,TR,0.0,0.0,0,0.0,0.0,0.0,0,0,0.0,0.0,0.0,0.0,0.0,0.0,0.0,0.0,300000.0,0.0,300000.0,0.0,0.0,0.0,300000.0,0.0
261009,261-009,TRUCK TANGKI HINO 130 HD DA 9458 CI/DA 8012 CM 261-009,251772728,SUNGAI DANAU,Feb,2,TR,0.0,2039.6726660340205,0,20241204.63662267,0.0,6993587.42,0,0,0.0,14485.060800000001,0.0,6422778.821652367,129473.0,3575121.4595833328,0.0,0.0,300000.0,799872.910015174,429473.0,17791360.61125087,0.0,4276373.651227491,429473.0,22067734.26247836
261010,261-010,TRUCK TANGKI HINO 130 HD DA 9460 CI/DA 8987 CI 261-010,251772728,SUNGAI DANAU,Feb,2,TR,0.0,0.0,0,0.0,0.0,0.0,0,0,0.0,0.0,0.0,0.0,0.0,0.0,0.0,0.0,0.0,0.0,0.0,0.0,0.0,0.0,0.0,0.0
261011,261-011,TRUCK TANGKI HINO 130 HD DA 8606 CL 261-011,272724200,SUNGAI DANAU,Feb,2,TR,122.0,2039.6726660340205,14206951,20241204.63662267,3938752.0,6993587.42,0,0,0.0,14485.060800000001,0.0,6422778.821652367,974203.25,3332787.95117436,2840877.08,2840877.078125,105000.0,811606.986934712,7858832.33,20401638.257886436,2798865.84,4276373.651227491,10657698.17,24678011.90911393
261012,261-012,TRUCK TANGKI HINO 130 HD DA 8607 CL 261-012,273058794,SUNGAI DANAU,Feb,2,TR,98.0,2039.6726660340205,12235835,20241204.63662267,4096365.0,6993587.42,0,0,0.0,14485.060800000001,0.0,6422778.821652367,1884230.3,2324009.934,2844362.43,2844362.4322916665,105000.0,625258.6701410966,8929957.73,19209997.27808513,2410542.6,4276373.651227491,11340500.33,23486370.929312624
261013,261-013,TRUCK TANGKI HINO 130 HD DA 8597 CN 261-013,292654546,SUNGAI DANAU,Feb,2,TR,120.0,2039.6726660340205,11844121,20241204.63662267,3922201.0,6993587.42,0,0,0.0,14485.060800000001,0.0,6422778.821652367,795346.34,2324009.934,3048484.85,3048484.8489583335,405000.0,695663.1316583246,8171032.19,19484524.15626902,2333372.28,4276373.651227491,10504404.47,23760897.80749651
261014,261-014,TRUCK TANGKI HINO 130 HD DA 8598 CN 261-014,292654546,SUNGAI DANAU,Feb,2,TR,124.0,2039.6726660340205,11165940,20241204.63662267,3924496.0,6993587.42,0,0,0.0,14485.060800000001,0.0,6422778.821652367,2407003.85,2324009.934,3323484.85,3048484.8489583335,405000.0,695663.1316583246,10059984.7,19484524.15626902,2199766.02,4276373.651227491,12259750.72,23760897.80749651
261015,261-015,TRUCK TANGKI HINO 130 HD DA 8587 CQ 261-015,0,SUNGAI DANAU,Feb,2,TR,0.0,0.0,0,0.0,0.0,0.0,0,0,0.0,0.0,0.0,0.0,0.0,0.0,0.0,0.0,0.0,0.0,0.0,0.0,0.0,0.0,0.0,0.0
261016,261-016,TRUCK TANGKI HINO 130 HD DA 8234 CM 261-016,0,SUNGAI DANAU,Feb,2,TR,0.0,0.0,0,0.0,0.0,0.0,0,0,0.0,0.0,0.0,0.0,0.0,0.0,0.0,0.0,0.0,0.0,0.0,0.0,0.0,0.0,0.0,0.0
261017,261-017,TRUCK TANGKI HINO 130 HD DA 8027 CF 261-017,0,SUNGAI DANAU,Feb,2,TR,0.0,0.0,0,0.0,0.0,0.0,0,0,0.0,0.0,0.0,0.0,0.0,0.0,0.0,0.0,0.0,0.0,0.0,0.0,0.0,0.0,0.0,0.0
261019,261-019,TRUCK TANGKI HINO 130 HD DA 8137 CK 261-019,271454545,SUNGAI DANAU,Feb,2,TR,0.0,0.0,0,0.0,0.0,0.0,0,0,0.0,0.0,0.0,0.0,0.0,0.0,0.0,0.0,0.0,0.0,0.0,0.0,0.0,0.0,0.0,0.0
262003,262-003,TRUCK TANGKI HINO 130 HD DA 8569 CP 262-003,634129138,SUNGAI DANAU,Feb,2,TR,124.0,2651.5744658442263,23426170,20241204.63662267,4007449.0,6993587.42,135,0,13804.93,14485.060800000001,1863665.55,10668949.264855875,1893104.34,2842797.01145976,6605511.85,6605511.854166667,3499381.92,633640.1536550522,17869112.66,27744485.704137355,4615114.6,4276373.651227491,22484227.26,32020859.355364844
262004,262-004,TRUCK TANGKI HINO 130 HD DA 8567 CP 262-004,634129138,SUNGAI DANAU,Feb,2,TR,97.0,2651.5744658442263,25525534,20241204.63662267,3852342.0,6993587.42,0,0,0.0,14485.060800000001,0.0,10668949.264855875,2104453.27,2706259.8114597597,7386761.85,7386761.854166667,3479400.0,633640.1536550522,16822957.12,28389198.504137356,5028703.57,4276373.651227491,21851660.69,32665572.15536485
262005,262-005,TRUCK TANGKI HINO FG235 DA 8170 CR 262-005,634129137,SUNGAI DANAU,Feb,2,TR,74.0,2651.5744658442263,21280107,20241204.63662267,4018808.0,6993587.42,0,0,0.0,14485.060800000001,0.0,10668949.264855875,12666400.77,2706259.8114597597,6605511.84,6605511.84375,405000.0,633640.1536550522,23695720.61,27607948.493720688,4192325.61,4276373.651227491,27888046.22,31884322.144948177
262006,262-006,TRUCK TANGKI HINO FG 235 DA 8171 CR 262-006,634129137,SUNGAI DANAU,Feb,2,TR,99.0,2651.5744658442263,27330067,20241204.63662267,4233547.0,6993587.42,0,0,0.0,14485.060800000001,0.0,10668949.264855875,2351269.66,2672238.41270976,6605511.84,6605511.84375,105000.0,633640.1536550522,13295328.5,27573927.09497069,5384208.82,4276373.651227491,18679537.32,31850300.746198177
262007,262-007,TRUCK TANGKI HINO FG 235 DA 8342 JD 262-007,742644909,SUNGAI DANAU,Feb,2,TR,84.0,2651.5744658442263,24503035,20241204.63662267,4056997.0,6993587.42,0,0,0.0,14485.060800000001,0.0,10668949.264855875,1531686.77,2706259.8114597597,7735884.47,7735884.46875,105000.0,563235.6921378243,13429568.24,28667916.65720346,4827264.32,4276373.651227491,18256832.56,32944290.308430947
262008,262-008,TRUCK TANGKI HINO FG 235 DA 8343 JD 262-008,742644909,SUNGAI DANAU,Feb,2,TR,142.0,2651.5744658442263,27810300,20241204.63662267,4264517.0,6993587.42,98,0,13804.93,14485.060800000001,1352883.14,10668949.264855875,1686393.34,2707843.3614597595,7735884.47,7735884.46875,105000.0,563235.6921378243,15144677.95,28669500.207203455,5478817.99,4276373.651227491,20623495.94,32945873.858430944
262009,262-009,TRUCK TANGKI HINO FG 235 JK DA 8110 JI 262-009,735353097,SUNGAI DANAU,Feb,2,TR,164.0,2651.5744658442263,30023972,20241204.63662267,4415858.0,6993587.42,0,0,0.0,14485.060800000001,0.0,10668949.264855875,4478626.29,3178468.993751711,8534928.09,8534928.088958334,105000.0,563235.6921378243,17534412.38,29939169.459703743,5914926.41,4276373.651227491,23449338.79,34215543.11093123
262010,262-010,TRUCK TANGKI HINO FM 260 DA 8112 JI 262-010,735353097,SUNGAI DANAU,Feb,2,TR,119.0,2651.5744658442263,27525227,20241204.63662267,4531965.0,6993587.42,0,0,0.0,14485.060800000001,0.0,10668949.264855875,3334314.82,3149447.096951711,8534928.09,8534928.088958334,142000.0,541443.8350015393,16543207.91,29888355.70576746,5422656.67,4276373.651227491,21965864.58,34164729.35699495
262011,262-011,TRUCK TANGKI HINO FG260JK DA 8381 GB 262-011,869854319,SUNGAI DANAU,Feb,2,TR,78.0,2651.5744658442263,22001502,20241204.63662267,3946542.0,6993587.42,0,0,0.0,14485.060800000001,0.0,10668949.264855875,984930.05,3134519.3286896404,24162619.98,9060982.4934375,1584100.0,1207177.9119210774,30678192.03,31065216.41890409,4334445.33,4276373.651227491,35012637.36,35341590.07013158
271001,271-001,ARM ROLL HINO 130 HD DA 8590 CQ 271-001,444295945,SUNGAI DANAU,Feb,2,TR,1679.0,725.4254905714286,20482523,19375731.713593755,5058733.0,6993587.42,403,0,13804.93,14485.060800000001,5563386.79,2501864.8420945164,2490675.87,2194529.553416666,4628082.76,4628082.760416667,0.0,431227.32679302164,17740878.42,16749291.902720872,4035196.15,4276373.651227491,21776074.57,21025665.553948365
271002,271-002,ARM ROLL HINO 130 HD DA 8589 CQ 271-002,450156856,SUNGAI DANAU,Feb,2,TR,829.0,0.0,0,0.0,0.0,0.0,375,0,0.0,0.0,0.0,0.0,0.0,0.0,0.0,0.0,0.0,0.0,0.0,0.0,0.0,0.0,0.0,0.0
271003,271-003,ARM ROLL HINO 130 HD DA 8508 JG 271-003,502363636,SUNGAI DANAU,Feb,2,TR,1426.0,725.4254905714286,18114079,19375731.713593755,4604738.0,6993587.42,384,0,13804.93,14485.060800000001,5301093.12,2501864.8420945164,1869252.94,2185203.22475,5770667.63,5770667.635416667,3396536.96,431227.32679302164,20942288.65,17882550.449054208,3568596.59,4276373.651227491,24510885.24,22158924.1002817
271004,271-004,ARM ROLL HINO 130 HD DA 8337 JJ 271-004,537470252,SUNGAI DANAU,Feb,2,TR,1753.0,725.4254905714286,22682403,19375731.713593755,4762186.0,6993587.42,373,0,13804.93,14485.060800000001,5149238.89,2501864.8420945164,5241483.56,2185203.22475,5598648.46,5598648.458333333,0.0,431227.32679302164,20751556.91,17710531.27197087,4468587.45,4276373.651227491,25220144.36,21986904.923198365
213003,213-003,HYUNDAI IONIQ 5N,1309550000,SUNGAI DANAU,Feb,2,TR,0.0,1380.5858944855813,60000000,60000000.0,0.0,0.0,0,0,0.0,0.0,0.0,0.0,0.0,0.0,13641145.83,13641146.0,1359215.0,997250.0,15000360.83,14638396.0,11820407.52,4276373.651227491,26820768.35,18914769.65122749
211002,211-002,JEEP WRANGLER RUBICON B 2603 BJG 211-002,1810630631,SUNGAI DANAU,Mar,3,TR,0.0,0.0,0,0.0,0.0,0.0,0,0,0.0,0.0,0.0,0.0,0.0,0.0,0.0,0.0,0.0,0.0,0.0,0.0,0.0,0.0,0.0,0.0
211003,211-003,JEEP GLADIATOR RUBICON DC 3.6 DA 8047 JJ 211-003,2100900901,SUNGAI DANAU,Mar,3,TR,0.0,1615.9750647516275,90000000,90000000.0,0.0,0.0,0,0,0.0,0.0,0.0,0.0,0.0,0.0,21884384.39,22447121.89,512917.0,1852908.3333333333,22397301.39,24300030.223333333,16328359.74,6276017.058795928,38725661.13,30576047.28212926
211004,211-004,HYUNDAI PALISADE  S. AWD B 1356 HKS 211-004,1045840085,SUNGAI DANAU,Mar,3,TR,0.0,1615.9750647516275,50000000,50000000.0,0.0,0.0,0,0,0.0,0.0,0.0,0.0,0.0,0.0,10894167.55,11886537.360000001,992369.81,997250.0,11886537.36,12883787.360000001,9071310.97,6276017.058795928,20957848.33,19159804.41879593
211005,211-005,LEXUS RX450 SONIC CROME B 666 LUC 211-005,1751173656,SUNGAI DANAU,Mar,3,TR,0.0,1615.9750647516275,80000000,80000000.0,0.0,0.0,0,0,0.0,0.0,0.0,0.0,0.0,0.0,18241392.25,19869527.67,1628135.42,997250.0,19869527.67,20866777.67,14514097.55,6276017.058795928,34383625.22,27142794.72879593
211010,211-010,SUBARU FORESTER 2.01-S 211-010,596564102,SUNGAI DANAU,Mar,3,TR,0.0,1615.9750647516275,27000000,27000000.0,0.0,0.0,0,0,0.0,0.0,0.0,0.0,0.0,3000000.0,6214209.4,4740625.0,777750.0,458333.3333333333,6991959.4,8198958.333333333,4898507.92,6276017.058795928,11890467.32,14474975.392129261
211011,211-011,SUBARU FORESTER  ADV2.01-S 211-011,551564102,SUNGAI DANAU,Mar,3,TR,0.0,1615.9750647516275,27000000,27000000.0,0.0,0.0,0,0,0.0,0.0,0.0,0.0,0.0,3000000.0,5745459.4,4740625.0,541025.0,458333.3333333333,6286484.4,8198958.333333333,4898507.92,6276017.058795928,11184992.32,14474975.392129261
222016,222-016,MITSUBISHI TRITON DA 8827 JK 222-016,455100000,SUNGAI DANAU,Mar,3,TR,0.0,1615.9750647516275,27000000,27000000.0,0.0,0.0,0,0,0.0,0.0,0.0,0.0,0.0,0.0,4740625.0,4740625.0,635518.75,997250.0,5376143.75,5737875.0,4898507.92,6276017.058795928,10274651.67,12013892.058795929
231001,231-001,BUS HINO 130 MDBL DA 9577 CL/ DA 7219 CD 231-001,583909091,SUNGAI DANAU,Mar,3,TR,492.0,1615.9750647516275,39937380,40265600.0,9441960.0,10721387.42,0,0,0.0,14485.060800000001,0.0,0.0,550334.03,2861372.315,0.0,0.0,740100.14,1122170.0771953904,10732394.17,14704929.81219539,7245687.86,6276017.058795928,17978082.03,20980946.87099132
231002,231-002,BUS HINO 130 MDBL DA 9592 CL/ DA 7223 CD 231-002,583909091,SUNGAI DANAU,Mar,3,TR,322.0,2155.0667222186667,39937380,40265600.0,8395500.0,10721387.42,0,0,0.0,14485.060800000001,0.0,0.0,588169.95,2866035.4793333337,0.0,0.0,725000.0,1122170.0771953904,9708669.95,14709592.976528725,7245687.86,6276017.058795928,16954357.81,20985610.03532465
231003,231-003,BUS ISUZU MINI BUS F 7120 AB/DA 7026 TAJ 231-003,460145600,SUNGAI DANAU,Mar,3,TR,35.0,1615.9750647516275,31040270,31295300.0,9049123.0,10721387.42,0,0,0.0,14485.060800000001,0.0,0.0,9684755.36,2861372.315,4793183.33,4793183.333333333,0.0,1122170.0771953904,23527061.69,19498113.145528723,5631518.83,6276017.058795928,29158580.52,25774130.20432465
231004,231-004,BUS HINO 130 MDBL DA 7445 CD 231-004,708789027,SUNGAI DANAU,Mar,3,TR,711.0,1615.9750647516275,39937380,40265600.0,6049453.0,10721387.42,0,0,0.0,14485.060800000001,0.0,0.0,0.0,1853524.768833333,7383219.03,7383219.03125,457103.89,675883.5459719884,13889775.92,20634014.766055323,7245687.86,6276017.058795928,21135463.78,26910031.824851252
231005,231-005,BUS HINO 130 MDBL DA 8705 CO 231-005,913515450,SUNGAI DANAU,Mar,3,TR,354.0,1615.9750647516275,39937380,40265600.0,8273927.0,10721387.42,0,0,0.0,14485.060800000001,0.0,0.0,603406.76,1807841.42292236,25375429.17,25375429.166666668,0.0,675883.5459719884,34252762.93,38580541.55556102,7245687.86,6276017.058795928,41498450.79,44856558.61435695
241008,241-008,TRUCK HINO 130 HD DA 8587 CQ 241-008,317045945,SUNGAI DANAU,Mar,3,TR,0.0,1500.0,10012812,20000000.0,0.0,10721387.42,0,0,0.0,14485.060800000001,3240000.0,0.0,-468000.0,2490533.8021723595,3616811.93,3616811.9270833335,3624000.0,335008.25065104634,10012811.93,17163741.39990674,1816586.63,6276017.058795928,11829398.56,23439758.45870267
242004,242-004,TRUCK HINO 136 HDX 242-004,522000000,SUNGAI DANAU,Mar,3,TR,1065.0,1615.9750647516275,22514620,22699600.0,9811050.0,8484707.42,0,0,0.0,14485.060800000001,0.0,0.0,47458.01,1161281.18513232,14500000.0,14500000.0,0.0,779258.2506510464,24358508.01,24925246.855783366,4084742.39,6276017.058795928,28443250.4,31201263.914579295
242005,242-005,TRUCK HINO 136 HDX 242-005,522900000,SUNGAI DANAU,Mar,3,TR,465.0,1615.9750647516275,21614035,22699600.0,6361513.0,8484707.42,0,0,0.0,14485.060800000001,0.0,0.0,174714.22,957754.9050073201,14525000.0,14525000.0,0.0,444250.0,21061227.22,24411712.32500732,3921352.66,6276017.058795928,24982579.88,30687729.38380325
251001,251-001,DUMP TRUCK HINO 130 HD DA 9881 AW 251-001,0,SUNGAI DANAU,Mar,3,TR,0.0,0.0,0,0.0,0.0,0.0,0,0,0.0,0.0,0.0,0.0,0.0,0.0,0.0,0.0,0.0,0.0,0.0,0.0,0.0,0.0,0.0,0.0
251002,251-002,DUMP TRUCK HINO 130 HD DA 9660 AY 251-002,0,SUNGAI DANAU,Mar,3,TR,0.0,0.0,0,0.0,0.0,0.0,0,0,0.0,0.0,0.0,0.0,0.0,0.0,0.0,0.0,0.0,0.0,0.0,0.0,0.0,0.0,0.0,0.0
251003,251-003,DUMP TRUCK HINO 130 HD DA 9661 AY 251-003,0,SUNGAI DANAU,Mar,3,TR,0.0,0.0,0,0.0,0.0,0.0,0,0,0.0,0.0,0.0,0.0,0.0,0.0,0.0,0.0,0.0,0.0,0.0,0.0,0.0,0.0,0.0,0.0
251004,251-004,DUMP TRUCK HINO 130 HD DA 9165 AZ/DA 8953 CD 251-004,0,SUNGAI DANAU,Mar,3,TR,0.0,0.0,0,0.0,0.0,0.0,0,0,0.0,0.0,0.0,0.0,0.0,0.0,0.0,0.0,0.0,0.0,0.0,0.0,0.0,0.0,0.0,0.0
251005,251-005,DUMP TRUCK HINO 130 HD DA 8027 CF/ B 9853 BDG 251-005,0,SUNGAI DANAU,Mar,3,TR,0.0,0.0,0,0.0,0.0,0.0,0,0,0.0,0.0,0.0,0.0,0.0,0.0,0.0,0.0,0.0,0.0,0.0,0.0,0.0,0.0,0.0,0.0
251006,251-006,DUMP TRUCK HINO 130 HD DA 9706 AZ/DA 8570 CH 251-006,0,SUNGAI DANAU,Mar,3,TR,0.0,0.0,0,0.0,0.0,0.0,0,0,0.0,0.0,0.0,0.0,0.0,0.0,0.0,0.0,0.0,0.0,0.0,0.0,0.0,0.0,0.0,0.0
251007,251-007,DUMP TRUCK HINO 130 HD DA 9341 AO/DA 8902 CJ 251-007,0,SUNGAI DANAU,Mar,3,TR,0.0,0.0,0,0.0,0.0,0.0,0,0,0.0,0.0,0.0,0.0,0.0,0.0,0.0,0.0,0.0,0.0,0.0,0.0,0.0,0.0,0.0,0.0
251008,251-008,DUMP TRUCK HINO 130 HD DA 9342 AO/DA 8903 CJ 251-008,0,SUNGAI DANAU,Mar,3,TR,0.0,0.0,0,0.0,0.0,0.0,0,0,0.0,0.0,0.0,0.0,0.0,0.0,0.0,0.0,0.0,0.0,0.0,0.0,0.0,0.0,0.0,0.0
251009,251-009,DUMP TRUCK HINO 130 HD DA 9862 AO/DA 8981 CL 251-009,0,SUNGAI DANAU,Mar,3,TR,0.0,0.0,0,0.0,0.0,0.0,0,0,0.0,0.0,0.0,0.0,0.0,0.0,0.0,0.0,0.0,0.0,0.0,0.0,0.0,0.0,0.0,0.0
251010,251-010,DUMP TRUCK HINO 130 HD DA 9863 AO/DA 8980 CL 251-010,0,SUNGAI DANAU,Mar,3,TR,0.0,0.0,0,0.0,0.0,0.0,0,0,0.0,0.0,0.0,0.0,0.0,0.0,0.0,0.0,0.0,0.0,0.0,0.0,0.0,0.0,0.0,0.0
251011,251-011,DUMP TRUCK HINO 130 HD DA 9294 AQ 251-011,0,SUNGAI DANAU,Mar,3,TR,0.0,0.0,0,0.0,0.0,0.0,0,0,0.0,0.0,0.0,0.0,0.0,0.0,0.0,0.0,0.0,0.0,0.0,0.0,0.0,0.0,0.0,0.0
251012,251-012,DUMP TRUCK HINO 130 HD DA 9295 AQ 251-012,0,SUNGAI DANAU,Mar,3,TR,0.0,0.0,0,0.0,0.0,0.0,0,0,0.0,0.0,0.0,0.0,0.0,0.0,0.0,0.0,0.0,0.0,0.0,0.0,0.0,0.0,0.0,0.0
251013,251-013,DUMP TRUCK HINO 130 HD DA 9124 C 251-013,0,SUNGAI DANAU,Mar,3,TR,0.0,0.0,0,0.0,0.0,0.0,0,0,0.0,0.0,0.0,0.0,0.0,0.0,0.0,0.0,0.0,0.0,0.0,0.0,0.0,0.0,0.0,0.0
251014,251-014,DUMP TRUCK HINO 130 HD DA 9125 C 251-014,0,SUNGAI DANAU,Mar,3,TR,0.0,0.0,0,0.0,0.0,0.0,0,0,0.0,0.0,0.0,0.0,0.0,0.0,0.0,0.0,0.0,0.0,0.0,0.0,0.0,0.0,0.0,0.0
251015,251-015,DUMP TRUCK HINO 130 HD DA 9285 C 251-015,0,SUNGAI DANAU,Mar,3,TR,0.0,0.0,0,0.0,0.0,0.0,0,0,0.0,0.0,0.0,0.0,0.0,0.0,0.0,0.0,0.0,0.0,0.0,0.0,0.0,0.0,0.0,0.0
251016,251-016,DUMP TRUCK HINO 130 HD DA 9396 CC 251-016,0,SUNGAI DANAU,Mar,3,TR,0.0,0.0,0,0.0,0.0,0.0,0,0,0.0,0.0,0.0,0.0,0.0,0.0,0.0,0.0,0.0,0.0,0.0,0.0,0.0,0.0,0.0,0.0
251017,251-017,DUMP TRUCK HINO 130 HD DA 9397 CC 251-017,0,SUNGAI DANAU,Mar,3,TR,0.0,0.0,0,0.0,0.0,0.0,0,0,0.0,0.0,0.0,0.0,0.0,0.0,0.0,0.0,0.0,0.0,0.0,0.0,0.0,0.0,0.0,0.0
251018,251-018,DUMP TRUCK HINO 130 HD DA 9679 CF/DA 8708 CC 251-018,0,SUNGAI DANAU,Mar,3,TR,0.0,0.0,0,0.0,0.0,0.0,0,0,0.0,0.0,0.0,0.0,0.0,0.0,0.0,0.0,0.0,0.0,0.0,0.0,0.0,0.0,0.0,0.0
251019,251-019,DUMP TRUCK HINO 130 HD DA 9701 CF/DA 8707 CD 251-019,0,SUNGAI DANAU,Mar,3,TR,0.0,0.0,0,0.0,0.0,0.0,0,0,0.0,0.0,0.0,0.0,0.0,0.0,0.0,0.0,0.0,0.0,0.0,0.0,0.0,0.0,0.0,0.0
251020,251-020,DUMP TRUCK HINO 130 HD DA 9700 CF/DA 8706 CD 251-020,0,SUNGAI DANAU,Mar,3,TR,0.0,0.0,0,0.0,0.0,0.0,0,0,0.0,0.0,0.0,0.0,0.0,0.0,0.0,0.0,0.0,0.0,0.0,0.0,0.0,0.0,0.0,0.0
251021,251-021,DUMP TRUCK HINO 130 HD DA 9687 CC/DA 8707 CC 251-021,0,SUNGAI DANAU,Mar,3,TR,0.0,0.0,0,0.0,0.0,0.0,0,0,0.0,0.0,0.0,0.0,0.0,0.0,0.0,0.0,0.0,0.0,0.0,0.0,0.0,0.0,0.0,0.0
251022,251-022,DUMP TRUCK HINO 130 HD DA 9680 CF/DA 8708 CD 251-022,0,SUNGAI DANAU,Mar,3,TR,0.0,0.0,0,0.0,0.0,0.0,0,0,0.0,0.0,0.0,0.0,0.0,0.0,0.0,0.0,0.0,0.0,0.0,0.0,0.0,0.0,0.0,0.0
251023,251-023,DUMP TRUCK HINO 130 HD DA 9031 CI/DA 8137 CK 251-023,0,SUNGAI DANAU,Mar,3,TR,0.0,0.0,0,0.0,0.0,0.0,0,0,0.0,0.0,0.0,0.0,0.0,0.0,0.0,0.0,0.0,0.0,0.0,0.0,0.0,0.0,0.0,0.0
251024,251-024,DUMP TRUCK HINO 130 HD DA 9032 CI/DA 8138 CK 251-024,0,SUNGAI DANAU,Mar,3,TR,0.0,0.0,0,0.0,0.0,0.0,0,0,0.0,0.0,0.0,0.0,0.0,0.0,0.0,0.0,0.0,0.0,0.0,0.0,0.0,0.0,0.0,0.0
251025,251-025,DUMP TRUCK HINO 130 HD DA 9033 CI/DA 8135 CK 251-025,0,SUNGAI DANAU,Mar,3,TR,0.0,0.0,0,0.0,0.0,0.0,0,0,0.0,0.0,0.0,0.0,0.0,0.0,0.0,0.0,0.0,0.0,0.0,0.0,0.0,0.0,0.0,0.0
251026,251-026,DUMP TRUCK HINO 130 HD DA 9034 CI/DA 8140 CK 251-026,0,SUNGAI DANAU,Mar,3,TR,0.0,0.0,0,0.0,0.0,0.0,0,0,0.0,0.0,0.0,0.0,0.0,0.0,0.0,0.0,0.0,0.0,0.0,0.0,0.0,0.0,0.0,0.0
251027,251-027,DUMP TRUCK HINO 130 HD DA 9035 CI/DA 8139 CK 251-027,0,SUNGAI DANAU,Mar,3,TR,0.0,0.0,0,0.0,0.0,0.0,0,0,0.0,0.0,0.0,0.0,0.0,0.0,0.0,0.0,0.0,0.0,0.0,0.0,0.0,0.0,0.0,0.0
251028,251-028,DUMP TRUCK HINO 130 HD DA 9246 CJ/DA 8024 CS 251-028,0,SUNGAI DANAU,Mar,3,TR,0.0,0.0,0,0.0,0.0,0.0,0,0,0.0,0.0,0.0,0.0,0.0,0.0,0.0,0.0,0.0,0.0,0.0,0.0,0.0,0.0,0.0,0.0
251029,251-029,DUMP TRUCK HINO 130 HD DA 9248 CJ/DA 8021 CS 251-029,0,SUNGAI DANAU,Mar,3,TR,0.0,0.0,0,0.0,0.0,0.0,0,0,0.0,0.0,0.0,0.0,0.0,0.0,0.0,0.0,0.0,0.0,0.0,0.0,0.0,0.0,0.0,0.0
251030,251-030,DUMP TRUCK HINO 130 HD DA 9249 CJ 251-030,0,SUNGAI DANAU,Mar,3,TR,0.0,0.0,0,0.0,0.0,0.0,0,0,0.0,0.0,0.0,0.0,0.0,0.0,0.0,0.0,0.0,0.0,0.0,0.0,0.0,0.0,0.0,0.0
251031,251-031,DUMP TRUCK HINO 130 HD DA 9251- CJ 251-031,0,SUNGAI DANAU,Mar,3,TR,0.0,0.0,0,0.0,0.0,0.0,0,0,0.0,0.0,0.0,0.0,0.0,0.0,0.0,0.0,0.0,0.0,0.0,0.0,0.0,0.0,0.0,0.0
251032,251-032,DUMP TRUCK HINO 130 HD DA 9247 CJ/DA 8020 CS 251-032,0,SUNGAI DANAU,Mar,3,TR,0.0,0.0,0,0.0,0.0,0.0,0,0,0.0,0.0,0.0,0.0,0.0,0.0,0.0,0.0,0.0,0.0,0.0,0.0,0.0,0.0,0.0,0.0
251033,251-033,DUMP TRUCK HINO 130 HD DA 9250 CJ 251-033,0,SUNGAI DANAU,Mar,3,TR,0.0,0.0,0,0.0,0.0,0.0,0,0,0.0,0.0,0.0,0.0,0.0,0.0,0.0,0.0,0.0,0.0,0.0,0.0,0.0,0.0,0.0,0.0
251034,251-034,DUMP TRUCK HINO 130 HD DA 8206 CF 251-034,303363637,SUNGAI DANAU,Mar,3,TR,1744.0,1200.0,28101619,53644485.33754896,7146222.0,10721387.42,471,0,15095.07,14485.060800000001,7109777.97,4456941.784615385,1587978.49,3606310.2334499992,0.0,0.0,670000.0,1101830.9890064185,16513978.46,19886470.427071802,5098370.49,6276017.058795928,21612348.95,26162487.48586773
251035,251-035,DUMP TRUCK HINO 130 HD DA 8207 CF 251-035,303363637,SUNGAI DANAU,Mar,3,TR,928.0,1200.0,15295881,21481238.306982644,8039960.0,10721387.42,229,0,15095.07,14485.060800000001,3456771.03,4456941.784615385,40061958.68,3592382.433449999,0.0,0.0,0.0,1024385.9993637949,51558689.71,19795097.637429178,2775073.86,6276017.058795928,54333763.57,26071114.696225107
251036,251-036,DUMP TRUCK HINO 130 HD DA 8209 CF 251-036,303363637,SUNGAI DANAU,Mar,3,TR,1454.0,1200.0,28292917,53644485.33754896,8569622.0,10721387.42,367,0,15095.07,14485.060800000001,5539890.69,4456941.784615385,2737749.56,3833574.3331083325,0.0,0.0,1325000.0,1323800.8456841405,18172262.25,20335704.383407857,5133076.97,6276017.058795928,23305339.22,26611721.442203786
251037,251-037,DUMP TRUCK HINO 130 HD DA 8674 CO 251-037,319664981,SUNGAI DANAU,Mar,3,TR,1603.0,1200.0,28375792,53644485.33754896,8675402.0,10721387.42,467,0,15095.07,14485.060800000001,7049397.69,4456941.784615385,1255964.37,3741838.298274999,3329843.55,3329843.553854167,675000.0,1088336.7862656584,20985607.61,23338347.84301021,5148112.66,6276017.058795928,26133720.27,29614364.90180614
251038,251-038,DUMP TRUCK HINO 130 HD DA 8675 CO 251-038,319664981,SUNGAI DANAU,Mar,3,TR,1574.0,1200.0,25849189,53644485.33754896,8516975.0,10721387.42,402,0,15095.07,14485.060800000001,6068218.14,4456941.784615385,8370191.22,3741838.298274999,3329843.55,3329843.553854167,675000.0,1162261.5491063446,26960227.91,23412272.605850894,4689720.63,6276017.058795928,31649948.54,29688289.664646823
251039,251-039,DUMP TRUCK HINO 130 HD DA 8678 CO 251-039,319664981,SUNGAI DANAU,Mar,3,TR,1547.0,0.0,30449554,21481238.306982644,8784142.0,10721387.42,352,0,15095.07,14485.060800000001,5313464.64,0.0,1915221.54,3741838.298274999,3329843.55,3329843.553854167,897018.87,1162261.5491063446,20239690.6,18955330.82123551,5524347.46,6276017.058795928,25764038.06,25231347.88003144
251040,251-040,DUMP TRUCK HINO 130 HD DA 8679 CO 251-040,319664981,SUNGAI DANAU,Mar,3,TR,1213.0,1200.0,19760832,21481238.306982644,8161671.0,10721387.42,299,0,15095.07,14485.060800000001,4513425.93,4456941.784615385,702925.32,3705673.3232749994,3329843.55,3329843.553854167,1325000.0,1047267.4735763883,18032865.8,23261113.55532094,3585133.04,6276017.058795928,21617998.84,29537130.61411687
251041,251-041,DUMP TRUCK HINO 130 HD DA 8680 CO 251-041,319664981,SUNGAI DANAU,Mar,3,TR,1938.0,1200.0,32096751,21481238.306982644,8773557.0,10721387.42,478,0,15095.07,14485.060800000001,7215443.46,4456941.784615385,6577374.24,3741838.298274999,3329843.55,3329843.553854167,0.0,1219758.5868713227,25896218.25,23469769.64361587,5823192.19,6276017.058795928,31719410.44,29745786.7024118
251042,251-042,DUMP TRUCK HINO 130 HD DA 8681 CO 251-042,319664981,SUNGAI DANAU,Mar,3,TR,1684.0,1200.0,28309988,21481238.306982644,8707695.0,10721387.42,403,0,15095.07,14485.060800000001,6083313.21,4456941.784615385,4799117.06,3741838.298274999,3329843.55,3329843.553854167,52018.87,1219758.5868713227,22971987.69,23469769.64361587,5136174.09,6276017.058795928,28108161.78,29745786.7024118
251043,251-043,DUMP TRUCK HINO 130 HD DA 8570 CP 251-043,0,SUNGAI DANAU,Mar,3,TR,0.0,0.0,0,0.0,0.0,0.0,0,0,0.0,14485.060800000001,0.0,0.0,0.0,0.0,0.0,0.0,0.0,0.0,0.0,0.0,0.0,0.0,0.0,0.0
251044,251-044,DUMP TRUCK HINO 130HD DA 8571 CP 251-044,320742425,SUNGAI DANAU,Mar,3,TR,1754.0,1200.0,29091548,53644485.33754896,8832485.0,10721387.42,419,0,15095.07,14485.060800000001,6324834.33,4456941.784615385,924641.35,3741838.298274999,3341066.93,3341066.9270833335,1377018.87,1258089.9453813082,20800046.48,23519324.375355024,5277969.57,6276017.058795928,26078016.05,29795341.434150953
251045,251-045,DUMP TRUCK HINO 130 HD DA 8643 CQ 251-045,315888441,SUNGAI DANAU,Mar,3,TR,1604.0,1200.0,24064445,27782369.25938833,8379610.0,10721387.42,369,0,15095.07,14485.060800000001,5570080.83,4456941.784615385,4675704.44,3741838.298274999,3290504.59,3290504.59375,4138200.0,6576758.586871322,26054099.86,28787430.683511704,4365921.28,6276017.058795928,30420021.14,35063447.74230763
251046,251-046,DUMP TRUCK HINO 130 HD DA 8642 CQ 251-046,315888441,SUNGAI DANAU,Mar,3,TR,1310.0,1200.0,25824353,21481238.306982644,8362587.0,10721387.42,331,0,15095.07,14485.060800000001,4996468.17,4456941.784615385,205844.93,3741838.298274999,3290504.59,3290504.59375,4138200.0,6576758.586871322,20993604.69,28787430.683511704,4685214.73,6276017.058795928,25678819.42,35063447.74230763
251047,251-047,DUMP TRUCK HINO 130 HD DA 8923 CV 251-047,349692273,SUNGAI DANAU,Mar,3,TR,1432.0,1200.0,26949082,21481238.306982644,8436056.0,10721387.42,343,0,15095.07,14485.060800000001,5177609.01,4456941.784615385,707810.11,3741838.298274999,3642627.84,3642627.84375,650000.0,1162261.5491063446,18614102.96,23725056.895746727,4889270.06,6276017.058795928,23503373.02,30001073.954542655
251048,251-048,DUMP TRUCK HINO 130 HD DA 8921 CV 251-048,349692273,SUNGAI DANAU,Mar,3,TR,1559.0,1200.0,36505660,21481238.306982644,6516987.0,10721387.42,444,0,15095.07,14485.060800000001,6702211.08,4456941.784615385,2532270.53,3705673.3232749994,3642627.84,3642627.84375,1325000.0,1047267.4735763883,20719096.45,23573897.845216773,6623083.88,6276017.058795928,27342180.33,29849914.904012702
251049,251-049,DUMP TRUCK HINO 130 HD DA 8924 CV 251-049,352419546,SUNGAI DANAU,Mar,3,TR,2030.0,1200.0,33152816,21481238.306982644,9097548.0,10721387.42,442,0,15095.07,14485.060800000001,6672020.94,4456941.784615385,143267.31,3540872.1482749996,3671036.94,3671036.9375,650000.0,1162261.5491063446,20233873.19,23552499.839496728,6014790.07,6276017.058795928,26248663.26,29828516.898292657
251050,251-050,DUMP TRUCK HINO 130 HD DA 8925 CV 251-050,352419545,SUNGAI DANAU,Mar,3,TR,1664.0,1200.0,25877525,21481238.306982644,8593237.0,10721387.42,410,0,15095.07,14485.060800000001,6188978.7,4456941.784615385,8064176.32,3207289.9699499994,3671036.93,3671036.9270833335,52018.87,996224.1849482954,26569447.82,23052880.28659701,4694861.53,6276017.058795928,31264309.35,29328897.34539294
251051,251-051,DUMP TRUCK HINO 130 HD DA 8012 CZ 251-051,342218546,SUNGAI DANAU,Mar,3,TR,1562.0,1200.0,24861068,21481238.306982644,8490491.0,10721387.42,354,0,15095.07,14485.060800000001,5343654.78,4456941.784615385,2598030.19,3207289.9699499994,3564776.52,3564776.5208333335,0.0,996224.1849482954,19996952.49,22946619.88034701,4510449.58,6276017.058795928,24507402.07,29222636.93914294
251052,251-052,DUMP TRUCK HINO 130 HD DA 8013 CZ 251-052,342218546,SUNGAI DANAU,Mar,3,TR,1523.0,1200.0,26750929,21481238.306982644,8669402.0,10721387.42,387,0,15095.07,14485.060800000001,5841792.09,4456941.784615385,5844496.74,3207289.9699499994,3564776.52,3564776.5208333335,650000.0,996224.1849482954,24570467.35,22946619.88034701,4853319.91,6276017.058795928,29423787.26,29222636.93914294
251053,251-053,DUMP TRUCK HINO 130 HD DA 8014 CZ 251-053,342218546,SUNGAI DANAU,Mar,3,TR,1115.0,1200.0,17757801,53644485.33754896,8221212.0,10721387.42,331,0,15095.07,14485.060800000001,4996468.17,4456941.784615385,18094522.66,2892749.2362083327,3564776.52,3564776.5208333335,0.0,905480.5607205748,34876979.35,22541335.522377625,3221730.7,6276017.058795928,38098710.05,28817352.581173554
251054,251-054,DUMP TRUCK HINO 130 HD DA 8016 CZ 251-054,342218545,SUNGAI DANAU,Mar,3,TR,1664.0,1200.0,24003241,27782369.25938833,8271887.0,10721387.42,431,0,15095.07,14485.060800000001,6505975.17,4456941.784615385,4866988.33,2234311.87424388,3564776.51,3564776.5104166665,650000.0,930513.2846454632,23859627.01,21907930.873921398,4354817.27,6276017.058795928,28214444.28,28183947.932717327
251055,251-055,DUMP TRUCK HINO 130 HD DA 8015 CZ 251-055,342338545,SUNGAI DANAU,Mar,3,TR,2100.0,1200.0,30530415,27782369.25938833,8792447.0,10721387.42,476,0,15095.07,14485.060800000001,7185253.32,4456941.784615385,676987.89,2234311.87424388,3566026.51,3566026.5104166665,650000.0,930513.2846454632,20870714.72,21909180.873921398,5539017.77,6276017.058795928,26409732.49,28185197.932717327
251056,251-056,DUMP TRUCK HINO 130 HD 25-85 251-056,416237315,SUNGAI DANAU,Mar,3,TR,2546.0,1200.0,41105390,21481238.306982644,9547029.0,10721387.42,520,0,15095.07,14485.060800000001,7849436.4,4456941.784615385,791110.06,2002098.0764285715,4335805.36,4335805.364583333,809981.92,744779.4133813353,23333362.74,22261012.05900862,7457595.5,6276017.058795928,30790958.24,28537029.11780455
251057,251-057,DUMP TRUCK HINO 130 HD 25-86 251-057,416237315,SUNGAI DANAU,Mar,3,TR,2069.0,1200.0,28850601,21481238.306982644,8611133.0,10721387.42,459,0,15095.07,14485.060800000001,6928637.13,4456941.784615385,5803074.19,1515514.1655,4335805.36,4335805.364583333,650000.0,549155.3811022406,26328649.68,21578804.115800958,5234255.47,6276017.058795928,31562905.15,27854821.174596887
251058,251-058,DUMP TRUCK HINO 130HD 251-058,416237315,SUNGAI DANAU,Mar,3,TR,2057.0,0.0,0,0.0,0.0,0.0,726,0,0.0,0.0,0.0,0.0,0.0,0.0,0.0,0.0,0.0,0.0,0.0,0.0,0.0,0.0,0.0,0.0
251059,251-059,DUMP TRUCK HINO 130HD DA 8475 JJ 251-059,520059549,SUNGAI DANAU,Mar,3,TR,1721.0,1000.0,30772700,30335760.0,9399735.0,10721387.42,0,0,0.0,14485.060800000001,0.0,0.0,695860.73,3441586.5925,5417286.97,5417286.972916666,881702.92,1022821.4541184895,16394585.62,20603082.439535156,5582974.62,6276017.058795928,21977560.24,26879099.498331085
251060,251-060,DUMP TRUCK HINO 130HD DA 8476 JJ 251-060,520059549,SUNGAI DANAU,Mar,3,TR,1558.0,1200.0,28683479,53644485.33754896,8543634.0,10721387.42,397,0,15095.07,14485.060800000001,5992742.79,4456941.784615385,1011981.72,3441586.5925,5417286.97,5417286.972916666,881684.84,1022821.4541184895,21847330.32,25060024.224150542,5203935.15,6276017.058795928,27051265.47,31336041.28294647
251061,251-061,DUMP TRUCK HINO 136 HDX DA 8707 JL 251-061,556170066,SUNGAI DANAU,Mar,3,TR,2070.0,0.0,0,0.0,0.0,0.0,785,0,0.0,0.0,0.0,0.0,0.0,0.0,0.0,0.0,0.0,0.0,0.0,0.0,0.0,0.0,0.0,0.0
251063,251-063,DUMPTRUCK 136 HDX 251-063,607312672,SUNGAI DANAU,Mar,3,TR,2312.0,1200.0,40150207,53644485.33754896,9284350.0,10721387.42,531,0,15095.07,14485.060800000001,8015482.17,4456941.784615385,800000.0,457467.0633333333,16869796.44,4335805.364583333,52018.87,780627.2277406887,35021647.48,20752228.86027274,7284300.26,6276017.058795928,42305947.74,27028245.919068668
251064,251-064,DUMPTRUCK HINO 136 HDX 251-064,607312672,SUNGAI DANAU,Mar,3,TR,1606.0,1200.0,28859329,21481238.306982644,9451767.0,10721387.42,350,0,15095.07,14485.060800000001,5283274.5,4456941.784615385,333406.34,457467.0633333333,16869796.44,4335805.364583333,52018.87,710222.6917019399,31990263.15,20681824.32423399,5235838.95,6276017.058795928,37226102.1,26957841.38302992
261001,261-001,TRUCK TANGKI TOYOTA DYNA DA 9457 C 261-001,0,SUNGAI DANAU,Mar,3,TR,0.0,0.0,0,0.0,0.0,0.0,0,0,0.0,0.0,0.0,0.0,0.0,0.0,0.0,0.0,0.0,0.0,0.0,0.0,0.0,0.0,0.0,0.0
261002,261-002,TRUCK TANGKI HINO DUTRO DA 9464 C 261-002,0,SUNGAI DANAU,Mar,3,TR,0.0,0.0,0,0.0,0.0,0.0,0,0,0.0,0.0,0.0,0.0,0.0,0.0,0.0,0.0,0.0,0.0,0.0,0.0,0.0,0.0,0.0,0.0
261003,261-003,TRUCK TANGKI HINO DUTRO DA 9091 CF 261-003,0,SUNGAI DANAU,Mar,3,TR,0.0,0.0,0,0.0,0.0,0.0,0,0,0.0,0.0,0.0,0.0,0.0,0.0,0.0,0.0,0.0,0.0,0.0,0.0,0.0,0.0,0.0,0.0
261004,261-004,TRUCK TANGKI HINO 130HD DA 9626 CC/DA 8026 JG 261-004,0,SUNGAI DANAU,Mar,3,TR,0.0,0.0,0,0.0,0.0,0.0,0,0,0.0,0.0,0.0,0.0,0.0,0.0,0.0,0.0,0.0,0.0,0.0,0.0,0.0,0.0,0.0,0.0
261005,261-005,TRUCK TANGKI HINO DUTRO DA 9117 CF 261-005,0,SUNGAI DANAU,Mar,3,TR,0.0,0.0,0,0.0,0.0,0.0,0,0,0.0,0.0,0.0,0.0,0.0,0.0,0.0,0.0,0.0,0.0,0.0,0.0,0.0,0.0,0.0,0.0
261006,261-006,TRUCK TANGKI HINO DUTRO DA 9118 CF 261-006,0,SUNGAI DANAU,Mar,3,TR,0.0,0.0,0,0.0,0.0,0.0,0,0,0.0,0.0,0.0,0.0,0.0,0.0,0.0,0.0,0.0,0.0,0.0,0.0,0.0,0.0,0.0,0.0
261007,261-007,TRUCK TANGKI HINO 130 HD DA 9526 CI/DA 8013 CM 261-007,251772728,SUNGAI DANAU,Mar,3,TR,242.0,2039.6726660340205,0,24177154.789890666,0.0,10721387.42,0,0,0.0,14485.060800000001,0.0,6422778.821652367,0.0,2255917.163,0.0,0.0,0.0,894137.6076921098,0.0,20294221.012344476,0.0,6276017.058795928,0.0,26570238.071140405
261008,261-008,TRUCK TANGKI HINO 130 HD DA 9524 CI/DA 8014 CM 261-008,251772728,SUNGAI DANAU,Mar,3,TR,0.0,0.0,0,0.0,0.0,0.0,0,0,0.0,0.0,0.0,0.0,0.0,0.0,0.0,0.0,0.0,0.0,0.0,0.0,0.0,0.0,0.0,0.0
261009,261-009,TRUCK TANGKI HINO 130 HD DA 9458 CI/DA 8012 CM 261-009,251772728,SUNGAI DANAU,Mar,3,TR,0.0,2039.6726660340205,0,24177154.789890666,0.0,10721387.42,0,0,0.0,14485.060800000001,0.0,6422778.821652367,1245223.68,3575121.4595833328,0.0,0.0,825000.0,1119823.2593274321,2070223.68,21839110.96056313,0.0,6276017.058795928,2070223.68,28115128.01935906
261010,261-010,TRUCK TANGKI HINO 130 HD DA 9460 CI/DA 8987 CI 261-010,251772728,SUNGAI DANAU,Mar,3,TR,0.0,0.0,0,0.0,0.0,0.0,0,0,0.0,0.0,0.0,0.0,0.0,0.0,0.0,0.0,975000.0,0.0,975000.0,0.0,0.0,0.0,975000.0,0.0
261011,261-011,TRUCK TANGKI HINO 130 HD DA 8606 CL 261-011,272724200,SUNGAI DANAU,Mar,3,TR,1579.0,2039.6726660340205,12268053,24177154.789890666,8702803.0,10721387.42,315,0,15095.07,14485.060800000001,4754947.05,6422778.821652367,2589208.9,3332787.95117436,2840877.08,2840877.078125,930000.0,1136250.9844031401,19817836.03,24454082.255354866,2225746.47,6276017.058795928,22043582.5,30730099.314150795
261012,261-012,TRUCK TANGKI HINO 130 HD DA 8607 CL 261-012,273058794,SUNGAI DANAU,Mar,3,TR,1919.0,2039.6726660340205,16202041,24177154.789890666,9070371.0,10721387.42,342,0,15095.07,14485.060800000001,5162513.94,6422778.821652367,5879171.18,2324009.934,2844362.43,2844362.4322916665,930000.0,875363.0647484433,23886418.55,23187901.672692478,2939475.04,6276017.058795928,26825893.59,29463918.731488407
261013,261-013,TRUCK TANGKI HINO 130 HD DA 8597 CN 261-013,292654546,SUNGAI DANAU,Mar,3,TR,1351.0,2039.6726660340205,15325400,24177154.789890666,8788478.0,10721387.42,352,0,15095.07,14485.060800000001,5313464.64,6422778.821652367,1825093.11,2324009.934,3048484.85,3048484.8489583335,105000.0,973929.4152026917,19080520.6,23490590.43981339,2780429.38,6276017.058795928,21860949.98,29766607.49860932
261014,261-014,TRUCK TANGKI HINO 130 HD DA 8598 CN 261-014,292654546,SUNGAI DANAU,Mar,3,TR,1568.0,2039.6726660340205,16124008,24177154.789890666,8754891.0,10721387.42,302,0,15095.07,14485.060800000001,4558711.14,6422778.821652367,4843022.43,2324009.934,3323484.85,3048484.8489583335,105000.0,973929.4152026917,21585109.42,23490590.43981339,2925317.81,6276017.058795928,24510427.23,29766607.49860932
261015,261-015,TRUCK TANGKI HINO 130 HD DA 8587 CQ 261-015,0,SUNGAI DANAU,Mar,3,TR,0.0,0.0,0,0.0,0.0,0.0,0,0,0.0,0.0,0.0,0.0,0.0,0.0,0.0,0.0,0.0,0.0,0.0,0.0,0.0,0.0,0.0,0.0
261016,261-016,TRUCK TANGKI HINO 130 HD DA 8234 CM 261-016,0,SUNGAI DANAU,Mar,3,TR,0.0,0.0,0,0.0,0.0,0.0,0,0,0.0,0.0,0.0,0.0,0.0,0.0,0.0,0.0,0.0,0.0,0.0,0.0,0.0,0.0,0.0,0.0
261017,261-017,TRUCK TANGKI HINO 130 HD DA 8027 CF 261-017,0,SUNGAI DANAU,Mar,3,TR,0.0,0.0,0,0.0,0.0,0.0,0,0,0.0,0.0,0.0,0.0,0.0,0.0,0.0,0.0,0.0,0.0,0.0,0.0,0.0,0.0,0.0,0.0
261019,261-019,TRUCK TANGKI HINO 130 HD DA 8137 CK 261-019,271454545,SUNGAI DANAU,Mar,3,TR,0.0,0.0,0,0.0,0.0,0.0,0,0,0.0,0.0,0.0,0.0,0.0,0.0,0.0,0.0,0.0,0.0,0.0,0.0,0.0,0.0,0.0,0.0
262003,262-003,TRUCK TANGKI HINO 130 HD DA 8569 CP 262-003,634129138,SUNGAI DANAU,Mar,3,TR,1840.0,2651.5744658442263,24641556,24177154.789890666,9524840.0,10721387.42,684,0,15095.07,14485.060800000001,10325027.88,10668949.264855875,4170683.48,2842797.01145976,6605511.85,6605511.854166667,930000.0,887097.1540882348,31556063.21,31725742.70457054,4470624.34,6276017.058795928,36026687.55,38001759.76336647
262004,262-004,TRUCK TANGKI HINO 130 HD DA 8567 CP 262-004,634129138,SUNGAI DANAU,Mar,3,TR,1622.0,2651.5744658442263,28066572,24177154.789890666,9614698.0,10721387.42,476,0,15095.07,14485.060800000001,7185253.32,10668949.264855875,128183.87,2706259.8114597597,7386761.85,7386761.854166667,962036.95,887097.1540882348,25276933.99,32370455.50457054,5092012.05,6276017.058795928,30368946.04,38646472.563366465
262005,262-005,TRUCK TANGKI HINO FG235 DA 8170 CR 262-005,634129137,SUNGAI DANAU,Mar,3,TR,1574.0,2651.5744658442263,23565966,24177154.789890666,9397665.0,10721387.42,522,0,15095.07,14485.060800000001,7879626.54,10668949.264855875,535117.05,2706259.8114597597,6605511.84,6605511.84375,105000.0,7180097.1540882345,24522920.43,37882205.49415387,4275484.12,6276017.058795928,28798404.55,44158222.5529498
262006,262-006,TRUCK TANGKI HINO FG 235 DA 8171 CR 262-006,634129137,SUNGAI DANAU,Mar,3,TR,1669.0,2651.5744658442263,26680959,24177154.789890666,9659096.0,10721387.42,513,0,15095.07,14485.060800000001,7743770.91,10668949.264855875,4414968.4,2672238.41270976,6605511.84,6605511.84375,105000.0,7180097.1540882345,28528347.15,37848184.09540387,4840625.52,6276017.058795928,33368972.67,44124201.1541998
262007,262-007,TRUCK TANGKI HINO FG 235 DA 8342 JD 262-007,742644909,SUNGAI DANAU,Mar,3,TR,1860.0,2651.5744658442263,33530288,24177154.789890666,10166455.0,10721387.42,622,0,15095.07,14485.060800000001,9389133.54,10668949.264855875,2528606.42,2706259.8114597597,7735884.47,7735884.46875,201018.87,788530.8036339865,30021098.3,32621011.768699624,6083273.39,6276017.058795928,36104371.69,38897028.82749555
262008,262-008,TRUCK TANGKI HINO FG 235 DA 8343 JD 262-008,742644909,SUNGAI DANAU,Mar,3,TR,1775.0,2651.5744658442263,30386472,24177154.789890666,9982441.0,10721387.42,583,0,15095.07,14485.060800000001,8800425.81,10668949.264855875,941267.39,2707843.3614597595,7735884.47,7735884.46875,105000.0,788530.8036339865,27565018.67,32622595.31869962,5512902.73,6276017.058795928,33077921.4,38898612.37749555
262009,262-009,TRUCK TANGKI HINO FG 235 JK DA 8110 JI 262-009,735353097,SUNGAI DANAU,Mar,3,TR,2056.0,2651.5744658442263,34630483,24177154.789890666,10250858.0,10721387.42,758,0,15095.07,14485.060800000001,11442063.06,10668949.264855875,1928715.17,3178468.993751711,8534928.09,8534928.088958334,4641400.0,8636530.803633986,36797964.32,41740264.57119991,6282877.61,6276017.058795928,43080841.93,48016281.62999584
262010,262-010,TRUCK TANGKI HINO FM 260 DA 8112 JI 262-010,735353097,SUNGAI DANAU,Mar,3,TR,1682.0,2651.5744658442263,30177681,24177154.789890666,10148244.0,10721387.42,581,0,15095.07,14485.060800000001,8770235.67,10668949.264855875,3148886.13,3149447.096951711,8534928.09,8534928.088958334,4641400.0,8606022.17135053,35243693.89,41680734.04211645,5475022.57,6276017.058795928,40718716.46,47956751.10091238
262011,262-011,TRUCK TANGKI HINO FG260JK DA 8381 GB 262-011,869854319,SUNGAI DANAU,Mar,3,TR,1801.0,2651.5744658442263,24877764,24177154.789890666,9472175.0,10721387.42,569,0,15095.07,14485.060800000001,8589094.83,10668949.264855875,1315412.71,3134519.3286896404,24162619.98,9060982.4934375,1547100.0,1428449.8964262367,45086402.52,35014288.40340925,4513478.67,6276017.058795928,49599881.19,41290305.46220518
271001,271-001,ARM ROLL HINO 130 HD DA 8590 CQ 271-001,444295945,SUNGAI DANAU,Mar,3,TR,1126.0,910.0792491750001,12759307,21481238.306982644,8045778.04,10721387.42,277,0,15095.07,14485.060800000001,4181334.39,3138703.1564567205,7806604.69,2194529.553416666,4628082.76,4628082.760416667,3535218.87,5960718.896532271,28197018.75,26643421.786822323,2314872.83,6276017.058795928,30511891.58,32919438.84561825
271002,271-002,ARM ROLL HINO 130 HD DA 8589 CQ 271-002,450156856,SUNGAI DANAU,Mar,3,TR,0.0,0.0,0,0.0,0.0,0.0,0,0,0.0,0.0,0.0,0.0,0.0,0.0,0.0,0.0,0.0,0.0,0.0,0.0,0.0,0.0,0.0,0.0
271003,271-003,ARM ROLL HINO 130 HD DA 8508 JG 271-003,502363636,SUNGAI DANAU,Mar,3,TR,1438.0,910.0792491750001,21060670,21481238.306982644,8525692.0,10721387.42,405,0,15095.07,14485.060800000001,6113503.35,3138703.1564567205,1927420.43,2185203.22475,5770667.63,5770667.635416667,675000.0,603718.8965322708,23012283.41,22419680.333155658,3820957.74,6276017.058795928,26833241.15,28695697.391951587
271004,271-004,ARM ROLL HINO 130 HD DA 8337 JJ 271-004,537470252,SUNGAI DANAU,Mar,3,TR,1797.0,910.0792491750001,24214009,21481238.306982644,8525788.0,10721387.42,455,0,15095.07,14485.060800000001,6868256.85,3138703.1564567205,7467041.65,2185203.22475,5598648.46,5598648.458333333,0.0,603718.8965322708,28459734.96,22247661.156072322,4393056.11,6276017.058795928,32852791.07,28523678.21486825
213003,213-003,HYUNDAI IONIQ 5N,1309550000,SUNGAI DANAU,Mar,3,TR,0.0,1615.9750647516275,60000000,60000000.0,0.0,0.0,0,0,0.0,0.0,0.0,0.0,0.0,0.0,13641145.83,13641146.0,1359215.0,997250.0,15000360.83,14638396.0,10885573.16,6276017.058795928,25885933.99,20914413.05879593
211002,211-002,JEEP WRANGLER RUBICON B 2603 BJG 211-002,1810630631,SUNGAI DANAU,Apr,4,TR,0.0,0.0,0,0.0,0.0,0.0,0,0,0.0,0.0,0.0,0.0,0.0,0.0,0.0,0.0,0.0,0.0,0.0,0.0,0.0,0.0,0.0,0.0
211003,211-003,JEEP GLADIATOR RUBICON DC 3.6 DA 8047 JJ 211-003,2100900901,SUNGAI DANAU,Apr,4,TR,0.0,1851.3642393934888,90000000,90000000.0,0.0,0.0,0,0,0.0,0.0,0.0,0.0,0.0,0.0,21884384.39,22447121.89,512917.0,1852908.3333333333,22397301.39,24300030.223333333,8340962.66,4347963.238071268,30738264.05,28647993.4614046
211004,211-004,HYUNDAI PALISADE  S. AWD B 1356 HKS 211-004,1045840085,SUNGAI DANAU,Apr,4,TR,0.0,1851.3642393934888,50000000,50000000.0,0.0,0.0,0,0,0.0,0.0,0.0,0.0,0.0,0.0,10894167.55,11886537.360000001,992369.81,997250.0,11886537.36,12883787.360000001,4633868.14,4347963.238071268,16520405.5,17231750.59807127
211005,211-005,LEXUS RX450 SONIC CROME B 666 LUC 211-005,1751173656,SUNGAI DANAU,Apr,4,TR,0.0,1851.3642393934888,80000000,80000000.0,0.0,0.0,0,0,0.0,0.0,0.0,0.0,0.0,0.0,18241392.25,19869527.67,1628135.42,997250.0,19869527.67,20866777.67,7414189.03,4347963.238071268,27283716.7,25214740.908071272
211010,211-010,SUBARU FORESTER 2.01-S 211-010,596564102,SUNGAI DANAU,Apr,4,TR,0.0,1851.3642393934888,27000000,27000000.0,0.0,0.0,0,0,0.0,0.0,0.0,0.0,0.0,3000000.0,6214209.4,4740625.0,777750.0,458333.3333333333,6991959.4,8198958.333333333,2502288.8,4347963.238071268,9494248.2,12546921.571404602
211011,211-011,SUBARU FORESTER  ADV2.01-S 211-011,551564102,SUNGAI DANAU,Apr,4,TR,0.0,1851.3642393934888,27000000,27000000.0,0.0,0.0,0,0,0.0,0.0,0.0,0.0,0.0,3000000.0,5745459.4,4740625.0,541025.0,458333.3333333333,6286484.4,8198958.333333333,2502288.8,4347963.238071268,8788773.2,12546921.571404602
222016,222-016,MITSUBISHI TRITON DA 8827 JK 222-016,455100000,SUNGAI DANAU,Apr,4,TR,0.0,1851.3642393934888,27000000,27000000.0,0.0,0.0,0,0,0.0,0.0,0.0,0.0,0.0,0.0,4740625.0,4740625.0,635518.75,997250.0,5376143.75,5737875.0,2502288.8,4347963.238071268,7878432.55,10085838.238071268
231001,231-001,BUS HINO 130 MDBL DA 9577 CL/ DA 7219 CD 231-001,583909091,SUNGAI DANAU,Apr,4,TR,1067.0,1851.3642393934888,39937380,40265600.0,6828530.0,6968587.42,0,0,0.0,14485.060800000001,0.0,0.0,1749375.88,2861372.315,0.0,0.0,397500.0,798613.3050519278,8975405.88,10628573.040051928,3701291.06,4347963.238071268,12676696.94,14976536.278123196
231002,231-002,BUS HINO 130 MDBL DA 9592 CL/ DA 7223 CD 231-002,583909091,SUNGAI DANAU,Apr,4,TR,631.0,2586.524213951999,39937380,40265600.0,5538650.0,6968587.42,0,0,0.0,14485.060800000001,0.0,0.0,73870.54,2866035.4793333337,0.0,0.0,397500.0,798613.3050519278,6010020.54,10633236.204385262,3701291.06,4347963.238071268,9711311.6,14981199.44245653
231003,231-003,BUS ISUZU MINI BUS F 7120 AB/DA 7026 TAJ 231-003,460145600,SUNGAI DANAU,Apr,4,TR,94.0,1851.3642393934888,31040270,31295300.0,6652140.0,6968587.42,0,0,0.0,14485.060800000001,0.0,0.0,1100648.24,2861372.315,4793183.33,4793183.333333333,464619.01,798613.3050519278,13010590.58,15421756.37338526,2876730.37,4347963.238071268,15887320.95,19769719.61145653
231004,231-004,BUS HINO 130 MDBL DA 7445 CD 231-004,708789027,SUNGAI DANAU,Apr,4,TR,1423.0,1851.3642393934888,39937380,40265600.0,6654700.0,6968587.42,0,0,0.0,14485.060800000001,0.0,0.0,782158.42,1853524.768833333,7383219.03,7383219.03125,854603.89,481005.1555000806,15674681.34,16686336.375583414,3701291.06,4347963.238071268,19375972.4,21034299.61365468
231005,231-005,BUS HINO 130 MDBL DA 8705 CO 231-005,913515450,SUNGAI DANAU,Apr,4,TR,1554.0,1851.3642393934888,39937380,40265600.0,6289067.0,6968587.42,0,0,0.0,14485.060800000001,0.0,0.0,1446785.5,1807841.42292236,25375429.17,25375429.166666668,464619.01,481005.1555000806,33575900.68,34632863.165089116,3701291.06,4347963.238071268,37277191.74,38980826.403160386
241008,241-008,TRUCK HINO 130 HD DA 8587 CQ 241-008,317045945,SUNGAI DANAU,Apr,4,TR,0.0,1851.3642393934888,12404812,20000000.0,0.0,6968587.42,0,0,0.0,14485.060800000001,4750000.0,0.0,55171913.32,2490533.8021723595,3616811.93,3616811.9270833335,750000.0,4451414.881762627,64288725.25,17527348.03101832,1149645.26,4347963.238071268,65438370.51,21875311.269089587
242004,242-004,TRUCK HINO 136 HDX 242-004,522000000,SUNGAI DANAU,Apr,4,TR,1495.0,1851.3642393934888,21614035,22699600.0,6484040.0,4731907.42,0,0,0.0,14485.060800000001,0.0,0.0,1750307.23,1161281.18513232,14500000.0,14500000.0,519174.06,682664.8817626268,23253521.29,21075853.486894947,2003131.76,4347963.238071268,25256653.05,25423816.724966213
242005,242-005,TRUCK HINO 136 HDX 242-005,522900000,SUNGAI DANAU,Apr,4,TR,804.0,1851.3642393934888,22514620,22699600.0,4425330.0,4731907.42,0,0,0.0,14485.060800000001,0.0,0.0,784219.82,957754.9050073201,14525000.0,14525000.0,492018.87,444250.0,20226568.69,20658912.32500732,2086595.61,4347963.238071268,22313164.3,25006875.56307859
251001,251-001,DUMP TRUCK HINO 130 HD DA 9881 AW 251-001,0,SUNGAI DANAU,Apr,4,TR,0.0,0.0,0,0.0,0.0,0.0,0,0,0.0,0.0,0.0,0.0,0.0,0.0,0.0,0.0,0.0,0.0,0.0,0.0,0.0,0.0,0.0,0.0
251002,251-002,DUMP TRUCK HINO 130 HD DA 9660 AY 251-002,0,SUNGAI DANAU,Apr,4,TR,0.0,0.0,0,0.0,0.0,0.0,0,0,0.0,0.0,0.0,0.0,0.0,0.0,0.0,0.0,0.0,0.0,0.0,0.0,0.0,0.0,0.0,0.0
251003,251-003,DUMP TRUCK HINO 130 HD DA 9661 AY 251-003,0,SUNGAI DANAU,Apr,4,TR,0.0,0.0,0,0.0,0.0,0.0,0,0,0.0,0.0,0.0,0.0,0.0,0.0,0.0,0.0,0.0,0.0,0.0,0.0,0.0,0.0,0.0,0.0
251004,251-004,DUMP TRUCK HINO 130 HD DA 9165 AZ/DA 8953 CD 251-004,0,SUNGAI DANAU,Apr,4,TR,0.0,0.0,0,0.0,0.0,0.0,0,0,0.0,0.0,0.0,0.0,0.0,0.0,0.0,0.0,0.0,0.0,0.0,0.0,0.0,0.0,0.0,0.0
251005,251-005,DUMP TRUCK HINO 130 HD DA 8027 CF/ B 9853 BDG 251-005,0,SUNGAI DANAU,Apr,4,TR,0.0,0.0,0,0.0,0.0,0.0,0,0,0.0,0.0,0.0,0.0,0.0,0.0,0.0,0.0,0.0,0.0,0.0,0.0,0.0,0.0,0.0,0.0
251006,251-006,DUMP TRUCK HINO 130 HD DA 9706 AZ/DA 8570 CH 251-006,0,SUNGAI DANAU,Apr,4,TR,0.0,0.0,0,0.0,0.0,0.0,0,0,0.0,0.0,0.0,0.0,0.0,0.0,0.0,0.0,0.0,0.0,0.0,0.0,0.0,0.0,0.0,0.0
251007,251-007,DUMP TRUCK HINO 130 HD DA 9341 AO/DA 8902 CJ 251-007,0,SUNGAI DANAU,Apr,4,TR,0.0,0.0,0,0.0,0.0,0.0,0,0,0.0,0.0,0.0,0.0,0.0,0.0,0.0,0.0,0.0,0.0,0.0,0.0,0.0,0.0,0.0,0.0
251008,251-008,DUMP TRUCK HINO 130 HD DA 9342 AO/DA 8903 CJ 251-008,0,SUNGAI DANAU,Apr,4,TR,0.0,0.0,0,0.0,0.0,0.0,0,0,0.0,0.0,0.0,0.0,0.0,0.0,0.0,0.0,0.0,0.0,0.0,0.0,0.0,0.0,0.0,0.0
251009,251-009,DUMP TRUCK HINO 130 HD DA 9862 AO/DA 8981 CL 251-009,0,SUNGAI DANAU,Apr,4,TR,0.0,0.0,0,0.0,0.0,0.0,0,0,0.0,0.0,0.0,0.0,0.0,0.0,0.0,0.0,0.0,0.0,0.0,0.0,0.0,0.0,0.0,0.0
251010,251-010,DUMP TRUCK HINO 130 HD DA 9863 AO/DA 8980 CL 251-010,0,SUNGAI DANAU,Apr,4,TR,0.0,0.0,0,0.0,0.0,0.0,0,0,0.0,0.0,0.0,0.0,0.0,0.0,0.0,0.0,0.0,0.0,0.0,0.0,0.0,0.0,0.0,0.0
251011,251-011,DUMP TRUCK HINO 130 HD DA 9294 AQ 251-011,0,SUNGAI DANAU,Apr,4,TR,0.0,0.0,0,0.0,0.0,0.0,0,0,0.0,0.0,0.0,0.0,0.0,0.0,0.0,0.0,0.0,0.0,0.0,0.0,0.0,0.0,0.0,0.0
251012,251-012,DUMP TRUCK HINO 130 HD DA 9295 AQ 251-012,0,SUNGAI DANAU,Apr,4,TR,0.0,0.0,0,0.0,0.0,0.0,0,0,0.0,0.0,0.0,0.0,0.0,0.0,0.0,0.0,0.0,0.0,0.0,0.0,0.0,0.0,0.0,0.0
251013,251-013,DUMP TRUCK HINO 130 HD DA 9124 C 251-013,0,SUNGAI DANAU,Apr,4,TR,0.0,0.0,0,0.0,0.0,0.0,0,0,0.0,0.0,0.0,0.0,0.0,0.0,0.0,0.0,0.0,0.0,0.0,0.0,0.0,0.0,0.0,0.0
251014,251-014,DUMP TRUCK HINO 130 HD DA 9125 C 251-014,0,SUNGAI DANAU,Apr,4,TR,0.0,0.0,0,0.0,0.0,0.0,0,0,0.0,0.0,0.0,0.0,0.0,0.0,0.0,0.0,0.0,0.0,0.0,0.0,0.0,0.0,0.0,0.0
251015,251-015,DUMP TRUCK HINO 130 HD DA 9285 C 251-015,0,SUNGAI DANAU,Apr,4,TR,0.0,0.0,0,0.0,0.0,0.0,0,0,0.0,0.0,0.0,0.0,0.0,0.0,0.0,0.0,0.0,0.0,0.0,0.0,0.0,0.0,0.0,0.0
251016,251-016,DUMP TRUCK HINO 130 HD DA 9396 CC 251-016,0,SUNGAI DANAU,Apr,4,TR,0.0,0.0,0,0.0,0.0,0.0,0,0,0.0,0.0,0.0,0.0,0.0,0.0,0.0,0.0,0.0,0.0,0.0,0.0,0.0,0.0,0.0,0.0
251017,251-017,DUMP TRUCK HINO 130 HD DA 9397 CC 251-017,0,SUNGAI DANAU,Apr,4,TR,0.0,0.0,0,0.0,0.0,0.0,0,0,0.0,0.0,0.0,0.0,0.0,0.0,0.0,0.0,0.0,0.0,0.0,0.0,0.0,0.0,0.0,0.0
251018,251-018,DUMP TRUCK HINO 130 HD DA 9679 CF/DA 8708 CC 251-018,0,SUNGAI DANAU,Apr,4,TR,0.0,0.0,0,0.0,0.0,0.0,0,0,0.0,0.0,0.0,0.0,0.0,0.0,0.0,0.0,0.0,0.0,0.0,0.0,0.0,0.0,0.0,0.0
251019,251-019,DUMP TRUCK HINO 130 HD DA 9701 CF/DA 8707 CD 251-019,0,SUNGAI DANAU,Apr,4,TR,0.0,0.0,0,0.0,0.0,0.0,0,0,0.0,0.0,0.0,0.0,0.0,0.0,0.0,0.0,0.0,0.0,0.0,0.0,0.0,0.0,0.0,0.0
251020,251-020,DUMP TRUCK HINO 130 HD DA 9700 CF/DA 8706 CD 251-020,0,SUNGAI DANAU,Apr,4,TR,0.0,0.0,0,0.0,0.0,0.0,0,0,0.0,0.0,0.0,0.0,0.0,0.0,0.0,0.0,0.0,0.0,0.0,0.0,0.0,0.0,0.0,0.0
251021,251-021,DUMP TRUCK HINO 130 HD DA 9687 CC/DA 8707 CC 251-021,0,SUNGAI DANAU,Apr,4,TR,0.0,0.0,0,0.0,0.0,0.0,0,0,0.0,0.0,0.0,0.0,0.0,0.0,0.0,0.0,0.0,0.0,0.0,0.0,0.0,0.0,0.0,0.0
251022,251-022,DUMP TRUCK HINO 130 HD DA 9680 CF/DA 8708 CD 251-022,0,SUNGAI DANAU,Apr,4,TR,0.0,0.0,0,0.0,0.0,0.0,0,0,0.0,0.0,0.0,0.0,0.0,0.0,0.0,0.0,0.0,0.0,0.0,0.0,0.0,0.0,0.0,0.0
251023,251-023,DUMP TRUCK HINO 130 HD DA 9031 CI/DA 8137 CK 251-023,0,SUNGAI DANAU,Apr,4,TR,0.0,0.0,0,0.0,0.0,0.0,0,0,0.0,0.0,0.0,0.0,0.0,0.0,0.0,0.0,0.0,0.0,0.0,0.0,0.0,0.0,0.0,0.0
251024,251-024,DUMP TRUCK HINO 130 HD DA 9032 CI/DA 8138 CK 251-024,0,SUNGAI DANAU,Apr,4,TR,0.0,0.0,0,0.0,0.0,0.0,0,0,0.0,0.0,0.0,0.0,0.0,0.0,0.0,0.0,0.0,0.0,0.0,0.0,0.0,0.0,0.0,0.0
251025,251-025,DUMP TRUCK HINO 130 HD DA 9033 CI/DA 8135 CK 251-025,0,SUNGAI DANAU,Apr,4,TR,0.0,0.0,0,0.0,0.0,0.0,0,0,0.0,0.0,0.0,0.0,0.0,0.0,0.0,0.0,0.0,0.0,0.0,0.0,0.0,0.0,0.0,0.0
251026,251-026,DUMP TRUCK HINO 130 HD DA 9034 CI/DA 8140 CK 251-026,0,SUNGAI DANAU,Apr,4,TR,0.0,0.0,0,0.0,0.0,0.0,0,0,0.0,0.0,0.0,0.0,0.0,0.0,0.0,0.0,0.0,0.0,0.0,0.0,0.0,0.0,0.0,0.0
251027,251-027,DUMP TRUCK HINO 130 HD DA 9035 CI/DA 8139 CK 251-027,0,SUNGAI DANAU,Apr,4,TR,0.0,0.0,0,0.0,0.0,0.0,0,0,0.0,0.0,0.0,0.0,0.0,0.0,0.0,0.0,0.0,0.0,0.0,0.0,0.0,0.0,0.0,0.0
251028,251-028,DUMP TRUCK HINO 130 HD DA 9246 CJ/DA 8024 CS 251-028,0,SUNGAI DANAU,Apr,4,TR,0.0,0.0,0,0.0,0.0,0.0,0,0,0.0,0.0,0.0,0.0,0.0,0.0,0.0,0.0,0.0,0.0,0.0,0.0,0.0,0.0,0.0,0.0
251029,251-029,DUMP TRUCK HINO 130 HD DA 9248 CJ/DA 8021 CS 251-029,0,SUNGAI DANAU,Apr,4,TR,0.0,0.0,0,0.0,0.0,0.0,0,0,0.0,0.0,0.0,0.0,0.0,0.0,0.0,0.0,0.0,0.0,0.0,0.0,0.0,0.0,0.0,0.0
251030,251-030,DUMP TRUCK HINO 130 HD DA 9249 CJ 251-030,0,SUNGAI DANAU,Apr,4,TR,0.0,0.0,0,0.0,0.0,0.0,0,0,0.0,0.0,0.0,0.0,0.0,0.0,0.0,0.0,0.0,0.0,0.0,0.0,0.0,0.0,0.0,0.0
251031,251-031,DUMP TRUCK HINO 130 HD DA 9251- CJ 251-031,0,SUNGAI DANAU,Apr,4,TR,0.0,0.0,0,0.0,0.0,0.0,0,0,0.0,0.0,0.0,0.0,0.0,0.0,0.0,0.0,0.0,0.0,0.0,0.0,0.0,0.0,0.0,0.0
251032,251-032,DUMP TRUCK HINO 130 HD DA 9247 CJ/DA 8020 CS 251-032,0,SUNGAI DANAU,Apr,4,TR,0.0,0.0,0,0.0,0.0,0.0,0,0,0.0,0.0,0.0,0.0,0.0,0.0,0.0,0.0,0.0,0.0,0.0,0.0,0.0,0.0,0.0,0.0
251033,251-033,DUMP TRUCK HINO 130 HD DA 9250 CJ 251-033,0,SUNGAI DANAU,Apr,4,TR,0.0,0.0,0,0.0,0.0,0.0,0,0,0.0,0.0,0.0,0.0,0.0,0.0,0.0,0.0,0.0,0.0,0.0,0.0,0.0,0.0,0.0,0.0
251034,251-034,DUMP TRUCK HINO 130 HD DA 8206 CF 251-034,303363637,SUNGAI DANAU,Apr,4,TR,636.0,1200.0,35342793,51422686.00409351,5058152.0,6968587.42,509,0,23298.01,14485.060800000001,11858687.09,4456941.784615385,11951560.3,3606310.2334499992,0.0,0.0,459981.91,784138.6128725272,29328381.3,15815978.050937911,3275476.85,4347963.238071268,32603858.15,20163941.28900918
251035,251-035,DUMP TRUCK HINO 130 HD DA 8207 CF 251-035,303363637,SUNGAI DANAU,Apr,4,TR,1609.0,1200.0,33365475,22595993.113573026,4846248.0,6968587.42,387,0,23298.01,14485.060800000001,9016329.87,4456941.784615385,5097222.12,3592382.433449999,0.0,0.0,1204018.87,729023.4388048097,20163818.86,15746935.076870192,3092224.23,4347963.238071268,23256043.09,20094898.31494146
251036,251-036,DUMP TRUCK HINO 130 HD DA 8209 CF 251-036,303363637,SUNGAI DANAU,Apr,4,TR,1986.0,1200.0,40711216,51422686.00409351,5133053.0,6968587.42,576,0,23298.01,14485.060800000001,13419653.76,4456941.784615385,9618849.4,3833574.3331083325,0.0,0.0,799018.87,942107.6092534856,28970575.03,16201211.146977201,3773008.14,4347963.238071268,32743583.17,20549174.38504847
251037,251-037,DUMP TRUCK HINO 130 HD DA 8674 CO 251-037,319664981,SUNGAI DANAU,Apr,4,TR,2161.0,1200.0,49745634,51422686.00409351,5633221.0,6968587.42,570,0,23298.01,14485.060800000001,13279865.7,4456941.784615385,481012.28,3741838.298274999,3329843.55,3329843.553854167,799018.87,774535.211330425,23522961.4,19271746.268074974,4610294.17,4347963.238071268,28133255.57,23619709.506146245
251038,251-038,DUMP TRUCK HINO 130 HD DA 8675 CO 251-038,319664981,SUNGAI DANAU,Apr,4,TR,2091.0,1200.0,39535792,51422686.00409351,5108722.0,6968587.42,579,0,23298.01,14485.060800000001,13489547.79,4456941.784615385,10836248.08,3741838.298274999,3329843.55,3329843.553854167,440000.0,827145.1502132464,33204361.42,19324356.206957795,3664072.94,4347963.238071268,36868434.36,23672319.445029065
251039,251-039,DUMP TRUCK HINO 130 HD DA 8678 CO 251-039,319664981,SUNGAI DANAU,Apr,4,TR,1858.0,0.0,44253537,22595993.113573026,5670387.0,6968587.42,485,0,23298.01,14485.060800000001,11299534.85,0.0,640229.82,3741838.298274999,3329843.55,3329843.553854167,470000.0,827145.1502132464,21409995.22,14867414.422342414,4101301.11,4347963.238071268,25511296.33,19215377.660413682
251040,251-040,DUMP TRUCK HINO 130 HD DA 8679 CO 251-040,319664981,SUNGAI DANAU,Apr,4,TR,1494.0,1200.0,33619979,22595993.113573026,4828180.0,6968587.42,335,0,23298.01,14485.060800000001,7804833.35,4456941.784615385,8757736.65,3705673.3232749994,3329843.55,3329843.553854167,503981.91,745307.4675066355,25224575.46,19206353.549251188,3115810.99,4347963.238071268,28340386.45,23554316.787322454
251041,251-041,DUMP TRUCK HINO 130 HD DA 8680 CO 251-041,319664981,SUNGAI DANAU,Apr,4,TR,2182.0,1200.0,42193062,22595993.113573026,5351152.0,6968587.42,545,0,23298.01,14485.060800000001,12697415.45,4456941.784615385,6983218.24,3741838.298274999,3329843.55,3329843.553854167,1130000.0,868063.9915665517,29491629.24,19365275.0483111,3910341.72,4347963.238071268,33401970.96,23713238.28638237
251042,251-042,DUMP TRUCK HINO 130 HD DA 8681 CO 251-042,319664981,SUNGAI DANAU,Apr,4,TR,1759.0,1200.0,98019706,22595993.113573026,8439794.0,6968587.42,515,0,23298.01,14485.060800000001,11998475.15,4456941.784615385,668101.6,3741838.298274999,3329843.55,3329843.553854167,1130000.0,868063.9915665517,25566214.3,19365275.0483111,9084207.86,4347963.238071268,34650422.16,23713238.28638237
251043,251-043,DUMP TRUCK HINO 130 HD DA 8570 CP 251-043,0,SUNGAI DANAU,Apr,4,TR,0.0,0.0,0,0.0,0.0,0.0,0,0,0.0,14485.060800000001,0.0,0.0,0.0,0.0,0.0,0.0,0.0,0.0,0.0,0.0,0.0,0.0,0.0,0.0
251044,251-044,DUMP TRUCK HINO 130HD DA 8571 CP 251-044,320742425,SUNGAI DANAU,Apr,4,TR,2073.0,1200.0,45178734,51422686.00409351,5595375.0,6968587.42,641,0,23298.01,14485.060800000001,14934024.41,4456941.784615385,14464406.52,3741838.298274999,3341066.93,3341066.9270833335,440000.0,895343.219135422,38774872.86,19403777.64910914,4187045.92,4347963.238071268,42961918.78,23751740.88718041
251045,251-045,DUMP TRUCK HINO 130 HD DA 8643 CQ 251-045,315888441,SUNGAI DANAU,Apr,4,TR,2204.0,1200.0,40665548,33454867.22142167,5033151.0,6968587.42,581,0,23298.01,14485.060800000001,13536143.81,4456941.784615385,18923607.65,3741838.298274999,3290504.59,3290504.59375,496981.91,868063.9915665517,41280388.96,19325936.088206936,3768775.75,4347963.238071268,45049164.71,23673899.326278202
251046,251-046,DUMP TRUCK HINO 130 HD DA 8642 CQ 251-046,315888441,SUNGAI DANAU,Apr,4,TR,1570.0,1200.0,44472880,22595993.113573026,5349750.0,6968587.42,352,0,23298.01,14485.060800000001,8200899.52,4456941.784615385,2879555.7,3741838.298274999,3290504.59,3290504.59375,492018.87,868063.9915665517,20212728.68,19325936.088206936,4121629.24,4347963.238071268,24334357.92,23673899.326278202
251047,251-047,DUMP TRUCK HINO 130 HD DA 8923 CV 251-047,349692273,SUNGAI DANAU,Apr,4,TR,1935.0,1200.0,47807165,22595993.113573026,5603133.0,6968587.42,466,0,23298.01,14485.060800000001,10856872.66,4456941.784615385,4725545.43,3741838.298274999,3642627.84,3642627.84375,489981.91,827145.1502132464,25318160.84,19637140.49685363,4430641.98,4347963.238071268,29748802.82,23985103.734924898
251048,251-048,DUMP TRUCK HINO 130 HD DA 8921 CV 251-048,349692273,SUNGAI DANAU,Apr,4,TR,2171.0,1200.0,40300239,22595993.113573026,5016687.0,6968587.42,556,0,23298.01,14485.060800000001,12953693.56,4456941.784615385,8532606.35,3705673.3232749994,3642627.84,3642627.84375,322000.0,745307.4675066355,30467614.75,19519137.83914702,3734919.87,4347963.238071268,34202534.62,23867101.077218287
251049,251-049,DUMP TRUCK HINO 130 HD DA 8924 CV 251-049,352419546,SUNGAI DANAU,Apr,4,TR,2220.0,1200.0,91946371,22595993.113573026,9134886.0,6968587.42,568,0,23298.01,14485.060800000001,13233269.68,4456941.784615385,3030582.82,3540872.1482749996,3671036.94,3671036.9375,527018.87,827145.1502132464,29596794.31,19464583.44060363,8521347.19,4347963.238071268,38118141.5,23812546.6786749
251050,251-050,DUMP TRUCK HINO 130 HD DA 8925 CV 251-050,352419545,SUNGAI DANAU,Apr,4,TR,2121.0,1200.0,41721719,22595993.113573026,5437482.0,6968587.42,514,0,23298.01,14485.060800000001,11975177.14,4456941.784615385,2889700.02,3207289.9699499994,3671036.93,3671036.9270833335,670000.0,708981.5573256396,24643396.09,19012837.658974357,3866658.89,4347963.238071268,28510054.98,23360800.897045627
251051,251-051,DUMP TRUCK HINO 130 HD DA 8012 CZ 251-051,342218546,SUNGAI DANAU,Apr,4,TR,1361.0,1200.0,32673679,22595993.113573026,5027422.0,6968587.42,337,0,23298.01,14485.060800000001,7851429.37,4456941.784615385,3543225.65,3207289.9699499994,3564776.52,3564776.5208333335,492018.87,6039981.55732564,20478872.41,24237577.252724357,3028110.4,4347963.238071268,23506982.81,28585540.490795627
251052,251-052,DUMP TRUCK HINO 130 HD DA 8013 CZ 251-052,342218546,SUNGAI DANAU,Apr,4,TR,1689.0,1200.0,36943042,22595993.113573026,5179083.0,6968587.42,464,0,23298.01,14485.060800000001,10810276.64,4456941.784615385,3232579.75,3207289.9699499994,3564776.52,3564776.5208333335,455000.0,6039981.55732564,23241715.91,24237577.252724357,3423783.71,4347963.238071268,26665499.62,28585540.490795627
251053,251-053,DUMP TRUCK HINO 130 HD DA 8014 CZ 251-053,342218546,SUNGAI DANAU,Apr,4,TR,2129.0,1200.0,46566685,51422686.00409351,5524552.0,6968587.42,590,0,23298.01,14485.060800000001,13745825.9,4456941.784615385,6912056.95,2892749.2362083327,3564776.52,3564776.5208333335,440000.0,5975402.161448314,30187211.37,23858457.123105366,4315677.56,4347963.238071268,34502888.93,28206420.361176632
251054,251-054,DUMP TRUCK HINO 130 HD DA 8016 CZ 251-054,342218545,SUNGAI DANAU,Apr,4,TR,3020.0,1200.0,54730174,33454867.22142167,5666312.0,6968587.42,707,0,23298.01,14485.060800000001,16471693.07,4456941.784615385,19648739.47,2234311.87424388,3564776.51,3564776.5104166665,477000.0,5993217.167207576,45828521.05,23217834.756483506,5072248.2,4347963.238071268,50900769.25,27565797.994554773
251055,251-055,DUMP TRUCK HINO 130 HD DA 8015 CZ 251-055,342338545,SUNGAI DANAU,Apr,4,TR,3015.0,1200.0,54934614,33454867.22142167,6038949.0,6968587.42,755,0,23298.01,14485.060800000001,17589997.55,4456941.784615385,8557362.49,2234311.87424388,3566026.51,3566026.5104166665,742036.96,5993217.167207576,36494372.51,23219084.756483506,5091195.16,4347963.238071268,41585567.67,27567047.994554773
251056,251-056,DUMP TRUCK HINO 130 HD 25-85 251-056,416237315,SUNGAI DANAU,Apr,4,TR,2728.0,1200.0,62531195,22595993.113573026,6717050.0,6968587.42,689,0,23298.01,14485.060800000001,16052328.89,4456941.784615385,5757660.21,2002098.0764285715,4335805.36,4335805.364583333,502036.96,530036.1869759073,33364881.42,18293468.832603198,5795226.25,4347963.238071268,39160107.67,22641432.070674464
251057,251-057,DUMP TRUCK HINO 130 HD 25-86 251-057,416237315,SUNGAI DANAU,Apr,4,TR,2592.0,1200.0,50295542,22595993.113573026,6101620.0,6968587.42,613,0,23298.01,14485.060800000001,14281680.13,4456941.784615385,2628257.84,1515514.1655,4335805.36,4335805.364583333,492000.0,390816.6888438156,27839363.33,17667665.423542533,4661258.2,4347963.238071268,32500621.53,22015628.6616138
251058,251-058,DUMP TRUCK HINO 130HD 251-058,416237315,SUNGAI DANAU,Apr,4,TR,1989.0,0.0,0,0.0,0.0,0.0,617,0,0.0,0.0,0.0,0.0,0.0,0.0,0.0,0.0,0.0,0.0,0.0,0.0,0.0,0.0,0.0,0.0
251059,251-059,DUMP TRUCK HINO 130HD DA 8475 JJ 251-059,520059549,SUNGAI DANAU,Apr,4,TR,1910.0,1000.0,30324000,30335760.0,7410995.0,6968587.42,0,0,0.0,14485.060800000001,0.0,0.0,2517112.65,3441586.5925,5417286.97,5417286.972916666,1309665.97,727910.0009448559,16655060.59,16555370.986361522,2810348.35,4347963.238071268,19465408.94,20903334.22443279
251060,251-060,DUMP TRUCK HINO 130HD DA 8476 JJ 251-060,520059549,SUNGAI DANAU,Apr,4,TR,1896.0,1200.0,42185021,51422686.00409351,5055099.0,6968587.42,510,0,23298.01,14485.060800000001,11881985.1,4456941.784615385,563468.15,3441586.5925,5417286.97,5417286.972916666,1894665.97,727910.0009448559,24812505.19,21012312.770976905,3909596.5,4347963.238071268,28722101.69,25360276.00904817
251061,251-061,DUMP TRUCK HINO 136 HDX DA 8707 JL 251-061,556170066,SUNGAI DANAU,Apr,4,TR,1934.0,0.0,0,0.0,0.0,0.0,540,0,0.0,0.0,0.0,0.0,0.0,0.0,0.0,0.0,0.0,0.0,0.0,0.0,0.0,0.0,0.0,0.0
251063,251-063,DUMPTRUCK 136 HDX 251-063,607312672,SUNGAI DANAU,Apr,4,TR,3274.0,1200.0,62186382,51422686.00409351,6586853.0,6968587.42,834,0,23298.01,14485.060800000001,19430540.34,4456941.784615385,825973.2,457467.0633333333,16869796.44,4335805.364583333,470000.0,683639.1398900865,44183162.98,16902440.772422135,5763269.89,4347963.238071268,49946432.87,21250404.010493405
251064,251-064,DUMPTRUCK HINO 136 HDX 251-064,607312672,SUNGAI DANAU,Apr,4,TR,2078.0,1200.0,43414326,22595993.113573026,5337645.0,6968587.42,552,0,23298.01,14485.060800000001,12860501.52,4456941.784615385,304414.91,457467.0633333333,16869796.44,4335805.364583333,440000.0,633534.4361921614,35812357.87,16852336.06872421,4023525.24,4347963.238071268,39835883.11,21200299.306795478
261001,261-001,TRUCK TANGKI TOYOTA DYNA DA 9457 C 261-001,0,SUNGAI DANAU,Apr,4,TR,0.0,0.0,0,0.0,0.0,0.0,0,0,0.0,0.0,0.0,0.0,0.0,0.0,0.0,0.0,0.0,0.0,0.0,0.0,0.0,0.0,0.0,0.0
261002,261-002,TRUCK TANGKI HINO DUTRO DA 9464 C 261-002,0,SUNGAI DANAU,Apr,4,TR,0.0,0.0,0,0.0,0.0,0.0,0,0,0.0,0.0,0.0,0.0,0.0,0.0,0.0,0.0,0.0,0.0,0.0,0.0,0.0,0.0,0.0,0.0
261003,261-003,TRUCK TANGKI HINO DUTRO DA 9091 CF 261-003,0,SUNGAI DANAU,Apr,4,TR,0.0,0.0,0,0.0,0.0,0.0,0,0,0.0,0.0,0.0,0.0,0.0,0.0,0.0,0.0,0.0,0.0,0.0,0.0,0.0,0.0,0.0,0.0
261004,261-004,TRUCK TANGKI HINO 130HD DA 9626 CC/DA 8026 JG 261-004,0,SUNGAI DANAU,Apr,4,TR,0.0,0.0,0,0.0,0.0,0.0,0,0,0.0,0.0,0.0,0.0,0.0,0.0,0.0,0.0,0.0,0.0,0.0,0.0,0.0,0.0,0.0,0.0
261005,261-005,TRUCK TANGKI HINO DUTRO DA 9117 CF 261-005,0,SUNGAI DANAU,Apr,4,TR,0.0,0.0,0,0.0,0.0,0.0,0,0,0.0,0.0,0.0,0.0,0.0,0.0,0.0,0.0,0.0,0.0,0.0,0.0,0.0,0.0,0.0,0.0
261006,261-006,TRUCK TANGKI HINO DUTRO DA 9118 CF 261-006,0,SUNGAI DANAU,Apr,4,TR,0.0,0.0,0,0.0,0.0,0.0,0,0,0.0,0.0,0.0,0.0,0.0,0.0,0.0,0.0,0.0,0.0,0.0,0.0,0.0,0.0,0.0,0.0
261007,261-007,TRUCK TANGKI HINO 130 HD DA 9526 CI/DA 8013 CM 261-007,251772728,SUNGAI DANAU,Apr,4,TR,364.0,2039.6726660340205,0,29017568.525273994,0.0,6968587.42,0,0,0.0,14485.060800000001,0.0,6422778.821652367,0.0,2255917.163,0.0,0.0,0.0,636329.7369636485,0.0,16283613.141616015,0.0,4347963.238071268,0.0,20631576.379687283
261008,261-008,TRUCK TANGKI HINO 130 HD DA 9524 CI/DA 8014 CM 261-008,251772728,SUNGAI DANAU,Apr,4,TR,0.0,0.0,0,0.0,0.0,0.0,0,0,0.0,0.0,0.0,0.0,0.0,0.0,0.0,0.0,0.0,0.0,0.0,0.0,0.0,0.0,0.0,0.0
261009,261-009,TRUCK TANGKI HINO 130 HD DA 9458 CI/DA 8012 CM 261-009,251772728,SUNGAI DANAU,Apr,4,TR,0.0,2039.6726660340205,0,29017568.525273994,0.0,6968587.42,0,0,0.0,14485.060800000001,0.0,6422778.821652367,0.0,3575121.4595833328,0.0,0.0,0.0,796943.148261997,0.0,17763430.849497695,0.0,4347963.238071268,0.0,22111394.08756896
261010,261-010,TRUCK TANGKI HINO 130 HD DA 9460 CI/DA 8987 CI 261-010,251772728,SUNGAI DANAU,Apr,4,TR,0.0,0.0,0,0.0,0.0,0.0,0,0,0.0,0.0,0.0,0.0,0.0,0.0,0.0,0.0,0.0,0.0,0.0,0.0,0.0,0.0,0.0,0.0
261011,261-011,TRUCK TANGKI HINO 130 HD DA 8606 CL 261-011,272724200,SUNGAI DANAU,Apr,4,TR,1201.0,2039.6726660340205,28985740,29017568.525273994,4629466.0,6968587.42,261,0,23298.01,14485.060800000001,6080780.61,6422778.821652367,6533776.33,3332787.95117436,2840877.08,2840877.078125,875000.0,808634.2457915129,20959900.02,20373665.51674324,2686321.94,4347963.238071268,23646221.96,24721628.754814506
261012,261-012,TRUCK TANGKI HINO 130 HD DA 8607 CL 261-012,273058794,SUNGAI DANAU,Apr,4,TR,1109.0,2039.6726660340205,28633242,29017568.525273994,4707554.0,6968587.42,213,0,23298.01,14485.060800000001,4962476.13,6422778.821652367,7976060.36,2324009.934,2844362.43,2844362.4322916665,875000.0,622968.4826442016,21365452.92,19182707.090588234,2653653.36,4347963.238071268,24019106.28,23530670.328659505
261013,261-013,TRUCK TANGKI HINO 130 HD DA 8597 CN 261-013,292654546,SUNGAI DANAU,Apr,4,TR,1309.0,2039.6726660340205,27676924,29017568.525273994,4505667.0,6968587.42,226,0,23298.01,14485.060800000001,5265350.26,6422778.821652367,5548854.71,2324009.934,3048484.85,3048484.8489583335,607036.96,693115.0678212967,18975393.78,19456976.092431996,2565024.33,4347963.238071268,21540418.11,23804939.330503263
261014,261-014,TRUCK TANGKI HINO 130 HD DA 8598 CN 261-014,292654546,SUNGAI DANAU,Apr,4,TR,1115.0,2039.6726660340205,28307146,29017568.525273994,4710785.0,6968587.42,196,0,23298.01,14485.060800000001,4566409.96,6422778.821652367,5125366.69,2324009.934,3323484.85,3048484.8489583335,575000.0,693115.0678212967,18301046.5,19456976.092431996,2623431.64,4347963.238071268,20924478.14,23804939.330503263
261015,261-015,TRUCK TANGKI HINO 130 HD DA 8587 CQ 261-015,0,SUNGAI DANAU,Apr,4,TR,0.0,0.0,0,0.0,0.0,0.0,0,0,0.0,0.0,0.0,0.0,0.0,0.0,0.0,0.0,0.0,0.0,0.0,0.0,0.0,0.0,0.0,0.0
261016,261-016,TRUCK TANGKI HINO 130 HD DA 8234 CM 261-016,0,SUNGAI DANAU,Apr,4,TR,0.0,0.0,0,0.0,0.0,0.0,0,0,0.0,0.0,0.0,0.0,0.0,0.0,0.0,0.0,0.0,0.0,0.0,0.0,0.0,0.0,0.0,0.0
261017,261-017,TRUCK TANGKI HINO 130 HD DA 8027 CF 261-017,0,SUNGAI DANAU,Apr,4,TR,0.0,0.0,0,0.0,0.0,0.0,0,0,0.0,0.0,0.0,0.0,0.0,0.0,0.0,0.0,0.0,0.0,0.0,0.0,0.0,0.0,0.0,0.0
261019,261-019,TRUCK TANGKI HINO 130 HD DA 8137 CK 261-019,271454545,SUNGAI DANAU,Apr,4,TR,0.0,0.0,0,0.0,0.0,0.0,0,0,0.0,0.0,0.0,0.0,0.0,0.0,0.0,0.0,0.0,0.0,0.0,0.0,0.0,0.0,0.0,0.0
262003,262-003,TRUCK TANGKI HINO 130 HD DA 8569 CP 262-003,634129138,SUNGAI DANAU,Apr,4,TR,1211.0,2651.5744658442263,46160298,29017568.525273994,4881919.0,6968587.42,295,0,23298.01,14485.060800000001,6872912.95,10668949.264855875,2209998.93,2842797.01145976,6605511.85,6605511.854166667,875000.0,631319.2665938558,21445342.73,27717164.817076158,4278014.69,4347963.238071268,25723357.42,32065128.055147424
262004,262-004,TRUCK TANGKI HINO 130 HD DA 8567 CP 262-004,634129138,SUNGAI DANAU,Apr,4,TR,1143.0,2651.5744658442263,50947892,29017568.525273994,5062357.0,6968587.42,507,0,23298.01,14485.060800000001,11812091.07,10668949.264855875,10998123.62,2706259.8114597597,7386761.85,7386761.854166667,875000.0,631319.2665938558,36134333.54,28361877.61707616,4721716.27,4347963.238071268,40856049.81,32709840.85514743
262005,262-005,TRUCK TANGKI HINO FG235 DA 8170 CR 262-005,634129137,SUNGAI DANAU,Apr,4,TR,1055.0,2651.5744658442263,47441614,29017568.525273994,5083008.0,6968587.42,463,0,23298.01,14485.060800000001,10786978.63,10668949.264855875,2868709.28,2706259.8114597597,6605511.84,6605511.84375,3949400.0,631319.2665938558,29293607.75,27580627.60665949,4396763.68,4347963.238071268,33690371.43,31928590.844730757
262006,262-006,TRUCK TANGKI HINO FG 235 DA 8171 CR 262-006,634129137,SUNGAI DANAU,Apr,4,TR,1157.0,2651.5744658442263,53321298,29017568.525273994,5368498.0,6968587.42,234,0,23298.01,14485.060800000001,5451734.34,10668949.264855875,4697270.13,2672238.41270976,6605511.84,6605511.84375,4249400.0,631319.2665938558,26372414.31,27546606.20790949,4941677.28,4347963.238071268,31314091.59,31894569.445980757
262007,262-007,TRUCK TANGKI HINO FG 235 DA 8342 JD 262-007,742644909,SUNGAI DANAU,Apr,4,TR,1060.0,2651.5744658442263,52126368,29017568.525273994,5237356.0,6968587.42,259,0,23298.01,14485.060800000001,6034184.59,10668949.264855875,652749.58,2706259.8114597597,7735884.47,7735884.46875,575000.0,561172.6814167608,20235174.64,28640853.646482397,4830934.32,4347963.238071268,25066108.96,32988816.884553663
262008,262-008,TRUCK TANGKI HINO FG 235 DA 8343 JD 262-008,742644909,SUNGAI DANAU,Apr,4,TR,1236.0,2651.5744658442263,58852628,29017568.525273994,5367030.0,6968587.42,369,0,23298.01,14485.060800000001,8596965.69,10668949.264855875,13761967.46,2707843.3614597595,7735884.47,7735884.46875,575000.0,561172.6814167608,36036847.62,28642437.196482394,5454306.36,4347963.238071268,41491153.98,32990400.43455366
262009,262-009,TRUCK TANGKI HINO FG 235 JK DA 8110 JI 262-009,735353097,SUNGAI DANAU,Apr,4,TR,1195.0,2651.5744658442263,59177498,29017568.525273994,5599935.0,6968587.42,422,0,23298.01,14485.060800000001,9831760.22,10668949.264855875,3047316.48,3178468.993751711,8534928.09,8534928.088958334,575000.0,561172.6814167608,27588939.79,29912106.448982682,5484414.46,4347963.238071268,33073354.25,34260069.68705395
262010,262-010,TRUCK TANGKI HINO FM 260 DA 8112 JI 262-010,735353097,SUNGAI DANAU,Apr,4,TR,1229.0,2651.5744658442263,59376732,29017568.525273994,5766379.0,6968587.42,279,0,23298.01,14485.060800000001,6500144.79,10668949.264855875,2245842.09,3149447.096951711,8534928.09,8534928.088958334,575000.0,539460.6431476598,23622293.97,29861372.51391358,5502878.94,4347963.238071268,29125172.91,34209335.75198485
262011,262-011,TRUCK TANGKI HINO FG260JK DA 8381 GB 262-011,869854319,SUNGAI DANAU,Apr,4,TR,1204.0,2651.5744658442263,45501704,29017568.525273994,5114948.0,6968587.42,296,0,23298.01,14485.060800000001,6896210.96,10668949.264855875,691672.77,3134519.3286896404,24162619.98,9060982.4934375,2017100.0,1205151.7406771758,38882551.71,31038190.247660186,4216977.93,4347963.238071268,43099529.64,35386153.48573145
271001,271-001,ARM ROLL HINO 130 HD DA 8590 CQ 271-001,444295945,SUNGAI DANAU,Apr,4,TR,1150.0,744.2677112142858,16115814,22595993.113573026,4175370.0,6968587.42,277,0,23298.01,14485.060800000001,6453548.77,2566848.344860898,1240154.54,2194529.553416666,4628082.76,4628082.760416667,1115000.0,429647.83420970745,17612156.07,16787695.91290394,1493571.14,4347963.238071268,19105727.21,21135659.150975205
271002,271-002,ARM ROLL HINO 130 HD DA 8589 CQ 271-002,450156856,SUNGAI DANAU,Apr,4,TR,0.0,0.0,0,0.0,0.0,0.0,0,0,0.0,0.0,0.0,0.0,0.0,0.0,0.0,0.0,0.0,0.0,0.0,0.0,0.0,0.0,0.0,0.0
271003,271-003,ARM ROLL HINO 130 HD DA 8508 JG 271-003,502363636,SUNGAI DANAU,Apr,4,TR,1904.0,744.2677112142858,29892787,22595993.113573026,4919042.0,6968587.42,504,0,23298.01,14485.060800000001,11742197.04,2566848.344860898,239466.6,2185203.22475,5770667.63,5770667.635416667,440000.0,429647.83420970745,23111373.27,17920954.459237274,2770384.67,4347963.238071268,25881757.94,22268917.69730854
271004,271-004,ARM ROLL HINO 130 HD DA 8337 JJ 271-004,537470252,SUNGAI DANAU,Apr,4,TR,1206.0,744.2677112142858,18416184,22595993.113573026,4515121.0,6968587.42,316,0,23298.01,14485.060800000001,7362171.16,2566848.344860898,1824208.1,2185203.22475,5598648.46,5598648.458333333,492018.87,429647.83420970745,19792167.59,17748935.282153938,1706763.37,4347963.238071268,21498930.96,22096898.520225205
213003,213-003,HYUNDAI IONIQ 5N,1309550000,SUNGAI DANAU,Apr,4,TR,0.0,1851.3642393934888,60000000,60000000.0,0.0,0.0,0,0,0.0,0.0,0.0,0.0,0.0,0.0,13641145.83,13641146.0,1359215.0,997250.0,15000360.83,14638396.0,5560641.77,4347963.238071268,20561002.6,18986359.23807127
211002,211-002,JEEP WRANGLER RUBICON B 2603 BJG 211-002,1810630631,SUNGAI DANAU,May,5,TR,0.0,0.0,0,0.0,0.0,0.0,0,0,0.0,0.0,0.0,0.0,0.0,0.0,0.0,0.0,0.0,0.0,0.0,0.0,0.0,0.0,0.0,0.0
211003,211-003,JEEP GLADIATOR RUBICON DC 3.6 DA 8047 JJ 211-003,2100900901,SUNGAI DANAU,May,5,TR,0.0,2224.063754924651,90000000,90000000.0,0.0,0.0,0,0,0.0,0.0,0.0,0.0,0.0,0.0,21884384.39,22447121.89,512917.0,1852908.3333333333,22397301.39,24300030.223333333,8097235.57,4128412.920791455,30494536.96,28428443.144124787
211004,211-004,HYUNDAI PALISADE  S. AWD B 1356 HKS 211-004,1045840085,SUNGAI DANAU,May,5,TR,0.0,2224.063754924651,50000000,50000000.0,0.0,0.0,0,0,0.0,0.0,0.0,0.0,0.0,0.0,10894167.55,11886537.360000001,992369.81,997250.0,11886537.36,12883787.360000001,4498464.21,4128412.920791455,16385001.57,17012200.280791458
211005,211-005,LEXUS RX450 SONIC CROME B 666 LUC 211-005,1751173656,SUNGAI DANAU,May,5,TR,0.0,2224.063754924651,80000000,80000000.0,0.0,0.0,0,0,0.0,0.0,0.0,0.0,0.0,0.0,18241392.25,19869527.67,1628135.42,997250.0,19869527.67,20866777.67,7197542.73,4128412.920791455,27067070.4,24995190.590791456
211010,211-010,SUBARU FORESTER 2.01-S 211-010,596564102,SUNGAI DANAU,May,5,TR,0.0,2224.063754924651,27000000,27000000.0,0.0,0.0,0,0,0.0,0.0,0.0,0.0,0.0,3000000.0,6214209.4,4740625.0,777750.0,458333.3333333333,6991959.4,8198958.333333333,2429170.67,4128412.920791455,9421130.07,12327371.254124789
211011,211-011,SUBARU FORESTER  ADV2.01-S 211-011,551564102,SUNGAI DANAU,May,5,TR,0.0,2224.063754924651,27000000,27000000.0,0.0,0.0,0,0,0.0,0.0,0.0,0.0,0.0,3000000.0,5745459.4,4740625.0,541025.0,458333.3333333333,6286484.4,8198958.333333333,2429170.67,4128412.920791455,8715655.07,12327371.254124789
222016,222-016,MITSUBISHI TRITON DA 8827 JK 222-016,455100000,SUNGAI DANAU,May,5,TR,0.0,2224.063754924651,27000000,27000000.0,0.0,0.0,0,0,0.0,0.0,0.0,0.0,3872940.0,0.0,4740625.0,4740625.0,635518.75,997250.0,9249083.75,5737875.0,2429170.67,4128412.920791455,11678254.42,9866287.920791455
231001,231-001,BUS HINO 130 MDBL DA 9577 CL/ DA 7219 CD 231-001,583909091,SUNGAI DANAU,May,5,TR,909.0,2224.063754924651,39937380,40265600.0,6252470.0,6981087.42,0,0,0.0,14485.060800000001,0.0,0.0,4881409.46,2861372.315,0.0,0.0,67119.01,800080.4109183594,11200998.47,10642540.145918358,3593137.49,4128412.920791455,14794135.96,14770953.066709813
231002,231-002,BUS HINO 130 MDBL DA 9592 CL/ DA 7223 CD 231-002,583909091,SUNGAI DANAU,May,5,TR,511.0,3067.2423835946665,39937380,40265600.0,5149490.0,6981087.42,0,0,0.0,14485.060800000001,0.0,0.0,0.0,2866035.4793333337,0.0,0.0,65204.14,800080.4109183594,5214694.14,10647203.310251692,3593137.49,4128412.920791455,8807831.63,14775616.231043147
231003,231-003,BUS ISUZU MINI BUS F 7120 AB/DA 7026 TAJ 231-003,460145600,SUNGAI DANAU,May,5,TR,63.0,2224.063754924651,31040270,31295300.0,5953940.0,6981087.42,0,0,0.0,14485.060800000001,0.0,0.0,950761.27,2861372.315,4793183.33,4793183.333333333,725000.0,800080.4109183594,12422884.6,15435723.47925169,2792670.87,4128412.920791455,15215555.47,19564136.400043145
231004,231-004,BUS HINO 130 MDBL DA 7445 CD 231-004,708789027,SUNGAI DANAU,May,5,TR,1195.0,2224.063754924651,39937380,40265600.0,6335550.0,6981087.42,0,0,0.0,14485.060800000001,0.0,0.0,190000.0,1853524.768833333,7383219.03,7383219.03125,4389403.89,481888.79402820667,18298172.92,16699720.01411154,3593137.49,4128412.920791455,21891310.41,20828132.934902996
231005,231-005,BUS HINO 130 MDBL DA 8705 CO 231-005,913515450,SUNGAI DANAU,May,5,TR,1649.0,2224.063754924651,39937380,40265600.0,5608490.0,6981087.42,0,0,0.0,14485.060800000001,0.0,0.0,152813.82,1807841.42292236,25375429.17,25375429.166666668,725000.0,481888.79402820667,31861732.99,34646246.80361724,3593137.49,4128412.920791455,35454870.48,38774659.72440869
241008,241-008,TRUCK HINO 130 HD DA 8587 CQ 241-008,317045945,SUNGAI DANAU,May,5,TR,0.0,1500.0,65085725,20000000.0,0.0,6981087.42,0,0,0.0,14485.060800000001,8300000.0,0.0,0.0,2490533.8021723595,3616811.93,3616811.9270833335,1285000.0,238852.8657900226,13201811.93,13327286.015045715,5855716.08,4128412.920791455,19057528.01,17455698.935837172
242004,242-004,TRUCK HINO 136 HDX 242-004,522000000,SUNGAI DANAU,May,5,TR,1365.0,2224.063754924651,22514620,22699600.0,6203390.0,4744407.42,0,0,0.0,14485.060800000001,0.0,0.0,927876.27,1161281.18513232,14500000.0,14500000.0,47137.09,683102.8657900225,21678403.36,21088791.470922343,2025624.24,4128412.920791455,23704027.6,25217204.391713798
242005,242-005,TRUCK HINO 136 HDX 242-005,522900000,SUNGAI DANAU,May,5,TR,572.0,2224.063754924651,22514620,22699600.0,4709820.0,4744407.42,0,0,0.0,14485.060800000001,0.0,0.0,0.0,957754.9050073201,14525000.0,14525000.0,0.0,444250.0,19234820.0,20671412.32500732,2025624.24,4128412.920791455,21260444.24,24799825.245798774
251001,251-001,DUMP TRUCK HINO 130 HD DA 9881 AW 251-001,0,SUNGAI DANAU,May,5,TR,0.0,0.0,0,0.0,0.0,0.0,0,0,0.0,0.0,0.0,0.0,0.0,0.0,0.0,0.0,0.0,0.0,0.0,0.0,0.0,0.0,0.0,0.0
251002,251-002,DUMP TRUCK HINO 130 HD DA 9660 AY 251-002,0,SUNGAI DANAU,May,5,TR,0.0,0.0,0,0.0,0.0,0.0,0,0,0.0,0.0,0.0,0.0,0.0,0.0,0.0,0.0,0.0,0.0,0.0,0.0,0.0,0.0,0.0,0.0
251003,251-003,DUMP TRUCK HINO 130 HD DA 9661 AY 251-003,0,SUNGAI DANAU,May,5,TR,0.0,0.0,0,0.0,0.0,0.0,0,0,0.0,0.0,0.0,0.0,0.0,0.0,0.0,0.0,0.0,0.0,0.0,0.0,0.0,0.0,0.0,0.0
251004,251-004,DUMP TRUCK HINO 130 HD DA 9165 AZ/DA 8953 CD 251-004,0,SUNGAI DANAU,May,5,TR,0.0,0.0,0,0.0,0.0,0.0,0,0,0.0,0.0,0.0,0.0,0.0,0.0,0.0,0.0,0.0,0.0,0.0,0.0,0.0,0.0,0.0,0.0
251005,251-005,DUMP TRUCK HINO 130 HD DA 8027 CF/ B 9853 BDG 251-005,0,SUNGAI DANAU,May,5,TR,0.0,0.0,0,0.0,0.0,0.0,0,0,0.0,0.0,0.0,0.0,0.0,0.0,0.0,0.0,0.0,0.0,0.0,0.0,0.0,0.0,0.0,0.0
251006,251-006,DUMP TRUCK HINO 130 HD DA 9706 AZ/DA 8570 CH 251-006,0,SUNGAI DANAU,May,5,TR,0.0,0.0,0,0.0,0.0,0.0,0,0,0.0,0.0,0.0,0.0,0.0,0.0,0.0,0.0,0.0,0.0,0.0,0.0,0.0,0.0,0.0,0.0
251007,251-007,DUMP TRUCK HINO 130 HD DA 9341 AO/DA 8902 CJ 251-007,0,SUNGAI DANAU,May,5,TR,0.0,0.0,0,0.0,0.0,0.0,0,0,0.0,0.0,0.0,0.0,0.0,0.0,0.0,0.0,0.0,0.0,0.0,0.0,0.0,0.0,0.0,0.0
251008,251-008,DUMP TRUCK HINO 130 HD DA 9342 AO/DA 8903 CJ 251-008,0,SUNGAI DANAU,May,5,TR,0.0,0.0,0,0.0,0.0,0.0,0,0,0.0,0.0,0.0,0.0,0.0,0.0,0.0,0.0,0.0,0.0,0.0,0.0,0.0,0.0,0.0,0.0
251009,251-009,DUMP TRUCK HINO 130 HD DA 9862 AO/DA 8981 CL 251-009,0,SUNGAI DANAU,May,5,TR,0.0,0.0,0,0.0,0.0,0.0,0,0,0.0,0.0,0.0,0.0,0.0,0.0,0.0,0.0,0.0,0.0,0.0,0.0,0.0,0.0,0.0,0.0
251010,251-010,DUMP TRUCK HINO 130 HD DA 9863 AO/DA 8980 CL 251-010,0,SUNGAI DANAU,May,5,TR,0.0,0.0,0,0.0,0.0,0.0,0,0,0.0,0.0,0.0,0.0,0.0,0.0,0.0,0.0,0.0,0.0,0.0,0.0,0.0,0.0,0.0,0.0
251011,251-011,DUMP TRUCK HINO 130 HD DA 9294 AQ 251-011,0,SUNGAI DANAU,May,5,TR,0.0,0.0,0,0.0,0.0,0.0,0,0,0.0,0.0,0.0,0.0,0.0,0.0,0.0,0.0,0.0,0.0,0.0,0.0,0.0,0.0,0.0,0.0
251012,251-012,DUMP TRUCK HINO 130 HD DA 9295 AQ 251-012,0,SUNGAI DANAU,May,5,TR,0.0,0.0,0,0.0,0.0,0.0,0,0,0.0,0.0,0.0,0.0,0.0,0.0,0.0,0.0,0.0,0.0,0.0,0.0,0.0,0.0,0.0,0.0
251013,251-013,DUMP TRUCK HINO 130 HD DA 9124 C 251-013,0,SUNGAI DANAU,May,5,TR,0.0,0.0,0,0.0,0.0,0.0,0,0,0.0,0.0,0.0,0.0,0.0,0.0,0.0,0.0,0.0,0.0,0.0,0.0,0.0,0.0,0.0,0.0
251014,251-014,DUMP TRUCK HINO 130 HD DA 9125 C 251-014,0,SUNGAI DANAU,May,5,TR,0.0,0.0,0,0.0,0.0,0.0,0,0,0.0,0.0,0.0,0.0,0.0,0.0,0.0,0.0,0.0,0.0,0.0,0.0,0.0,0.0,0.0,0.0
251015,251-015,DUMP TRUCK HINO 130 HD DA 9285 C 251-015,0,SUNGAI DANAU,May,5,TR,0.0,0.0,0,0.0,0.0,0.0,0,0,0.0,0.0,0.0,0.0,0.0,0.0,0.0,0.0,0.0,0.0,0.0,0.0,0.0,0.0,0.0,0.0
251016,251-016,DUMP TRUCK HINO 130 HD DA 9396 CC 251-016,0,SUNGAI DANAU,May,5,TR,0.0,0.0,0,0.0,0.0,0.0,0,0,0.0,0.0,0.0,0.0,0.0,0.0,0.0,0.0,0.0,0.0,0.0,0.0,0.0,0.0,0.0,0.0
251017,251-017,DUMP TRUCK HINO 130 HD DA 9397 CC 251-017,0,SUNGAI DANAU,May,5,TR,0.0,0.0,0,0.0,0.0,0.0,0,0,0.0,0.0,0.0,0.0,0.0,0.0,0.0,0.0,0.0,0.0,0.0,0.0,0.0,0.0,0.0,0.0
251018,251-018,DUMP TRUCK HINO 130 HD DA 9679 CF/DA 8708 CC 251-018,0,SUNGAI DANAU,May,5,TR,0.0,0.0,0,0.0,0.0,0.0,0,0,0.0,0.0,0.0,0.0,0.0,0.0,0.0,0.0,0.0,0.0,0.0,0.0,0.0,0.0,0.0,0.0
251019,251-019,DUMP TRUCK HINO 130 HD DA 9701 CF/DA 8707 CD 251-019,0,SUNGAI DANAU,May,5,TR,0.0,0.0,0,0.0,0.0,0.0,0,0,0.0,0.0,0.0,0.0,0.0,0.0,0.0,0.0,0.0,0.0,0.0,0.0,0.0,0.0,0.0,0.0
251020,251-020,DUMP TRUCK HINO 130 HD DA 9700 CF/DA 8706 CD 251-020,0,SUNGAI DANAU,May,5,TR,0.0,0.0,0,0.0,0.0,0.0,0,0,0.0,0.0,0.0,0.0,0.0,0.0,0.0,0.0,0.0,0.0,0.0,0.0,0.0,0.0,0.0,0.0
251021,251-021,DUMP TRUCK HINO 130 HD DA 9687 CC/DA 8707 CC 251-021,0,SUNGAI DANAU,May,5,TR,0.0,0.0,0,0.0,0.0,0.0,0,0,0.0,0.0,0.0,0.0,0.0,0.0,0.0,0.0,0.0,0.0,0.0,0.0,0.0,0.0,0.0,0.0
251022,251-022,DUMP TRUCK HINO 130 HD DA 9680 CF/DA 8708 CD 251-022,0,SUNGAI DANAU,May,5,TR,0.0,0.0,0,0.0,0.0,0.0,0,0,0.0,0.0,0.0,0.0,0.0,0.0,0.0,0.0,0.0,0.0,0.0,0.0,0.0,0.0,0.0,0.0
251023,251-023,DUMP TRUCK HINO 130 HD DA 9031 CI/DA 8137 CK 251-023,0,SUNGAI DANAU,May,5,TR,0.0,0.0,0,0.0,0.0,0.0,0,0,0.0,0.0,0.0,0.0,0.0,0.0,0.0,0.0,0.0,0.0,0.0,0.0,0.0,0.0,0.0,0.0
251024,251-024,DUMP TRUCK HINO 130 HD DA 9032 CI/DA 8138 CK 251-024,0,SUNGAI DANAU,May,5,TR,0.0,0.0,0,0.0,0.0,0.0,0,0,0.0,0.0,0.0,0.0,0.0,0.0,0.0,0.0,0.0,0.0,0.0,0.0,0.0,0.0,0.0,0.0
251025,251-025,DUMP TRUCK HINO 130 HD DA 9033 CI/DA 8135 CK 251-025,0,SUNGAI DANAU,May,5,TR,0.0,0.0,0,0.0,0.0,0.0,0,0,0.0,0.0,0.0,0.0,0.0,0.0,0.0,0.0,0.0,0.0,0.0,0.0,0.0,0.0,0.0,0.0
251026,251-026,DUMP TRUCK HINO 130 HD DA 9034 CI/DA 8140 CK 251-026,0,SUNGAI DANAU,May,5,TR,0.0,0.0,0,0.0,0.0,0.0,0,0,0.0,0.0,0.0,0.0,0.0,0.0,0.0,0.0,0.0,0.0,0.0,0.0,0.0,0.0,0.0,0.0
251027,251-027,DUMP TRUCK HINO 130 HD DA 9035 CI/DA 8139 CK 251-027,0,SUNGAI DANAU,May,5,TR,0.0,0.0,0,0.0,0.0,0.0,0,0,0.0,0.0,0.0,0.0,0.0,0.0,0.0,0.0,0.0,0.0,0.0,0.0,0.0,0.0,0.0,0.0
251028,251-028,DUMP TRUCK HINO 130 HD DA 9246 CJ/DA 8024 CS 251-028,0,SUNGAI DANAU,May,5,TR,0.0,0.0,0,0.0,0.0,0.0,0,0,0.0,0.0,0.0,0.0,0.0,0.0,0.0,0.0,0.0,0.0,0.0,0.0,0.0,0.0,0.0,0.0
251029,251-029,DUMP TRUCK HINO 130 HD DA 9248 CJ/DA 8021 CS 251-029,0,SUNGAI DANAU,May,5,TR,0.0,0.0,0,0.0,0.0,0.0,0,0,0.0,0.0,0.0,0.0,0.0,0.0,0.0,0.0,0.0,0.0,0.0,0.0,0.0,0.0,0.0,0.0
251030,251-030,DUMP TRUCK HINO 130 HD DA 9249 CJ 251-030,0,SUNGAI DANAU,May,5,TR,0.0,0.0,0,0.0,0.0,0.0,0,0,0.0,0.0,0.0,0.0,0.0,0.0,0.0,0.0,0.0,0.0,0.0,0.0,0.0,0.0,0.0,0.0
251031,251-031,DUMP TRUCK HINO 130 HD DA 9251- CJ 251-031,0,SUNGAI DANAU,May,5,TR,0.0,0.0,0,0.0,0.0,0.0,0,0,0.0,0.0,0.0,0.0,0.0,0.0,0.0,0.0,0.0,0.0,0.0,0.0,0.0,0.0,0.0,0.0
251032,251-032,DUMP TRUCK HINO 130 HD DA 9247 CJ/DA 8020 CS 251-032,0,SUNGAI DANAU,May,5,TR,0.0,0.0,0,0.0,0.0,0.0,0,0,0.0,0.0,0.0,0.0,0.0,0.0,0.0,0.0,0.0,0.0,0.0,0.0,0.0,0.0,0.0,0.0
251033,251-033,DUMP TRUCK HINO 130 HD DA 9250 CJ 251-033,0,SUNGAI DANAU,May,5,TR,0.0,0.0,0,0.0,0.0,0.0,0,0,0.0,0.0,0.0,0.0,0.0,0.0,0.0,0.0,0.0,0.0,0.0,0.0,0.0,0.0,0.0,0.0
251034,251-034,DUMP TRUCK HINO 130 HD DA 8206 CF 251-034,303363637,SUNGAI DANAU,May,5,TR,2297.0,0.0,41951877,0.0,5477393.0,0.0,875,0,22594.31,14485.060800000001,19770021.25,0.0,4192038.76,0.0,0.0,0.0,52000.0,0.0,29491453.01,0.0,3774380.34,0.0,33265833.35,0.0
251035,251-035,DUMP TRUCK HINO 130 HD DA 8207 CF 251-035,303363637,SUNGAI DANAU,May,5,TR,1611.0,1200.0,30615198,24082621.83203438,4852899.0,6981087.42,666,0,22594.31,14485.060800000001,15047810.46,4456941.784615385,1934004.76,3592382.433449999,0.0,0.0,20000.0,730362.7034490008,21854714.22,15760774.341514384,2754427.45,4128412.920791455,24609141.67,19889187.26230584
251036,251-036,DUMP TRUCK HINO 130 HD DA 8209 CF 251-036,303363637,SUNGAI DANAU,May,5,TR,2207.0,1200.0,49514960,69423042.96514896,6158201.0,6981087.42,549,0,22594.31,14485.060800000001,12404276.19,4456941.784615385,11191235.16,3833574.3331083325,0.0,0.0,0.0,943838.3237201769,29753712.35,16215441.861443894,4454825.5,4128412.920791455,34208537.85,20343854.78223535
251037,251-037,DUMP TRUCK HINO 130 HD DA 8674 CO 251-037,319664981,SUNGAI DANAU,May,5,TR,1893.0,1200.0,42923773,69423042.96514896,5554084.0,6981087.42,498,0,22594.31,14485.060800000001,11251966.38,4456941.784615385,3055236.3,3741838.298274999,3329843.55,3329843.553854167,2303334.0,775958.0841339614,25494464.23,19285669.14087851,3861821.13,4128412.920791455,29356285.36,23414082.061669964
251038,251-038,DUMP TRUCK HINO 130 HD DA 8675 CO 251-038,319664981,SUNGAI DANAU,May,5,TR,2094.0,1200.0,38332307,69423042.96514896,5545296.0,6981087.42,543,0,22594.31,14485.060800000001,12268710.33,4456941.784615385,2679432.99,3741838.298274999,3329843.55,3329843.553854167,2355315.92,828664.6709807965,26178598.79,19338375.727725346,3448730.22,4128412.920791455,29627329.01,23466788.6485168
251039,251-039,DUMP TRUCK HINO 130 HD DA 8678 CO 251-039,319664981,SUNGAI DANAU,May,5,TR,1590.0,881.6024522265001,46772431,24082621.83203438,5877452.0,6981087.42,342,0,22594.31,14485.060800000001,7727254.02,3274375.6722897314,2062066.58,3741838.298274999,3329843.55,3329843.553854167,15000.0,828664.6709807965,19011616.15,18155809.615399692,4208082.13,4128412.920791455,23219698.28,22284222.536191147
251040,251-040,DUMP TRUCK HINO 130 HD DA 8679 CO 251-040,319664981,SUNGAI DANAU,May,5,TR,1521.0,1200.0,48252177,24082621.83203438,5840274.0,6981087.42,325,0,22594.31,14485.060800000001,7343150.75,4456941.784615385,620783.96,3705673.3232749994,3329843.55,3329843.553854167,15000.0,746676.6469968307,17149052.26,19220222.72874138,4341213.82,4128412.920791455,21490266.08,23348635.649532836
251041,251-041,DUMP TRUCK HINO 130 HD DA 8680 CO 251-041,319664981,SUNGAI DANAU,May,5,TR,2117.0,1200.0,44730321,24082621.83203438,5764214.0,6981087.42,588,0,22594.31,14485.060800000001,13285454.28,4456941.784615385,6177022.82,3741838.298274999,3329843.55,3329843.553854167,86981.92,869658.6829727793,28643516.57,19379369.739717327,4024354.96,4128412.920791455,32667871.53,23507782.66050878
251042,251-042,DUMP TRUCK HINO 130 HD DA 8681 CO 251-042,319664981,SUNGAI DANAU,May,5,TR,1451.0,1200.0,57418878,24082621.83203438,6742091.0,6981087.42,380,0,22594.31,14485.060800000001,8585837.8,4456941.784615385,1850867.64,3741838.298274999,3329843.55,3329843.553854167,231000.0,869658.6829727793,20739639.99,19379369.739717327,5165935.35,4128412.920791455,25905575.34,23507782.66050878
251043,251-043,DUMP TRUCK HINO 130 HD DA 8570 CP 251-043,0,SUNGAI DANAU,May,5,TR,0.0,0.0,0,0.0,0.0,0.0,0,0,0.0,14485.060800000001,0.0,0.0,0.0,0.0,0.0,0.0,0.0,0.0,0.0,0.0,0.0,0.0,0.0,0.0
251044,251-044,DUMP TRUCK HINO 130HD DA 8571 CP 251-044,320742425,SUNGAI DANAU,May,5,TR,1975.0,1200.0,41386882,69423042.96514896,5902938.0,6981087.42,561,0,22594.31,14485.060800000001,12675407.91,4456941.784615385,6492044.97,3741838.298274999,3341066.93,3341066.9270833335,0.0,896988.0243007678,28411457.81,19417922.454274487,3723548.15,4128412.920791455,32135005.96,23546335.37506594
251045,251-045,DUMP TRUCK HINO 130 HD DA 8643 CQ 251-045,315888441,SUNGAI DANAU,May,5,TR,1708.0,1200.0,33621187,44902501.45802166,5211575.0,6981087.42,433,0,22594.31,14485.060800000001,9783336.23,4456941.784615385,11745551.54,3741838.298274999,3290504.59,3290504.59375,2283334.0,869658.6829727793,32314301.36,19340030.779613163,3024874.13,4128412.920791455,35339175.49,23468443.700404618
251046,251-046,DUMP TRUCK HINO 130 HD DA 8642 CQ 251-046,315888441,SUNGAI DANAU,May,5,TR,1357.0,1200.0,43607878,24082621.83203438,5560941.0,6981087.42,351,0,22594.31,14485.060800000001,7930602.81,4456941.784615385,7698590.86,3741838.298274999,3290504.59,3290504.59375,15000.0,869658.6829727793,24495639.26,19340030.779613163,3923369.57,4128412.920791455,28419008.83,23468443.700404618
251047,251-047,DUMP TRUCK HINO 130 HD DA 8923 CV 251-047,349692273,SUNGAI DANAU,May,5,TR,1679.0,1200.0,36579621,24082621.83203438,5211999.0,6981087.42,491,0,22594.31,14485.060800000001,11093806.21,4456941.784615385,2308841.71,3741838.298274999,3642627.84,3642627.84375,725000.0,828664.6709807965,22982274.76,19651160.017621182,3291042.31,4128412.920791455,26273317.07,23779572.938412637
251048,251-048,DUMP TRUCK HINO 130 HD DA 8921 CV 251-048,349692273,SUNGAI DANAU,May,5,TR,2511.0,1200.0,49584295,24082621.83203438,5594013.0,6981087.42,901,0,22594.31,14485.060800000001,20357473.31,4456941.784615385,10288057.57,3705673.3232749994,3642627.84,3642627.84375,19981.92,746676.6469968307,39902153.64,19533007.018637214,4461063.52,4128412.920791455,44363217.16,23661419.93942867
251049,251-049,DUMP TRUCK HINO 130 HD DA 8924 CV 251-049,352419546,SUNGAI DANAU,May,5,TR,2270.0,1200.0,58792060,24082621.83203438,6932504.0,6981087.42,607,0,22594.31,14485.060800000001,13714746.17,4456941.784615385,7718221.85,3540872.1482749996,3671036.94,3671036.9375,906000.0,828664.6709807965,32942508.96,19478602.96137118,5289479.55,4128412.920791455,38231988.51,23607015.882162634
251050,251-050,DUMP TRUCK HINO 130 HD DA 8925 CV 251-050,352419545,SUNGAI DANAU,May,5,TR,2180.0,1200.0,52528127,24082621.83203438,6427351.0,6981087.42,498,0,22594.31,14485.060800000001,11251966.38,4456941.784615385,2190128.02,3207289.9699499994,3671036.93,3671036.9270833335,740000.0,710284.0036978255,24280482.33,19026640.10534654,4725917.98,4128412.920791455,29006400.31,23155053.026137996
251051,251-051,DUMP TRUCK HINO 130 HD DA 8012 CZ 251-051,342218546,SUNGAI DANAU,May,5,TR,1717.0,1200.0,37508530,24082621.83203438,5409505.0,6981087.42,406,0,22594.31,14485.060800000001,9173289.86,4456941.784615385,2912367.75,3207289.9699499994,3564776.52,3564776.5208333335,4214000.0,710284.0036978255,25273939.13,18920379.69909654,3374615.59,4128412.920791455,28648554.72,23048792.619887996
251052,251-052,DUMP TRUCK HINO 130 HD DA 8013 CZ 251-052,342218546,SUNGAI DANAU,May,5,TR,1273.0,1200.0,42598052,24082621.83203438,5697380.0,6981087.42,393,0,22594.31,14485.060800000001,8879563.83,4456941.784615385,10385553.5,3207289.9699499994,3564776.52,3564776.5208333335,6482334.0,710284.0036978255,35009607.85,18920379.69909654,3832516.24,4128412.920791455,38842124.09,23048792.619887996
251053,251-053,DUMP TRUCK HINO 130 HD DA 8014 CZ 251-053,342218546,SUNGAI DANAU,May,5,TR,2533.0,1200.0,50200933,69423042.96514896,8246881.0,6981087.42,597,0,22594.31,14485.060800000001,13488803.07,4456941.784615385,6550905.92,2892749.2362083327,3564776.52,3564776.5208333335,4290981.92,645585.9711662608,36142348.43,18541140.93282331,4516542.0,4128412.920791455,40658890.43,22669553.853614766
251054,251-054,DUMP TRUCK HINO 130 HD DA 8016 CZ 251-054,342218545,SUNGAI DANAU,May,5,TR,2951.0,1200.0,58408098,44902501.45802166,6269396.0,6981087.42,710,0,22594.31,14485.060800000001,16041960.1,4456941.784615385,5345441.29,2234311.87424388,3564776.51,3564776.5104166665,4199000.0,663433.7042784166,35420573.9,17900551.293554347,5254934.76,4128412.920791455,40675508.66,22028964.2143458
251055,251-055,DUMP TRUCK HINO 130 HD DA 8015 CZ 251-055,342338545,SUNGAI DANAU,May,5,TR,3397.0,1200.0,63054205,44902501.45802166,6934011.0,6981087.42,827,0,22594.31,14485.060800000001,18685494.37,4456941.784615385,9212692.18,2234311.87424388,3566026.51,3566026.5104166665,4199000.0,663433.7042784166,42597224.06,17901801.293554347,5672941.68,4128412.920791455,48270165.74,22030214.2143458
251056,251-056,DUMP TRUCK HINO 130 HD 25-85 251-056,416237315,SUNGAI DANAU,May,5,TR,3112.0,1200.0,64011621,24082621.83203438,7045546.0,6981087.42,629,0,22594.31,14485.060800000001,14211820.99,4456941.784615385,2707234.17,2002098.0764285715,4335805.36,4335805.364583333,30000.0,531009.8987766176,28330406.52,18306942.544403907,5759079.72,4128412.920791455,34089486.24,22435355.46519536
251057,251-057,DUMP TRUCK HINO 130 HD 25-86 251-057,416237315,SUNGAI DANAU,May,5,TR,2859.0,1200.0,52016188,24082621.83203438,6311094.0,6981087.42,665,0,22594.31,14485.060800000001,15025216.15,4456941.784615385,3419334.08,1515514.1655,4335805.36,4335805.364583333,30000.0,391534.645147918,29121449.59,17680883.379846636,4679859.2,4128412.920791455,33801308.79,21809296.30063809
251058,251-058,DUMP TRUCK HINO 130HD 251-058,416237315,SUNGAI DANAU,May,5,TR,2311.0,0.0,0,0.0,0.0,0.0,687,0,0.0,0.0,0.0,0.0,0.0,0.0,0.0,0.0,0.0,0.0,0.0,0.0,0.0,0.0,0.0,0.0
251059,251-059,DUMP TRUCK HINO 130HD DA 8475 JJ 251-059,520059549,SUNGAI DANAU,May,5,TR,1707.0,1000.0,30324000,30335760.0,6590108.0,6981087.42,0,0,0.0,14485.060800000001,0.0,0.0,416734.64,3441586.5925,5417286.97,5417286.972916666,1544647.89,729247.2201294912,13968777.5,16569208.205546157,2728228.57,4128412.920791455,16697006.07,20697621.126337614
251060,251-060,DUMP TRUCK HINO 130HD DA 8476 JJ 251-060,520059549,SUNGAI DANAU,May,5,TR,2311.0,1200.0,51815388,69423042.96514896,5961305.0,6981087.42,582,0,22594.31,14485.060800000001,13149888.42,4456941.784615385,2068881.11,3441586.5925,5417286.97,5417286.972916666,3112999.97,729247.2201294912,29710361.47,21026149.990161538,4661793.37,4128412.920791455,34372154.84,25154562.910952993
251061,251-061,DUMP TRUCK HINO 136 HDX DA 8707 JL 251-061,556170066,SUNGAI DANAU,May,5,TR,2009.0,0.0,0,0.0,0.0,0.0,638,0,0.0,0.0,0.0,0.0,0.0,0.0,0.0,0.0,0.0,0.0,0.0,0.0,0.0,0.0,0.0,0.0
251063,251-063,DUMPTRUCK 136 HDX 251-063,607312672,SUNGAI DANAU,May,5,TR,3142.0,1200.0,57763394,69423042.96514896,6582617.52,6981087.42,741,0,22594.31,14485.060800000001,16742383.71,4456941.784615385,545898.09,457467.0633333333,16869796.44,4335805.364583333,246000.0,684078.9136945936,40986695.76,16915380.546226643,5196931.21,4128412.920791455,46183626.97,21043793.467018098
251064,251-064,DUMPTRUCK HINO 136 HDX 251-064,607312672,SUNGAI DANAU,May,5,TR,2083.0,1200.0,47451924,24082621.83203438,5617276.0,6981087.42,589,0,22594.31,14485.060800000001,13308048.59,4456941.784615385,6440536.07,457467.0633333333,16869796.44,4335805.364583333,135981.92,633882.1643166554,42371639.02,16865183.796848703,4269215.63,4128412.920791455,46640854.65,20993596.717640158
261001,261-001,TRUCK TANGKI TOYOTA DYNA DA 9457 C 261-001,0,SUNGAI DANAU,May,5,TR,0.0,0.0,0,0.0,0.0,0.0,0,0,0.0,0.0,0.0,0.0,0.0,0.0,0.0,0.0,0.0,0.0,0.0,0.0,0.0,0.0,0.0,0.0
261002,261-002,TRUCK TANGKI HINO DUTRO DA 9464 C 261-002,0,SUNGAI DANAU,May,5,TR,0.0,0.0,0,0.0,0.0,0.0,0,0,0.0,0.0,0.0,0.0,0.0,0.0,0.0,0.0,0.0,0.0,0.0,0.0,0.0,0.0,0.0,0.0
261003,261-003,TRUCK TANGKI HINO DUTRO DA 9091 CF 261-003,0,SUNGAI DANAU,May,5,TR,0.0,0.0,0,0.0,0.0,0.0,0,0,0.0,0.0,0.0,0.0,0.0,0.0,0.0,0.0,0.0,0.0,0.0,0.0,0.0,0.0,0.0,0.0
261004,261-004,TRUCK TANGKI HINO 130HD DA 9626 CC/DA 8026 JG 261-004,0,SUNGAI DANAU,May,5,TR,0.0,0.0,0,0.0,0.0,0.0,0,0,0.0,0.0,0.0,0.0,0.0,0.0,0.0,0.0,0.0,0.0,0.0,0.0,0.0,0.0,0.0,0.0
261005,261-005,TRUCK TANGKI HINO DUTRO DA 9117 CF 261-005,0,SUNGAI DANAU,May,5,TR,0.0,0.0,0,0.0,0.0,0.0,0,0,0.0,0.0,0.0,0.0,0.0,0.0,0.0,0.0,0.0,0.0,0.0,0.0,0.0,0.0,0.0,0.0
261006,261-006,TRUCK TANGKI HINO DUTRO DA 9118 CF 261-006,0,SUNGAI DANAU,May,5,TR,0.0,0.0,0,0.0,0.0,0.0,0,0,0.0,0.0,0.0,0.0,0.0,0.0,0.0,0.0,0.0,0.0,0.0,0.0,0.0,0.0,0.0,0.0
261007,261-007,TRUCK TANGKI HINO 130 HD DA 9526 CI/DA 8013 CM 261-007,251772728,SUNGAI DANAU,May,5,TR,216.0,2039.6726660340205,0,34410625.49095266,0.0,6981087.42,0,0,0.0,14485.060800000001,0.0,6422778.821652367,0.0,2255917.163,0.0,0.0,0.0,637498.7170998151,0.0,16297282.121752182,0.0,4128412.920791455,0.0,20425695.04254364
261008,261-008,TRUCK TANGKI HINO 130 HD DA 9524 CI/DA 8014 CM 261-008,251772728,SUNGAI DANAU,May,5,TR,0.0,0.0,0,0.0,0.0,0.0,0,0,0.0,0.0,0.0,0.0,0.0,0.0,0.0,0.0,0.0,0.0,0.0,0.0,0.0,0.0,0.0,0.0
261009,261-009,TRUCK TANGKI HINO 130 HD DA 9458 CI/DA 8012 CM 261-009,251772728,SUNGAI DANAU,May,5,TR,0.0,2039.6726660340205,0,34410625.49095266,0.0,6981087.42,0,0,0.0,14485.060800000001,0.0,6422778.821652367,0.0,3575121.4595833328,0.0,0.0,0.0,798407.1859390948,0.0,17777394.887174793,0.0,4128412.920791455,0.0,21905807.807966247
261010,261-010,TRUCK TANGKI HINO 130 HD DA 9460 CI/DA 8987 CI 261-010,251772728,SUNGAI DANAU,May,5,TR,0.0,0.0,0,0.0,0.0,0.0,0,0,0.0,0.0,0.0,0.0,0.0,0.0,0.0,0.0,0.0,0.0,0.0,0.0,0.0,0.0,0.0,0.0
261011,261-011,TRUCK TANGKI HINO 130 HD DA 8606 CL 261-011,272724200,SUNGAI DANAU,May,5,TR,1449.0,2039.6726660340205,23678063,34410625.49095266,4869886.0,6981087.42,267,0,22594.31,14485.060800000001,6032680.77,6422778.821652367,2110753.96,3332787.95117436,2840877.08,2840877.078125,135000.0,810119.760793947,15989197.81,20387651.031745672,2130298.38,4128412.920791455,18119496.19,24516063.952537127
261012,261-012,TRUCK TANGKI HINO 130 HD DA 8607 CL 261-012,273058794,SUNGAI DANAU,May,5,TR,1244.0,2039.6726660340205,20787129,34410625.49095266,4919818.0,6981087.42,272,0,22594.31,14485.060800000001,6145652.32,6422778.821652367,3715193.86,2324009.934,2844362.43,2844362.4322916665,226981.92,624112.9172656983,17852008.53,19196351.525209732,1870203.12,4128412.920791455,19722211.65,23324764.446001187
261013,261-013,TRUCK TANGKI HINO 130 HD DA 8597 CN 261-013,292654546,SUNGAI DANAU,May,5,TR,1235.0,2039.6726660340205,20742975,34410625.49095266,4580427.0,6981087.42,207,0,22594.31,14485.060800000001,4677022.17,6422778.821652367,4066176.79,2324009.934,3048484.85,3048484.8489583335,980000.0,694388.3663948118,17352110.81,19470749.39100551,1866230.61,4128412.920791455,19218341.42,23599162.311796963
261014,261-014,TRUCK TANGKI HINO 130 HD DA 8598 CN 261-014,292654546,SUNGAI DANAU,May,5,TR,966.0,2039.6726660340205,17490171,34410625.49095266,4597860.0,6981087.42,216,0,22594.31,14485.060800000001,4880370.96,6422778.821652367,553054.89,2324009.934,3323484.85,3048484.8489583335,1016981.92,694388.3663948118,14371752.62,19470749.39100551,1573578.16,4128412.920791455,15945330.78,23599162.311796963
261015,261-015,TRUCK TANGKI HINO 130 HD DA 8587 CQ 261-015,0,SUNGAI DANAU,May,5,TR,0.0,0.0,0,0.0,0.0,0.0,0,0,0.0,0.0,0.0,0.0,0.0,0.0,0.0,0.0,0.0,0.0,0.0,0.0,0.0,0.0,0.0,0.0
261016,261-016,TRUCK TANGKI HINO 130 HD DA 8234 CM 261-016,0,SUNGAI DANAU,May,5,TR,0.0,0.0,0,0.0,0.0,0.0,0,0,0.0,0.0,0.0,0.0,0.0,0.0,0.0,0.0,0.0,0.0,0.0,0.0,0.0,0.0,0.0,0.0
261017,261-017,TRUCK TANGKI HINO 130 HD DA 8027 CF 261-017,0,SUNGAI DANAU,May,5,TR,0.0,0.0,0,0.0,0.0,0.0,0,0,0.0,0.0,0.0,0.0,0.0,0.0,0.0,0.0,0.0,0.0,0.0,0.0,0.0,0.0,0.0,0.0
261019,261-019,TRUCK TANGKI HINO 130 HD DA 8137 CK 261-019,271454545,SUNGAI DANAU,May,5,TR,0.0,0.0,0,0.0,0.0,0.0,0,0,0.0,0.0,0.0,0.0,0.0,0.0,0.0,0.0,0.0,0.0,0.0,0.0,0.0,0.0,0.0,0.0
262003,262-003,TRUCK TANGKI HINO 130 HD DA 8569 CP 262-003,634129138,SUNGAI DANAU,May,5,TR,1425.0,2651.5744658442263,35894005,34410625.49095266,5218473.0,6981087.42,458,0,22594.31,14485.060800000001,10348193.98,10668949.264855875,1180427.81,2842797.01145976,6605511.85,6605511.854166667,135000.0,632479.0421620213,23487606.64,27730824.592644323,3229357.93,4128412.920791455,26716964.57,31859237.513435777
262004,262-004,TRUCK TANGKI HINO 130 HD DA 8567 CP 262-004,634129138,SUNGAI DANAU,May,5,TR,1299.0,2651.5744658442263,42181595,34410625.49095266,5363183.0,6981087.42,321,0,22594.31,14485.060800000001,7252773.51,10668949.264855875,2399675.12,2706259.8114597597,7386761.85,7386761.854166667,135000.0,632479.0421620213,22537393.48,28375537.392644323,3795047.91,4128412.920791455,26332441.39,32503950.313435778
262005,262-005,TRUCK TANGKI HINO FG235 DA 8170 CR 262-005,634129137,SUNGAI DANAU,May,5,TR,1291.0,2651.5744658442263,37066471,34410625.49095266,5197810.0,6981087.42,403,0,22594.31,14485.060800000001,9105506.93,10668949.264855875,1056188.74,2706259.8114597597,6605511.84,6605511.84375,960000.0,632479.0421620213,22925017.51,27594287.382227656,3334843.86,4128412.920791455,26259861.37,31722700.30301911
262006,262-006,TRUCK TANGKI HINO FG 235 DA 8171 CR 262-006,634129137,SUNGAI DANAU,May,5,TR,1410.0,2651.5744658442263,43612958,34410625.49095266,5518958.0,6981087.42,531,0,22594.31,14485.060800000001,11997578.61,10668949.264855875,618860.33,2672238.41270976,6605511.84,6605511.84375,960000.0,632479.0421620213,25700908.78,27560265.983477656,3923826.61,4128412.920791455,29624735.39,31688678.90426911
262007,262-007,TRUCK TANGKI HINO FG 235 DA 8342 JD 262-007,742644909,SUNGAI DANAU,May,5,TR,1517.0,2651.5744658442263,48360204,34410625.49095266,5820484.0,6981087.42,523,0,22594.31,14485.060800000001,11816824.13,10668949.264855875,2672998.48,2706259.8114597597,7735884.47,7735884.46875,135000.0,562203.5930329079,28181191.08,28654384.558098543,4350932.93,4128412.920791455,32532124.01,32782797.478889998
262008,262-008,TRUCK TANGKI HINO FG 235 DA 8343 JD 262-008,742644909,SUNGAI DANAU,May,5,TR,1546.0,2651.5744658442263,49751088,34410625.49095266,6067908.0,6981087.42,470,0,22594.31,14485.060800000001,10619325.7,10668949.264855875,1159678.6,2707843.3614597595,7735884.47,7735884.46875,135000.0,562203.5930329079,25717796.77,28655968.10809854,4476069.77,4128412.920791455,30193866.54,32784381.028889995
262009,262-009,TRUCK TANGKI HINO FG 235 JK DA 8110 JI 262-009,735353097,SUNGAI DANAU,May,5,TR,1224.0,2651.5744658442263,38611437,34410625.49095266,5406083.0,6981087.42,341,0,22594.31,14485.060800000001,7704659.71,10668949.264855875,4271896.71,3178468.993751711,8534928.09,8534928.088958334,135000.0,562203.5930329079,26052567.51,29925637.36059883,3473843.35,4128412.920791455,29526410.86,34054050.28139029
262010,262-010,TRUCK TANGKI HINO FM 260 DA 8112 JI 262-010,735353097,SUNGAI DANAU,May,5,TR,1365.0,2651.5744658442263,44870571,34410625.49095266,5908108.0,6981087.42,539,0,22594.31,14485.060800000001,12178333.09,10668949.264855875,12469421.03,3149447.096951711,8534928.09,8534928.088958334,135000.0,540451.6683024679,39225790.21,29874863.53906839,4036973.15,4128412.920791455,43262763.36,34003276.45985985
262011,262-011,TRUCK TANGKI HINO FG260JK DA 8381 GB 262-011,869854319,SUNGAI DANAU,May,5,TR,1400.0,2651.5744658442263,35338281,34410625.49095266,5252183.0,6981087.42,433,0,22594.31,14485.060800000001,9783336.23,10668949.264855875,113172.93,3134519.3286896404,24162619.98,9060982.4934375,1577100.0,1206164.2431573202,40888412.14,31051702.75014033,3179359.84,4128412.920791455,44067771.98,35180115.67093179
271001,271-001,ARM ROLL HINO 130 HD DA 8590 CQ 271-001,444295945,SUNGAI DANAU,May,5,TR,2294.0,838.4788128749999,36677276,24082621.83203438,5299950.0,6981087.42,607,0,22594.31,14485.060800000001,13714746.17,2891765.8533348087,9473431.12,2194529.553416666,4628082.76,4628082.760416667,0.0,430437.12591582007,33116210.05,17125902.713083964,3299828.27,4128412.920791455,36416038.32,21254315.63387542
271002,271-002,ARM ROLL HINO 130 HD DA 8589 CQ 271-002,450156856,SUNGAI DANAU,May,5,TR,0.0,0.0,0,0.0,0.0,0.0,0,0,0.0,0.0,0.0,0.0,0.0,0.0,0.0,0.0,0.0,0.0,0.0,0.0,0.0,0.0,0.0,0.0
271003,271-003,ARM ROLL HINO 130 HD DA 8508 JG 271-003,502363636,SUNGAI DANAU,May,5,TR,1872.0,838.4788128749999,28666590,24082621.83203438,5090608.0,6981087.42,426,0,22594.31,14485.060800000001,9625176.06,2891765.8533348087,6964366.52,2185203.22475,5770667.63,5770667.635416667,74981.92,430437.12591582007,27525800.13,18259161.2594173,2579112.58,4128412.920791455,30104912.71,22387574.180208754
271004,271-004,ARM ROLL HINO 130 HD DA 8337 JJ 271-004,537470252,SUNGAI DANAU,May,5,TR,1951.0,838.4788128749999,30375292,24082621.83203438,5068034.0,6981087.42,447,0,22594.31,14485.060800000001,10099656.57,2891765.8533348087,5914287.47,2185203.22475,5598648.46,5598648.458333333,0.0,430437.12591582007,26680626.5,18087142.082333963,2732843.28,4128412.920791455,29413469.78,22215555.003125418
213003,213-003,HYUNDAI IONIQ 5N,1309550000,SUNGAI DANAU,May,5,TR,0.0,2224.063754924651,60000000,60000000.0,0.0,0.0,0,0,0.0,0.0,0.0,0.0,0.0,0.0,13641145.83,13641146.0,1657215.0,997250.0,15298360.83,14638396.0,5398157.05,4128412.920791455,20696517.88,18766808.920791455
211002,211-002,JEEP WRANGLER RUBICON B 2603 BJG 211-002,1810630631,SUNGAI DANAU,Jun,6,TR,0.0,0.0,0,0.0,0.0,0.0,0,0,0.0,0.0,0.0,0.0,0.0,0.0,0.0,0.0,0.0,0.0,0.0,0.0,0.0,0.0,0.0,0.0
211003,211-003,JEEP GLADIATOR RUBICON DC 3.6 DA 8047 JJ 211-003,2100900901,SUNGAI DANAU,Jun,6,TR,0.0,2125.9849348465123,90000000,90000000.0,0.0,0.0,0,0,0.0,0.0,0.0,0.0,0.0,0.0,21884384.39,22447121.89,512917.0,1852908.3333333333,22397301.39,24300030.223333333,7911791.57,4143142.3607666744,30309092.96,28443172.584100008
211004,211-004,HYUNDAI PALISADE  S. AWD B 1356 HKS 211-004,1045840085,SUNGAI DANAU,Jun,6,TR,0.0,2125.9849348465123,50000000,50000000.0,0.0,0.0,0,0,0.0,0.0,0.0,0.0,0.0,0.0,10894167.55,11886537.360000001,0.0,997250.0,10894167.55,12883787.360000001,4395439.76,4143142.3607666744,15289607.31,17026929.720766675
211005,211-005,LEXUS RX450 SONIC CROME B 666 LUC 211-005,1751173656,SUNGAI DANAU,Jun,6,TR,0.0,2125.9849348465123,80000000,80000000.0,0.0,0.0,0,0,0.0,0.0,0.0,0.0,0.0,0.0,18241392.25,19869527.67,1628135.42,997250.0,19869527.67,20866777.67,7032703.62,4143142.3607666744,26902231.29,25009920.030766677
211010,211-010,SUBARU FORESTER 2.01-S 211-010,596564102,SUNGAI DANAU,Jun,6,TR,0.0,2125.9849348465123,27000000,27000000.0,0.0,0.0,0,0,0.0,0.0,0.0,0.0,0.0,3000000.0,6214209.4,4740625.0,777750.0,458333.3333333333,6991959.4,8198958.333333333,2373537.47,4143142.3607666744,9365496.87,12342100.694100007
211011,211-011,SUBARU FORESTER  ADV2.01-S 211-011,551564102,SUNGAI DANAU,Jun,6,TR,0.0,2125.9849348465123,27000000,27000000.0,0.0,0.0,0,0,0.0,0.0,0.0,0.0,0.0,3000000.0,5745459.4,4740625.0,541025.0,458333.3333333333,6286484.4,8198958.333333333,2373537.47,4143142.3607666744,8660021.87,12342100.694100007
222016,222-016,MITSUBISHI TRITON DA 8827 JK 222-016,455100000,SUNGAI DANAU,Jun,6,TR,0.0,2125.9849348465123,27000000,27000000.0,0.0,0.0,0,0,0.0,0.0,0.0,0.0,0.0,0.0,4740625.0,4740625.0,635518.75,997250.0,5376143.75,5737875.0,2373537.47,4143142.3607666744,7749681.22,9881017.360766675
231001,231-001,BUS HINO 130 MDBL DA 9577 CL/ DA 7219 CD 231-001,583909091,SUNGAI DANAU,Jun,6,TR,885.0,2125.9849348465123,39937380,40265600.0,5969560.0,6981087.42,0,0,0.0,14485.060800000001,0.0,0.0,3560947.51,2861372.315,0.0,0.0,2439300.0,800083.6507423107,11969807.51,10642543.38574231,3510846.96,4143142.3607666744,15480654.47,14785685.746508986
231002,231-002,BUS HINO 130 MDBL DA 9592 CL/ DA 7223 CD 231-002,583909091,SUNGAI DANAU,Jun,6,TR,530.0,4054.8120760746665,39937380,40265600.0,5104610.0,6981087.42,0,0,0.0,14485.060800000001,0.0,0.0,666395.22,2866035.4793333337,0.0,0.0,0.0,800083.6507423107,5771005.22,10647206.550075645,3510846.96,4143142.3607666744,9281852.18,14790348.910842318
231003,231-003,BUS ISUZU MINI BUS F 7120 AB/DA 7026 TAJ 231-003,460145600,SUNGAI DANAU,Jun,6,TR,66.0,2125.9849348465123,31040270,31295300.0,5649720.0,6981087.42,0,0,0.0,14485.060800000001,0.0,0.0,752196.88,2861372.315,4793183.33,4793183.333333333,0.0,800083.6507423107,11195100.21,15435726.719075643,2728712.74,4143142.3607666744,13923812.95,19578869.079842318
231004,231-004,BUS HINO 130 MDBL DA 7445 CD 231-004,708789027,SUNGAI DANAU,Jun,6,TR,1120.0,2125.9849348465123,39937380,40265600.0,5880547.0,6981087.42,0,0,0.0,14485.060800000001,0.0,0.0,93135.83,1853524.768833333,7383219.03,7383219.03125,504240.98,481890.7453756406,13861142.84,16699721.965458974,3510846.96,4143142.3607666744,17371989.8,20842864.32622565
231005,231-005,BUS HINO 130 MDBL DA 8705 CO 231-005,913515450,SUNGAI DANAU,Jun,6,TR,1209.0,2125.9849348465123,39937380,40265600.0,5522950.0,6981087.42,0,0,0.0,14485.060800000001,0.0,0.0,73870.52,1807841.42292236,25375429.17,25375429.166666668,0.0,481890.7453756406,30972249.69,34646248.75496467,3510846.96,4143142.3607666744,34483096.65,38789391.11573134
241008,241-008,TRUCK HINO 130 HD DA 8587 CQ 241-008,317045945,SUNGAI DANAU,Jun,6,TR,0.0,2125.9849348465123,40124987,20000000.0,0.0,6981087.42,0,0,0.0,14485.060800000001,13600000.0,0.0,23639987.0,2490533.8021723595,3616811.93,3616811.9270833335,2885000.0,238853.83299434962,43741798.93,13327286.982250042,3527339.27,4143142.3607666744,47269138.2,17470429.343016718
242004,242-004,TRUCK HINO 136 HDX 242-004,522000000,SUNGAI DANAU,Jun,6,TR,1800.0,2125.9849348465123,22514620,22699600.0,3269700.0,4744407.42,0,0,0.0,14485.060800000001,0.0,0.0,741414.4,1161281.18513232,14500000.0,14500000.0,19981.92,683103.8329943497,18531096.32,21088792.43812667,1979233.12,4143142.3607666744,20510329.44,25231934.798893344
242005,242-005,TRUCK HINO 136 HDX 242-005,522900000,SUNGAI DANAU,Jun,6,TR,633.0,2125.9849348465123,22514620,22699600.0,8241928.0,4744407.42,0,0,0.0,14485.060800000001,0.0,0.0,262870.52,957754.9050073201,14525000.0,14525000.0,0.0,444250.0,23029798.52,20671412.32500732,1979233.12,4143142.3607666744,25009031.64,24814554.685773995
251001,251-001,DUMP TRUCK HINO 130 HD DA 9881 AW 251-001,0,SUNGAI DANAU,Jun,6,TR,0.0,0.0,0,0.0,0.0,0.0,0,0,0.0,0.0,0.0,0.0,0.0,0.0,0.0,0.0,0.0,0.0,0.0,0.0,0.0,0.0,0.0,0.0
251002,251-002,DUMP TRUCK HINO 130 HD DA 9660 AY 251-002,0,SUNGAI DANAU,Jun,6,TR,0.0,0.0,0,0.0,0.0,0.0,0,0,0.0,0.0,0.0,0.0,0.0,0.0,0.0,0.0,0.0,0.0,0.0,0.0,0.0,0.0,0.0,0.0
251003,251-003,DUMP TRUCK HINO 130 HD DA 9661 AY 251-003,0,SUNGAI DANAU,Jun,6,TR,0.0,0.0,0,0.0,0.0,0.0,0,0,0.0,0.0,0.0,0.0,0.0,0.0,0.0,0.0,0.0,0.0,0.0,0.0,0.0,0.0,0.0,0.0
251004,251-004,DUMP TRUCK HINO 130 HD DA 9165 AZ/DA 8953 CD 251-004,0,SUNGAI DANAU,Jun,6,TR,0.0,0.0,0,0.0,0.0,0.0,0,0,0.0,0.0,0.0,0.0,0.0,0.0,0.0,0.0,0.0,0.0,0.0,0.0,0.0,0.0,0.0,0.0
251005,251-005,DUMP TRUCK HINO 130 HD DA 8027 CF/ B 9853 BDG 251-005,0,SUNGAI DANAU,Jun,6,TR,0.0,0.0,0,0.0,0.0,0.0,0,0,0.0,0.0,0.0,0.0,0.0,0.0,0.0,0.0,0.0,0.0,0.0,0.0,0.0,0.0,0.0,0.0
251006,251-006,DUMP TRUCK HINO 130 HD DA 9706 AZ/DA 8570 CH 251-006,0,SUNGAI DANAU,Jun,6,TR,0.0,0.0,0,0.0,0.0,0.0,0,0,0.0,0.0,0.0,0.0,0.0,0.0,0.0,0.0,0.0,0.0,0.0,0.0,0.0,0.0,0.0,0.0
251007,251-007,DUMP TRUCK HINO 130 HD DA 9341 AO/DA 8902 CJ 251-007,0,SUNGAI DANAU,Jun,6,TR,0.0,0.0,0,0.0,0.0,0.0,0,0,0.0,0.0,0.0,0.0,0.0,0.0,0.0,0.0,0.0,0.0,0.0,0.0,0.0,0.0,0.0,0.0
251008,251-008,DUMP TRUCK HINO 130 HD DA 9342 AO/DA 8903 CJ 251-008,0,SUNGAI DANAU,Jun,6,TR,0.0,0.0,0,0.0,0.0,0.0,0,0,0.0,0.0,0.0,0.0,0.0,0.0,0.0,0.0,0.0,0.0,0.0,0.0,0.0,0.0,0.0,0.0
251009,251-009,DUMP TRUCK HINO 130 HD DA 9862 AO/DA 8981 CL 251-009,0,SUNGAI DANAU,Jun,6,TR,0.0,0.0,0,0.0,0.0,0.0,0,0,0.0,0.0,0.0,0.0,0.0,0.0,0.0,0.0,0.0,0.0,0.0,0.0,0.0,0.0,0.0,0.0
251010,251-010,DUMP TRUCK HINO 130 HD DA 9863 AO/DA 8980 CL 251-010,0,SUNGAI DANAU,Jun,6,TR,0.0,0.0,0,0.0,0.0,0.0,0,0,0.0,0.0,0.0,0.0,0.0,0.0,0.0,0.0,0.0,0.0,0.0,0.0,0.0,0.0,0.0,0.0
251011,251-011,DUMP TRUCK HINO 130 HD DA 9294 AQ 251-011,0,SUNGAI DANAU,Jun,6,TR,0.0,0.0,0,0.0,0.0,0.0,0,0,0.0,0.0,0.0,0.0,0.0,0.0,0.0,0.0,0.0,0.0,0.0,0.0,0.0,0.0,0.0,0.0
251012,251-012,DUMP TRUCK HINO 130 HD DA 9295 AQ 251-012,0,SUNGAI DANAU,Jun,6,TR,0.0,0.0,0,0.0,0.0,0.0,0,0,0.0,0.0,0.0,0.0,0.0,0.0,0.0,0.0,0.0,0.0,0.0,0.0,0.0,0.0,0.0,0.0
251013,251-013,DUMP TRUCK HINO 130 HD DA 9124 C 251-013,0,SUNGAI DANAU,Jun,6,TR,0.0,0.0,0,0.0,0.0,0.0,0,0,0.0,0.0,0.0,0.0,0.0,0.0,0.0,0.0,0.0,0.0,0.0,0.0,0.0,0.0,0.0,0.0
251014,251-014,DUMP TRUCK HINO 130 HD DA 9125 C 251-014,0,SUNGAI DANAU,Jun,6,TR,0.0,0.0,0,0.0,0.0,0.0,0,0,0.0,0.0,0.0,0.0,0.0,0.0,0.0,0.0,0.0,0.0,0.0,0.0,0.0,0.0,0.0,0.0
251015,251-015,DUMP TRUCK HINO 130 HD DA 9285 C 251-015,0,SUNGAI DANAU,Jun,6,TR,0.0,0.0,0,0.0,0.0,0.0,0,0,0.0,0.0,0.0,0.0,0.0,0.0,0.0,0.0,0.0,0.0,0.0,0.0,0.0,0.0,0.0,0.0
251016,251-016,DUMP TRUCK HINO 130 HD DA 9396 CC 251-016,0,SUNGAI DANAU,Jun,6,TR,0.0,0.0,0,0.0,0.0,0.0,0,0,0.0,0.0,0.0,0.0,0.0,0.0,0.0,0.0,0.0,0.0,0.0,0.0,0.0,0.0,0.0,0.0
251017,251-017,DUMP TRUCK HINO 130 HD DA 9397 CC 251-017,0,SUNGAI DANAU,Jun,6,TR,0.0,0.0,0,0.0,0.0,0.0,0,0,0.0,0.0,0.0,0.0,0.0,0.0,0.0,0.0,0.0,0.0,0.0,0.0,0.0,0.0,0.0,0.0
251018,251-018,DUMP TRUCK HINO 130 HD DA 9679 CF/DA 8708 CC 251-018,0,SUNGAI DANAU,Jun,6,TR,0.0,0.0,0,0.0,0.0,0.0,0,0,0.0,0.0,0.0,0.0,0.0,0.0,0.0,0.0,0.0,0.0,0.0,0.0,0.0,0.0,0.0,0.0
251019,251-019,DUMP TRUCK HINO 130 HD DA 9701 CF/DA 8707 CD 251-019,0,SUNGAI DANAU,Jun,6,TR,0.0,0.0,0,0.0,0.0,0.0,0,0,0.0,0.0,0.0,0.0,0.0,0.0,0.0,0.0,0.0,0.0,0.0,0.0,0.0,0.0,0.0,0.0
251020,251-020,DUMP TRUCK HINO 130 HD DA 9700 CF/DA 8706 CD 251-020,0,SUNGAI DANAU,Jun,6,TR,0.0,0.0,0,0.0,0.0,0.0,0,0,0.0,0.0,0.0,0.0,0.0,0.0,0.0,0.0,0.0,0.0,0.0,0.0,0.0,0.0,0.0,0.0
251021,251-021,DUMP TRUCK HINO 130 HD DA 9687 CC/DA 8707 CC 251-021,0,SUNGAI DANAU,Jun,6,TR,0.0,0.0,0,0.0,0.0,0.0,0,0,0.0,0.0,0.0,0.0,0.0,0.0,0.0,0.0,0.0,0.0,0.0,0.0,0.0,0.0,0.0,0.0
251022,251-022,DUMP TRUCK HINO 130 HD DA 9680 CF/DA 8708 CD 251-022,0,SUNGAI DANAU,Jun,6,TR,0.0,0.0,0,0.0,0.0,0.0,0,0,0.0,0.0,0.0,0.0,0.0,0.0,0.0,0.0,0.0,0.0,0.0,0.0,0.0,0.0,0.0,0.0
251023,251-023,DUMP TRUCK HINO 130 HD DA 9031 CI/DA 8137 CK 251-023,0,SUNGAI DANAU,Jun,6,TR,0.0,0.0,0,0.0,0.0,0.0,0,0,0.0,0.0,0.0,0.0,0.0,0.0,0.0,0.0,0.0,0.0,0.0,0.0,0.0,0.0,0.0,0.0
251024,251-024,DUMP TRUCK HINO 130 HD DA 9032 CI/DA 8138 CK 251-024,0,SUNGAI DANAU,Jun,6,TR,0.0,0.0,0,0.0,0.0,0.0,0,0,0.0,0.0,0.0,0.0,0.0,0.0,0.0,0.0,0.0,0.0,0.0,0.0,0.0,0.0,0.0,0.0
251025,251-025,DUMP TRUCK HINO 130 HD DA 9033 CI/DA 8135 CK 251-025,0,SUNGAI DANAU,Jun,6,TR,0.0,0.0,0,0.0,0.0,0.0,0,0,0.0,0.0,0.0,0.0,0.0,0.0,0.0,0.0,0.0,0.0,0.0,0.0,0.0,0.0,0.0,0.0
251026,251-026,DUMP TRUCK HINO 130 HD DA 9034 CI/DA 8140 CK 251-026,0,SUNGAI DANAU,Jun,6,TR,0.0,0.0,0,0.0,0.0,0.0,0,0,0.0,0.0,0.0,0.0,0.0,0.0,0.0,0.0,0.0,0.0,0.0,0.0,0.0,0.0,0.0,0.0
251027,251-027,DUMP TRUCK HINO 130 HD DA 9035 CI/DA 8139 CK 251-027,0,SUNGAI DANAU,Jun,6,TR,0.0,0.0,0,0.0,0.0,0.0,0,0,0.0,0.0,0.0,0.0,0.0,0.0,0.0,0.0,0.0,0.0,0.0,0.0,0.0,0.0,0.0,0.0
251028,251-028,DUMP TRUCK HINO 130 HD DA 9246 CJ/DA 8024 CS 251-028,0,SUNGAI DANAU,Jun,6,TR,0.0,0.0,0,0.0,0.0,0.0,0,0,0.0,0.0,0.0,0.0,0.0,0.0,0.0,0.0,0.0,0.0,0.0,0.0,0.0,0.0,0.0,0.0
251029,251-029,DUMP TRUCK HINO 130 HD DA 9248 CJ/DA 8021 CS 251-029,0,SUNGAI DANAU,Jun,6,TR,0.0,0.0,0,0.0,0.0,0.0,0,0,0.0,0.0,0.0,0.0,0.0,0.0,0.0,0.0,0.0,0.0,0.0,0.0,0.0,0.0,0.0,0.0
251030,251-030,DUMP TRUCK HINO 130 HD DA 9249 CJ 251-030,0,SUNGAI DANAU,Jun,6,TR,0.0,0.0,0,0.0,0.0,0.0,0,0,0.0,0.0,0.0,0.0,0.0,0.0,0.0,0.0,0.0,0.0,0.0,0.0,0.0,0.0,0.0,0.0
251031,251-031,DUMP TRUCK HINO 130 HD DA 9251- CJ 251-031,0,SUNGAI DANAU,Jun,6,TR,0.0,0.0,0,0.0,0.0,0.0,0,0,0.0,0.0,0.0,0.0,0.0,0.0,0.0,0.0,0.0,0.0,0.0,0.0,0.0,0.0,0.0,0.0
251032,251-032,DUMP TRUCK HINO 130 HD DA 9247 CJ/DA 8020 CS 251-032,0,SUNGAI DANAU,Jun,6,TR,0.0,0.0,0,0.0,0.0,0.0,0,0,0.0,0.0,0.0,0.0,0.0,0.0,0.0,0.0,0.0,0.0,0.0,0.0,0.0,0.0,0.0,0.0
251033,251-033,DUMP TRUCK HINO 130 HD DA 9250 CJ 251-033,0,SUNGAI DANAU,Jun,6,TR,0.0,0.0,0,0.0,0.0,0.0,0,0,0.0,0.0,0.0,0.0,0.0,0.0,0.0,0.0,0.0,0.0,0.0,0.0,0.0,0.0,0.0,0.0
251034,251-034,DUMP TRUCK HINO 130 HD DA 8206 CF 251-034,303363637,SUNGAI DANAU,Jun,6,TR,2944.0,0.0,55818191,0.0,6581745.0,0.0,775,0,20826.15,14485.060800000001,16140266.25,0.0,13579119.1,0.0,0.0,0.0,37000.0,0.0,36338130.35,0.0,4906909.92,0.0,41245040.27,0.0
251035,251-035,DUMP TRUCK HINO 130 HD DA 8207 CF 251-035,303363637,SUNGAI DANAU,Jun,6,TR,2061.0,1200.0,35436312,30718193.389836185,5057922.0,6981087.42,460,0,20826.15,14485.060800000001,9580029.0,4456941.784615385,3470772.69,3592382.433449999,0.0,0.0,0.0,730365.6609599553,18108723.69,15760777.299025338,3115163.5,4143142.3607666744,21223887.19,19903919.659792013
251036,251-036,DUMP TRUCK HINO 130 HD DA 8209 CF 251-036,303363637,SUNGAI DANAU,Jun,6,TR,2763.0,1200.0,59155897,77763918.2639435,6547982.0,6981087.42,667,0,20826.15,14485.060800000001,13891042.05,4456941.784615385,9619763.75,3833574.3331083325,0.0,0.0,0.0,943842.1456735275,30058787.8,16215445.683397245,5200323.64,4143142.3607666744,35259111.44,20358588.04416392
251037,251-037,DUMP TRUCK HINO 130 HD DA 8674 CO 251-037,319664981,SUNGAI DANAU,Jun,6,TR,2697.0,1200.0,63212436,77763918.2639435,6970401.0,6981087.42,691,0,20826.15,14485.060800000001,14390869.65,4456941.784615385,7302644.26,3741838.298274999,3329843.55,3329843.553854167,15000.0,775961.2262776158,32008758.46,19285672.283022165,5556929.09,4143142.3607666744,37565687.55,23428814.64378884
251038,251-038,DUMP TRUCK HINO 130 HD DA 8675 CO 251-038,319664981,SUNGAI DANAU,Jun,6,TR,2436.0,1200.0,46254022,77763918.2639435,5661697.0,6981087.42,686,0,20826.15,14485.060800000001,14286738.9,4456941.784615385,9876408.3,3741838.298274999,3329843.55,3329843.553854167,0.0,828668.0265530763,33154687.75,19338379.083297625,4066135.35,4143142.3607666744,37220823.1,23481521.4440643
251039,251-039,DUMP TRUCK HINO 130 HD DA 8678 CO 251-039,319664981,SUNGAI DANAU,Jun,6,TR,1839.0,1140.602386133158,51465907,30718193.389836185,6492635.0,6981087.42,458,0,20826.15,14485.060800000001,9538376.7,4236332.028657404,11164134.16,3741838.298274999,3329843.55,3329843.553854167,101981.92,828668.0265530763,30626971.33,19117769.327339645,4524305.88,4143142.3607666744,35151277.21,23260911.68810632
251040,251-040,DUMP TRUCK HINO 130 HD DA 8679 CO 251-040,319664981,SUNGAI DANAU,Jun,6,TR,1455.0,1200.0,40739795,30718193.389836185,5489455.0,6981087.42,394,0,20826.15,14485.060800000001,8205503.1,4456941.784615385,8039549.78,3705673.3232749994,3329843.55,3329843.553854167,0.0,746679.6705690265,25064351.43,19220225.752313577,3581386.3,4143142.3607666744,28645737.73,23363368.113080252
251041,251-041,DUMP TRUCK HINO 130 HD DA 8680 CO 251-041,319664981,SUNGAI DANAU,Jun,6,TR,2491.0,1200.0,48930695,30718193.389836185,5954393.0,6981087.42,679,0,20826.15,14485.060800000001,14140955.85,4456941.784615385,9435407.77,3741838.298274999,3329843.55,3329843.553854167,15000.0,869662.2045451013,32875600.17,19379373.261289652,4301438.45,4143142.3607666744,37177038.62,23522515.622056328
251042,251-042,DUMP TRUCK HINO 130 HD DA 8681 CO 251-042,319664981,SUNGAI DANAU,Jun,6,TR,1686.0,0.0,55125135,0.0,6318393.0,0.0,442,0,20826.15,14485.060800000001,9205158.3,0.0,1324669.19,0.0,3329843.55,0.0,67000.0,0.0,20245064.04,0.0,4845984.2,0.0,25091048.24,0.0
251043,251-043,DUMP TRUCK HINO 130 HD DA 8570 CP 251-043,0,SUNGAI DANAU,Jun,6,TR,0.0,0.0,0,0.0,0.0,0.0,0,0,0.0,14485.060800000001,0.0,0.0,0.0,0.0,0.0,0.0,0.0,0.0,0.0,0.0,0.0,0.0,0.0,0.0
251044,251-044,DUMP TRUCK HINO 130HD DA 8571 CP 251-044,320742425,SUNGAI DANAU,Jun,6,TR,2660.0,1200.0,57305241,77763918.2639435,6734211.0,6981087.42,689,0,20826.15,14485.060800000001,14349217.35,4456941.784615385,20313069.68,3741838.298274999,3341066.93,3341066.9270833335,100000.0,896991.6565397846,44837564.96,19417926.0865135,5037634.7,4143142.3607666744,49875199.66,23561068.447280176
251045,251-045,DUMP TRUCK HINO 130 HD DA 8643 CQ 251-045,315888441,SUNGAI DANAU,Jun,6,TR,2668.0,1200.0,55858751,32845107.013921667,6128783.0,6981087.42,728,0,20826.15,14485.060800000001,15161437.2,4456941.784615385,5084456.59,3741838.298274999,3290504.59,3290504.59375,52000.0,869662.2045451013,29717181.38,19340034.30118549,4910475.5,4143142.3607666744,34627656.88,23483176.661952164
251046,251-046,DUMP TRUCK HINO 130 HD DA 8642 CQ 251-046,315888441,SUNGAI DANAU,Jun,6,TR,1771.0,1200.0,54710125,30718193.389836185,6176351.0,6981087.42,452,0,20826.15,14485.060800000001,9413419.8,4456941.784615385,886113.45,3741838.298274999,3290504.59,3290504.59375,0.0,869662.2045451013,19766388.84,19340034.30118549,4809501.18,4143142.3607666744,24575890.02,23483176.661952164
251047,251-047,DUMP TRUCK HINO 130 HD DA 8923 CV 251-047,349692273,SUNGAI DANAU,Jun,6,TR,1773.0,1200.0,43205760,30718193.389836185,5692778.0,6981087.42,409,0,20826.15,14485.060800000001,8517895.35,4456941.784615385,6777789.39,3741838.298274999,3642627.84,3642627.84375,52000.0,828668.0265530763,24683090.58,19651163.37319346,3798166.31,4143142.3607666744,28481256.89,23794305.733960137
251048,251-048,DUMP TRUCK HINO 130 HD DA 8921 CV 251-048,349692273,SUNGAI DANAU,Jun,6,TR,2421.0,1200.0,48735089,30718193.389836185,5547950.0,6981087.42,598,0,20826.15,14485.060800000001,12454037.7,4456941.784615385,8542021.21,3705673.3232749994,3642627.84,3642627.84375,100000.0,746679.6705690265,30286636.75,19533010.04220941,4284242.96,4143142.3607666744,34570879.71,23676152.402976085
251049,251-049,DUMP TRUCK HINO 130 HD DA 8924 CV 251-049,352419546,SUNGAI DANAU,Jun,6,TR,2814.0,1200.0,70211608,30718193.389836185,7293611.0,6981087.42,669,0,20826.15,14485.060800000001,13932694.35,4456941.784615385,6964951.49,3540872.1482749996,3671036.94,3671036.9375,30000.0,828668.0265530763,31892293.78,19478606.31694346,6172217.87,4143142.3607666744,38064511.65,23621748.677710135
251050,251-050,DUMP TRUCK HINO 130 HD DA 8925 CV 251-050,352419545,SUNGAI DANAU,Jun,6,TR,1832.0,1200.0,50578802,30718193.389836185,6266972.0,6981087.42,455,0,20826.15,14485.060800000001,9475898.25,4456941.784615385,7533621.72,3207289.9699499994,3671036.93,3671036.9270833335,86981.92,710286.8799026369,27034510.82,19026642.981551357,4446321.55,4143142.3607666744,31480832.37,23169785.342318032
251051,251-051,DUMP TRUCK HINO 130 HD DA 8012 CZ 251-051,342218546,SUNGAI DANAU,Jun,6,TR,1809.0,1200.0,50000529,30718193.389836185,6217340.0,6981087.42,444,0,20826.15,14485.060800000001,9246810.6,4456941.784615385,3447612.25,3207289.9699499994,3564776.52,3564776.5208333335,70000.0,710286.8799026369,22546539.37,18920382.575301357,4395486.26,4143142.3607666744,26942025.63,23063524.936068032
251052,251-052,DUMP TRUCK HINO 130 HD DA 8013 CZ 251-052,342218546,SUNGAI DANAU,Jun,6,TR,1475.0,1200.0,50488689,30718193.389836185,6098332.0,6981087.42,405,0,20826.15,14485.060800000001,8434590.75,4456941.784615385,4254237.23,3207289.9699499994,3564776.52,3564776.5208333335,0.0,710286.8799026369,22351936.5,18920382.575301357,4438399.82,4143142.3607666744,26790336.32,23063524.936068032
251053,251-053,DUMP TRUCK HINO 130 HD DA 8014 CZ 251-053,342218546,SUNGAI DANAU,Jun,6,TR,2954.0,1200.0,66234789,77763918.2639435,7579298.0,6981087.42,860,0,20826.15,14485.060800000001,17910489.0,4456941.784615385,6194850.5,2892749.2362083327,3564776.52,3564776.5208333335,0.0,645588.5853846112,35249414.02,18541143.547041662,5822620.5,4143142.3607666744,41072034.52,22684285.907808337
251054,251-054,DUMP TRUCK HINO 130 HD DA 8016 CZ 251-054,342218545,SUNGAI DANAU,Jun,6,TR,2822.0,1200.0,58232666,32845107.013921667,6393089.0,6981087.42,788,0,20826.15,14485.060800000001,16411006.2,4456941.784615385,6388175.6,2234311.87424388,3564776.51,3564776.5104166665,0.0,663436.3907688941,32757047.31,17900553.980044823,5119163.51,4143142.3607666744,37876210.82,22043696.3408115
251055,251-055,DUMP TRUCK HINO 130 HD DA 8015 CZ 251-055,342338545,SUNGAI DANAU,Jun,6,TR,3109.0,1200.0,57423879,32845107.013921667,6398470.0,6981087.42,739,0,20826.15,14485.060800000001,15390524.85,4456941.784615385,1222804.71,2234311.87424388,3566026.51,3566026.5104166665,0.0,663436.3907688941,26577826.07,17901803.980044823,5048064.02,4143142.3607666744,31625890.09,22044946.3408115
251056,251-056,DUMP TRUCK HINO 130 HD 25-85 251-056,416237315,SUNGAI DANAU,Jun,6,TR,2984.0,1200.0,74496934,30718193.389836185,7879224.0,6981087.42,734,0,20826.15,14485.060800000001,15286394.1,4456941.784615385,8263031.53,2002098.0764285715,4335805.36,4335805.364583333,30000.0,531012.049033723,35794454.99,18306944.694661014,6548935.72,4143142.3607666744,42343390.71,22450087.05542769
251057,251-057,DUMP TRUCK HINO 130 HD 25-86 251-057,416237315,SUNGAI DANAU,Jun,6,TR,2830.0,1200.0,49710227,30718193.389836185,6015127.0,6981087.42,625,0,20826.15,14485.060800000001,13016343.75,4456941.784615385,2821495.51,1515514.1655,4335805.36,4335805.364583333,67000.0,391536.230617708,26255771.62,17680884.965316426,4369966.17,4143142.3607666744,30625737.79,21824027.3260831
251058,251-058,DUMP TRUCK HINO 130HD 251-058,416237315,SUNGAI DANAU,Jun,6,TR,2509.0,0.0,0,0.0,0.0,0.0,945,0,0.0,0.0,0.0,0.0,0.0,0.0,0.0,0.0,0.0,0.0,0.0,0.0,0.0,0.0,0.0,0.0
251059,251-059,DUMP TRUCK HINO 130HD DA 8475 JJ 251-059,520059549,SUNGAI DANAU,Jun,6,TR,2130.0,1000.0,30324000,30335760.0,7566208.0,6981087.42,0,0,0.0,14485.060800000001,0.0,0.0,1997401.24,3441586.5925,5417286.97,5417286.972916666,901665.97,729250.1731234377,15882562.18,16569211.158540104,2665746.31,4143142.3607666744,18548308.49,20712353.51930678
251060,251-060,DUMP TRUCK HINO 130HD DA 8476 JJ 251-060,520059549,SUNGAI DANAU,Jun,6,TR,2968.0,1200.0,67672737,77763918.2639435,7283129.0,6981087.42,738,0,20826.15,14485.060800000001,15369698.7,4456941.784615385,5372813.81,3441586.5925,5417286.97,5417286.972916666,901647.89,729250.1731234377,34344576.37,21026152.943155486,5949028.78,4143142.3607666744,40293605.15,25169295.30392216
251061,251-061,DUMP TRUCK HINO 136 HDX DA 8707 JL 251-061,556170066,SUNGAI DANAU,Jun,6,TR,2789.0,0.0,0,0.0,0.0,0.0,990,0,0.0,0.0,0.0,0.0,0.0,0.0,0.0,0.0,0.0,0.0,0.0,0.0,0.0,0.0,0.0,0.0
251063,251-063,DUMPTRUCK 136 HDX 251-063,607312672,SUNGAI DANAU,Jun,6,TR,1770.0,1200.0,36980261,77763918.2639435,5778176.0,6981087.42,423,0,20826.15,14485.060800000001,8809461.45,4456941.784615385,4764667.17,457467.0633333333,16869796.44,4335805.364583333,60000.0,684079.8848513026,36282101.06,16915381.517383352,3250890.19,4143142.3607666744,39532991.25,21058523.878150027
251064,251-064,DUMPTRUCK HINO 136 HDX 251-064,607312672,SUNGAI DANAU,Jun,6,TR,2415.0,1200.0,55492667,30718193.389836185,6808470.0,6981087.42,606,0,20826.15,14485.060800000001,12620646.9,4456941.784615385,5823110.38,457467.0633333333,16869796.44,4335805.364583333,0.0,633882.9322080067,42122023.72,16865184.564740054,4878293.5,4143142.3607666744,47000317.22,21008326.92550673
261001,261-001,TRUCK TANGKI TOYOTA DYNA DA 9457 C 261-001,0,SUNGAI DANAU,Jun,6,TR,0.0,0.0,0,0.0,0.0,0.0,0,0,0.0,0.0,0.0,0.0,0.0,0.0,0.0,0.0,0.0,0.0,0.0,0.0,0.0,0.0,0.0,0.0
261002,261-002,TRUCK TANGKI HINO DUTRO DA 9464 C 261-002,0,SUNGAI DANAU,Jun,6,TR,0.0,0.0,0,0.0,0.0,0.0,0,0,0.0,0.0,0.0,0.0,0.0,0.0,0.0,0.0,0.0,0.0,0.0,0.0,0.0,0.0,0.0,0.0
261003,261-003,TRUCK TANGKI HINO DUTRO DA 9091 CF 261-003,0,SUNGAI DANAU,Jun,6,TR,0.0,0.0,0,0.0,0.0,0.0,0,0,0.0,0.0,0.0,0.0,0.0,0.0,0.0,0.0,0.0,0.0,0.0,0.0,0.0,0.0,0.0,0.0
261004,261-004,TRUCK TANGKI HINO 130HD DA 9626 CC/DA 8026 JG 261-004,0,SUNGAI DANAU,Jun,6,TR,0.0,0.0,0,0.0,0.0,0.0,0,0,0.0,0.0,0.0,0.0,0.0,0.0,0.0,0.0,0.0,0.0,0.0,0.0,0.0,0.0,0.0,0.0
261005,261-005,TRUCK TANGKI HINO DUTRO DA 9117 CF 261-005,0,SUNGAI DANAU,Jun,6,TR,0.0,0.0,0,0.0,0.0,0.0,0,0,0.0,0.0,0.0,0.0,0.0,0.0,0.0,0.0,0.0,0.0,0.0,0.0,0.0,0.0,0.0,0.0
261006,261-006,TRUCK TANGKI HINO DUTRO DA 9118 CF 261-006,0,SUNGAI DANAU,Jun,6,TR,0.0,0.0,0,0.0,0.0,0.0,0,0,0.0,0.0,0.0,0.0,0.0,0.0,0.0,0.0,0.0,0.0,0.0,0.0,0.0,0.0,0.0,0.0
261007,261-007,TRUCK TANGKI HINO 130 HD DA 9526 CI/DA 8013 CM 261-007,251772728,SUNGAI DANAU,Jun,6,TR,362.0,2039.6726660340205,0,45489922.978462666,0.0,6981087.42,73,0,0.0,14485.060800000001,0.0,6422778.821652367,0.0,2255917.163,0.0,0.0,0.0,637501.2985698578,0.0,16297284.703222224,0.0,4143142.3607666744,0.0,20440427.063988898
261008,261-008,TRUCK TANGKI HINO 130 HD DA 9524 CI/DA 8014 CM 261-008,251772728,SUNGAI DANAU,Jun,6,TR,0.0,0.0,0,0.0,0.0,0.0,0,0,0.0,0.0,0.0,0.0,0.0,0.0,0.0,0.0,0.0,0.0,0.0,0.0,0.0,0.0,0.0,0.0
261009,261-009,TRUCK TANGKI HINO 130 HD DA 9458 CI/DA 8012 CM 261-009,251772728,SUNGAI DANAU,Jun,6,TR,0.0,2039.6726660340205,0,45489922.978462666,0.0,6981087.42,0,0,0.0,14485.060800000001,0.0,6422778.821652367,0.0,3575121.4595833328,0.0,0.0,0.0,798410.4189875341,0.0,17777398.12022323,0.0,4143142.3607666744,0.0,21920540.480989907
261010,261-010,TRUCK TANGKI HINO 130 HD DA 9460 CI/DA 8987 CI 261-010,251772728,SUNGAI DANAU,Jun,6,TR,0.0,0.0,0,0.0,0.0,0.0,0,0,0.0,0.0,0.0,0.0,0.0,0.0,0.0,0.0,0.0,0.0,0.0,0.0,0.0,0.0,0.0,0.0
261011,261-011,TRUCK TANGKI HINO 130 HD DA 8606 CL 261-011,272724200,SUNGAI DANAU,Jun,6,TR,1839.0,2039.6726660340205,27099181,45489922.978462666,5016073.0,6981087.42,345,0,20826.15,14485.060800000001,7185021.75,6422778.821652367,5200961.65,3332787.95117436,2840877.08,2840877.078125,150000.0,810123.0412709698,20392933.48,20387654.312222697,2382256.35,4143142.3607666744,22775189.83,24530796.672989372
261012,261-012,TRUCK TANGKI HINO 130 HD DA 8607 CL 261-012,273058794,SUNGAI DANAU,Jun,6,TR,1845.0,2039.6726660340205,27403764,45489922.978462666,5213618.0,6981087.42,256,0,20826.15,14485.060800000001,5331494.4,6422778.821652367,4705866.0,2324009.934,2844362.43,2844362.4322916665,150000.0,624115.4445316456,18245340.83,19196354.05247568,2409031.88,4143142.3607666744,20654372.71,23339496.413242355
261013,261-013,TRUCK TANGKI HINO 130 HD DA 8597 CN 261-013,292654546,SUNGAI DANAU,Jun,6,TR,1635.0,2039.6726660340205,24742990,45489922.978462666,4885493.0,6981087.42,275,0,20826.15,14485.060800000001,5727191.25,6422778.821652367,615778.53,2324009.934,3048484.85,3048484.8489583335,150000.0,694391.1782322599,14426947.63,19470752.20284296,2175126.44,4143142.3607666744,16602074.07,23613894.563609634
261014,261-014,TRUCK TANGKI HINO 130 HD DA 8598 CN 261-014,292654546,SUNGAI DANAU,Jun,6,TR,1661.0,2039.6726660340205,27702265,45489922.978462666,5150893.0,6981087.42,340,0,20826.15,14485.060800000001,7080891.0,6422778.821652367,6660296.03,2324009.934,3323484.85,3048484.8489583335,250000.0,694391.1782322599,22465564.88,19470752.20284296,2435272.74,4143142.3607666744,24900837.62,23613894.563609634
261015,261-015,TRUCK TANGKI HINO 130 HD DA 8587 CQ 261-015,0,SUNGAI DANAU,Jun,6,TR,0.0,0.0,0,0.0,0.0,0.0,0,0,0.0,0.0,0.0,0.0,0.0,0.0,0.0,0.0,0.0,0.0,0.0,0.0,0.0,0.0,0.0,0.0
261016,261-016,TRUCK TANGKI HINO 130 HD DA 8234 CM 261-016,0,SUNGAI DANAU,Jun,6,TR,0.0,0.0,0,0.0,0.0,0.0,0,0,0.0,0.0,0.0,0.0,0.0,0.0,0.0,0.0,0.0,0.0,0.0,0.0,0.0,0.0,0.0,0.0
261017,261-017,TRUCK TANGKI HINO 130 HD DA 8027 CF 261-017,0,SUNGAI DANAU,Jun,6,TR,0.0,0.0,0,0.0,0.0,0.0,0,0,0.0,0.0,0.0,0.0,0.0,0.0,0.0,0.0,0.0,0.0,0.0,0.0,0.0,0.0,0.0,0.0
261019,261-019,TRUCK TANGKI HINO 130 HD DA 8137 CK 261-019,271454545,SUNGAI DANAU,Jun,6,TR,0.0,0.0,0,0.0,0.0,0.0,0,0,0.0,0.0,0.0,0.0,0.0,0.0,0.0,0.0,0.0,0.0,0.0,0.0,0.0,0.0,0.0,0.0
262003,262-003,TRUCK TANGKI HINO 130 HD DA 8569 CP 262-003,634129138,SUNGAI DANAU,Jun,6,TR,1931.0,2651.5744658442263,43148132,45489922.978462666,5711910.0,6981087.42,712,0,20826.15,14485.060800000001,14828218.8,10668949.264855875,900198.83,2842797.01145976,6605511.85,6605511.854166667,150000.0,632481.6033055283,28195839.48,27730827.153787833,3793100.3,4143142.3607666744,31988939.78,31873969.514554508
262004,262-004,TRUCK TANGKI HINO 130 HD DA 8567 CP 262-004,634129138,SUNGAI DANAU,Jun,6,TR,1696.0,2651.5744658442263,50048393,45489922.978462666,5980625.0,6981087.42,622,0,20826.15,14485.060800000001,12953865.3,10668949.264855875,561853.0,2706259.8114597597,7386761.85,7386761.854166667,150000.0,632481.6033055283,27033105.15,28375539.953787833,4399693.93,4143142.3607666744,31432799.08,32518682.31455451
262005,262-005,TRUCK TANGKI HINO FG235 DA 8170 CR 262-005,634129137,SUNGAI DANAU,Jun,6,TR,1716.0,2651.5744658442263,46601355,45489922.978462666,5928738.0,6981087.42,573,0,20826.15,14485.060800000001,11933383.95,10668949.264855875,17332.34,2706259.8114597597,6605511.84,6605511.84375,150000.0,632481.6033055283,24634966.13,27594289.943371166,4096668.97,4143142.3607666744,28731635.1,31737432.30413784
262006,262-006,TRUCK TANGKI HINO FG 235 DA 8171 CR 262-006,634129137,SUNGAI DANAU,Jun,6,TR,1779.0,2651.5744658442263,49849331,45489922.978462666,6074432.0,6981087.42,500,0,20826.15,14485.060800000001,10413075.0,10668949.264855875,11642860.26,2672238.41270976,6605511.84,6605511.84375,150000.0,632481.6033055283,34885879.1,27560268.544621166,4382194.63,4143142.3607666744,39268073.73,31703410.90538784
262007,262-007,TRUCK TANGKI HINO FG 235 DA 8342 JD 262-007,742644909,SUNGAI DANAU,Jun,6,TR,1693.0,2651.5744658442263,50075630,45489922.978462666,6087480.0,6981087.42,518,0,20826.15,14485.060800000001,10787945.7,10668949.264855875,13886681.39,2706259.8114597597,7735884.47,7735884.46875,7810800.0,9911205.869604914,46308791.56,38003386.83467055,4402088.3,4143142.3607666744,50710879.86,42146529.19543722
262008,262-008,TRUCK TANGKI HINO FG 235 DA 8343 JD 262-008,742644909,SUNGAI DANAU,Jun,6,TR,1800.0,2651.5744658442263,53876909,45489922.978462666,6530066.0,6981087.42,640,0,20826.15,14485.060800000001,13328736.0,10668949.264855875,482047.12,2707843.3614597595,7735884.47,7735884.46875,7910800.0,9911205.869604914,35987533.59,38004970.38467055,4736254.16,4143142.3607666744,40723787.75,42148112.74543722
262009,262-009,TRUCK TANGKI HINO FG 235 JK DA 8110 JI 262-009,735353097,SUNGAI DANAU,Jun,6,TR,1790.0,2651.5744658442263,52109715,45489922.978462666,6189518.0,6981087.42,688,0,20826.15,14485.060800000001,14328391.2,10668949.264855875,6308482.18,3178468.993751711,8534928.09,8534928.088958334,150000.0,562205.8696049141,35511319.47,29925639.637170836,4580902.27,4143142.3607666744,40092221.74,34068781.99793751
262010,262-010,TRUCK TANGKI HINO FM 260 DA 8112 JI 262-010,735353097,SUNGAI DANAU,Jun,6,TR,1701.0,2651.5744658442263,51700483,45489922.978462666,6340527.0,6981087.42,539,0,20826.15,14485.060800000001,11225294.85,10668949.264855875,11440135.96,3149447.096951711,8534928.09,8534928.088958334,150000.0,540453.8567928191,37690885.9,29874865.72755874,4544927.17,4143142.3607666744,42235813.07,34018008.08832541
262011,262-011,TRUCK TANGKI HINO FG260JK DA 8381 GB 262-011,869854319,SUNGAI DANAU,Jun,6,TR,1844.0,2651.5744658442263,43604378,45489922.978462666,5743832.0,6981087.42,569,0,20826.15,14485.060800000001,11850079.35,10668949.264855875,2430853.9,3134519.3286896404,24162619.98,9060982.4934375,1592100.0,1206166.4790762549,45779485.23,31051704.986059267,3833208.34,4143142.3607666744,49612693.57,35194847.34682594
271001,271-001,ARM ROLL HINO 130 HD DA 8590 CQ 271-001,444295945,SUNGAI DANAU,Jun,6,TR,2198.0,744.2677112142858,39554862,30718193.389836185,5454928.0,6981087.42,516,0,20826.15,14485.060800000001,10746293.4,2566848.344860898,4113141.1,2194529.553416666,4628082.76,4628082.760416667,91981.92,430438.8689162623,25034427.18,16800986.947610494,3477220.26,4143142.3607666744,28511647.44,20944129.30837717
271002,271-002,ARM ROLL HINO 130 HD DA 8589 CQ 271-002,450156856,SUNGAI DANAU,Jun,6,TR,0.0,0.0,0,0.0,0.0,0.0,0,0,0.0,0.0,0.0,0.0,0.0,0.0,0.0,0.0,0.0,0.0,0.0,0.0,0.0,0.0,0.0,0.0
271003,271-003,ARM ROLL HINO 130 HD DA 8508 JG 271-003,502363636,SUNGAI DANAU,Jun,6,TR,2161.0,744.2677112142858,34691893,30718193.389836185,5282374.0,6981087.42,561,0,20826.15,14485.060800000001,11683470.15,2566848.344860898,3708070.87,2185203.22475,5770667.63,5770667.635416667,0.0,430438.8689162623,26444582.65,17934245.49394383,3049722.52,4143142.3607666744,29494305.17,22077387.854710504
271004,271-004,ARM ROLL HINO 130 HD DA 8337 JJ 271-004,537470252,SUNGAI DANAU,Jun,6,TR,2360.0,744.2677112142858,38571530,30718193.389836185,5410815.0,6981087.42,537,0,20826.15,14485.060800000001,11183642.55,2566848.344860898,6749070.02,2185203.22475,5598648.46,5598648.458333333,0.0,430438.8689162623,28942176.03,17762226.316860493,3390776.73,4143142.3607666744,32332952.76,21905368.67762717
213003,213-003,HYUNDAI IONIQ 5N,1309550000,SUNGAI DANAU,Jun,6,TR,0.0,2125.9849348465123,60000000,60000000.0,0.0,0.0,0,0,0.0,0.0,0.0,0.0,0.0,0.0,13641145.83,13641146.0,1359215.0,997250.0,15000360.83,14638396.0,5274527.71,4143142.3607666744,20274888.54,18781538.360766675
312001,312-001,DUMP TRUCK HINO FM 260 JD 312-001,0,TANJUNG,Jan,1,AB,0.0,0.0,0,0.0,0.0,0.0,0,0,0.0,0.0,0.0,0.0,0.0,0.0,0.0,0.0,0.0,0.0,0.0,0.0,0.0,0.0,0.0,0.0
312002,312-002,DUMP TRUCK HINO FM 260 JD 312-002,951069091,TANJUNG,Jan,1,AB,0.0,0.0,0,0.0,0.0,0.0,0,0,0.0,0.0,0.0,0.0,560194.05,0.0,9906969.7,0.0,0.0,0.0,10467163.75,0.0,0.0,0.0,10467163.75,0.0
312003,312-003,DUMP TRUCK HINO FM 260 JD 312-003,0,TANJUNG,Jan,1,AB,0.0,0.0,0,0.0,0.0,0.0,0,0,0.0,0.0,0.0,0.0,0.0,0.0,0.0,0.0,0.0,0.0,0.0,0.0,0.0,0.0,0.0,0.0
312004,312-004,DUMP TRUCK HINO FM 260 JD 312-004,0,TANJUNG,Jan,1,AB,0.0,0.0,0,0.0,0.0,0.0,0,0,0.0,0.0,0.0,0.0,0.0,0.0,0.0,0.0,0.0,0.0,0.0,0.0,0.0,0.0,0.0,0.0
312005,312-005,DUMP TRUCK HINO FM 260 JD 312-005,0,TANJUNG,Jan,1,AB,0.0,0.0,0,0.0,0.0,0.0,0,0,0.0,0.0,0.0,0.0,0.0,0.0,0.0,0.0,0.0,0.0,0.0,0.0,0.0,0.0,0.0,0.0
312006,312-006,DUMP TRUCK HINO FM 260 JD 312-006,0,TANJUNG,Jan,1,AB,0.0,0.0,0,0.0,0.0,0.0,0,0,0.0,0.0,0.0,0.0,0.0,0.0,0.0,0.0,0.0,0.0,0.0,0.0,0.0,0.0,0.0,0.0
312007,312-007,DUMP TRUCK HINO FM 260 JD 312-007,0,TANJUNG,Jan,1,AB,0.0,0.0,0,0.0,0.0,0.0,0,0,0.0,0.0,0.0,0.0,635000.0,0.0,0.0,0.0,0.0,0.0,635000.0,0.0,0.0,0.0,635000.0,0.0
312010,312-010,DUMP TRUCK HINO FM 260 JD 312-010,0,TANJUNG,Jan,1,AB,0.0,0.0,0,0.0,0.0,0.0,0,0,0.0,0.0,0.0,0.0,0.0,0.0,0.0,0.0,0.0,0.0,0.0,0.0,0.0,0.0,0.0,0.0
312014,312-014,DUMP TRUCK HINO FM 260 JD 312-014,1066244596,TANJUNG,Jan,1,AB,0.0,0.0,0,0.0,0.0,0.0,20,0,0.0,0.0,0.0,0.0,0.0,0.0,0.0,0.0,484549.74,0.0,484549.74,0.0,0.0,0.0,484549.74,0.0
312015,312-015,DUMP TRUCK HINO FM 260 JD 312-015,1066244596,TANJUNG,Jan,1,AB,105.2,3000.0,5757143,0.0,0.0,0.0,0,0,0.0,0.0,0.0,0.0,32579712.4,5892419.166666667,11106714.55,11106714.5465625,484549.74,703407.7887524242,44170976.69,17702541.501981594,1609764.82,11505316.560141213,45780741.51,29207858.062122807
312016,312-016,DUMP TRUCK HINO FM 260 JD 312-016,1049083278,TANJUNG,Jan,1,AB,0.0,0.0,0,0.0,0.0,0.0,0,0,0.0,0.0,0.0,0.0,0.0,0.0,0.0,0.0,0.0,0.0,0.0,0.0,0.0,0.0,0.0,0.0
312017,312-017,DUMP TRUCK HINO FM 260 JD 312-017,0,TANJUNG,Jan,1,AB,0.0,0.0,0,0.0,0.0,0.0,63,0,0.0,0.0,0.0,0.0,0.0,0.0,0.0,0.0,0.0,0.0,0.0,0.0,0.0,0.0,0.0,0.0
312021,312-021,DUMP TRUCK HINO FM 260 JD 312-021,1037722944,TANJUNG,Jan,1,AB,202.4,6000.0,59242857,63000000.0,0.0,0.0,0,0,0.0,0.0,0.0,0.0,19277132.49,7640436.875,10809614.0,10809614.0,471588.21,1367737.3670186026,30558334.7,19817788.242018603,16564998.79,11505316.560141213,47123333.49,31323104.802159816
312022,312-022,DUMP TRUCK HINO FM 260 JD 312-022,1041363643,TANJUNG,Jan,1,AB,227.8,6000.0,63000000,62000000.0,0.0,0.0,0,0,0.0,0.0,0.0,0.0,22110790.21,21694337.708333332,10847537.95,10847537.947916666,473242.71,1367737.3670186026,33431570.87,33909613.0232686,17615540.11,11505316.560141213,51047110.98,45414929.583409816
312023,312-023,DUMP TRUCK HINO FM 260 JD 312-023,1457274807,TANJUNG,Jan,1,AB,284.9,6000.0,65000000,63000000.0,0.0,0.0,0,0,0.0,0.0,0.0,0.0,18675698.03,21957529.375,15179945.9,15179945.902812501,662251.54,1367737.3670186026,34517895.47,38505212.644831106,18174763.61,11505316.560141213,52692659.08,50010529.20497232
312025,312-025,DUMP TRUCK HINO FM 260 JD 312-025,1456683897,TANJUNG,Jan,1,AB,0.0,0.0,0,0.0,0.0,0.0,0,0,0.0,0.0,0.0,0.0,0.0,0.0,0.0,0.0,0.0,0.0,0.0,0.0,0.0,0.0,0.0,0.0
312027,312-027,DUMP TRUCK HINO FM 280 JD 312-027,1217006534,TANJUNG,Jan,1,AB,300.8,6000.0,63000000,62000000.0,0.0,0.0,0,0,0.0,0.0,0.0,0.0,12395591.55,24391833.541666668,13822984.73,12677151.4,553062.77,1367737.3670186026,26771639.05,38436722.30868527,17615540.11,11505316.560141213,44387179.16,49942038.868826486
312028,312-028,DUMP TRUCK HINO FM 280 JD 312-028,1216944235,TANJUNG,Jan,1,AB,287.1,6000.0,65000000,63000000.0,0.0,0.0,0,0,0.0,0.0,0.0,0.0,8909364.24,21957529.375,12676502.45,12676502.452083334,553034.46,1367737.3670186026,22138901.15,36001769.19410194,18174763.61,11505316.560141213,40313664.76,47507085.75424315
312030,312-030,DUMP TRUCK HINO FM 280 JD 312-030,1052082924,TANJUNG,Jan,1,AB,281.2,6000.0,65000000,63000000.0,0.0,0.0,0,0,0.0,0.0,0.0,0.0,25653133.5,22143024.583333332,10959197.12,10959197.124583334,643055.55,1367737.3670186026,37255386.17,34469959.074935265,18174763.61,11505316.560141213,55430149.78,45975275.63507648
312031,312-031,DUMP TRUCK HINO FM 280 JD 312-031,1216742924,TANJUNG,Jan,1,AB,0.0,6000.0,46428571,63000000.0,0.0,0.0,0,0,0.0,0.0,0.0,0.0,2269444.23,21966946.041666668,13924405.46,10799405.457916668,778055.55,1367737.3670186026,16971905.24,34134088.86660194,12981973.89,11505316.560141213,29953879.13,45639405.42674315
312032,312-032,DUMP TRUCK HINO FM 280 JD 312-032,1036742924,TANJUNG,Jan,1,AB,302.1,6000.0,65000000,63000000.0,0.0,0.0,0,0,0.0,0.0,0.0,0.0,6240668.98,24505984.375,12674405.46,10799405.457916668,643055.55,1367737.3670186026,19558129.99,36673127.19993527,18174763.61,11505316.560141213,37732893.6,48178443.760076486
312033,312-033,DUMP TRUCK HINO FM 280 JD 312-033,0,TANJUNG,Jan,1,AB,0.0,0.0,0,0.0,0.0,0.0,0,0,0.0,0.0,0.0,0.0,0.0,0.0,0.0,0.0,0.0,0.0,0.0,0.0,0.0,0.0,0.0,0.0
312034,312-034,DUMP TRUCK HINO FM 280 JD 312-034,1226008155,TANJUNG,Jan,1,AB,259.3,6000.0,65000000,63000000.0,0.0,0.0,0,0,0.0,0.0,0.0,0.0,22603584.91,21884946.041666668,34055782.07,34055782.06944445,844305.56,1367737.3670186026,57503672.54,57308465.47812972,18174763.61,11505316.560141213,75678436.15,68813782.03827094
332004,332-004,EXCAVATOR HITACHI ZAXIS ZX330 332-004,0,TANJUNG,Jan,1,AB,0.0,0.0,0,0.0,0.0,0.0,0,0,0.0,0.0,0.0,0.0,0.0,0.0,0.0,0.0,0.0,0.0,0.0,0.0,0.0,0.0,0.0,0.0
332026,332-026,EXCAVATOR HITACHI ZX210F-5G 332-026,1305645000,TANJUNG,Jan,1,AB,186.0,150.0,53010000,42750000.0,0.0,0.0,0,0,0.0,0.0,0.0,0.0,10550997.16,4697940.833333333,13600468.75,13600468.75,593344.1,5986234.477875,24744810.01,24284644.06120833,14822218.75,14248653.271513823,39567028.76,38533297.33272216
332027,332-027,EXCAVATOR HITACHI ZX350H-5G 332-027,2210730000,TANJUNG,Jan,1,AB,37.5,50.0,12172000,17000000.0,0.0,0.0,0,0,0.0,0.0,0.0,0.0,39713170.88,1277518.75,23028437.5,23028437.5,1004655.63,1995411.492625,63746264.01,26301367.742624998,3403434.19,14248653.271513823,67149698.2,40550021.01413882
332032,332-032,EXCAVATOR KOMATSU PC-200-8M1 332-032,1357385000,TANJUNG,Jan,1,AB,186.8,200.0,56040000,60000000.0,0.0,0.0,0,0,0.0,0.0,0.0,0.0,33732914.35,16310189.416666666,14139427.08,14139427.083333334,746857.09,7981645.9705,48619198.52,38431262.4705,15669442.35,14248653.271513823,64288640.87,52679915.74201383
332033,332-033,EXCAVATOR HITACHI ZX350H-5G 332-033,2274994000,TANJUNG,Jan,1,AB,213.7,300.0,80888500,115500000.0,0.0,0.0,0,0,0.0,0.0,0.0,0.0,23844407.01,9165192.083333334,23697854.17,23697854.166666668,1033860.1,11972468.95575,48576121.28,44835515.20575,22617374.86,14248653.271513823,71193496.14,59084168.47726382
332036,332-036,EXCAVATOR HITACHI ZX350H-5G 332-036,2395000000,TANJUNG,Jan,1,AB,117.1,200.0,43851500,77000000.0,0.0,0.0,0,0,0.0,0.0,0.0,0.0,11924410.53,4264054.75,24947916.67,24947916.666666668,1088396.25,7981645.9705,37960723.45,37193617.387166664,12261394.56,14248653.271513823,50222118.01,51442270.65868048
332037,332-037,EXCAVATOR HITACHI ZX350H-5G 332-037,2400316900,TANJUNG,Jan,1,AB,341.5,300.0,131477500,115500000.0,0.0,0.0,0,0,0.0,0.0,0.0,0.0,8490106.08,16145224.083333334,25003301.04,25003301.041666668,1090812.49,11972468.95575,34584219.61,53120994.08075,36762653.57,14248653.271513823,71346873.18,67369647.35226382
332049,332-049,EXCAVATOR SHANTUI SE 215 W 332-049,1205162986,TANJUNG,Jan,1,AB,91.9,100.0,27570000,30000000.0,0.0,0.0,0,0,0.0,0.0,0.0,0.0,7058909.34,16145224.083333334,12553781.1,12553781.104166666,774225.46,3990822.98525,20386915.9,32689828.17275,7708895.89,14248653.271513823,28095811.79,46938481.44426382
342002,342-002,BULLDOZER CAT D6G DC-09 342-002,0,TANJUNG,Jan,1,AB,0.0,0.0,0,0.0,0.0,0.0,0,0,0.0,0.0,0.0,0.0,0.0,0.0,0.0,0.0,0.0,0.0,0.0,0.0,0.0,0.0,0.0,0.0
342012,342-012,BULLDOZER WEA B 220 342-012,2321435000,TANJUNG,Jan,1,AB,11.1,0.0,6030000,0.0,0.0,0.0,0,0,0.0,0.0,0.0,0.0,2756269.71,0.0,24181614.58,0.0,100000.0,0.0,27037884.29,0.0,1686058.84,0.0,28723943.13,0.0
342013,342-013,BULLDOZER WEA B 220 342-013,2321435000,TANJUNG,Jan,1,AB,0.0,0.0,0,0.0,0.0,0.0,0,0,0.0,0.0,0.0,0.0,0.0,0.0,0.0,0.0,0.0,0.0,0.0,0.0,0.0,0.0,0.0,0.0
342016,342-016,BULLDOZER KOMATSU D85E 342-016,3651184000,TANJUNG,Jan,1,AB,104.3,0.0,0,0.0,0.0,0.0,0,0,0.0,0.0,0.0,0.0,0.0,0.0,0.0,0.0,0.0,0.0,0.0,0.0,0.0,0.0,0.0,0.0
342017,342-017,BULLDOZER KOMATSU D85E 342-017,3672989400,TANJUNG,Jan,1,AB,293.0,200.0,146500000,100000000.0,0.0,0.0,0,0,0.0,0.0,0.0,0.0,3642933.55,14802486.75,38260306.25,38260306.25,0.0,7981645.9705,41903239.8,61044438.9705,40963121.05,14248653.271513823,82866360.85,75293092.24201383
342018,342-018,BULLDOZER KOMATSU D85E 342-018,3679975400,TANJUNG,Jan,1,AB,284.0,200.0,0,100000000.0,0.0,0.0,7328,0,0.0,0.0,0.0,0.0,0.0,10866759.333333334,0.0,38333077.083333336,0.0,7981645.9705,0.0,57181482.38716667,0.0,14248653.271513823,0.0,71430135.6586805
351011,351-011,GRADER CATERPILLAR 120 NG 351-011,2385200000,TANJUNG,Jan,1,AB,196.2,200.0,78480000,80000000.0,0.0,0.0,0,0,0.0,0.0,0.0,0.0,5895669.27,5255715.6466666665,24845833.33,24845833.333333332,0.0,7981645.9705,30741502.6,38083194.9505,21943929.97,14248653.271513823,52685432.57,52331848.222013816
371008,371-008,COMPACTOR SAKAI SV515TF-E 371-008,0,TANJUNG,Jan,1,AB,0.0,0.0,0,0.0,0.0,0.0,0,0,0.0,0.0,0.0,0.0,0.0,0.0,0.0,0.0,0.0,0.0,0.0,0.0,0.0,0.0,0.0,0.0
371010,371-010,COMPACTOR SAKAI SV 700-D 371-010,0,TANJUNG,Jan,1,AB,0.0,0.0,0,0.0,0.0,0.0,0,0,0.0,0.0,0.0,0.0,0.0,0.0,0.0,0.0,0.0,0.0,0.0,0.0,0.0,0.0,0.0,0.0
312001,312-001,DUMP TRUCK HINO FM 260 JD 312-001,0,TANJUNG,Feb,2,AB,0.0,0.0,0,0.0,0.0,0.0,0,0,0.0,0.0,0.0,0.0,0.0,0.0,0.0,0.0,0.0,0.0,0.0,0.0,0.0,0.0,0.0,0.0
312002,312-002,DUMP TRUCK HINO FM 260 JD 312-002,951069091,TANJUNG,Feb,2,AB,0.0,0.0,0,0.0,0.0,0.0,0,0,0.0,0.0,0.0,0.0,6187253.44,0.0,9906969.7,0.0,0.0,0.0,16094223.14,0.0,0.0,0.0,16094223.14,0.0
312003,312-003,DUMP TRUCK HINO FM 260 JD 312-003,0,TANJUNG,Feb,2,AB,0.0,0.0,0,0.0,0.0,0.0,0,0,0.0,0.0,0.0,0.0,0.0,0.0,0.0,0.0,0.0,0.0,0.0,0.0,0.0,0.0,0.0,0.0
312004,312-004,DUMP TRUCK HINO FM 260 JD 312-004,0,TANJUNG,Feb,2,AB,0.0,0.0,0,0.0,0.0,0.0,0,0,0.0,0.0,0.0,0.0,0.0,0.0,0.0,0.0,0.0,0.0,0.0,0.0,0.0,0.0,0.0,0.0
312005,312-005,DUMP TRUCK HINO FM 260 JD 312-005,0,TANJUNG,Feb,2,AB,0.0,0.0,0,0.0,0.0,0.0,40,0,0.0,0.0,0.0,0.0,0.0,0.0,0.0,0.0,0.0,0.0,0.0,0.0,0.0,0.0,0.0,0.0
312006,312-006,DUMP TRUCK HINO FM 260 JD 312-006,0,TANJUNG,Feb,2,AB,0.0,0.0,0,0.0,0.0,0.0,0,0,0.0,0.0,0.0,0.0,0.0,0.0,0.0,0.0,0.0,0.0,0.0,0.0,0.0,0.0,0.0,0.0
312007,312-007,DUMP TRUCK HINO FM 260 JD 312-007,0,TANJUNG,Feb,2,AB,0.0,0.0,0,0.0,0.0,0.0,0,0,0.0,0.0,0.0,0.0,0.0,0.0,0.0,0.0,0.0,0.0,0.0,0.0,0.0,0.0,0.0,0.0
312010,312-010,DUMP TRUCK HINO FM 260 JD 312-010,0,TANJUNG,Feb,2,AB,0.0,0.0,0,0.0,0.0,0.0,0,0,0.0,0.0,0.0,0.0,0.0,0.0,0.0,0.0,0.0,0.0,0.0,0.0,0.0,0.0,0.0,0.0
312014,312-014,DUMP TRUCK HINO FM 260 JD 312-014,1066244596,TANJUNG,Feb,2,AB,0.0,0.0,0,0.0,0.0,0.0,0,0,0.0,0.0,0.0,0.0,0.0,0.0,0.0,0.0,0.0,0.0,0.0,0.0,0.0,0.0,0.0,0.0
312015,312-015,DUMP TRUCK HINO FM 260 JD 312-015,1066244596,TANJUNG,Feb,2,AB,18.7,3000.0,1907143,0.0,0.0,0.0,0,0,0.0,0.0,0.0,0.0,1667779.8,5892419.166666667,11106714.55,11106714.5465625,484549.74,703407.7887524242,13259044.09,17702541.501981594,843988.02,11436714.211959396,14103032.11,29139255.71394099
312016,312-016,DUMP TRUCK HINO FM 260 JD 312-016,1049083278,TANJUNG,Feb,2,AB,0.0,0.0,0,0.0,0.0,0.0,0,0,0.0,0.0,0.0,0.0,0.0,0.0,0.0,0.0,0.0,0.0,0.0,0.0,0.0,0.0,0.0,0.0
312017,312-017,DUMP TRUCK HINO FM 260 JD 312-017,0,TANJUNG,Feb,2,AB,0.0,0.0,0,0.0,0.0,0.0,0,0,0.0,0.0,0.0,0.0,0.0,0.0,0.0,0.0,0.0,0.0,0.0,0.0,0.0,0.0,0.0,0.0
312021,312-021,DUMP TRUCK HINO FM 260 JD 312-021,1037722944,TANJUNG,Feb,2,AB,190.8,6000.0,65000000,63000000.0,0.0,0.0,0,0,0.0,0.0,0.0,0.0,30091118.72,7640436.875,10809614.0,10809614.0,471588.21,1367737.3670186026,41372320.93,19817788.242018603,28765132.52,11436714.211959396,70137453.45,31254502.453978
312022,312-022,DUMP TRUCK HINO FM 260 JD 312-022,1041363643,TANJUNG,Feb,2,AB,247.4,6000.0,63000000,62000000.0,0.0,0.0,0,0,0.0,0.0,0.0,0.0,22425551.63,21694337.708333332,10847537.95,10847537.947916666,473242.71,1367737.3670186026,33746332.29,33909613.0232686,27880051.52,11436714.211959396,61626383.81,45346327.235228
312023,312-023,DUMP TRUCK HINO FM 260 JD 312-023,1457274807,TANJUNG,Feb,2,AB,228.8,6000.0,65000000,63000000.0,0.0,0.0,0,0,0.0,0.0,0.0,0.0,6621081.85,21957529.375,15179945.9,15179945.902812501,662251.54,1367737.3670186026,22463279.29,38505212.644831106,28765132.52,11436714.211959396,51228411.81,49941926.8567905
312025,312-025,DUMP TRUCK HINO FM 260 JD 312-025,1456683897,TANJUNG,Feb,2,AB,0.0,0.0,0,0.0,0.0,0.0,0,0,0.0,0.0,0.0,0.0,0.0,0.0,0.0,0.0,0.0,0.0,0.0,0.0,0.0,0.0,0.0,0.0
312027,312-027,DUMP TRUCK HINO FM 280 JD 312-027,1217006534,TANJUNG,Feb,2,AB,240.5,6000.0,63000000,62000000.0,0.0,0.0,0,0,0.0,0.0,0.0,0.0,4615771.4,24391833.541666668,13822984.73,12677151.4,553062.77,1367737.3670186026,18991818.9,38436722.30868527,27880051.52,11436714.211959396,46871870.42,49873436.520644665
312028,312-028,DUMP TRUCK HINO FM 280 JD 312-028,1216944235,TANJUNG,Feb,2,AB,248.2,6000.0,65000000,63000000.0,0.0,0.0,0,0,0.0,0.0,0.0,0.0,1475746.42,21957529.375,12676502.45,12676502.452083334,553034.46,1367737.3670186026,14705283.33,36001769.19410194,28765132.52,11436714.211959396,43470415.85,47438483.40606134
312030,312-030,DUMP TRUCK HINO FM 280 JD 312-030,1052082924,TANJUNG,Feb,2,AB,251.7,6000.0,65000000,63000000.0,0.0,0.0,0,0,0.0,0.0,0.0,0.0,4582643.12,22143024.583333332,10959197.12,10959197.124583334,643055.55,1367737.3670186026,16184895.79,34469959.074935265,28765132.52,11436714.211959396,44950028.31,45906673.286894664
312031,312-031,DUMP TRUCK HINO FM 280 JD 312-031,1216742924,TANJUNG,Feb,2,AB,0.0,6000.0,48471429,63000000.0,0.0,0.0,0,0,0.0,0.0,0.0,0.0,16879769.63,21966946.041666668,13924405.46,10799405.457916668,643055.55,1367737.3670186026,31447230.64,34134088.86660194,21450570.44,11436714.211959396,52897801.08,45570803.078561336
312032,312-032,DUMP TRUCK HINO FM 280 JD 312-032,1036742924,TANJUNG,Feb,2,AB,234.8,6000.0,65000000,63000000.0,0.0,0.0,0,0,0.0,0.0,0.0,0.0,3413090.27,24505984.375,12674405.46,10799405.457916668,643055.55,1367737.3670186026,16730551.28,36673127.19993527,28765132.52,11436714.211959396,45495683.8,48109841.411894664
312033,312-033,DUMP TRUCK HINO FM 280 JD 312-033,0,TANJUNG,Feb,2,AB,0.0,0.0,0,0.0,0.0,0.0,0,0,0.0,0.0,0.0,0.0,0.0,0.0,0.0,0.0,0.0,0.0,0.0,0.0,0.0,0.0,0.0,0.0
312034,312-034,DUMP TRUCK HINO FM 280 JD 312-034,1226008155,TANJUNG,Feb,2,AB,211.5,6000.0,63092857,63000000.0,0.0,0.0,0,0,0.0,0.0,0.0,0.0,17994844.47,21884946.041666668,34055782.07,34055782.06944445,844305.56,1367737.3670186026,52894932.1,57308465.47812972,27921144.5,11436714.211959396,80816076.6,68745179.69008912
332004,332-004,EXCAVATOR HITACHI ZAXIS ZX330 332-004,0,TANJUNG,Feb,2,AB,0.0,0.0,0,0.0,0.0,0.0,0,0,0.0,0.0,0.0,0.0,0.0,0.0,0.0,0.0,0.0,0.0,0.0,0.0,0.0,0.0,0.0,0.0
332026,332-026,EXCAVATOR HITACHI ZX210F-5G 332-026,1305645000,TANJUNG,Feb,2,AB,103.3,150.0,29440500,42750000.0,0.0,0.0,0,0,0.0,0.0,0.0,0.0,10108690.62,4697940.833333333,13600468.75,13600468.75,643344.1,3150649.7251973683,24352503.47,21449059.3085307,13028613.6,14909612.759746667,37381117.07,36358672.06827737
332027,332-027,EXCAVATOR HITACHI ZX350H-5G 332-027,2210730000,TANJUNG,Feb,2,AB,2.2,50.0,306000,17000000.0,0.0,0.0,0,0,0.0,0.0,0.0,0.0,479493.0,1277518.75,23028437.5,23028437.5,1004655.63,1050216.5750657895,24512586.13,25356172.825065788,135417.39,14909612.759746667,24648003.52,40265785.584812455
332032,332-032,EXCAVATOR KOMATSU PC-200-8M1 332-032,1357385000,TANJUNG,Feb,2,AB,136.2,200.0,40860000,60000000.0,0.0,0.0,0,0,0.0,0.0,0.0,0.0,3939074.61,16310189.416666666,14139427.08,14139427.083333334,616857.09,4200866.300263158,18695358.78,34650482.80026316,18082204.84,14909612.759746667,36777563.62,49560095.56000982
332033,332-033,EXCAVATOR HITACHI ZX350H-5G 332-033,2274994000,TANJUNG,Feb,2,AB,219.6,300.0,84546000,115500000.0,0.0,0.0,0,0,0.0,0.0,0.0,0.0,22215164.03,9165192.083333334,23697854.17,23697854.166666668,1033860.1,6301299.450394737,46946878.3,39164345.700394735,37415029.14,14909612.759746667,84361907.44,54073958.460141405
332036,332-036,EXCAVATOR HITACHI ZX350H-5G 332-036,2395000000,TANJUNG,Feb,2,AB,104.0,200.0,40040000,77000000.0,0.0,0.0,0,0,0.0,0.0,0.0,0.0,1673918.47,4264054.75,24947916.67,24947916.666666668,1088396.25,4200866.300263158,27710231.39,33412837.716929827,17719321.63,14909612.759746667,45429553.02,48322450.476676494
332037,332-037,EXCAVATOR HITACHI ZX350H-5G 332-037,2400316900,TANJUNG,Feb,2,AB,270.9,300.0,104296500,115500000.0,0.0,0.0,0,0,0.0,0.0,0.0,0.0,2866083.38,16145224.083333334,25003301.04,25003301.041666668,1090812.49,6301299.450394737,28960196.91,47449824.575394735,46155425.29,14909612.759746667,75115622.2,62359437.335141405
332049,332-049,EXCAVATOR SHANTUI SE 215 W 332-049,1205162986,TANJUNG,Feb,2,AB,57.0,100.0,17100000,30000000.0,0.0,0.0,0,0,0.0,0.0,0.0,0.0,13112395.76,16145224.083333334,12553781.1,12553781.104166666,774225.46,2100433.150131579,26440402.32,30799438.33763158,7567442.56,14909612.759746667,34007844.88,45709051.09737825
342002,342-002,BULLDOZER CAT D6G DC-09 342-002,0,TANJUNG,Feb,2,AB,0.0,0.0,0,0.0,0.0,0.0,0,0,0.0,0.0,0.0,0.0,0.0,0.0,0.0,0.0,0.0,0.0,0.0,0.0,0.0,0.0,0.0,0.0
342012,342-012,BULLDOZER WEA B 220 342-012,2321435000,TANJUNG,Feb,2,AB,69.0,0.0,37350000,0.0,0.0,0.0,0,0,0.0,0.0,0.0,0.0,6548682.06,0.0,24181614.58,0.0,0.0,0.0,30730296.64,0.0,16528887.69,0.0,47259184.33,0.0
342013,342-013,BULLDOZER WEA B 220 342-013,2321435000,TANJUNG,Feb,2,AB,0.0,0.0,0,0.0,0.0,0.0,20,0,0.0,0.0,0.0,0.0,0.0,0.0,0.0,0.0,0.0,0.0,0.0,0.0,0.0,0.0,0.0,0.0
342016,342-016,BULLDOZER KOMATSU D85E 342-016,3651184000,TANJUNG,Feb,2,AB,91.1,0.0,0,0.0,0.0,0.0,0,0,0.0,0.0,0.0,0.0,0.0,0.0,0.0,0.0,0.0,0.0,0.0,0.0,0.0,0.0,0.0,0.0
342017,342-017,BULLDOZER KOMATSU D85E 342-017,3672989400,TANJUNG,Feb,2,AB,206.3,200.0,103150000,100000000.0,0.0,0.0,0,0,0.0,0.0,0.0,0.0,17766676.65,14802486.75,38260306.25,38260306.25,0.0,4200866.300263158,56026982.9,57263659.30026316,45648052.61,14909612.759746667,101675035.51,72173272.06000982
342018,342-018,BULLDOZER KOMATSU D85E 342-018,3679975400,TANJUNG,Feb,2,AB,139.0,200.0,0,100000000.0,0.0,0.0,2936,0,0.0,0.0,0.0,0.0,0.0,10866759.333333334,0.0,38333077.083333336,0.0,4200866.300263158,0.0,53400702.71692983,0.0,14909612.759746667,0.0,68310315.4766765
351011,351-011,GRADER CATERPILLAR 120 NG 351-011,2385200000,TANJUNG,Feb,2,AB,166.7,200.0,66680000,80000000.0,0.0,0.0,0,0,0.0,0.0,0.0,0.0,6147859.68,5255715.6466666665,24845833.33,24845833.333333332,0.0,4200866.300263158,30993693.01,34302415.280263156,29508600.56,14909612.759746667,60502293.57,49212028.04000983
371008,371-008,COMPACTOR SAKAI SV515TF-E 371-008,0,TANJUNG,Feb,2,AB,0.0,0.0,0,0.0,0.0,0.0,0,0,0.0,0.0,0.0,0.0,0.0,0.0,0.0,0.0,0.0,0.0,0.0,0.0,0.0,0.0,0.0,0.0
371010,371-010,COMPACTOR SAKAI SV 700-D 371-010,0,TANJUNG,Feb,2,AB,0.0,0.0,0,0.0,0.0,0.0,0,0,0.0,0.0,0.0,0.0,0.0,0.0,0.0,0.0,0.0,0.0,0.0,0.0,0.0,0.0,0.0,0.0
312001,312-001,DUMP TRUCK HINO FM 260 JD 312-001,0,TANJUNG,Mar,3,AB,0.0,0.0,0,0.0,0.0,0.0,0,0,0.0,0.0,0.0,0.0,0.0,0.0,0.0,0.0,0.0,0.0,0.0,0.0,0.0,0.0,0.0,0.0
312002,312-002,DUMP TRUCK HINO FM 260 JD 312-002,951069091,TANJUNG,Mar,3,AB,0.0,0.0,0,0.0,0.0,0.0,0,0,0.0,0.0,0.0,0.0,1390852.78,0.0,9906969.7,0.0,0.0,0.0,11297822.48,0.0,0.0,0.0,11297822.48,0.0
312003,312-003,DUMP TRUCK HINO FM 260 JD 312-003,0,TANJUNG,Mar,3,AB,0.0,0.0,0,0.0,0.0,0.0,0,0,0.0,0.0,0.0,0.0,0.0,0.0,0.0,0.0,0.0,0.0,0.0,0.0,0.0,0.0,0.0,0.0
312004,312-004,DUMP TRUCK HINO FM 260 JD 312-004,0,TANJUNG,Mar,3,AB,0.0,0.0,0,0.0,0.0,0.0,0,0,0.0,0.0,0.0,0.0,0.0,0.0,0.0,0.0,0.0,0.0,0.0,0.0,0.0,0.0,0.0,0.0
312005,312-005,DUMP TRUCK HINO FM 260 JD 312-005,0,TANJUNG,Mar,3,AB,0.0,0.0,0,0.0,0.0,0.0,0,0,0.0,0.0,0.0,0.0,0.0,0.0,0.0,0.0,0.0,0.0,0.0,0.0,0.0,0.0,0.0,0.0
312006,312-006,DUMP TRUCK HINO FM 260 JD 312-006,0,TANJUNG,Mar,3,AB,0.0,0.0,0,0.0,0.0,0.0,0,0,0.0,0.0,0.0,0.0,0.0,0.0,0.0,0.0,0.0,0.0,0.0,0.0,0.0,0.0,0.0,0.0
312007,312-007,DUMP TRUCK HINO FM 260 JD 312-007,0,TANJUNG,Mar,3,AB,0.0,0.0,0,0.0,0.0,0.0,0,0,0.0,0.0,0.0,0.0,0.0,0.0,0.0,0.0,0.0,0.0,0.0,0.0,0.0,0.0,0.0,0.0
312010,312-010,DUMP TRUCK HINO FM 260 JD 312-010,0,TANJUNG,Mar,3,AB,0.0,0.0,0,0.0,0.0,0.0,0,0,0.0,0.0,0.0,0.0,0.0,0.0,0.0,0.0,0.0,0.0,0.0,0.0,0.0,0.0,0.0,0.0
312014,312-014,DUMP TRUCK HINO FM 260 JD 312-014,1066244596,TANJUNG,Mar,3,AB,0.0,0.0,0,0.0,0.0,0.0,0,0,0.0,0.0,0.0,0.0,0.0,0.0,0.0,0.0,484549.74,0.0,484549.74,0.0,0.0,0.0,484549.74,0.0
312015,312-015,DUMP TRUCK HINO FM 260 JD 312-015,1066244596,TANJUNG,Mar,3,AB,0.0,3000.0,0,0.0,0.0,0.0,0,0,0.0,0.0,0.0,0.0,11588144.96,5892419.166666667,11106714.55,11106714.5465625,484549.74,703407.7887524242,23179409.25,17702541.501981594,0.0,16476463.723777575,23179409.25,34179005.22575917
312016,312-016,DUMP TRUCK HINO FM 260 JD 312-016,1049083278,TANJUNG,Mar,3,AB,0.0,0.0,0,0.0,0.0,0.0,0,0,0.0,0.0,0.0,0.0,0.0,0.0,0.0,0.0,476750.86,0.0,476750.86,0.0,0.0,0.0,476750.86,0.0
312017,312-017,DUMP TRUCK HINO FM 260 JD 312-017,0,TANJUNG,Mar,3,AB,0.0,0.0,0,0.0,0.0,0.0,0,0,0.0,0.0,0.0,0.0,0.0,0.0,0.0,0.0,476750.86,0.0,476750.86,0.0,0.0,0.0,476750.86,0.0
312021,312-021,DUMP TRUCK HINO FM 260 JD 312-021,1037722944,TANJUNG,Mar,3,AB,25.6,6000.0,65000000,63000000.0,0.0,0.0,0,0,0.0,0.0,0.0,0.0,11433880.59,7640436.875,10809614.0,10809614.0,471588.21,1367737.3670186026,22715082.8,19817788.242018603,36805842.95,16476463.723777575,59520925.75,36294251.96579618
312022,312-022,DUMP TRUCK HINO FM 260 JD 312-022,1041363643,TANJUNG,Mar,3,AB,31.3,6000.0,63000000,62000000.0,0.0,0.0,0,0,0.0,0.0,0.0,0.0,8466099.5,21694337.708333332,10847537.95,10847537.947916666,473242.71,1367737.3670186026,19786880.16,33909613.0232686,35673355.47,16476463.723777575,55460235.63,50386076.74704618
312023,312-023,DUMP TRUCK HINO FM 260 JD 312-023,1457274807,TANJUNG,Mar,3,AB,163.4,6000.0,0,63000000.0,0.0,0.0,0,0,0.0,0.0,0.0,0.0,9860651.21,21957529.375,15179945.9,15179945.902812501,662251.54,1367737.3670186026,25702848.65,38505212.644831106,0.0,16476463.723777575,25702848.65,54981676.36860868
312025,312-025,DUMP TRUCK HINO FM 260 JD 312-025,1456683897,TANJUNG,Mar,3,AB,0.0,0.0,0,0.0,0.0,0.0,0,0,0.0,0.0,0.0,0.0,0.0,0.0,0.0,0.0,0.0,0.0,0.0,0.0,0.0,0.0,0.0,0.0
312027,312-027,DUMP TRUCK HINO FM 280 JD 312-027,1217006534,TANJUNG,Mar,3,AB,208.4,6000.0,63000000,62000000.0,0.0,0.0,0,0,0.0,0.0,0.0,0.0,15663714.81,24391833.541666668,13822984.73,12677151.4,553062.77,1367737.3670186026,30039762.31,38436722.30868527,35673355.47,16476463.723777575,65713117.78,54913186.03246285
312028,312-028,DUMP TRUCK HINO FM 280 JD 312-028,1216944235,TANJUNG,Mar,3,AB,217.5,6000.0,65000000,63000000.0,0.0,0.0,0,0,0.0,0.0,0.0,0.0,3281091.67,21957529.375,12676502.45,12676502.452083334,553034.46,1367737.3670186026,16510628.58,36001769.19410194,36805842.95,16476463.723777575,53316471.53,52478232.917879514
312030,312-030,DUMP TRUCK HINO FM 280 JD 312-030,1052082924,TANJUNG,Mar,3,AB,199.4,6000.0,65000000,63000000.0,0.0,0.0,0,0,0.0,0.0,0.0,0.0,2179512.36,22143024.583333332,10959197.12,10959197.124583334,643055.55,1367737.3670186026,13781765.03,34469959.074935265,36805842.95,16476463.723777575,50587607.98,50946422.79871284
312031,312-031,DUMP TRUCK HINO FM 280 JD 312-031,1216742924,TANJUNG,Mar,3,AB,1.5,6000.0,1190714,63000000.0,0.0,0.0,0,0,0.0,0.0,0.0,0.0,10405886.67,21966946.041666668,13924405.46,10799405.457916668,643055.55,1367737.3670186026,24973347.68,34134088.86660194,674234.35,16476463.723777575,25647582.03,50610552.590379514
312032,312-032,DUMP TRUCK HINO FM 280 JD 312-032,1036742924,TANJUNG,Mar,3,AB,194.3,6000.0,130000000,63000000.0,0.0,0.0,0,0,0.0,0.0,0.0,0.0,4731712.33,24505984.375,12674405.46,10799405.457916668,643055.55,1367737.3670186026,18049173.34,36673127.19993527,73611685.9,16476463.723777575,91660859.24,53149590.92371285
312033,312-033,DUMP TRUCK HINO FM 280 JD 312-033,0,TANJUNG,Mar,3,AB,0.0,0.0,0,0.0,0.0,0.0,0,0,0.0,0.0,0.0,0.0,0.0,0.0,0.0,0.0,0.0,0.0,0.0,0.0,0.0,0.0,0.0,0.0
312034,312-034,DUMP TRUCK HINO FM 280 JD 312-034,1226008155,TANJUNG,Mar,3,AB,18.5,6000.0,5833571,63000000.0,0.0,0.0,0,0,0.0,0.0,0.0,0.0,7482749.59,21884946.041666668,34055782.07,34055782.06944445,844305.56,1367737.3670186026,42382837.22,57308465.47812972,3303223.05,16476463.723777575,45686060.27,73784929.20190729
332004,332-004,EXCAVATOR HITACHI ZAXIS ZX330 332-004,0,TANJUNG,Mar,3,AB,0.0,0.0,0,0.0,0.0,0.0,0,0,0.0,0.0,0.0,0.0,258763.31,0.0,0.0,0.0,0.0,0.0,258763.31,0.0,0.0,0.0,258763.31,0.0
332026,332-026,EXCAVATOR HITACHI ZX210F-5G 332-026,1305645000,TANJUNG,Mar,3,AB,138.1,150.0,39358500,42750000.0,0.0,0.0,0,0,0.0,0.0,0.0,0.0,5963474.54,4697940.833333333,13600468.75,13600468.75,593344.1,3150649.7251973683,20157287.39,21449059.3085307,22286504.15,17363208.843346667,42443791.54,38812268.151877366
332027,332-027,EXCAVATOR HITACHI ZX350H-5G 332-027,2210730000,TANJUNG,Mar,3,AB,12.6,50.0,4284000,17000000.0,0.0,0.0,0,0,0.0,0.0,0.0,0.0,497290.89,1277518.75,23028437.5,23028437.5,1004655.63,1050216.5750657895,24530384.02,25356172.825065788,2425788.17,17363208.843346667,26956172.19,42719381.668412454
332032,332-032,EXCAVATOR KOMATSU PC-200-8M1 332-032,1357385000,TANJUNG,Mar,3,AB,107.0,200.0,30840000,60000000.0,0.0,0.0,0,0,0.0,0.0,0.0,0.0,20365465.58,16310189.416666666,14139427.08,14139427.083333334,616857.09,4200866.300263158,35121749.75,34650482.80026316,17462956.87,17363208.843346667,52584706.62,52013691.64360982
332033,332-033,EXCAVATOR HITACHI ZX350H-5G 332-033,2274994000,TANJUNG,Mar,3,AB,123.2,300.0,47432000,115500000.0,0.0,0.0,0,0,0.0,0.0,0.0,0.0,2448114.99,9165192.083333334,23697854.17,23697854.166666668,1033860.1,6301299.450394737,27179829.26,39164345.700394735,26858072.97,17363208.843346667,54037902.23,56527554.543741405
332036,332-036,EXCAVATOR HITACHI ZX350H-5G 332-036,2395000000,TANJUNG,Mar,3,AB,33.2,200.0,12782000,77000000.0,0.0,0.0,0,0,0.0,0.0,0.0,0.0,754428.87,4264054.75,24947916.67,24947916.666666668,1088396.25,4200866.300263158,26790741.79,33412837.716929827,7237727.46,17363208.843346667,34028469.25,50776046.56027649
332037,332-037,EXCAVATOR HITACHI ZX350H-5G 332-037,2400316900,TANJUNG,Mar,3,AB,164.7,300.0,63409500,115500000.0,0.0,0.0,0,0,0.0,0.0,0.0,0.0,4139526.38,16145224.083333334,25003301.04,25003301.041666668,1090812.49,6301299.450394737,30233639.91,47449824.575394735,35905232.28,17363208.843346667,66138872.19,64813033.418741405
332049,332-049,EXCAVATOR SHANTUI SE 215 W 332-049,1205162986,TANJUNG,Mar,3,AB,0.0,100.0,0,30000000.0,0.0,0.0,0,0,0.0,0.0,0.0,0.0,1522819.02,16145224.083333334,12553781.1,12553781.104166666,120000.0,2100433.150131579,14196600.12,30799438.33763158,0.0,17363208.843346667,14196600.12,48162647.180978246
342002,342-002,BULLDOZER CAT D6G DC-09 342-002,0,TANJUNG,Mar,3,AB,0.0,0.0,0,0.0,0.0,0.0,0,0,0.0,0.0,0.0,0.0,0.0,0.0,0.0,0.0,0.0,0.0,0.0,0.0,0.0,0.0,0.0,0.0
342012,342-012,BULLDOZER WEA B 220 342-012,2321435000,TANJUNG,Mar,3,AB,0.0,0.0,0,0.0,0.0,0.0,0,0,0.0,0.0,0.0,0.0,2297899.77,0.0,24181614.58,0.0,0.0,0.0,26479514.35,0.0,0.0,0.0,26479514.35,0.0
342013,342-013,BULLDOZER WEA B 220 342-013,2321435000,TANJUNG,Mar,3,AB,0.0,0.0,0,0.0,0.0,0.0,0,0,0.0,0.0,0.0,0.0,0.0,0.0,0.0,0.0,0.0,0.0,0.0,0.0,0.0,0.0,0.0,0.0
342016,342-016,BULLDOZER KOMATSU D85E 342-016,3651184000,TANJUNG,Mar,3,AB,62.5,0.0,0,0.0,0.0,0.0,0,0,0.0,0.0,0.0,0.0,0.0,0.0,0.0,0.0,0.0,0.0,0.0,0.0,0.0,0.0,0.0,0.0
342017,342-017,BULLDOZER KOMATSU D85E 342-017,3672989400,TANJUNG,Mar,3,AB,127.5,200.0,63750000,100000000.0,0.0,0.0,0,0,0.0,0.0,0.0,0.0,25822735.36,14802486.75,38260306.25,38260306.25,0.0,4200866.300263158,64083041.61,57263659.30026316,36098038.28,17363208.843346667,100181079.89,74626868.14360982
342018,342-018,BULLDOZER KOMATSU D85E 342-018,3679975400,TANJUNG,Mar,3,AB,0.0,200.0,0,100000000.0,0.0,0.0,0,0,0.0,0.0,0.0,0.0,0.0,10866759.333333334,0.0,38333077.083333336,0.0,4200866.300263158,0.0,53400702.71692983,0.0,17363208.843346667,0.0,70763911.5602765
351011,351-011,GRADER CATERPILLAR 120 NG 351-011,2385200000,TANJUNG,Mar,3,AB,53.6,200.0,21440000,80000000.0,0.0,0.0,0,0,0.0,0.0,0.0,0.0,4795661.95,5255715.6466666665,24845833.33,24845833.333333332,0.0,4200866.300263158,29641495.28,34302415.280263156,12140265.74,17363208.843346667,41781761.02,51665624.123609826
371008,371-008,COMPACTOR SAKAI SV515TF-E 371-008,0,TANJUNG,Mar,3,AB,0.0,0.0,0,0.0,0.0,0.0,0,0,0.0,0.0,0.0,0.0,0.0,0.0,0.0,0.0,0.0,0.0,0.0,0.0,0.0,0.0,0.0,0.0
371010,371-010,COMPACTOR SAKAI SV 700-D 371-010,0,TANJUNG,Mar,3,AB,0.0,0.0,0,0.0,0.0,0.0,0,0,0.0,0.0,0.0,0.0,0.0,0.0,0.0,0.0,0.0,0.0,0.0,0.0,0.0,0.0,0.0,0.0
312001,312-001,DUMP TRUCK HINO FM 260 JD 312-001,0,TANJUNG,Apr,4,AB,0.0,0.0,0,0.0,0.0,0.0,0,0,0.0,0.0,0.0,0.0,0.0,0.0,0.0,0.0,0.0,0.0,0.0,0.0,0.0,0.0,0.0,0.0
312002,312-002,DUMP TRUCK HINO FM 260 JD 312-002,951069091,TANJUNG,Apr,4,AB,0.0,0.0,0,0.0,0.0,0.0,0,0,0.0,0.0,0.0,0.0,3691450.76,0.0,9906969.7,0.0,0.0,0.0,13598420.46,0.0,0.0,0.0,13598420.46,0.0
312003,312-003,DUMP TRUCK HINO FM 260 JD 312-003,0,TANJUNG,Apr,4,AB,0.0,0.0,0,0.0,0.0,0.0,0,0,0.0,0.0,0.0,0.0,0.0,0.0,0.0,0.0,0.0,0.0,0.0,0.0,0.0,0.0,0.0,0.0
312004,312-004,DUMP TRUCK HINO FM 260 JD 312-004,0,TANJUNG,Apr,4,AB,0.0,0.0,0,0.0,0.0,0.0,0,0,0.0,0.0,0.0,0.0,0.0,0.0,0.0,0.0,0.0,0.0,0.0,0.0,0.0,0.0,0.0,0.0
312005,312-005,DUMP TRUCK HINO FM 260 JD 312-005,0,TANJUNG,Apr,4,AB,0.0,0.0,0,0.0,0.0,0.0,0,0,0.0,0.0,0.0,0.0,0.0,0.0,0.0,0.0,0.0,0.0,0.0,0.0,0.0,0.0,0.0,0.0
312006,312-006,DUMP TRUCK HINO FM 260 JD 312-006,0,TANJUNG,Apr,4,AB,0.0,0.0,0,0.0,0.0,0.0,0,0,0.0,0.0,0.0,0.0,0.0,0.0,0.0,0.0,0.0,0.0,0.0,0.0,0.0,0.0,0.0,0.0
312007,312-007,DUMP TRUCK HINO FM 260 JD 312-007,0,TANJUNG,Apr,4,AB,0.0,0.0,0,0.0,0.0,0.0,0,0,0.0,0.0,0.0,0.0,0.0,0.0,0.0,0.0,0.0,0.0,0.0,0.0,0.0,0.0,0.0,0.0
312010,312-010,DUMP TRUCK HINO FM 260 JD 312-010,0,TANJUNG,Apr,4,AB,0.0,0.0,0,0.0,0.0,0.0,0,0,0.0,0.0,0.0,0.0,0.0,0.0,0.0,0.0,0.0,0.0,0.0,0.0,0.0,0.0,0.0,0.0
312014,312-014,DUMP TRUCK HINO FM 260 JD 312-014,1066244596,TANJUNG,Apr,4,AB,0.0,0.0,0,0.0,0.0,0.0,0,0,0.0,0.0,0.0,0.0,0.0,0.0,0.0,0.0,0.0,0.0,0.0,0.0,0.0,0.0,0.0,0.0
312015,312-015,DUMP TRUCK HINO FM 260 JD 312-015,1066244596,TANJUNG,Apr,4,AB,7.9,3000.0,1175714,0.0,0.0,0.0,10,0,14456.01,0.0,144560.1,0.0,22612502.28,5892419.166666667,11106714.55,11106714.5465625,484549.74,703407.7887524242,34348326.67,17702541.501981594,917599.22,11567297.59559576,35265925.89,29269839.097577356
312016,312-016,DUMP TRUCK HINO FM 260 JD 312-016,1049083278,TANJUNG,Apr,4,AB,0.0,0.0,0,0.0,0.0,0.0,0,0,0.0,0.0,0.0,0.0,0.0,0.0,0.0,0.0,0.0,0.0,0.0,0.0,0.0,0.0,0.0,0.0
312017,312-017,DUMP TRUCK HINO FM 260 JD 312-017,0,TANJUNG,Apr,4,AB,0.0,0.0,0,0.0,0.0,0.0,0,0,0.0,0.0,0.0,0.0,0.0,0.0,0.0,0.0,476750.86,0.0,476750.86,0.0,0.0,0.0,476750.86,0.0
312021,312-021,DUMP TRUCK HINO FM 260 JD 312-021,1037722944,TANJUNG,Apr,4,AB,26.7,6000.0,34666666,63000000.0,0.0,0.0,0,0,0.0,0.0,0.0,0.0,8635415.45,7640436.875,10809614.0,10809614.0,556588.21,1367737.3670186026,20001617.66,19817788.242018603,27055989.65,11567297.59559576,47057607.31,31385085.837614365
312022,312-022,DUMP TRUCK HINO FM 260 JD 312-022,1041363643,TANJUNG,Apr,4,AB,26.1,6000.0,33600000,62000000.0,0.0,0.0,10,0,14456.01,0.0,144560.1,0.0,7111585.54,21694337.708333332,10847537.95,10847537.947916666,613242.71,1367737.3670186026,18716926.3,33909613.0232686,26223498.17,11567297.59559576,44940424.47,45476910.618864365
312023,312-023,DUMP TRUCK HINO FM 260 JD 312-023,1457274807,TANJUNG,Apr,4,AB,9.0,6000.0,31523809,63000000.0,0.0,0.0,0,0,0.0,0.0,0.0,0.0,5554933.7,21957529.375,15179945.9,15179945.902812501,817251.54,1367737.3670186026,21552131.14,38505212.644831106,24603111.53,11567297.59559576,46155242.67,50072510.24042687
312025,312-025,DUMP TRUCK HINO FM 260 JD 312-025,1456683897,TANJUNG,Apr,4,AB,0.0,0.0,0,0.0,0.0,0.0,0,0,0.0,0.0,0.0,0.0,0.0,0.0,0.0,0.0,0.0,0.0,0.0,0.0,0.0,0.0,0.0,0.0
312027,312-027,DUMP TRUCK HINO FM 280 JD 312-027,1217006534,TANJUNG,Apr,4,AB,28.5,6000.0,33106615,62000000.0,0.0,0.0,0,0,0.0,0.0,0.0,0.0,3164102.49,24391833.541666668,13822984.73,12677151.4,638062.77,1367737.3670186026,17625149.99,38436722.30868527,25838430.29,11567297.59559576,43463580.28,50004019.904281035
312028,312-028,DUMP TRUCK HINO FM 280 JD 312-028,1216944235,TANJUNG,Apr,4,AB,26.2,6000.0,34666666,63000000.0,0.0,0.0,0,0,0.0,0.0,0.0,0.0,2323557.35,21957529.375,12676502.45,12676502.452083334,743034.46,1367737.3670186026,15743094.26,36001769.19410194,27055989.65,11567297.59559576,42799083.91,47569066.7896977
312030,312-030,DUMP TRUCK HINO FM 280 JD 312-030,1052082924,TANJUNG,Apr,4,AB,28.7,6000.0,34666666,63000000.0,0.0,0.0,20,0,14456.01,0.0,289120.2,0.0,2240354.0,22143024.583333332,10959197.12,10959197.124583334,688055.55,1367737.3670186026,14176726.87,34469959.074935265,27055989.65,11567297.59559576,41232716.52,46037256.67053103
312031,312-031,DUMP TRUCK HINO FM 280 JD 312-031,1216742924,TANJUNG,Apr,4,AB,4.0,6000.0,2723333,63000000.0,0.0,0.0,0,0,0.0,0.0,0.0,0.0,8117645.36,21966946.041666668,13924405.46,10799405.457916668,688055.55,1367737.3670186026,22730106.37,34134088.86660194,2125455.89,11567297.59559576,24855562.26,45701386.4621977
312032,312-032,DUMP TRUCK HINO FM 280 JD 312-032,1036742924,TANJUNG,Apr,4,AB,25.5,6000.0,34666666,63000000.0,0.0,0.0,0,0,0.0,0.0,0.0,0.0,2077320.77,24505984.375,12674405.46,10799405.457916668,823055.55,1367737.3670186026,15574781.78,36673127.19993527,27055989.65,11567297.59559576,42630771.43,48240424.795531034
312033,312-033,DUMP TRUCK HINO FM 280 JD 312-033,0,TANJUNG,Apr,4,AB,0.0,0.0,0,0.0,0.0,0.0,0,0,0.0,0.0,0.0,0.0,0.0,0.0,0.0,0.0,0.0,0.0,0.0,0.0,0.0,0.0,0.0,0.0
312034,312-034,DUMP TRUCK HINO FM 280 JD 312-034,1226008155,TANJUNG,Apr,4,AB,30.5,6000.0,4333333,63000000.0,0.0,0.0,0,0,0.0,0.0,0.0,0.0,646369.43,21884946.041666668,34055782.07,34055782.06944445,954305.56,1367737.3670186026,35656457.06,57308465.47812972,3381998.51,11567297.59559576,39038455.57,68875763.07372548
332004,332-004,EXCAVATOR HITACHI ZAXIS ZX330 332-004,0,TANJUNG,Apr,4,AB,0.0,0.0,0,0.0,0.0,0.0,0,0,0.0,0.0,0.0,0.0,325716.24,0.0,0.0,0.0,0.0,0.0,325716.24,0.0,0.0,0.0,325716.24,0.0
332026,332-026,EXCAVATOR HITACHI ZX210F-5G 332-026,1305645000,TANJUNG,Apr,4,AB,57.7,150.0,15846000,42750000.0,0.0,0.0,0,0,0.0,0.0,0.0,0.0,1048291.75,4697940.833333333,13600468.75,13600468.75,633344.1,3150649.7251973683,15282104.6,21449059.3085307,12367189.05,17021222.40590667,27649293.65,38470281.714437366
332027,332-027,EXCAVATOR HITACHI ZX350H-5G 332-027,2210730000,TANJUNG,Apr,4,AB,1.4,50.0,476000,17000000.0,0.0,0.0,0,0,0.0,0.0,0.0,0.0,108572.08,1277518.75,23028437.5,23028437.5,1044655.63,1050216.5750657895,24181665.21,25356172.825065788,371499.56,17021222.40590667,24553164.77,42377395.230972454
332032,332-032,EXCAVATOR KOMATSU PC-200-8M1 332-032,1357385000,TANJUNG,Apr,4,AB,23.0,200.0,5100000,60000000.0,0.0,0.0,0,0,0.0,0.0,0.0,0.0,7370190.71,16310189.416666666,14139427.08,14139427.083333334,616857.09,4200866.300263158,22126474.88,34650482.80026316,3980352.4,17021222.40590667,26106827.28,51671705.20616983
332033,332-033,EXCAVATOR HITACHI ZX350H-5G 332-033,2274994000,TANJUNG,Apr,4,AB,20.1,300.0,6814500,115500000.0,0.0,0.0,0,0,0.0,0.0,0.0,0.0,1309915.62,9165192.083333334,23697854.17,23697854.166666668,1148860.1,6301299.450394737,26156629.89,39164345.700394735,5318453.22,17021222.40590667,31475083.11,56185568.106301405
332036,332-036,EXCAVATOR HITACHI ZX350H-5G 332-036,2395000000,TANJUNG,Apr,4,AB,23.0,200.0,7700000,77000000.0,0.0,0.0,0,0,0.0,0.0,0.0,0.0,54286.04,4264054.75,24947916.67,24947916.666666668,1203396.25,4200866.300263158,26205598.96,33412837.716929827,6009551.66,17021222.40590667,32215150.62,50434060.1228365
332037,332-037,EXCAVATOR HITACHI ZX350H-5G 332-037,2400316900,TANJUNG,Apr,4,AB,20.3,300.0,6853000,115500000.0,0.0,0.0,0,0,0.0,0.0,0.0,0.0,7905821.29,16145224.083333334,25003301.04,25003301.041666668,1135812.49,6301299.450394737,34044934.82,47449824.575394735,5348500.98,17021222.40590667,39393435.8,64471046.981301405
332049,332-049,EXCAVATOR SHANTUI SE 215 W 332-049,1205162986,TANJUNG,Apr,4,AB,63.0,100.0,17700000,30000000.0,0.0,0.0,0,0,0.0,0.0,0.0,0.0,3827165.85,16145224.083333334,12553781.1,12553781.104166666,774225.46,2100433.150131579,17155172.41,30799438.33763158,13814164.21,17021222.40590667,30969336.62,47820660.743538246
342002,342-002,BULLDOZER CAT D6G DC-09 342-002,0,TANJUNG,Apr,4,AB,0.0,0.0,0,0.0,0.0,0.0,0,0,0.0,0.0,0.0,0.0,0.0,0.0,0.0,0.0,0.0,0.0,0.0,0.0,0.0,0.0,0.0,0.0
342012,342-012,BULLDOZER WEA B 220 342-012,2321435000,TANJUNG,Apr,4,AB,0.0,0.0,0,0.0,0.0,0.0,0,0,0.0,0.0,0.0,0.0,922425.0,0.0,24181614.58,0.0,40000.0,0.0,25144039.58,0.0,0.0,0.0,25144039.58,0.0
342013,342-013,BULLDOZER WEA B 220 342-013,2321435000,TANJUNG,Apr,4,AB,0.0,0.0,0,0.0,0.0,0.0,0,0,0.0,0.0,0.0,0.0,0.0,0.0,0.0,0.0,0.0,0.0,0.0,0.0,0.0,0.0,0.0,0.0
342016,342-016,BULLDOZER KOMATSU D85E 342-016,3651184000,TANJUNG,Apr,4,AB,4.4,0.0,0,0.0,0.0,0.0,0,0,0.0,0.0,0.0,0.0,0.0,0.0,0.0,0.0,0.0,0.0,0.0,0.0,0.0,0.0,0.0,0.0
342017,342-017,BULLDOZER KOMATSU D85E 342-017,3672989400,TANJUNG,Apr,4,AB,19.0,200.0,8250000,100000000.0,0.0,0.0,0,0,0.0,0.0,0.0,0.0,8375844.81,14802486.75,38260306.25,38260306.25,0.0,4200866.300263158,46636151.06,57263659.30026316,6438805.35,17021222.40590667,53074956.41,74284881.70616983
342018,342-018,BULLDOZER KOMATSU D85E 342-018,3679975400,TANJUNG,Apr,4,AB,0.0,200.0,0,100000000.0,0.0,0.0,0,0,0.0,0.0,0.0,0.0,0.0,10866759.333333334,0.0,38333077.083333336,0.0,4200866.300263158,0.0,53400702.71692983,0.0,17021222.40590667,0.0,70421925.1228365
351011,351-011,GRADER CATERPILLAR 120 NG 351-011,2385200000,TANJUNG,Apr,4,AB,15.9,200.0,6000000,80000000.0,0.0,0.0,0,0,0.0,0.0,0.0,0.0,0.0,5255715.6466666665,24845833.33,24845833.333333332,0.0,4200866.300263158,24845833.33,34302415.280263156,4682767.53,17021222.40590667,29528600.86,51323637.686169825
371008,371-008,COMPACTOR SAKAI SV515TF-E 371-008,0,TANJUNG,Apr,4,AB,0.0,0.0,0,0.0,0.0,0.0,0,0,0.0,0.0,0.0,0.0,0.0,0.0,0.0,0.0,0.0,0.0,0.0,0.0,0.0,0.0,0.0,0.0
371010,371-010,COMPACTOR SAKAI SV 700-D 371-010,0,TANJUNG,Apr,4,AB,0.0,0.0,0,0.0,0.0,0.0,0,0,0.0,0.0,0.0,0.0,0.0,0.0,0.0,0.0,0.0,0.0,0.0,0.0,0.0,0.0,0.0,0.0
312001,312-001,DUMP TRUCK HINO FM 260 JD 312-001,0,TANJUNG,May,5,AB,0.0,0.0,0,0.0,0.0,0.0,0,0,0.0,0.0,0.0,0.0,0.0,0.0,0.0,0.0,0.0,0.0,0.0,0.0,0.0,0.0,0.0,0.0
312002,312-002,DUMP TRUCK HINO FM 260 JD 312-002,951069091,TANJUNG,May,5,AB,0.0,0.0,0,0.0,0.0,0.0,110,0,14456.01,0.0,1590161.1,0.0,963888.29,0.0,9906969.7,0.0,0.0,0.0,12461019.09,0.0,0.0,0.0,12461019.09,0.0
312003,312-003,DUMP TRUCK HINO FM 260 JD 312-003,0,TANJUNG,May,5,AB,0.0,0.0,0,0.0,0.0,0.0,0,0,0.0,0.0,0.0,0.0,0.0,0.0,0.0,0.0,0.0,0.0,0.0,0.0,0.0,0.0,0.0,0.0
312004,312-004,DUMP TRUCK HINO FM 260 JD 312-004,0,TANJUNG,May,5,AB,0.0,0.0,0,0.0,0.0,0.0,0,0,0.0,0.0,0.0,0.0,0.0,0.0,0.0,0.0,0.0,0.0,0.0,0.0,0.0,0.0,0.0,0.0
312005,312-005,DUMP TRUCK HINO FM 260 JD 312-005,0,TANJUNG,May,5,AB,0.0,0.0,0,0.0,0.0,0.0,0,0,0.0,0.0,0.0,0.0,0.0,0.0,0.0,0.0,0.0,0.0,0.0,0.0,0.0,0.0,0.0,0.0
312006,312-006,DUMP TRUCK HINO FM 260 JD 312-006,0,TANJUNG,May,5,AB,0.0,0.0,0,0.0,0.0,0.0,0,0,0.0,0.0,0.0,0.0,0.0,0.0,0.0,0.0,0.0,0.0,0.0,0.0,0.0,0.0,0.0,0.0
312007,312-007,DUMP TRUCK HINO FM 260 JD 312-007,0,TANJUNG,May,5,AB,0.0,0.0,0,0.0,0.0,0.0,0,0,0.0,0.0,0.0,0.0,0.0,0.0,0.0,0.0,0.0,0.0,0.0,0.0,0.0,0.0,0.0,0.0
312010,312-010,DUMP TRUCK HINO FM 260 JD 312-010,0,TANJUNG,May,5,AB,0.0,0.0,0,0.0,0.0,0.0,0,0,0.0,0.0,0.0,0.0,0.0,0.0,0.0,0.0,0.0,0.0,0.0,0.0,0.0,0.0,0.0,0.0
312014,312-014,DUMP TRUCK HINO FM 260 JD 312-014,1066244596,TANJUNG,May,5,AB,0.0,0.0,0,0.0,0.0,0.0,0,0,0.0,0.0,0.0,0.0,0.0,0.0,0.0,0.0,0.0,0.0,0.0,0.0,0.0,0.0,0.0,0.0
312015,312-015,DUMP TRUCK HINO FM 260 JD 312-015,1066244596,TANJUNG,May,5,AB,267.8,3000.0,31259450,0.0,0.0,0.0,0,0,0.0,0.0,0.0,0.0,12453065.7,5892419.166666667,11106714.55,11106714.5465625,484549.74,703407.7887524242,24044329.99,17702541.501981594,6481114.72,11468952.923777577,30525444.71,29171494.42575917
312016,312-016,DUMP TRUCK HINO FM 260 JD 312-016,1049083278,TANJUNG,May,5,AB,0.0,0.0,0,0.0,0.0,0.0,0,0,0.0,0.0,0.0,0.0,0.0,0.0,0.0,0.0,0.0,0.0,0.0,0.0,0.0,0.0,0.0,0.0
312017,312-017,DUMP TRUCK HINO FM 260 JD 312-017,0,TANJUNG,May,5,AB,0.0,0.0,0,0.0,0.0,0.0,0,0,0.0,0.0,0.0,0.0,0.0,0.0,0.0,0.0,0.0,0.0,0.0,0.0,0.0,0.0,0.0,0.0
312019,312-019,DUMP TRUCK HINO FM 260 JD 312-019,1024020864,TANJUNG,May,5,AB,0.0,0.0,0,0.0,0.0,0.0,150,0,0.0,0.0,0.0,0.0,0.0,0.0,0.0,0.0,0.0,0.0,0.0,0.0,0.0,0.0,0.0,0.0
312021,312-021,DUMP TRUCK HINO FM 260 JD 312-021,1037722944,TANJUNG,May,5,AB,331.6,6000.0,65000000,63000000.0,0.0,0.0,0,0,0.0,0.0,0.0,0.0,35541885.01,7640436.875,10809614.0,10809614.0,471588.21,1367737.3670186026,46823087.22,19817788.242018603,13476643.27,11468952.923777577,60299730.49,31286741.16579618
312022,312-022,DUMP TRUCK HINO FM 260 JD 312-022,1041363643,TANJUNG,May,5,AB,290.0,6000.0,44155385,62000000.0,0.0,0.0,0,0,0.0,0.0,0.0,0.0,37071281.25,21694337.708333332,10847537.95,10847537.947916666,673242.71,1367737.3670186026,48592061.91,33909613.0232686,9154867.26,11468952.923777577,57746929.17,45378565.947046176
312023,312-023,DUMP TRUCK HINO FM 260 JD 312-023,1457274807,TANJUNG,May,5,AB,384.7,6000.0,65000000,63000000.0,0.0,0.0,0,0,0.0,0.0,0.0,0.0,7861146.75,21957529.375,15179945.9,15179945.902812501,762251.54,1367737.3670186026,23803344.19,38505212.644831106,13476643.27,11468952.923777577,37279987.46,49974165.56860869
312025,312-025,DUMP TRUCK HINO FM 260 JD 312-025,1456683897,TANJUNG,May,5,AB,0.0,0.0,0,0.0,0.0,0.0,0,0,0.0,0.0,0.0,0.0,0.0,0.0,0.0,0.0,0.0,0.0,0.0,0.0,0.0,0.0,0.0,0.0
312027,312-027,DUMP TRUCK HINO FM 280 JD 312-027,1217006534,TANJUNG,May,5,AB,138.6,6000.0,32988462,62000000.0,0.0,0.0,0,0,0.0,0.0,0.0,0.0,33742304.34,24391833.541666668,13822984.73,12677151.4,553062.77,1367737.3670186026,48118351.84,38436722.30868527,6839595.91,11468952.923777577,54957947.75,49905675.23246285
312028,312-028,DUMP TRUCK HINO FM 280 JD 312-028,1216944235,TANJUNG,May,5,AB,479.4,6000.0,65000000,63000000.0,0.0,0.0,0,0,0.0,0.0,0.0,0.0,18477636.88,21957529.375,12676502.45,12676502.452083334,553034.46,1367737.3670186026,31707173.79,36001769.19410194,13476643.27,11468952.923777577,45183817.06,47470722.11787951
312030,312-030,DUMP TRUCK HINO FM 280 JD 312-030,1052082924,TANJUNG,May,5,AB,489.6,6000.0,65000000,63000000.0,0.0,0.0,0,0,0.0,0.0,0.0,0.0,11558429.73,22143024.583333332,10959197.12,10959197.124583334,643055.55,1367737.3670186026,23160682.4,34469959.074935265,13476643.27,11468952.923777577,36637325.67,45938911.99871284
312031,312-031,DUMP TRUCK HINO FM 280 JD 312-031,1216742924,TANJUNG,May,5,AB,295.2,6000.0,49642857,63000000.0,0.0,0.0,0,0,0.0,0.0,0.0,0.0,29653663.04,21966946.041666668,13924405.46,10799405.457916668,643055.55,1367737.3670186026,44221124.05,34134088.86660194,10292601.15,11468952.923777577,54513725.2,45603041.79037951
312032,312-032,DUMP TRUCK HINO FM 280 JD 312-032,1036742924,TANJUNG,May,5,AB,481.9,6000.0,65000000,63000000.0,0.0,0.0,0,0,0.0,0.0,0.0,0.0,22129310.49,24505984.375,12674405.46,10799405.457916668,643055.55,1367737.3670186026,35446771.5,36673127.19993527,13476643.27,11468952.923777577,48923414.77,48142080.12371285
312033,312-033,DUMP TRUCK HINO FM 280 JD 312-033,0,TANJUNG,May,5,AB,0.0,0.0,0,0.0,0.0,0.0,0,0,0.0,0.0,0.0,0.0,0.0,0.0,0.0,0.0,0.0,0.0,0.0,0.0,0.0,0.0,0.0,0.0
312034,312-034,DUMP TRUCK HINO FM 280 JD 312-034,1226008155,TANJUNG,May,5,AB,432.2,6000.0,65000000,63000000.0,0.0,0.0,0,0,0.0,0.0,0.0,0.0,16590171.19,21884946.041666668,34055782.07,34055782.06944445,844305.56,1367737.3670186026,51490258.82,57308465.47812972,13476643.27,11468952.923777577,64966902.09,68777418.4019073
332004,332-004,EXCAVATOR HITACHI ZAXIS ZX330 332-004,0,TANJUNG,May,5,AB,0.0,0.0,0,0.0,0.0,0.0,20,0,14456.01,0.0,289120.2,0.0,188111.93,0.0,0.0,0.0,0.0,0.0,477232.13,0.0,0.0,0.0,477232.13,0.0
332026,332-026,EXCAVATOR HITACHI ZX210F-5G 332-026,1305645000,TANJUNG,May,5,AB,217.9,150.0,62101500,42750000.0,0.0,0.0,0,0,0.0,0.0,0.0,0.0,10803103.77,4697940.833333333,13600468.75,13600468.75,593344.1,3150649.7251973683,24996916.62,21449059.3085307,12875688.65,14509745.843346665,37872605.27,35958805.151877366
332027,332-027,EXCAVATOR HITACHI ZX350H-5G 332-027,2210730000,TANJUNG,May,5,AB,6.5,50.0,1972000,17000000.0,0.0,0.0,0,0,0.0,0.0,0.0,0.0,809153.21,1277518.75,29642031.25,23028437.5,1004655.63,1050216.5750657895,31455840.09,25356172.825065788,408860.62,14509745.843346665,31864700.71,39865918.668412454
332032,332-032,EXCAVATOR KOMATSU PC-200-8M1 332-032,1357385000,TANJUNG,May,5,AB,187.3,200.0,56190000,60000000.0,0.0,0.0,0,0,0.0,0.0,0.0,0.0,7012302.43,16310189.416666666,14139427.08,14139427.083333334,616857.09,4200866.300263158,21768586.6,34650482.80026316,11650039.78,14509745.843346665,33418626.38,49160228.64360982
332033,332-033,EXCAVATOR HITACHI ZX350H-5G 332-033,2274994000,TANJUNG,May,5,AB,408.6,300.0,156733500,115500000.0,0.0,0.0,0,0,0.0,0.0,0.0,0.0,36027955.28,9165192.083333334,23697854.17,23697854.166666668,1033860.1,6301299.450394737,60759669.55,39164345.700394735,32496022.59,14509745.843346665,93255692.14,53674091.5437414
332036,332-036,EXCAVATOR HITACHI ZX350H-5G 332-036,2395000000,TANJUNG,May,5,AB,266.6,200.0,102641000,77000000.0,0.0,0.0,0,0,0.0,0.0,0.0,0.0,39079708.1,4264054.75,24947916.67,24947916.666666668,1088396.25,4200866.300263158,65116021.02,33412837.716929827,21280863.72,14509745.843346665,86396884.74,47922583.56027649
332037,332-037,EXCAVATOR HITACHI ZX350H-5G 332-037,2400316900,TANJUNG,May,5,AB,482.5,300.0,185762500,115500000.0,0.0,0.0,0,0,0.0,0.0,0.0,0.0,8271139.0,16145224.083333334,25003301.04,25003301.041666668,1090812.49,6301299.450394737,34365252.53,47449824.575394735,38514691.47,14509745.843346665,72879944.0,61959570.4187414
332049,332-049,EXCAVATOR SHANTUI SE 215 W 332-049,1205162986,TANJUNG,May,5,AB,148.2,100.0,44460000,30000000.0,0.0,0.0,0,0,0.0,0.0,0.0,0.0,10268962.93,16145224.083333334,12553781.1,12553781.104166666,774225.46,2100433.150131579,23596969.49,30799438.33763158,9218024.0,14509745.843346665,32814993.49,45309184.180978246
342002,342-002,BULLDOZER CAT D6G DC-09 342-002,0,TANJUNG,May,5,AB,0.0,0.0,0,0.0,0.0,0.0,0,0,0.0,0.0,0.0,0.0,0.0,0.0,0.0,0.0,0.0,0.0,0.0,0.0,0.0,0.0,0.0,0.0
342012,342-012,BULLDOZER WEA B 220 342-012,2321435000,TANJUNG,May,5,AB,12.8,0.0,26460000,0.0,0.0,0.0,0,0,0.0,0.0,0.0,0.0,12203291.66,0.0,24181614.58,0.0,100000.0,0.0,36484906.24,0.0,5486030.48,0.0,41970936.72,0.0
342013,342-013,BULLDOZER WEA B 220 342-013,2321435000,TANJUNG,May,5,AB,0.0,0.0,0,0.0,0.0,0.0,0,0,0.0,0.0,0.0,0.0,0.0,0.0,0.0,0.0,0.0,0.0,0.0,0.0,0.0,0.0,0.0,0.0
342016,342-016,BULLDOZER KOMATSU D85E 342-016,3651184000,TANJUNG,May,5,AB,0.0,0.0,0,0.0,0.0,0.0,0,0,0.0,0.0,0.0,0.0,0.0,0.0,0.0,0.0,0.0,0.0,0.0,0.0,0.0,0.0,0.0,0.0
342017,342-017,BULLDOZER KOMATSU D85E 342-017,3672989400,TANJUNG,May,5,AB,353.0,200.0,176500000,100000000.0,0.0,0.0,0,0,0.0,0.0,0.0,0.0,12814771.18,14802486.75,38260306.25,38260306.25,0.0,4200866.300263158,51075077.43,57263659.30026316,36594269.8,14509745.843346665,87669347.23,71773405.14360982
342018,342-018,BULLDOZER KOMATSU D85E 342-018,3679975400,TANJUNG,May,5,AB,0.0,200.0,0,100000000.0,0.0,0.0,0,0,0.0,0.0,0.0,0.0,0.0,10866759.333333334,0.0,38333077.083333336,0.0,4200866.300263158,0.0,53400702.71692983,0.0,14509745.843346665,0.0,67910448.5602765
351011,351-011,GRADER CATERPILLAR 120 NG 351-011,2385200000,TANJUNG,May,5,AB,278.9,200.0,111560000,80000000.0,0.0,0.0,0,0,0.0,0.0,0.0,0.0,4694728.06,5255715.6466666665,24845833.33,24845833.333333332,0.0,4200866.300263158,29540561.39,34302415.280263156,23130066.51,14509745.843346665,52670627.9,48812161.12360982
371008,371-008,COMPACTOR SAKAI SV515TF-E 371-008,0,TANJUNG,May,5,AB,0.0,0.0,0,0.0,0.0,0.0,0,0,0.0,0.0,0.0,0.0,0.0,0.0,0.0,0.0,0.0,0.0,0.0,0.0,0.0,0.0,0.0,0.0
371010,371-010,COMPACTOR SAKAI SV 700-D 371-010,0,TANJUNG,May,5,AB,0.0,0.0,0,0.0,0.0,0.0,0,0,0.0,0.0,0.0,0.0,0.0,0.0,0.0,0.0,0.0,0.0,0.0,0.0,0.0,0.0,0.0,0.0
312001,312-001,DUMP TRUCK HINO FM 260 JD 312-001,0,TANJUNG,Jun,6,AB,0.0,0.0,0,0.0,0.0,0.0,0,0,0.0,0.0,0.0,0.0,0.0,0.0,0.0,0.0,0.0,0.0,0.0,0.0,0.0,0.0,0.0,0.0
312002,312-002,DUMP TRUCK HINO FM 260 JD 312-002,951069091,TANJUNG,Jun,6,AB,0.0,0.0,0,0.0,0.0,0.0,0,0,0.0,0.0,0.0,0.0,5705382.4,0.0,9906969.7,0.0,0.0,0.0,15612352.1,0.0,0.0,0.0,15612352.1,0.0
312003,312-003,DUMP TRUCK HINO FM 260 JD 312-003,0,TANJUNG,Jun,6,AB,0.0,0.0,0,0.0,0.0,0.0,0,0,0.0,0.0,0.0,0.0,0.0,0.0,0.0,0.0,0.0,0.0,0.0,0.0,0.0,0.0,0.0,0.0
312004,312-004,DUMP TRUCK HINO FM 260 JD 312-004,0,TANJUNG,Jun,6,AB,0.0,0.0,0,0.0,0.0,0.0,0,0,0.0,0.0,0.0,0.0,0.0,0.0,0.0,0.0,0.0,0.0,0.0,0.0,0.0,0.0,0.0,0.0
312005,312-005,DUMP TRUCK HINO FM 260 JD 312-005,0,TANJUNG,Jun,6,AB,0.0,0.0,0,0.0,0.0,0.0,0,0,0.0,0.0,0.0,0.0,0.0,0.0,0.0,0.0,0.0,0.0,0.0,0.0,0.0,0.0,0.0,0.0
312006,312-006,DUMP TRUCK HINO FM 260 JD 312-006,0,TANJUNG,Jun,6,AB,0.0,0.0,0,0.0,0.0,0.0,0,0,0.0,0.0,0.0,0.0,0.0,0.0,0.0,0.0,0.0,0.0,0.0,0.0,0.0,0.0,0.0,0.0
312007,312-007,DUMP TRUCK HINO FM 260 JD 312-007,0,TANJUNG,Jun,6,AB,0.0,0.0,0,0.0,0.0,0.0,0,0,0.0,0.0,0.0,0.0,0.0,0.0,0.0,0.0,0.0,0.0,0.0,0.0,0.0,0.0,0.0,0.0
312010,312-010,DUMP TRUCK HINO FM 260 JD 312-010,0,TANJUNG,Jun,6,AB,0.0,0.0,0,0.0,0.0,0.0,0,0,0.0,0.0,0.0,0.0,0.0,0.0,0.0,0.0,0.0,0.0,0.0,0.0,0.0,0.0,0.0,0.0
312014,312-014,DUMP TRUCK HINO FM 260 JD 312-014,1066244596,TANJUNG,Jun,6,AB,0.0,0.0,0,0.0,0.0,0.0,0,0,0.0,0.0,0.0,0.0,0.0,0.0,0.0,0.0,0.0,0.0,0.0,0.0,0.0,0.0,0.0,0.0
312015,312-015,DUMP TRUCK HINO FM 260 JD 312-015,1066244596,TANJUNG,Jun,6,AB,210.9,3000.0,30434945,0.0,0.0,0.0,0,0,0.0,0.0,0.0,0.0,8246311.97,5892419.166666667,11106714.55,11106714.5465625,584549.74,703407.7887524242,19937576.26,17702541.501981594,5704258.03,11458206.68650485,25641834.29,29160748.188486442
312016,312-016,DUMP TRUCK HINO FM 260 JD 312-016,1049083278,TANJUNG,Jun,6,AB,0.0,0.0,0,0.0,0.0,0.0,0,0,0.0,0.0,0.0,0.0,0.0,0.0,0.0,0.0,0.0,0.0,0.0,0.0,0.0,0.0,0.0,0.0
312017,312-017,DUMP TRUCK HINO FM 260 JD 312-017,0,TANJUNG,Jun,6,AB,0.0,0.0,0,0.0,0.0,0.0,0,0,0.0,0.0,0.0,0.0,0.0,0.0,0.0,0.0,0.0,0.0,0.0,0.0,0.0,0.0,0.0,0.0
312019,312-019,DUMP TRUCK HINO FM 260 JD 312-019,1024020864,TANJUNG,Jun,6,AB,162.5,0.0,54166667,0.0,0.0,0.0,0,0,0.0,0.0,0.0,0.0,7322634.65,0.0,10666884.0,0.0,465361.36,0.0,18454880.01,0.0,10152167.04,0.0,28607047.05,0.0
312021,312-021,DUMP TRUCK HINO FM 260 JD 312-021,1037722944,TANJUNG,Jun,6,AB,490.0,6000.0,65000000,63000000.0,0.0,0.0,0,0,0.0,0.0,0.0,0.0,14548809.18,7640436.875,10809614.0,10809614.0,471588.21,1367737.3670186026,25830011.39,19817788.242018603,12182600.37,11458206.68650485,38012611.76,31275994.92852345
312022,312-022,DUMP TRUCK HINO FM 260 JD 312-022,1041363643,TANJUNG,Jun,6,AB,431.4,6000.0,61421538,62000000.0,0.0,0.0,0,0,0.0,0.0,0.0,0.0,20627968.77,21694337.708333332,10847537.95,10847537.947916666,473242.71,1367737.3670186026,31948749.43,33909613.0232686,11511908.48,11458206.68650485,43460657.91,45367819.70977345
312023,312-023,DUMP TRUCK HINO FM 260 JD 312-023,1457274807,TANJUNG,Jun,6,AB,330.3,6000.0,55250000,63000000.0,0.0,0.0,0,0,0.0,0.0,0.0,0.0,15013710.56,21957529.375,15179945.9,15179945.902812501,662251.54,1367737.3670186026,30855908.0,38505212.644831106,10355210.31,11458206.68650485,41211118.31,49963419.331335954
312025,312-025,DUMP TRUCK HINO FM 260 JD 312-025,1456683897,TANJUNG,Jun,6,AB,0.0,0.0,0,0.0,0.0,0.0,0,0,0.0,0.0,0.0,0.0,0.0,0.0,0.0,0.0,0.0,0.0,0.0,0.0,0.0,0.0,0.0,0.0
312027,312-027,DUMP TRUCK HINO FM 280 JD 312-027,1217006534,TANJUNG,Jun,6,AB,452.3,6000.0,60729231,62000000.0,0.0,0.0,0,0,0.0,0.0,0.0,0.0,20717207.7,24391833.541666668,13822984.73,12677151.4,553062.77,1367737.3670186026,35093255.2,38436722.30868527,11382153.11,11458206.68650485,46475408.31,49894928.99519012
312028,312-028,DUMP TRUCK HINO FM 280 JD 312-028,1216944235,TANJUNG,Jun,6,AB,514.0,6000.0,65000000,63000000.0,0.0,0.0,0,0,0.0,0.0,0.0,0.0,4849980.01,21957529.375,12676502.45,12676502.452083334,553034.46,1367737.3670186026,18079516.92,36001769.19410194,12182600.37,11458206.68650485,30262117.29,47459975.880606785
312030,312-030,DUMP TRUCK HINO FM 280 JD 312-030,1052082924,TANJUNG,Jun,6,AB,482.0,6000.0,65000000,63000000.0,0.0,0.0,0,0,0.0,0.0,0.0,0.0,14718222.45,22143024.583333332,10959197.12,10959197.124583334,0.0,1367737.3670186026,25677419.57,34469959.074935265,12182600.37,11458206.68650485,37860019.94,45928165.76144011
312031,312-031,DUMP TRUCK HINO FM 280 JD 312-031,1216742924,TANJUNG,Jun,6,AB,410.2,6000.0,60000000,63000000.0,0.0,0.0,0,0,0.0,0.0,0.0,0.0,17224698.93,21966946.041666668,13924405.46,10799405.457916668,0.0,1367737.3670186026,31149104.39,34134088.86660194,11245477.26,11458206.68650485,42394581.65,45592295.553106785
312032,312-032,DUMP TRUCK HINO FM 280 JD 312-032,1036742924,TANJUNG,Jun,6,AB,515.0,6000.0,65000000,63000000.0,0.0,0.0,0,0,0.0,0.0,0.0,0.0,4331633.13,24505984.375,12674405.46,10799405.457916668,150000.0,1367737.3670186026,17156038.59,36673127.19993527,12182600.37,11458206.68650485,29338638.96,48131333.88644012
312033,312-033,DUMP TRUCK HINO FM 280 JD 312-033,0,TANJUNG,Jun,6,AB,0.0,0.0,0,0.0,0.0,0.0,0,0,0.0,0.0,0.0,0.0,0.0,0.0,0.0,0.0,0.0,0.0,0.0,0.0,0.0,0.0,0.0,0.0
312034,312-034,DUMP TRUCK HINO FM 280 JD 312-034,1226008155,TANJUNG,Jun,6,AB,338.7,6000.0,53164286,63000000.0,0.0,0.0,0,0,0.0,0.0,0.0,0.0,13896600.08,21884946.041666668,34055782.07,34055782.06944445,944305.56,1367737.3670186026,48896687.71,57308465.47812972,9964296.16,11458206.68650485,58860983.87,68766672.16463457
332004,332-004,EXCAVATOR HITACHI ZAXIS ZX330 332-004,0,TANJUNG,Jun,6,AB,0.0,0.0,0,0.0,0.0,0.0,0,0,0.0,0.0,0.0,0.0,0.0,0.0,0.0,0.0,0.0,0.0,0.0,0.0,0.0,0.0,0.0,0.0
332026,332-026,EXCAVATOR HITACHI ZX210F-5G 332-026,1305645000,TANJUNG,Jun,6,AB,227.3,150.0,64780500,42750000.0,0.0,0.0,0,0,0.0,0.0,0.0,0.0,2997537.26,4697940.833333333,13600468.75,13600468.75,593344.1,3150649.7251973683,17191350.11,21449059.3085307,12141460.66,14334745.843346665,29332810.77,35783805.151877366
332027,332-027,EXCAVATOR HITACHI ZX350H-5G 332-027,2210730000,TANJUNG,Jun,6,AB,15.1,50.0,2924000,17000000.0,0.0,0.0,0,0,0.0,0.0,0.0,0.0,19140471.69,1277518.75,29642031.25,23028437.5,1154655.63,1050216.5750657895,49937158.57,25356172.825065788,548029.59,14334745.843346665,50485188.16,39690918.668412454
332032,332-032,EXCAVATOR KOMATSU PC-200-8M1 332-032,1357385000,TANJUNG,Jun,6,AB,254.8,200.0,76050000,60000000.0,0.0,0.0,0,0,0.0,0.0,0.0,0.0,5960135.14,16310189.416666666,14139427.08,14139427.083333334,616857.09,4200866.300263158,20716419.31,34650482.80026316,14253642.43,14334745.843346665,34970061.74,48985228.64360982
332033,332-033,EXCAVATOR HITACHI ZX350H-5G 332-033,2274994000,TANJUNG,Jun,6,AB,505.2,300.0,194502000,115500000.0,0.0,0.0,0,0,0.0,0.0,0.0,0.0,11003155.46,9165192.083333334,23697854.17,23697854.166666668,1033860.1,6301299.450394737,35734869.73,39164345.700394735,36454463.64,14334745.843346665,72189333.37,53499091.5437414
332036,332-036,EXCAVATOR HITACHI ZX350H-5G 332-036,2395000000,TANJUNG,Jun,6,AB,409.6,200.0,157696000,77000000.0,0.0,0.0,0,0,0.0,0.0,0.0,0.0,38152746.84,4264054.75,24947916.67,24947916.666666668,1088396.25,4200866.300263158,64189059.76,33412837.716929827,29556113.04,14334745.843346665,93745172.8,47747583.56027649
332037,332-037,EXCAVATOR HITACHI ZX350H-5G 332-037,2400316900,TANJUNG,Jun,6,AB,529.2,300.0,203742000,115500000.0,0.0,0.0,0,0,0.0,0.0,0.0,0.0,7633719.81,16145224.083333334,25003301.04,25003301.041666668,1090812.49,6301299.450394737,33727833.34,47449824.575394735,38186267.14,14334745.843346665,71914100.48,61784570.4187414
332049,332-049,EXCAVATOR SHANTUI SE 215 W 332-049,1205162986,TANJUNG,Jun,6,AB,148.8,100.0,43800000,30000000.0,0.0,0.0,0,0,0.0,0.0,0.0,0.0,5825068.21,16145224.083333334,12553781.1,12553781.104166666,774225.46,2100433.150131579,19153074.77,30799438.33763158,8209198.4,14334745.843346665,27362273.17,45134184.180978246
342002,342-002,BULLDOZER CAT D6G DC-09 342-002,0,TANJUNG,Jun,6,AB,0.0,0.0,0,0.0,0.0,0.0,0,0,0.0,0.0,0.0,0.0,0.0,0.0,0.0,0.0,0.0,0.0,0.0,0.0,0.0,0.0,0.0,0.0
342012,342-012,BULLDOZER WEA B 220 342-012,2321435000,TANJUNG,Jun,6,AB,52.4,0.0,22950000,0.0,0.0,0.0,0,0,0.0,0.0,0.0,0.0,4121463.81,0.0,24181614.58,0.0,80000.0,0.0,28383078.39,0.0,4301395.05,0.0,32684473.44,0.0
342013,342-013,BULLDOZER WEA B 220 342-013,2321435000,TANJUNG,Jun,6,AB,0.0,0.0,0,0.0,0.0,0.0,0,0,0.0,0.0,0.0,0.0,0.0,0.0,0.0,0.0,0.0,0.0,0.0,0.0,0.0,0.0,0.0,0.0
342016,342-016,BULLDOZER KOMATSU D85E 342-016,3651184000,TANJUNG,Jun,6,AB,10.7,0.0,0,0.0,0.0,0.0,0,0,0.0,0.0,0.0,0.0,0.0,0.0,0.0,0.0,0.0,0.0,0.0,0.0,0.0,0.0,0.0,0.0
342017,342-017,BULLDOZER KOMATSU D85E 342-017,3672989400,TANJUNG,Jun,6,AB,347.0,200.0,173500000,100000000.0,0.0,0.0,0,0,0.0,0.0,0.0,0.0,29008669.87,14802486.75,38260306.25,38260306.25,0.0,4200866.300263158,67268976.12,57263659.30026316,32518171.75,14334745.843346665,99787147.87,71598405.14360982
342018,342-018,BULLDOZER KOMATSU D85E 342-018,3679975400,TANJUNG,Jun,6,AB,111.0,200.0,0,100000000.0,0.0,0.0,2889,0,0.0,0.0,0.0,0.0,0.0,10866759.333333334,0.0,38333077.083333336,0.0,4200866.300263158,0.0,53400702.71692983,0.0,14334745.843346665,0.0,67735448.5602765
351011,351-011,GRADER CATERPILLAR 120 NG 351-011,2385200000,TANJUNG,Jun,6,AB,274.3,200.0,109720000,80000000.0,0.0,0.0,0,0,0.0,0.0,0.0,0.0,13770494.64,5255715.6466666665,24845833.33,24845833.333333332,0.0,4200866.300263158,38616327.97,34302415.280263156,20564229.42,14334745.843346665,59180557.39,48637161.12360982
371008,371-008,COMPACTOR SAKAI SV515TF-E 371-008,0,TANJUNG,Jun,6,AB,0.0,0.0,0,0.0,0.0,0.0,0,0,0.0,0.0,0.0,0.0,0.0,0.0,0.0,0.0,0.0,0.0,0.0,0.0,0.0,0.0,0.0,0.0
371010,371-010,COMPACTOR SAKAI SV 700-D 371-010,0,TANJUNG,Jun,6,AB,0.0,0.0,0,0.0,0.0,0.0,0,0,0.0,0.0,0.0,0.0,0.0,0.0,0.0,0.0,0.0,0.0,0.0,0.0,0.0,0.0,0.0,0.0
261018,261-018,TRUCK TANGKI HINO 130 HD DA 8678 CV 261-018,472134910,TANJUNG,Jan,1,TR,450.0,0.0,16000000,16000000.0,0.0,0.0,0,0,0.0,0.0,0.0,0.0,154947.29,357389.755668,4918071.98,4918071.979166667,0.0,468938.52583494945,5073019.27,5744400.260669617,0.0,5752658.280070607,5073019.27,11497058.540740224
262001,262-001,TRUCK TANGKI HINO FG235 DA 1853 Z /DA 8705 ZE 262-001,42000000,TANJUNG,Jan,1,TR,0.0,0.0,0,0.0,0.0,0.0,0,0,0.0,0.0,0.0,0.0,9729626.5,0.0,2928209.09,0.0,0.0,0.0,12657835.59,0.0,0.0,0.0,12657835.59,0.0
262002,262-002,TRUCK TANGKI HINO 130 HD DA 1521 Z 262-002,213292989,TANJUNG,Jan,1,TR,0.0,0.0,16000000,16000000.0,0.0,0.0,0,0,0.0,0.0,0.0,0.0,6559033.83,388960.00000000006,2221801.97,2221801.96875,7748300.0,468938.52583494945,16529135.8,3079700.4945849497,0.0,5752658.280070607,16529135.8,8832358.774655556
261018,261-018,TRUCK TANGKI HINO 130 HD DA 8678 CV 261-018,472134910,TANJUNG,Feb,2,TR,417.0,200.0,16000000,16000000.0,0.0,0.0,0,0,0.0,0.0,0.0,0.0,1836989.8,357389.755668,4918071.98,4918071.979166667,0.0,468938.52583494945,6755061.78,5744400.260669617,0.0,5718357.105979698,6755061.78,11462757.366649315
262001,262-001,TRUCK TANGKI HINO FG235 DA 1853 Z /DA 8705 ZE 262-001,42000000,TANJUNG,Feb,2,TR,133.0,0.0,25000000,0.0,0.0,0.0,0,0,0.0,0.0,0.0,0.0,5744135.77,0.0,2928209.09,0.0,0.0,0.0,8672344.86,0.0,0.0,0.0,8672344.86,0.0
262002,262-002,TRUCK TANGKI HINO 130 HD DA 1521 Z 262-002,213292989,TANJUNG,Feb,2,TR,0.0,200.0,0,16000000.0,0.0,0.0,0,0,0.0,0.0,0.0,0.0,53244.18,388960.00000000006,2221801.97,2221801.96875,0.0,468938.52583494945,2275046.15,3079700.4945849497,0.0,5718357.105979698,2275046.15,8798057.600564647
261008,261-008,TRUCK TANGKI HINO 130 HD DA 9524 CI/DA 8014 CM 261-008,251772728,TANJUNG,Mar,3,TR,0.0,0.0,0,0.0,0.0,0.0,0,0,0.0,0.0,0.0,0.0,0.0,0.0,0.0,0.0,825000.0,0.0,825000.0,0.0,0.0,0.0,825000.0,0.0
261018,261-018,TRUCK TANGKI HINO 130 HD DA 8678 CV 261-018,472134910,TANJUNG,Mar,3,TR,240.0,200.0,16000000,16000000.0,0.0,0.0,0,0,0.0,0.0,0.0,0.0,573122.68,357389.755668,4918071.98,4918071.979166667,0.0,468938.52583494945,5491194.66,5744400.260669617,0.0,8238231.861888788,5491194.66,13982632.122558404
262001,262-001,TRUCK TANGKI HINO FG235 DA 1853 Z /DA 8705 ZE 262-001,42000000,TANJUNG,Mar,3,TR,350.0,0.0,25000000,0.0,0.0,0.0,0,0,0.0,0.0,0.0,0.0,1432424.3,0.0,0.0,0.0,0.0,0.0,1432424.3,0.0,0.0,0.0,1432424.3,0.0
262002,262-002,TRUCK TANGKI HINO 130 HD DA 1521 Z 262-002,213292989,TANJUNG,Mar,3,TR,0.0,200.0,0,16000000.0,0.0,0.0,0,0,0.0,0.0,0.0,0.0,64690.83,388960.00000000006,2221801.97,2221801.96875,0.0,468938.52583494945,2286492.8,3079700.4945849497,0.0,8238231.861888788,2286492.8,11317932.356473736
261008,261-008,TRUCK TANGKI HINO 130 HD DA 9524 CI/DA 8014 CM 261-008,251772728,TANJUNG,Apr,4,TR,0.0,0.0,0,0.0,0.0,0.0,0,0,0.0,0.0,0.0,0.0,0.0,0.0,0.0,0.0,0.0,0.0,0.0,0.0,0.0,0.0,0.0,0.0
261018,261-018,TRUCK TANGKI HINO 130 HD DA 8678 CV 261-018,472134910,TANJUNG,Apr,4,TR,229.0,200.0,16000000,16000000.0,0.0,0.0,0,0,0.0,0.0,0.0,0.0,325716.24,357389.755668,4918071.98,4918071.979166667,0.0,468938.52583494945,5243788.22,5744400.260669617,0.0,5783648.79779788,5243788.22,11528049.058467496
262001,262-001,TRUCK TANGKI HINO FG235 DA 1853 Z /DA 8705 ZE 262-001,42000000,TANJUNG,Apr,4,TR,735.0,0.0,10000000,0.0,0.0,0.0,0,0,0.0,0.0,0.0,0.0,3189725.37,0.0,2928209.09,0.0,300000.0,0.0,6417934.46,0.0,0.0,0.0,6417934.46,0.0
262002,262-002,TRUCK TANGKI HINO 130 HD DA 1521 Z 262-002,213292989,TANJUNG,Apr,4,TR,0.0,200.0,0,16000000.0,0.0,0.0,0,0,0.0,0.0,0.0,0.0,0.0,388960.00000000006,2221801.97,2221801.96875,0.0,468938.52583494945,2221801.97,3079700.4945849497,0.0,5783648.79779788,2221801.97,8863349.292382829
261008,261-008,TRUCK TANGKI HINO 130 HD DA 9524 CI/DA 8014 CM 261-008,251772728,TANJUNG,May,5,TR,0.0,0.0,0,0.0,0.0,0.0,0,0,0.0,0.0,0.0,0.0,0.0,0.0,0.0,0.0,0.0,0.0,0.0,0.0,0.0,0.0,0.0,0.0
261018,261-018,TRUCK TANGKI HINO 130 HD DA 8678 CV 261-018,472134910,TANJUNG,May,5,TR,590.0,200.0,25000000,16000000.0,0.0,0.0,0,0,0.0,0.0,0.0,0.0,621878.51,357389.755668,4918071.98,4918071.979166667,0.0,468938.52583494945,5539950.49,5744400.260669617,0.0,5734476.461888788,5539950.49,11478876.722558405
262001,262-001,TRUCK TANGKI HINO FG235 DA 1853 Z /DA 8705 ZE 262-001,42000000,TANJUNG,May,5,TR,436.0,0.0,16000000,0.0,0.0,0.0,0,0,0.0,0.0,0.0,0.0,4319709.57,0.0,0.0,0.0,0.0,0.0,4319709.57,0.0,0.0,0.0,4319709.57,0.0
262002,262-002,TRUCK TANGKI HINO 130 HD DA 1521 Z 262-002,213292989,TANJUNG,May,5,TR,0.0,200.0,0,16000000.0,0.0,0.0,0,0,0.0,0.0,0.0,0.0,140000.0,388960.00000000006,2221801.97,2221801.96875,0.0,468938.52583494945,2361801.97,3079700.4945849497,0.0,5734476.461888788,2361801.97,8814176.956473738
261008,261-008,TRUCK TANGKI HINO 130 HD DA 9524 CI/DA 8014 CM 261-008,251772728,TANJUNG,Jun,6,TR,0.0,0.0,0,0.0,0.0,0.0,0,0,0.0,0.0,0.0,0.0,0.0,0.0,0.0,0.0,0.0,0.0,0.0,0.0,0.0,0.0,0.0,0.0
261018,261-018,TRUCK TANGKI HINO 130 HD DA 8678 CV 261-018,472134910,TANJUNG,Jun,6,TR,561.0,200.0,16000000,16000000.0,0.0,0.0,0,0,0.0,0.0,0.0,0.0,2630201.88,357389.755668,4918071.98,4918071.979166667,0.0,468938.52583494945,7548273.86,5744400.260669617,0.0,5729103.343252425,7548273.86,11473503.603922043
262001,262-001,TRUCK TANGKI HINO FG235 DA 1853 Z /DA 8705 ZE 262-001,42000000,TANJUNG,Jun,6,TR,231.0,0.0,25000000,0.0,75000.0,0.0,0,0,0.0,0.0,0.0,0.0,7142041.4,0.0,2928209.09,0.0,0.0,0.0,10145250.49,0.0,0.0,0.0,10145250.49,0.0
262002,262-002,TRUCK TANGKI HINO 130 HD DA 1521 Z 262-002,213292989,TANJUNG,Jun,6,TR,0.0,200.0,0,16000000.0,0.0,0.0,0,0,0.0,0.0,0.0,0.0,965429.86,388960.00000000006,2221801.97,2221801.96875,0.0,468938.52583494945,3187231.83,3079700.4945849497,0.0,5729103.343252425,3187231.83,8808803.837837376
