tanggal,bulan,bulan_no,lokasi,kelompok,jenis_pemeliharaan,kategori_sparepart,nama_unit,kode_barang,part_number,nama_barang,qty,satuan,biaya,group_desc,class_desc,subclass_desc
2026-08-04,Aug,8,SUNGAI DANAU,PLANTATION,RUTIN,DIFFENTTIAL & REAR AXLE SYSTEM,BUS HINO 130 MDBL DA 9577 CL/ DA 7219 CD 231-001,350201-000200-0040,,GEAR OIL RORED HDA-140,3.0,Ltr,110565.0,Pelumas,Pelumas,Oli
2026-08-04,Aug,8,SUNGAI DANAU,PLANTATION,RUTIN,ENGINE SYSTEM,BUS HINO 130 MDBL DA 9577 CL/ DA 7219 CD 231-001,340307-010207-0004,15607-2250L,OIL FILTER,1.0,Pcs,73950.0,Truck /Bus,Truck /Bus,Hino
2026-08-04,Aug,8,SUNGAI DANAU,PLANTATION,RUTIN,ENGINE SYSTEM,BUS HINO 130 MDBL DA 9577 CL/ DA 7219 CD 231-001,350201-000200-0024,,ENGINE OIL 15W-40,9.0,LTR,286205.04,Pelumas,Pelumas,Oli
2026-08-06,Aug,8,SUNGAI DANAU,PLANTATION,RUTIN,WHEEL & TYRE SYSTEM,BUS HINO 130 MDBL DA 9577 CL/ DA 7219 CD 231-001,370601-000216-0041,48116-750,BAN DALAM 7.50 * 16,2.0,Pcs,564645.24,Suku Cadang Umum,Suku Cadang Umum,Ban
2026-08-24,Aug,8,SUNGAI DANAU,PLANTATION,RUTIN,WHEEL & TYRE SYSTEM,BUS HINO 130 MDBL DA 9577 CL/ DA 7219 CD 231-001,370601-000216-0041,48116-750,BAN DALAM 7.50 * 16,2.0,Pcs,564645.24,Suku Cadang Umum,Suku Cadang Umum,Ban
2026-08-06,Aug,8,SUNGAI DANAU,PLANTATION,RUTIN,WHEEL & TYRE SYSTEM,BUS HINO 130 MDBL DA 9577 CL/ DA 7219 CD 231-001,370601-000216-0122,48216-750R,BAN LUAR 7.50 * 16 RIMBA,2.0,Pcs,4153454.38,Suku Cadang Umum,Suku Cadang Umum,Ban
2026-08-24,Aug,8,SUNGAI DANAU,PLANTATION,RUTIN,WHEEL & TYRE SYSTEM,BUS HINO 130 MDBL DA 9577 CL/ DA 7219 CD 231-001,370601-000216-0122,48216-750R,BAN LUAR 7.50 * 16 RIMBA,2.0,Pcs,4153454.38,Suku Cadang Umum,Suku Cadang Umum,Ban
2026-08-06,Aug,8,SUNGAI DANAU,PLANTATION,RUTIN,WHEEL & TYRE SYSTEM,BUS HINO 130 MDBL DA 9577 CL/ DA 7219 CD 231-001,370601-000216-0139,48316-0750,MARSED BAN 7.50 * 16,2.0,Pcs,140365.12,Suku Cadang Umum,Suku Cadang Umum,Ban
2026-08-24,Aug,8,SUNGAI DANAU,PLANTATION,RUTIN,WHEEL & TYRE SYSTEM,BUS HINO 130 MDBL DA 9577 CL/ DA 7219 CD 231-001,370601-000216-0139,48316-0750,MARSED BAN 7.50 * 16,2.0,Pcs,140365.12,Suku Cadang Umum,Suku Cadang Umum,Ban
2026-08-26,Aug,8,SUNGAI DANAU,PLANTATION,NON RUTIN,BRAKE SYSTEM,BUS HINO 130 MDBL DA 9577 CL/ DA 7219 CD 231-001,340307-010304-0089,78150-OW060,WIRE ASSY,1.0,Pcs,278400.0,Truck /Bus,Truck /Bus,Hino
2026-08-06,Aug,8,SUNGAI DANAU,PLANTATION,NON RUTIN,DIFFENTTIAL & REAR AXLE SYSTEM,BUS HINO 130 MDBL DA 9577 CL/ DA 7219 CD 231-001,340307-010305-0008,4038-0022,BOLT KIT REAR WHEEL LH.,1.0,Set,59586.85,Truck /Bus,Truck /Bus,Hino
2026-08-27,Aug,8,SUNGAI DANAU,PLANTATION,NON RUTIN,ELECTRICAL SYSTEM,BUS HINO 130 MDBL DA 9577 CL/ DA 7219 CD 231-001,340501-000300-0043,60201-20060,BATTERY 12V-60A,1.0,Pcs,975000.0,Umum Kendaraan,Umum Kendaraan,Umum Kendaraan
2026-08-04,Aug,8,SUNGAI DANAU,PLANTATION,NON RUTIN,ELECTRICAL SYSTEM,BUS HINO 130 MDBL DA 9577 CL/ DA 7219 CD 231-001,370502-000300-0553,,BOX SEKRING TANCAP,2.0,PCS,25300.0,Barang & Alat Bengkel,Barang & Alat Bengkel,Work Shop
2026-08-06,Aug,8,SUNGAI DANAU,PLANTATION,NON RUTIN,ENGINE SYSTEM,BUS HINO 130 MDBL DA 9577 CL/ DA 7219 CD 231-001,340307-050307-0029,88420-E0020,PULLEY ASSY,1.0,PCS,150000.0,Truck /Bus,Truck /Bus,Hino
2026-08-06,Aug,8,SUNGAI DANAU,PLANTATION,NON RUTIN,FRAME BODY & GUARD SYSTEM,BUS HINO 130 MDBL DA 9577 CL/ DA 7219 CD 231-001,370502-000300-0077,,BOLT & NUT M10 X 1.25 X 50MM,2.0,pcs,2500.0,Barang & Alat Bengkel,Barang & Alat Bengkel,Work Shop
2026-08-06,Aug,8,SUNGAI DANAU,PLANTATION,NON RUTIN,FRAME BODY & GUARD SYSTEM,BUS HINO 130 MDBL DA 9577 CL/ DA 7219 CD 231-001,370502-000300-0557,,SABUN COLEK,1.0,BKS,8000.0,Barang & Alat Bengkel,Barang & Alat Bengkel,Work Shop
2026-08-24,Aug,8,SUNGAI DANAU,PLANTATION,NON RUTIN,STEERING SYSTEM,BUS HINO 130 MDBL DA 9577 CL/ DA 7219 CD 231-001,350201-000200-0069,,STEERING OIL @1 LTR,1.0,Btl,61806.3,Pelumas,Pelumas,Oli
2026-08-24,Aug,8,SUNGAI DANAU,PLANTATION,NON RUTIN,SUSPENSION SYSTEM,BUS HINO 130 MDBL DA 9577 CL/ DA 7219 CD 231-001,340307-050213-0009,9019-16309,CENTER BOLT 13'' RR,1.0,PCS,33750.0,Truck /Bus,Truck /Bus,Hino
2026-08-06,Aug,8,SUNGAI DANAU,PLANTATION,NON RUTIN,TRANSMISSION SYSTEM,BUS HINO 130 MDBL DA 9577 CL/ DA 7219 CD 231-001,340307-010314-0075,90310-40001,SEAL OIL,1.0,Pcs,40537.12,Truck /Bus,Truck /Bus,Hino
2026-08-06,Aug,8,SUNGAI DANAU,PLANTATION,NON RUTIN,TRANSMISSION SYSTEM,BUS HINO 130 MDBL DA 9577 CL/ DA 7219 CD 231-001,340307-010314-0082,90311-78001,SEAL OIL,1.0,Pcs,35000.0,Truck /Bus,Truck /Bus,Hino
2026-08-12,Aug,8,SUNGAI DANAU,PLANTATION,NON RUTIN,ENGINE SYSTEM,BUS HINO 130 MDBL DA 9592 CL/ DA 7223 CD 231-002,340307-050307-0125,16401-E0041,"CAP RADIATOR 0,9",1.0,PCS,312475.0,Truck /Bus,Truck /Bus,Hino
2026-08-27,Aug,8,SUNGAI DANAU,PLANTATION,NON RUTIN,FRAME BODY & GUARD SYSTEM,BUS HINO 130 MDBL DA 9592 CL/ DA 7223 CD 231-002,370502-000300-0557,,SABUN COLEK,1.0,BKS,8000.0,Barang & Alat Bengkel,Barang & Alat Bengkel,Work Shop
2026-08-27,Aug,8,SUNGAI DANAU,PLANTATION,NON RUTIN,TRANSMISSION SYSTEM,BUS HINO 130 MDBL DA 9592 CL/ DA 7223 CD 231-002,340307-010314-0016,31420-37142,CYLINDER ASSY CLUTCH MASTER,1.0,PCS,298675.0,Truck /Bus,Truck /Bus,Hino
2026-08-27,Aug,8,SUNGAI DANAU,PLANTATION,NON RUTIN,TRANSMISSION SYSTEM,BUS HINO 130 MDBL DA 9592 CL/ DA 7223 CD 231-002,370502-000300-0186,,BRAKE FLUID,1.0,Btl,72691.77,Barang & Alat Bengkel,Barang & Alat Bengkel,Work Shop
2026-08-27,Aug,8,SUNGAI DANAU,PLANTATION,NON RUTIN,TRANSMISSION SYSTEM,BUS HINO 130 MDBL DA 9592 CL/ DA 7223 CD 231-002,370502-000300-0353,,KERTAS GOSOK NO.1500,1.0,Lbr,3804.18,Barang & Alat Bengkel,Barang & Alat Bengkel,Work Shop
2026-08-04,Aug,8,SUNGAI DANAU,PLANTATION,RUTIN,SUSPENSION SYSTEM,BUS ISUZU MINI BUS F 7120 AB/DA 7026 TAJ 231-003,350202-000200-0001,3207-1602,GREASE,2.0,Kg,80645.58,Pelumas,Pelumas,Grease
2026-08-19,Aug,8,SUNGAI DANAU,PLANTATION,NON RUTIN,ELECTRICAL SYSTEM,BUS ISUZU MINI BUS F 7120 AB/DA 7026 TAJ 231-003,340501-000300-0051,60221-24125,AUTO LAMP SINGLE BASE 24V-25W,1.0,Pcs,6091.14,Umum Kendaraan,Umum Kendaraan,Umum Kendaraan
2026-08-21,Aug,8,SUNGAI DANAU,PLANTATION,NON RUTIN,ELECTRICAL SYSTEM,BUS ISUZU MINI BUS F 7120 AB/DA 7026 TAJ 231-003,340501-000300-0095,,LIGHT BULB 24V-55W/H3,1.0,PCS,21666.66,Umum Kendaraan,Umum Kendaraan,Umum Kendaraan
2026-08-27,Aug,8,SUNGAI DANAU,PLANTATION,NON RUTIN,ELECTRICAL SYSTEM,BUS ISUZU MINI BUS F 7120 AB/DA 7026 TAJ 231-003,370502-000300-0332,,ISOLASI LISTRIK,1.0,Rol,6700.0,Barang & Alat Bengkel,Barang & Alat Bengkel,Work Shop
2026-08-22,Aug,8,SUNGAI DANAU,PLANTATION,NON RUTIN,FRAME BODY & GUARD SYSTEM,BUS ISUZU MINI BUS F 7120 AB/DA 7026 TAJ 231-003,370302-000300-0169,47030-20162,CAT PRIMER EPOXY FILLER O.8LTR,2.0,Klg,198000.0,Barang Konstruksi,Barang Konstruksi,Bahan Bangunan
2026-08-18,Aug,8,SUNGAI DANAU,PLANTATION,NON RUTIN,FRAME BODY & GUARD SYSTEM,BUS ISUZU MINI BUS F 7120 AB/DA 7026 TAJ 231-003,370302-000300-0876,47200-80905,THINER A @ 4LTR,1.0,Klg,94090.91,Barang Konstruksi,Barang Konstruksi,Bahan Bangunan
2026-08-22,Aug,8,SUNGAI DANAU,PLANTATION,NON RUTIN,FRAME BODY & GUARD SYSTEM,BUS ISUZU MINI BUS F 7120 AB/DA 7026 TAJ 231-003,370302-000300-0876,47200-80905,THINER A @ 4LTR,1.0,Klg,94090.91,Barang Konstruksi,Barang Konstruksi,Bahan Bangunan
2026-08-23,Aug,8,SUNGAI DANAU,PLANTATION,NON RUTIN,FRAME BODY & GUARD SYSTEM,BUS ISUZU MINI BUS F 7120 AB/DA 7026 TAJ 231-003,370302-000300-0876,47200-80905,THINER A @ 4LTR,1.0,Klg,94090.91,Barang Konstruksi,Barang Konstruksi,Bahan Bangunan
2026-08-25,Aug,8,SUNGAI DANAU,PLANTATION,NON RUTIN,FRAME BODY & GUARD SYSTEM,BUS ISUZU MINI BUS F 7120 AB/DA 7026 TAJ 231-003,370302-000300-0876,47200-80905,THINER A @ 4LTR,2.0,Klg,188181.82,Barang Konstruksi,Barang Konstruksi,Bahan Bangunan
2026-08-18,Aug,8,SUNGAI DANAU,PLANTATION,NON RUTIN,FRAME BODY & GUARD SYSTEM,BUS ISUZU MINI BUS F 7120 AB/DA 7026 TAJ 231-003,370502-000100-0010,,"BATU GERINDA 4""",1.0,Pcs,10637.03,Barang & Alat Bengkel,Barang & Alat Bengkel,Work Shop
2026-08-18,Aug,8,SUNGAI DANAU,PLANTATION,NON RUTIN,FRAME BODY & GUARD SYSTEM,BUS ISUZU MINI BUS F 7120 AB/DA 7026 TAJ 231-003,370502-000100-0019,,"BATU GERINDA POTONG 4""",1.0,Pcs,3871.84,Barang & Alat Bengkel,Barang & Alat Bengkel,Work Shop
2026-08-19,Aug,8,SUNGAI DANAU,PLANTATION,NON RUTIN,FRAME BODY & GUARD SYSTEM,BUS ISUZU MINI BUS F 7120 AB/DA 7026 TAJ 231-003,370502-000100-0019,,"BATU GERINDA POTONG 4""",1.0,Pcs,3871.84,Barang & Alat Bengkel,Barang & Alat Bengkel,Work Shop
2026-08-19,Aug,8,SUNGAI DANAU,PLANTATION,NON RUTIN,FRAME BODY & GUARD SYSTEM,BUS ISUZU MINI BUS F 7120 AB/DA 7026 TAJ 231-003,370502-000300-0077,,BOLT & NUT M10 X 1.25 X 50MM,2.0,pcs,2500.0,Barang & Alat Bengkel,Barang & Alat Bengkel,Work Shop
2026-08-27,Aug,8,SUNGAI DANAU,PLANTATION,NON RUTIN,FRAME BODY & GUARD SYSTEM,BUS ISUZU MINI BUS F 7120 AB/DA 7026 TAJ 231-003,370502-000300-0114,,BOLT & NUT M6 X 1.0 X 50MM,2.0,PCS,900.0,Barang & Alat Bengkel,Barang & Alat Bengkel,Work Shop
2026-08-24,Aug,8,SUNGAI DANAU,PLANTATION,NON RUTIN,FRAME BODY & GUARD SYSTEM,BUS ISUZU MINI BUS F 7120 AB/DA 7026 TAJ 231-003,370502-000300-0122,,BOLT & NUT M8 X 50MM - 1.0,2.0,Pcs,1700.0,Barang & Alat Bengkel,Barang & Alat Bengkel,Work Shop
2026-08-18,Aug,8,SUNGAI DANAU,PLANTATION,NON RUTIN,FRAME BODY & GUARD SYSTEM,BUS ISUZU MINI BUS F 7120 AB/DA 7026 TAJ 231-003,370502-000300-0352,,KERTAS GOSOK NO.150,5.0,Lbr,19020.7,Barang & Alat Bengkel,Barang & Alat Bengkel,Work Shop
2026-08-19,Aug,8,SUNGAI DANAU,PLANTATION,NON RUTIN,FRAME BODY & GUARD SYSTEM,BUS ISUZU MINI BUS F 7120 AB/DA 7026 TAJ 231-003,370502-000300-0352,,KERTAS GOSOK NO.150,6.0,Lbr,22824.84,Barang & Alat Bengkel,Barang & Alat Bengkel,Work Shop
2026-08-20,Aug,8,SUNGAI DANAU,PLANTATION,NON RUTIN,FRAME BODY & GUARD SYSTEM,BUS ISUZU MINI BUS F 7120 AB/DA 7026 TAJ 231-003,370502-000300-0352,,KERTAS GOSOK NO.150,7.0,Lbr,26628.98,Barang & Alat Bengkel,Barang & Alat Bengkel,Work Shop
2026-08-21,Aug,8,SUNGAI DANAU,PLANTATION,NON RUTIN,FRAME BODY & GUARD SYSTEM,BUS ISUZU MINI BUS F 7120 AB/DA 7026 TAJ 231-003,370502-000300-0352,,KERTAS GOSOK NO.150,3.0,Lbr,11412.42,Barang & Alat Bengkel,Barang & Alat Bengkel,Work Shop
2026-08-24,Aug,8,SUNGAI DANAU,PLANTATION,NON RUTIN,FRAME BODY & GUARD SYSTEM,BUS ISUZU MINI BUS F 7120 AB/DA 7026 TAJ 231-003,370502-000300-0352,,KERTAS GOSOK NO.150,1.0,Lbr,3804.14,Barang & Alat Bengkel,Barang & Alat Bengkel,Work Shop
2026-08-18,Aug,8,SUNGAI DANAU,PLANTATION,NON RUTIN,FRAME BODY & GUARD SYSTEM,BUS ISUZU MINI BUS F 7120 AB/DA 7026 TAJ 231-003,370502-000300-0353,,KERTAS GOSOK NO.1500,3.0,Lbr,11412.54,Barang & Alat Bengkel,Barang & Alat Bengkel,Work Shop
2026-08-19,Aug,8,SUNGAI DANAU,PLANTATION,NON RUTIN,FRAME BODY & GUARD SYSTEM,BUS ISUZU MINI BUS F 7120 AB/DA 7026 TAJ 231-003,370502-000300-0475,,PLATE WASHER M10,4.0,PCS,710.68,Barang & Alat Bengkel,Barang & Alat Bengkel,Work Shop
2026-08-27,Aug,8,SUNGAI DANAU,PLANTATION,NON RUTIN,FRAME BODY & GUARD SYSTEM,BUS ISUZU MINI BUS F 7120 AB/DA 7026 TAJ 231-003,370502-000300-0479,,PLATE WASHER M6,2.0,PCS,109.64,Barang & Alat Bengkel,Barang & Alat Bengkel,Work Shop
2026-08-09,Aug,8,SUNGAI DANAU,PLANTATION,NON RUTIN,FRAME BODY & GUARD SYSTEM,BUS ISUZU MINI BUS F 7120 AB/DA 7026 TAJ 231-003,371109-000300-0090,,LEM SUPER KOREA G,2.0,TUB,11000.0,Barang Umum,Barang Umum,Barang Umum
2026-08-11,Aug,8,SUNGAI DANAU,PLANTATION,NON RUTIN,FRAME BODY & GUARD SYSTEM,BUS ISUZU MINI BUS F 7120 AB/DA 7026 TAJ 231-003,371109-000300-0090,,LEM SUPER KOREA G,2.0,TUB,11000.0,Barang Umum,Barang Umum,Barang Umum
2026-08-18,Aug,8,SUNGAI DANAU,PLANTATION,NON RUTIN,FRAME BODY & GUARD SYSTEM,BUS ISUZU MINI BUS F 7120 AB/DA 7026 TAJ 231-003,371109-000300-0090,,LEM SUPER KOREA G,1.0,TUB,5500.0,Barang Umum,Barang Umum,Barang Umum
2026-08-11,Aug,8,SUNGAI DANAU,PLANTATION,RUTIN,ENGINE SYSTEM,BUS HINO 130 MDBL DA 7445 CD 231-004,340307-050207-0004,17801-JAA80,FILTER AIR,1.0,PCS,91974.17,Truck /Bus,Truck /Bus,Hino
2026-08-04,Aug,8,SUNGAI DANAU,PLANTATION,RUTIN,SUSPENSION SYSTEM,BUS HINO 130 MDBL DA 7445 CD 231-004,350202-000200-0001,3207-1602,GREASE,2.0,Kg,80645.58,Pelumas,Pelumas,Grease
2026-08-15,Aug,8,SUNGAI DANAU,PLANTATION,NON RUTIN,FRAME BODY & GUARD SYSTEM,BUS HINO 130 MDBL DA 7445 CD 231-004,371109-000300-0090,,LEM SUPER KOREA G,1.0,TUB,5500.0,Barang Umum,Barang Umum,Barang Umum
2026-08-04,Aug,8,SUNGAI DANAU,PLANTATION,RUTIN,SUSPENSION SYSTEM,BUS HINO 130 MDBL DA 8705 CO 231-005,350202-000200-0001,3207-1602,GREASE,2.0,Kg,80645.58,Pelumas,Pelumas,Grease
2026-08-14,Aug,8,SUNGAI DANAU,PLANTATION,NON RUTIN,AIR CONDITIONING SYSTEM,BUS HINO 130 MDBL DA 8705 CO 231-005,370604-000300-0078,,VEE BELT A-35,1.0,PCS,35000.0,Suku Cadang Umum,Suku Cadang Umum,V- Belt
2026-08-08,Aug,8,SUNGAI DANAU,PLANTATION,RUTIN,DIFFENTTIAL & REAR AXLE SYSTEM,BUS ISUZU NQR 231-006,350201-000200-0040,,GEAR OIL RORED HDA-140,3.0,Ltr,110565.0,Pelumas,Pelumas,Oli
2026-08-08,Aug,8,SUNGAI DANAU,PLANTATION,RUTIN,ENGINE SYSTEM,BUS ISUZU NQR 231-006,350201-000200-0024,,ENGINE OIL 15W-40,9.0,LTR,286205.04,Pelumas,Pelumas,Oli
2026-08-08,Aug,8,SUNGAI DANAU,PLANTATION,RUTIN,TRANSMISSION SYSTEM,BUS ISUZU NQR 231-006,350201-000200-0041,,GEAR OIL RORED HDA-90,3.0,Ltr,104183.13,Pelumas,Pelumas,Oli
2026-08-12,Aug,8,SUNGAI DANAU,PLANTATION,NON RUTIN,ELECTRICAL SYSTEM,BUS ISUZU NQR 231-006,330702-000300-0010,4N-3700,HOUR METER,1.0,PCS,425000.0,Bulldozer,Bulldozer,Caterpillar
2026-08-10,Aug,8,SUNGAI DANAU,PLANTATION,NON RUTIN,ELECTRICAL SYSTEM,BUS ISUZU NQR 231-006,340307-010309-0162,71511-OW030,"PAD, FRONT SEAT RH",1.0,Pcs,92700.0,Truck /Bus,Truck /Bus,Hino
2026-08-10,Aug,8,SUNGAI DANAU,PLANTATION,NON RUTIN,ELECTRICAL SYSTEM,BUS ISUZU NQR 231-006,340501-000300-0051,60221-24125,AUTO LAMP SINGLE BASE 24V-25W,1.0,Pcs,6091.14,Umum Kendaraan,Umum Kendaraan,Umum Kendaraan
2026-08-12,Aug,8,SUNGAI DANAU,PLANTATION,NON RUTIN,ELECTRICAL SYSTEM,BUS ISUZU NQR 231-006,340501-000300-0071,,AUTOMOTIVE CABLE,1.0,ROL,50000.0,Umum Kendaraan,Umum Kendaraan,Umum Kendaraan
2026-08-10,Aug,8,SUNGAI DANAU,PLANTATION,NON RUTIN,ELECTRICAL SYSTEM,BUS ISUZU NQR 231-006,340501-000300-0079,,BLADE FUSE KECIL 10A,6.0,pcs,6000.0,Umum Kendaraan,Umum Kendaraan,Umum Kendaraan
2026-08-10,Aug,8,SUNGAI DANAU,PLANTATION,NON RUTIN,ELECTRICAL SYSTEM,BUS ISUZU NQR 231-006,370502-000300-0122,,BOLT & NUT M8 X 50MM - 1.0,2.0,Pcs,1700.0,Barang & Alat Bengkel,Barang & Alat Bengkel,Work Shop
2026-08-10,Aug,8,SUNGAI DANAU,PLANTATION,NON RUTIN,ELECTRICAL SYSTEM,BUS ISUZU NQR 231-006,370502-000300-0480,,PLATE WASHER M8,2.0,PCS,150.0,Barang & Alat Bengkel,Barang & Alat Bengkel,Work Shop
2026-08-10,Aug,8,SUNGAI DANAU,PLANTATION,NON RUTIN,ELECTRICAL SYSTEM,BUS ISUZU NQR 231-006,371109-000300-0153,,REVERSE WARNING 24 V,2.0,PCS,194000.0,Barang Umum,Barang Umum,Barang Umum
2026-08-10,Aug,8,SUNGAI DANAU,PLANTATION,NON RUTIN,FRAME BODY & GUARD SYSTEM,BUS ISUZU NQR 231-006,370502-000300-0017,,ANTI KARAT,1.0,Can,46911.66,Barang & Alat Bengkel,Barang & Alat Bengkel,Work Shop
2026-08-22,Aug,8,SUNGAI DANAU,PLANTATION,NON RUTIN,FRAME BODY & GUARD SYSTEM,BUS ISUZU NQR 231-006,370502-000300-0352,,KERTAS GOSOK NO.150,2.0,Lbr,7608.28,Barang & Alat Bengkel,Barang & Alat Bengkel,Work Shop
2026-08-11,Aug,8,SUNGAI DANAU,PLANTATION,NON RUTIN,FRAME BODY & GUARD SYSTEM,BUS ISUZU NQR 231-006,371109-000300-0090,,LEM SUPER KOREA G,1.0,TUB,5500.0,Barang Umum,Barang Umum,Barang Umum
2026-08-04,Aug,8,SUNGAI DANAU,PLANTATION,RUTIN,SUSPENSION SYSTEM,TRUCK HINO 136 HDX 242-004,350202-000200-0001,3207-1602,GREASE,2.0,Kg,80645.58,Pelumas,Pelumas,Grease
2026-08-11,Aug,8,SUNGAI DANAU,PLANTATION,RUTIN,WHEEL & TYRE SYSTEM,TRUCK HINO 136 HDX 242-004,370601-000216-0041,48116-750,BAN DALAM 7.50 * 16,2.0,Pcs,564645.24,Suku Cadang Umum,Suku Cadang Umum,Ban
2026-08-11,Aug,8,SUNGAI DANAU,PLANTATION,RUTIN,WHEEL & TYRE SYSTEM,TRUCK HINO 136 HDX 242-004,370601-000216-0122,48216-750R,BAN LUAR 7.50 * 16 RIMBA,2.0,Pcs,4153454.38,Suku Cadang Umum,Suku Cadang Umum,Ban
2026-08-11,Aug,8,SUNGAI DANAU,PLANTATION,RUTIN,WHEEL & TYRE SYSTEM,TRUCK HINO 136 HDX 242-004,370601-000216-0139,48316-0750,MARSED BAN 7.50 * 16,2.0,Pcs,140365.12,Suku Cadang Umum,Suku Cadang Umum,Ban
2026-08-28,Aug,8,SUNGAI DANAU,PLANTATION,NON RUTIN,ELECTRICAL SYSTEM,TRUCK HINO 136 HDX 242-004,340501-000300-0049,60221-12121,AUTO LAMP SINGLE BASE 12V-21W,1.0,Pcs,6130.82,Umum Kendaraan,Umum Kendaraan,Umum Kendaraan
2026-08-04,Aug,8,SUNGAI DANAU,PLANTATION,NON RUTIN,ELECTRICAL SYSTEM,TRUCK HINO 136 HDX 242-004,340501-000300-0050,60221-12210,AUTO LAMP DOUBLE BASE 12V-25/10W,1.0,Pcs,6721.73,Umum Kendaraan,Umum Kendaraan,Umum Kendaraan
2026-08-04,Aug,8,SUNGAI DANAU,PLANTATION,RUTIN,SUSPENSION SYSTEM,TRUCK HINO 136 HDX 242-005,350202-000200-0001,3207-1602,GREASE,2.0,Kg,80645.58,Pelumas,Pelumas,Grease
2026-08-16,Aug,8,SUNGAI DANAU,PLANTATION,NON RUTIN,FRAME BODY & GUARD SYSTEM,TRUCK HINO 136 HDX 242-005,370301-000300-0025,,"KUAS CAT 2 1/2""",1.0,PCS,3800.0,Barang Konstruksi,Barang Konstruksi,Alat-alat Bangunan
2026-08-23,Aug,8,SUNGAI DANAU,PLANTATION,NON RUTIN,FRAME BODY & GUARD SYSTEM,TRUCK HINO 136 HDX 242-005,370301-000300-0025,,"KUAS CAT 2 1/2""",1.0,PCS,3800.0,Barang Konstruksi,Barang Konstruksi,Alat-alat Bangunan
2026-08-16,Aug,8,SUNGAI DANAU,PLANTATION,NON RUTIN,FRAME BODY & GUARD SYSTEM,TRUCK HINO 136 HDX 242-005,370302-000300-0165,47030-16882,CAT PLATONE NP882 @0.9LTR,1.0,Klg,76402.38,Barang Konstruksi,Barang Konstruksi,Bahan Bangunan
2026-08-23,Aug,8,SUNGAI DANAU,PLANTATION,NON RUTIN,FRAME BODY & GUARD SYSTEM,TRUCK HINO 136 HDX 242-005,370302-000300-0876,47200-80905,THINER A @ 4LTR,1.0,Klg,94090.91,Barang Konstruksi,Barang Konstruksi,Bahan Bangunan
2026-08-30,Aug,8,SUNGAI DANAU,PLANTATION,NON RUTIN,FRAME BODY & GUARD SYSTEM,TRUCK HINO 136 HDX 242-005,370302-000300-0876,47200-80905,THINER A @ 4LTR,1.0,Klg,94090.91,Barang Konstruksi,Barang Konstruksi,Bahan Bangunan
2026-08-30,Aug,8,SUNGAI DANAU,PLANTATION,NON RUTIN,FRAME BODY & GUARD SYSTEM,TRUCK HINO 136 HDX 242-005,370502-000100-0010,,"BATU GERINDA 4""",1.0,Pcs,10637.03,Barang & Alat Bengkel,Barang & Alat Bengkel,Work Shop
2026-08-09,Aug,8,SUNGAI DANAU,PLANTATION,NON RUTIN,FRAME BODY & GUARD SYSTEM,TRUCK HINO 136 HDX 242-005,370502-000300-0122,,BOLT & NUT M8 X 50MM - 1.0,3.0,Pcs,2550.0,Barang & Alat Bengkel,Barang & Alat Bengkel,Work Shop
2026-08-30,Aug,8,SUNGAI DANAU,PLANTATION,NON RUTIN,FRAME BODY & GUARD SYSTEM,TRUCK HINO 136 HDX 242-005,370502-000300-0122,,BOLT & NUT M8 X 50MM - 1.0,4.0,Pcs,3400.0,Barang & Alat Bengkel,Barang & Alat Bengkel,Work Shop
2026-08-30,Aug,8,SUNGAI DANAU,PLANTATION,NON RUTIN,FRAME BODY & GUARD SYSTEM,TRUCK HINO 136 HDX 242-005,370502-000300-0480,,PLATE WASHER M8,4.0,PCS,300.0,Barang & Alat Bengkel,Barang & Alat Bengkel,Work Shop
2026-08-16,Aug,8,SUNGAI DANAU,PLANTATION,RUTIN,DIFFENTTIAL & REAR AXLE SYSTEM,DUMP TRUCK HINO 130 HD DA 8206 CF 251-034,350201-000200-0040,,GEAR OIL RORED HDA-140,3.0,Ltr,110565.0,Pelumas,Pelumas,Oli
2026-08-16,Aug,8,SUNGAI DANAU,PLANTATION,RUTIN,ENGINE SYSTEM,DUMP TRUCK HINO 130 HD DA 8206 CF 251-034,340307-010207-0004,15607-2250L,OIL FILTER,1.0,Pcs,73950.0,Truck /Bus,Truck /Bus,Hino
2026-08-16,Aug,8,SUNGAI DANAU,PLANTATION,RUTIN,ENGINE SYSTEM,DUMP TRUCK HINO 130 HD DA 8206 CF 251-034,350201-000200-0024,,ENGINE OIL 15W-40,8.0,LTR,254404.48,Pelumas,Pelumas,Oli
2026-08-04,Aug,8,SUNGAI DANAU,PLANTATION,RUTIN,SUSPENSION SYSTEM,DUMP TRUCK HINO 130 HD DA 8206 CF 251-034,350202-000200-0001,3207-1602,GREASE,2.0,Kg,80645.58,Pelumas,Pelumas,Grease
2026-08-12,Aug,8,SUNGAI DANAU,PLANTATION,RUTIN,WHEEL & TYRE SYSTEM,DUMP TRUCK HINO 130 HD DA 8206 CF 251-034,370601-000216-0041,48116-750,BAN DALAM 7.50 * 16,1.0,Pcs,282322.62,Suku Cadang Umum,Suku Cadang Umum,Ban
2026-08-12,Aug,8,SUNGAI DANAU,PLANTATION,RUTIN,WHEEL & TYRE SYSTEM,DUMP TRUCK HINO 130 HD DA 8206 CF 251-034,370601-000216-0121,48216-750K,BAN LUAR 7.50 * 16 KOTA,1.0,Pcs,1875875.0,Suku Cadang Umum,Suku Cadang Umum,Ban
2026-08-12,Aug,8,SUNGAI DANAU,PLANTATION,RUTIN,WHEEL & TYRE SYSTEM,DUMP TRUCK HINO 130 HD DA 8206 CF 251-034,370601-000216-0139,48316-0750,MARSED BAN 7.50 * 16,1.0,Pcs,70182.56,Suku Cadang Umum,Suku Cadang Umum,Ban
2026-08-28,Aug,8,SUNGAI DANAU,PLANTATION,NON RUTIN,BRAKE SYSTEM,DUMP TRUCK HINO 130 HD DA 8206 CF 251-034,340307-010304-0001,44610-37171,BOOSTER ASSY,1.0,Pcs,1230000.0,Truck /Bus,Truck /Bus,Hino
2026-08-22,Aug,8,SUNGAI DANAU,PLANTATION,NON RUTIN,BRAKE SYSTEM,DUMP TRUCK HINO 130 HD DA 8206 CF 251-034,340307-010304-0030,4038-0131,"SEAL, PISTON BRAKE 13/16""",6.0,Pcs,51064.08,Truck /Bus,Truck /Bus,Hino
2026-08-23,Aug,8,SUNGAI DANAU,PLANTATION,NON RUTIN,BRAKE SYSTEM,DUMP TRUCK HINO 130 HD DA 8206 CF 251-034,340307-010304-0030,4038-0131,"SEAL, PISTON BRAKE 13/16""",2.0,Pcs,17021.36,Truck /Bus,Truck /Bus,Hino
2026-08-28,Aug,8,SUNGAI DANAU,PLANTATION,NON RUTIN,BRAKE SYSTEM,DUMP TRUCK HINO 130 HD DA 8206 CF 251-034,340307-010304-0031,44621-36050,SEAL BOOSTER BODY,2.0,Pcs,55938.32,Truck /Bus,Truck /Bus,Hino
2026-08-28,Aug,8,SUNGAI DANAU,PLANTATION,NON RUTIN,BRAKE SYSTEM,DUMP TRUCK HINO 130 HD DA 8206 CF 251-034,340307-010304-0040,47207-37020,"CYLINDER SUB ASSY, BRAKE MASTER",1.0,Pcs,3487975.0,Truck /Bus,Truck /Bus,Hino
2026-08-22,Aug,8,SUNGAI DANAU,PLANTATION,NON RUTIN,BRAKE SYSTEM,DUMP TRUCK HINO 130 HD DA 8206 CF 251-034,340307-010304-0059,47443-1730L,BRAKE LINING RR,4.0,Pcs,307400.0,Truck /Bus,Truck /Bus,Hino
2026-08-22,Aug,8,SUNGAI DANAU,PLANTATION,NON RUTIN,BRAKE SYSTEM,DUMP TRUCK HINO 130 HD DA 8206 CF 251-034,370502-000100-0010,,"BATU GERINDA 4""",1.0,Pcs,10637.03,Barang & Alat Bengkel,Barang & Alat Bengkel,Work Shop
2026-08-22,Aug,8,SUNGAI DANAU,PLANTATION,NON RUTIN,BRAKE SYSTEM,DUMP TRUCK HINO 130 HD DA 8206 CF 251-034,370502-000300-0186,,BRAKE FLUID,1.0,Btl,72691.77,Barang & Alat Bengkel,Barang & Alat Bengkel,Work Shop
2026-08-22,Aug,8,SUNGAI DANAU,PLANTATION,NON RUTIN,BRAKE SYSTEM,DUMP TRUCK HINO 130 HD DA 8206 CF 251-034,370502-000300-0353,,KERTAS GOSOK NO.1500,1.0,Lbr,3804.18,Barang & Alat Bengkel,Barang & Alat Bengkel,Work Shop
2026-08-22,Aug,8,SUNGAI DANAU,PLANTATION,NON RUTIN,BRAKE SYSTEM,DUMP TRUCK HINO 130 HD DA 8206 CF 251-034,370502-000300-0557,,SABUN COLEK,1.0,BKS,8000.0,Barang & Alat Bengkel,Barang & Alat Bengkel,Work Shop
2026-08-25,Aug,8,SUNGAI DANAU,PLANTATION,NON RUTIN,DIFFENTTIAL & REAR AXLE SYSTEM,DUMP TRUCK HINO 130 HD DA 8206 CF 251-034,340307-010305-0052,90116-10191,STUD BOLT,6.0,Pcs,90000.0,Truck /Bus,Truck /Bus,Hino
2026-08-16,Aug,8,SUNGAI DANAU,PLANTATION,NON RUTIN,ENGINE SYSTEM,DUMP TRUCK HINO 130 HD DA 8206 CF 251-034,340307-030307-0003,46700-37100,"RETARDER ASSY, EXHAUST",1.0,PCS,1125000.0,Truck /Bus,Truck /Bus,Hino
2026-08-23,Aug,8,SUNGAI DANAU,PLANTATION,NON RUTIN,FINAL DRIVE SYSTEM,DUMP TRUCK HINO 130 HD DA 8206 CF 251-034,340307-010308-0037,90366-35105,BEARING 32207JR,2.0,Pcs,240000.0,Truck /Bus,Truck /Bus,Hino
2026-08-25,Aug,8,SUNGAI DANAU,PLANTATION,NON RUTIN,FRAME BODY & GUARD SYSTEM,DUMP TRUCK HINO 130 HD DA 8206 CF 251-034,340307-010309-0004,17565-OW010,SUPPORT EXHAUST PIPE NO. 4,2.0,PCS,229468.76,Truck /Bus,Truck /Bus,Hino
2026-08-25,Aug,8,SUNGAI DANAU,PLANTATION,NON RUTIN,FRAME BODY & GUARD SYSTEM,DUMP TRUCK HINO 130 HD DA 8206 CF 251-034,370502-000300-0077,,BOLT & NUT M10 X 1.25 X 50MM,1.0,pcs,1250.0,Barang & Alat Bengkel,Barang & Alat Bengkel,Work Shop
2026-08-16,Aug,8,SUNGAI DANAU,PLANTATION,NON RUTIN,FRAME BODY & GUARD SYSTEM,DUMP TRUCK HINO 130 HD DA 8206 CF 251-034,370502-000300-0122,,BOLT & NUT M8 X 50MM - 1.0,4.0,Pcs,3400.0,Barang & Alat Bengkel,Barang & Alat Bengkel,Work Shop
2026-08-24,Aug,8,SUNGAI DANAU,PLANTATION,NON RUTIN,FRAME BODY & GUARD SYSTEM,DUMP TRUCK HINO 130 HD DA 8206 CF 251-034,370502-000300-0557,,SABUN COLEK,1.0,BKS,8000.0,Barang & Alat Bengkel,Barang & Alat Bengkel,Work Shop
2026-08-27,Aug,8,SUNGAI DANAU,PLANTATION,NON RUTIN,HYDRAULIC SYSTEM,DUMP TRUCK HINO 130 HD DA 8206 CF 251-034,350201-000200-0071,,HYDRAULIC OIL MEDITRAN SAE 10W,2.0,LTR,52714.86,Pelumas,Pelumas,Oli
2026-08-23,Aug,8,SUNGAI DANAU,PLANTATION,NON RUTIN,STEERING SYSTEM,DUMP TRUCK HINO 130 HD DA 8206 CF 251-034,340307-010312-0004,04431-36090,PIN KIT,1.0,Pcs,426271.43,Truck /Bus,Truck /Bus,Hino
2026-08-02,Aug,8,SUNGAI DANAU,PLANTATION,NON RUTIN,STEERING SYSTEM,DUMP TRUCK HINO 130 HD DA 8206 CF 251-034,350201-000200-0069,,STEERING OIL @1 LTR,1.0,Btl,61806.3,Pelumas,Pelumas,Oli
2026-08-02,Aug,8,SUNGAI DANAU,PLANTATION,NON RUTIN,SUSPENSION SYSTEM,DUMP TRUCK HINO 130 HD DA 8206 CF 251-034,340307-010213-0001,48147-36441,CENTER BOLT 10MM X 166MM,1.0,PCS,31476.31,Truck /Bus,Truck /Bus,Hino
2026-08-02,Aug,8,SUNGAI DANAU,PLANTATION,NON RUTIN,SUSPENSION SYSTEM,DUMP TRUCK HINO 130 HD DA 8206 CF 251-034,340307-010313-0012,48115-OW010,LEAF SPRING FR. NO.5,1.0,Pcs,301600.0,Truck /Bus,Truck /Bus,Hino
2026-08-05,Aug,8,SUNGAI DANAU,PLANTATION,NON RUTIN,SUSPENSION SYSTEM,DUMP TRUCK HINO 130 HD DA 8206 CF 251-034,340307-010313-0033,48453-55010,PIN SPRING,1.0,Pcs,16473.36,Truck /Bus,Truck /Bus,Hino
2026-08-14,Aug,8,SUNGAI DANAU,PLANTATION,RUTIN,SUSPENSION SYSTEM,DUMP TRUCK HINO 130 HD DA 8207 CF 251-035,350202-000200-0001,3207-1602,GREASE,2.0,Kg,80645.58,Pelumas,Pelumas,Grease
2026-08-01,Aug,8,SUNGAI DANAU,PLANTATION,NON RUTIN,DIFFENTTIAL & REAR AXLE SYSTEM,DUMP TRUCK HINO 130 HD DA 8207 CF 251-035,340307-010305-0063,90250-10055,"PIN, STRAIGHT ( FOR REAR AXLE HUB RH )",2.0,PCS,39667.62,Truck /Bus,Truck /Bus,Hino
2026-08-01,Aug,8,SUNGAI DANAU,PLANTATION,NON RUTIN,DIFFENTTIAL & REAR AXLE SYSTEM,DUMP TRUCK HINO 130 HD DA 8207 CF 251-035,340307-010305-0097,SZ311-01011,SEAL OIL ( FOR REAR AXLE SHAFT RH ),1.0,PCS,90272.91,Truck /Bus,Truck /Bus,Hino
2026-08-15,Aug,8,SUNGAI DANAU,PLANTATION,NON RUTIN,FRAME BODY & GUARD SYSTEM,DUMP TRUCK HINO 130 HD DA 8207 CF 251-035,340307-010309-0115,69320-OW020,LOCK ASSY FRONT DOOR LH,1.0,PCS,300000.0,Truck /Bus,Truck /Bus,Hino
2026-08-28,Aug,8,SUNGAI DANAU,PLANTATION,NON RUTIN,SUSPENSION SYSTEM,DUMP TRUCK HINO 130 HD DA 8207 CF 251-035,340307-010213-0002,48247-25261,CENTER BOLT 10MM X 320MM,2.0,PCS,67363.72,Truck /Bus,Truck /Bus,Hino
2026-08-28,Aug,8,SUNGAI DANAU,PLANTATION,NON RUTIN,SUSPENSION SYSTEM,DUMP TRUCK HINO 130 HD DA 8207 CF 251-035,340307-010313-0012,48115-OW010,LEAF SPRING FR. NO.5,1.0,Pcs,301600.0,Truck /Bus,Truck /Bus,Hino
2026-08-28,Aug,8,SUNGAI DANAU,PLANTATION,NON RUTIN,SUSPENSION SYSTEM,DUMP TRUCK HINO 130 HD DA 8207 CF 251-035,340307-010313-0016,48202-OW010,LEAF SPRING RR. NO.3,1.0,Pcs,488333.33,Truck /Bus,Truck /Bus,Hino
2026-08-28,Aug,8,SUNGAI DANAU,PLANTATION,NON RUTIN,SUSPENSION SYSTEM,DUMP TRUCK HINO 130 HD DA 8207 CF 251-035,340307-010313-0018,48207-37550,LEAF SPRING RR. HELPER NO.4,1.0,Pcs,261000.0,Truck /Bus,Truck /Bus,Hino
2026-08-28,Aug,8,SUNGAI DANAU,PLANTATION,NON RUTIN,SUSPENSION SYSTEM,DUMP TRUCK HINO 130 HD DA 8207 CF 251-035,340307-010313-0020,48214-OW010,LEAF SPRING RR. NO.4,1.0,Pcs,340087.62,Truck /Bus,Truck /Bus,Hino
2026-08-28,Aug,8,SUNGAI DANAU,PLANTATION,NON RUTIN,SUSPENSION SYSTEM,DUMP TRUCK HINO 130 HD DA 8207 CF 251-035,340307-010313-0026,48263-37550,LEAF SPRING RR. HELPER NO.3,1.0,Pcs,242150.0,Truck /Bus,Truck /Bus,Hino
2026-08-28,Aug,8,SUNGAI DANAU,PLANTATION,NON RUTIN,SUSPENSION SYSTEM,DUMP TRUCK HINO 130 HD DA 8207 CF 251-035,340307-010313-0027,48265-37550,LEAF SPRING RR. HELPER NO. 5,2.0,Pcs,419653.84,Truck /Bus,Truck /Bus,Hino
2026-08-28,Aug,8,SUNGAI DANAU,PLANTATION,NON RUTIN,SUSPENSION SYSTEM,DUMP TRUCK HINO 130 HD DA 8207 CF 251-035,340307-010313-0036,48531-OW050,SHOCK ABSORBER ASSY RR.,1.0,Pcs,278214.59,Truck /Bus,Truck /Bus,Hino
2026-08-26,Aug,8,SUNGAI DANAU,PLANTATION,RUTIN,AIR SYSTEM,DUMP TRUCK HINO 130 HD DA 8209 CF 251-036,340307-010202-0001,17801-1130L,AIR FILTER,1.0,PCS,80554.88,Truck /Bus,Truck /Bus,Hino
2026-08-26,Aug,8,SUNGAI DANAU,PLANTATION,RUTIN,DIFFENTTIAL & REAR AXLE SYSTEM,DUMP TRUCK HINO 130 HD DA 8209 CF 251-036,350201-000200-0040,,GEAR OIL RORED HDA-140,3.0,Ltr,110565.0,Pelumas,Pelumas,Oli
2026-08-26,Aug,8,SUNGAI DANAU,PLANTATION,RUTIN,ENGINE SYSTEM,DUMP TRUCK HINO 130 HD DA 8209 CF 251-036,340307-010207-0002,23401-1332L,FUEL FILTER,1.0,PCS,38425.0,Truck /Bus,Truck /Bus,Hino
2026-08-26,Aug,8,SUNGAI DANAU,PLANTATION,RUTIN,ENGINE SYSTEM,DUMP TRUCK HINO 130 HD DA 8209 CF 251-036,340307-010207-0004,15607-2250L,OIL FILTER,1.0,Pcs,73950.0,Truck /Bus,Truck /Bus,Hino
2026-08-26,Aug,8,SUNGAI DANAU,PLANTATION,RUTIN,ENGINE SYSTEM,DUMP TRUCK HINO 130 HD DA 8209 CF 251-036,340307-010207-0009,23390-78450,"ELEMENT, FUEL FILTER",1.0,Pcs,70303.26,Truck /Bus,Truck /Bus,Hino
2026-08-26,Aug,8,SUNGAI DANAU,PLANTATION,RUTIN,ENGINE SYSTEM,DUMP TRUCK HINO 130 HD DA 8209 CF 251-036,350201-000200-0024,,ENGINE OIL 15W-40,9.0,LTR,286205.04,Pelumas,Pelumas,Oli
2026-08-14,Aug,8,SUNGAI DANAU,PLANTATION,RUTIN,SUSPENSION SYSTEM,DUMP TRUCK HINO 130 HD DA 8209 CF 251-036,350202-000200-0001,3207-1602,GREASE,2.0,Kg,80645.58,Pelumas,Pelumas,Grease
2026-08-26,Aug,8,SUNGAI DANAU,PLANTATION,RUTIN,TRANSMISSION SYSTEM,DUMP TRUCK HINO 130 HD DA 8209 CF 251-036,350201-000200-0041,,GEAR OIL RORED HDA-90,3.0,Ltr,104183.13,Pelumas,Pelumas,Oli
2026-08-01,Aug,8,SUNGAI DANAU,PLANTATION,RUTIN,WHEEL & TYRE SYSTEM,DUMP TRUCK HINO 130 HD DA 8209 CF 251-036,370601-000216-0041,48116-750,BAN DALAM 7.50 * 16,2.0,Pcs,564645.24,Suku Cadang Umum,Suku Cadang Umum,Ban
2026-08-01,Aug,8,SUNGAI DANAU,PLANTATION,RUTIN,WHEEL & TYRE SYSTEM,DUMP TRUCK HINO 130 HD DA 8209 CF 251-036,370601-000216-0122,48216-750R,BAN LUAR 7.50 * 16 RIMBA,2.0,Pcs,4153454.38,Suku Cadang Umum,Suku Cadang Umum,Ban
2026-08-01,Aug,8,SUNGAI DANAU,PLANTATION,RUTIN,WHEEL & TYRE SYSTEM,DUMP TRUCK HINO 130 HD DA 8209 CF 251-036,370601-000216-0139,48316-0750,MARSED BAN 7.50 * 16,2.0,Pcs,140365.12,Suku Cadang Umum,Suku Cadang Umum,Ban
2026-08-02,Aug,8,SUNGAI DANAU,PLANTATION,NON RUTIN,ELECTRICAL SYSTEM,DUMP TRUCK HINO 130 HD DA 8209 CF 251-036,340501-000300-0058,60621-19310,BLADE FUSE 10A,3.0,Pcs,5716.23,Umum Kendaraan,Umum Kendaraan,Umum Kendaraan
2026-08-11,Aug,8,SUNGAI DANAU,PLANTATION,NON RUTIN,HYDRAULIC SYSTEM,DUMP TRUCK HINO 130 HD DA 8209 CF 251-036,350201-000200-0071,,HYDRAULIC OIL MEDITRAN SAE 10W,5.0,LTR,131787.15,Pelumas,Pelumas,Oli
2026-08-02,Aug,8,SUNGAI DANAU,PLANTATION,NON RUTIN,SUSPENSION SYSTEM,DUMP TRUCK HINO 130 HD DA 8209 CF 251-036,340307-010213-0001,48147-36441,CENTER BOLT 10MM X 166MM,1.0,PCS,31476.31,Truck /Bus,Truck /Bus,Hino
2026-08-02,Aug,8,SUNGAI DANAU,PLANTATION,NON RUTIN,SUSPENSION SYSTEM,DUMP TRUCK HINO 130 HD DA 8209 CF 251-036,340307-010313-0012,48115-OW010,LEAF SPRING FR. NO.5,1.0,Pcs,301600.0,Truck /Bus,Truck /Bus,Hino
2026-08-03,Aug,8,SUNGAI DANAU,PLANTATION,NON RUTIN,SUSPENSION SYSTEM,DUMP TRUCK HINO 130 HD DA 8209 CF 251-036,340307-010313-0036,48531-OW050,SHOCK ABSORBER ASSY RR.,1.0,Pcs,278214.59,Truck /Bus,Truck /Bus,Hino
2026-08-11,Aug,8,SUNGAI DANAU,PLANTATION,RUTIN,ENGINE SYSTEM,DUMP TRUCK HINO 130 HD DA 8674 CO 251-037,340307-010207-0002,23401-1332L,FUEL FILTER,1.0,PCS,38425.0,Truck /Bus,Truck /Bus,Hino
2026-08-11,Aug,8,SUNGAI DANAU,PLANTATION,RUTIN,ENGINE SYSTEM,DUMP TRUCK HINO 130 HD DA 8674 CO 251-037,340307-010207-0009,23390-78450,"ELEMENT, FUEL FILTER",1.0,Pcs,70303.26,Truck /Bus,Truck /Bus,Hino
2026-08-11,Aug,8,SUNGAI DANAU,PLANTATION,RUTIN,ENGINE SYSTEM,DUMP TRUCK HINO 130 HD DA 8674 CO 251-037,350201-000200-0024,,ENGINE OIL 15W-40,9.0,LTR,286205.04,Pelumas,Pelumas,Oli
2026-08-14,Aug,8,SUNGAI DANAU,PLANTATION,RUTIN,SUSPENSION SYSTEM,DUMP TRUCK HINO 130 HD DA 8674 CO 251-037,350202-000200-0001,3207-1602,GREASE,2.0,Kg,80645.58,Pelumas,Pelumas,Grease
2026-08-11,Aug,8,SUNGAI DANAU,PLANTATION,RUTIN,TRANSMISSION SYSTEM,DUMP TRUCK HINO 130 HD DA 8674 CO 251-037,350201-000200-0041,,GEAR OIL RORED HDA-90,3.0,Ltr,104183.13,Pelumas,Pelumas,Oli
2026-08-26,Aug,8,SUNGAI DANAU,PLANTATION,RUTIN,WHEEL & TYRE SYSTEM,DUMP TRUCK HINO 130 HD DA 8674 CO 251-037,370601-000216-0041,48116-750,BAN DALAM 7.50 * 16,1.0,Pcs,282322.62,Suku Cadang Umum,Suku Cadang Umum,Ban
2026-08-26,Aug,8,SUNGAI DANAU,PLANTATION,RUTIN,WHEEL & TYRE SYSTEM,DUMP TRUCK HINO 130 HD DA 8674 CO 251-037,370601-000216-0121,48216-750K,BAN LUAR 7.50 * 16 KOTA,1.0,Pcs,1875875.0,Suku Cadang Umum,Suku Cadang Umum,Ban
2026-08-26,Aug,8,SUNGAI DANAU,PLANTATION,RUTIN,WHEEL & TYRE SYSTEM,DUMP TRUCK HINO 130 HD DA 8674 CO 251-037,370601-000216-0139,48316-0750,MARSED BAN 7.50 * 16,1.0,Pcs,70182.56,Suku Cadang Umum,Suku Cadang Umum,Ban
2026-08-16,Aug,8,SUNGAI DANAU,PLANTATION,NON RUTIN,BRAKE SYSTEM,DUMP TRUCK HINO 130 HD DA 8674 CO 251-037,340307-010304-0030,4038-0131,"SEAL, PISTON BRAKE 13/16""",4.0,Pcs,34042.72,Truck /Bus,Truck /Bus,Hino
2026-08-16,Aug,8,SUNGAI DANAU,PLANTATION,NON RUTIN,DIFFENTTIAL & REAR AXLE SYSTEM,DUMP TRUCK HINO 130 HD DA 8674 CO 251-037,340307-010305-0097,SZ311-01011,SEAL OIL ( FOR REAR AXLE SHAFT RH ),1.0,PCS,90272.91,Truck /Bus,Truck /Bus,Hino
2026-08-14,Aug,8,SUNGAI DANAU,PLANTATION,NON RUTIN,ELECTRICAL SYSTEM,DUMP TRUCK HINO 130 HD DA 8674 CO 251-037,340307-010306-0060,86520-37020,HORN ASSY 12V,1.0,Pcs,65000.0,Truck /Bus,Truck /Bus,Hino
2026-08-08,Aug,8,SUNGAI DANAU,PLANTATION,NON RUTIN,ENGINE SYSTEM,DUMP TRUCK HINO 130 HD DA 8674 CO 251-037,340307-010307-0129,90341-18057,"PLUG, RR AXLE DRAIN",1.0,Pcs,55083.34,Truck /Bus,Truck /Bus,Hino
2026-08-11,Aug,8,SUNGAI DANAU,PLANTATION,NON RUTIN,ENGINE SYSTEM,DUMP TRUCK HINO 130 HD DA 8674 CO 251-037,370502-000300-0597,62301-20035,WATER COOLANT @5LTR,1.0,Gln,37573.99,Barang & Alat Bengkel,Barang & Alat Bengkel,Work Shop
2026-08-16,Aug,8,SUNGAI DANAU,PLANTATION,NON RUTIN,FRAME BODY & GUARD SYSTEM,DUMP TRUCK HINO 130 HD DA 8674 CO 251-037,370502-000300-0077,,BOLT & NUT M10 X 1.25 X 50MM,2.0,pcs,2500.0,Barang & Alat Bengkel,Barang & Alat Bengkel,Work Shop
2026-08-11,Aug,8,SUNGAI DANAU,PLANTATION,NON RUTIN,FRAME BODY & GUARD SYSTEM,DUMP TRUCK HINO 130 HD DA 8674 CO 251-037,370502-000300-0122,,BOLT & NUT M8 X 50MM - 1.0,2.0,Pcs,1700.0,Barang & Alat Bengkel,Barang & Alat Bengkel,Work Shop
2026-08-16,Aug,8,SUNGAI DANAU,PLANTATION,NON RUTIN,FRAME BODY & GUARD SYSTEM,DUMP TRUCK HINO 130 HD DA 8674 CO 251-037,370502-000300-0353,,KERTAS GOSOK NO.1500,1.0,Lbr,3804.18,Barang & Alat Bengkel,Barang & Alat Bengkel,Work Shop
2026-08-23,Aug,8,SUNGAI DANAU,PLANTATION,NON RUTIN,FRAME BODY & GUARD SYSTEM,DUMP TRUCK HINO 130 HD DA 8674 CO 251-037,370502-000300-0557,,SABUN COLEK,1.0,BKS,8000.0,Barang & Alat Bengkel,Barang & Alat Bengkel,Work Shop
2026-08-16,Aug,8,SUNGAI DANAU,PLANTATION,NON RUTIN,STEERING SYSTEM,DUMP TRUCK HINO 130 HD DA 8674 CO 251-037,340307-010312-0002,45046-39416,SUB ASSY,1.0,PCS,137809.37,Truck /Bus,Truck /Bus,Hino
2026-08-24,Aug,8,SUNGAI DANAU,PLANTATION,NON RUTIN,STEERING SYSTEM,DUMP TRUCK HINO 130 HD DA 8674 CO 251-037,340307-050312-0006,44110-37222,SEAL KIT ARM STEERING,1.0,SET,625000.0,Truck /Bus,Truck /Bus,Hino
2026-08-14,Aug,8,SUNGAI DANAU,PLANTATION,NON RUTIN,STEERING SYSTEM,DUMP TRUCK HINO 130 HD DA 8674 CO 251-037,370502-000300-0293,,GREASE NEEPLE M6,1.0,PCS,2458.33,Barang & Alat Bengkel,Barang & Alat Bengkel,Work Shop
2026-08-14,Aug,8,SUNGAI DANAU,PLANTATION,NON RUTIN,STEERING SYSTEM,DUMP TRUCK HINO 130 HD DA 8674 CO 251-037,370502-000300-0294,,GREASE NEEPLE M6 - 90Â°,1.0,PCS,3500.0,Barang & Alat Bengkel,Barang & Alat Bengkel,Work Shop
2026-08-08,Aug,8,SUNGAI DANAU,PLANTATION,NON RUTIN,SUSPENSION SYSTEM,DUMP TRUCK HINO 130 HD DA 8674 CO 251-037,340307-010213-0002,48247-25261,CENTER BOLT 10MM X 320MM,2.0,PCS,67363.72,Truck /Bus,Truck /Bus,Hino
2026-08-14,Aug,8,SUNGAI DANAU,PLANTATION,NON RUTIN,SUSPENSION SYSTEM,DUMP TRUCK HINO 130 HD DA 8674 CO 251-037,340307-010313-0006,48041-0W010,SHACKLE SUB ASSY,1.0,Pcs,146644.9,Truck /Bus,Truck /Bus,Hino
2026-08-14,Aug,8,SUNGAI DANAU,PLANTATION,NON RUTIN,SUSPENSION SYSTEM,DUMP TRUCK HINO 130 HD DA 8674 CO 251-037,340307-010313-0032,48444-0W010,"PLATE, FR. SPRING SHACKLE INNER",1.0,Pcs,112810.0,Truck /Bus,Truck /Bus,Hino
2026-08-23,Aug,8,SUNGAI DANAU,PLANTATION,RUTIN,AIR SYSTEM,DUMP TRUCK HINO 130 HD DA 8675 CO 251-038,340307-010202-0001,17801-1130L,AIR FILTER,1.0,PCS,80554.88,Truck /Bus,Truck /Bus,Hino
2026-08-31,Aug,8,SUNGAI DANAU,PLANTATION,RUTIN,DIFFENTTIAL & REAR AXLE SYSTEM,DUMP TRUCK HINO 130 HD DA 8675 CO 251-038,350201-000200-0040,,GEAR OIL RORED HDA-140,3.0,Ltr,110565.0,Pelumas,Pelumas,Oli
2026-08-31,Aug,8,SUNGAI DANAU,PLANTATION,RUTIN,ENGINE SYSTEM,DUMP TRUCK HINO 130 HD DA 8675 CO 251-038,350201-000200-0024,,ENGINE OIL 15W-40,9.0,LTR,286205.04,Pelumas,Pelumas,Oli
2026-08-14,Aug,8,SUNGAI DANAU,PLANTATION,RUTIN,SUSPENSION SYSTEM,DUMP TRUCK HINO 130 HD DA 8675 CO 251-038,350202-000200-0001,3207-1602,GREASE,2.0,Kg,80645.58,Pelumas,Pelumas,Grease
2026-08-03,Aug,8,SUNGAI DANAU,PLANTATION,NON RUTIN,BRAKE SYSTEM,DUMP TRUCK HINO 130 HD DA 8675 CO 251-038,340307-010304-0001,44610-37171,BOOSTER ASSY,1.0,Pcs,1230000.0,Truck /Bus,Truck /Bus,Hino
2026-08-04,Aug,8,SUNGAI DANAU,PLANTATION,NON RUTIN,BRAKE SYSTEM,DUMP TRUCK HINO 130 HD DA 8675 CO 251-038,340307-010304-0006,04311-26050,"CYLINDER KIT, MASTER CLUTCH",1.0,Set,356623.22,Truck /Bus,Truck /Bus,Hino
2026-08-03,Aug,8,SUNGAI DANAU,PLANTATION,NON RUTIN,BRAKE SYSTEM,DUMP TRUCK HINO 130 HD DA 8675 CO 251-038,340307-010304-0032,44621-36070,SEAL BOOSTER BODY,1.0,PCS,27410.83,Truck /Bus,Truck /Bus,Hino
2026-08-20,Aug,8,SUNGAI DANAU,PLANTATION,NON RUTIN,DIFFENTTIAL & REAR AXLE SYSTEM,DUMP TRUCK HINO 130 HD DA 8675 CO 251-038,340307-010305-0029,42311-OW010,SHAFT REAR AXLE 42311-0030L,1.0,PCS,725427.74,Truck /Bus,Truck /Bus,Hino
2026-08-20,Aug,8,SUNGAI DANAU,PLANTATION,NON RUTIN,DIFFENTTIAL & REAR AXLE SYSTEM,DUMP TRUCK HINO 130 HD DA 8675 CO 251-038,340307-010305-0038,42428-36020,PLATE REAR AXLE LOCK NUT,1.0,PCS,20000.0,Truck /Bus,Truck /Bus,Hino
2026-08-23,Aug,8,SUNGAI DANAU,PLANTATION,NON RUTIN,DIFFENTTIAL & REAR AXLE SYSTEM,DUMP TRUCK HINO 130 HD DA 8675 CO 251-038,340307-010305-0052,90116-10191,STUD BOLT,3.0,Pcs,45000.0,Truck /Bus,Truck /Bus,Hino
2026-08-23,Aug,8,SUNGAI DANAU,PLANTATION,NON RUTIN,DIFFENTTIAL & REAR AXLE SYSTEM,DUMP TRUCK HINO 130 HD DA 8675 CO 251-038,340307-010305-0063,90250-10055,"PIN, STRAIGHT ( FOR REAR AXLE HUB RH )",2.0,PCS,39667.62,Truck /Bus,Truck /Bus,Hino
2026-08-20,Aug,8,SUNGAI DANAU,PLANTATION,NON RUTIN,DIFFENTTIAL & REAR AXLE SYSTEM,DUMP TRUCK HINO 130 HD DA 8675 CO 251-038,370502-000300-0077,,BOLT & NUT M10 X 1.25 X 50MM,2.0,pcs,2500.0,Barang & Alat Bengkel,Barang & Alat Bengkel,Work Shop
2026-08-23,Aug,8,SUNGAI DANAU,PLANTATION,NON RUTIN,DIFFENTTIAL & REAR AXLE SYSTEM,DUMP TRUCK HINO 130 HD DA 8675 CO 251-038,370502-000300-0114,,BOLT & NUT M6 X 1.0 X 50MM,3.0,PCS,1350.0,Barang & Alat Bengkel,Barang & Alat Bengkel,Work Shop
2026-08-23,Aug,8,SUNGAI DANAU,PLANTATION,NON RUTIN,FINAL DRIVE SYSTEM,DUMP TRUCK HINO 130 HD DA 8675 CO 251-038,340307-010308-0037,90366-35105,BEARING 32207JR,1.0,Pcs,120000.0,Truck /Bus,Truck /Bus,Hino
2026-08-03,Aug,8,SUNGAI DANAU,PLANTATION,NON RUTIN,FRAME BODY & GUARD SYSTEM,DUMP TRUCK HINO 130 HD DA 8675 CO 251-038,340307-010309-0064,61231-37070,"PAIL, ROOF SIDE, INNER RH",1.0,PCS,534325.0,Truck /Bus,Truck /Bus,Hino
2026-08-03,Aug,8,SUNGAI DANAU,PLANTATION,NON RUTIN,FRAME BODY & GUARD SYSTEM,DUMP TRUCK HINO 130 HD DA 8675 CO 251-038,340307-010309-0065,61232-37070,"PAIL,ROOF SIDE,INNER LH",1.0,PCS,446600.0,Truck /Bus,Truck /Bus,Hino
2026-08-23,Aug,8,SUNGAI DANAU,PLANTATION,NON RUTIN,FRAME BODY & GUARD SYSTEM,DUMP TRUCK HINO 130 HD DA 8675 CO 251-038,340501-000300-0037,4038-2301,"WIPER BLADE SET 18""",1.0,Set,85000.0,Umum Kendaraan,Umum Kendaraan,Umum Kendaraan
2026-08-02,Aug,8,SUNGAI DANAU,PLANTATION,NON RUTIN,FRAME BODY & GUARD SYSTEM,DUMP TRUCK HINO 130 HD DA 8675 CO 251-038,370302-000300-0163,47030-16121,CAT PLATONE HITAM 1,1.0,Klg,63000.0,Barang Konstruksi,Barang Konstruksi,Bahan Bangunan
2026-08-02,Aug,8,SUNGAI DANAU,PLANTATION,NON RUTIN,FRAME BODY & GUARD SYSTEM,DUMP TRUCK HINO 130 HD DA 8675 CO 251-038,370302-000300-0165,47030-16882,CAT PLATONE NP882 @0.9LTR,2.0,Klg,152804.76,Barang Konstruksi,Barang Konstruksi,Bahan Bangunan
2026-08-09,Aug,8,SUNGAI DANAU,PLANTATION,NON RUTIN,FRAME BODY & GUARD SYSTEM,DUMP TRUCK HINO 130 HD DA 8675 CO 251-038,370302-000300-0165,47030-16882,CAT PLATONE NP882 @0.9LTR,6.0,Klg,458414.28,Barang Konstruksi,Barang Konstruksi,Bahan Bangunan
2026-08-08,Aug,8,SUNGAI DANAU,PLANTATION,NON RUTIN,FRAME BODY & GUARD SYSTEM,DUMP TRUCK HINO 130 HD DA 8675 CO 251-038,370302-000300-0169,47030-20162,CAT PRIMER EPOXY FILLER O.8LTR,5.0,Klg,495000.0,Barang Konstruksi,Barang Konstruksi,Bahan Bangunan
2026-08-08,Aug,8,SUNGAI DANAU,PLANTATION,NON RUTIN,FRAME BODY & GUARD SYSTEM,DUMP TRUCK HINO 130 HD DA 8675 CO 251-038,370302-000300-0876,47200-80905,THINER A @ 4LTR,3.0,Klg,282272.73,Barang Konstruksi,Barang Konstruksi,Bahan Bangunan
2026-08-09,Aug,8,SUNGAI DANAU,PLANTATION,NON RUTIN,FRAME BODY & GUARD SYSTEM,DUMP TRUCK HINO 130 HD DA 8675 CO 251-038,370302-000300-0876,47200-80905,THINER A @ 4LTR,2.0,Klg,188181.82,Barang Konstruksi,Barang Konstruksi,Bahan Bangunan
2026-08-05,Aug,8,SUNGAI DANAU,PLANTATION,NON RUTIN,FRAME BODY & GUARD SYSTEM,DUMP TRUCK HINO 130 HD DA 8675 CO 251-038,370303-000300-0179,59312-04048,"BESI PLATE 4MM x 4"" x 8""",1.0,Lbr,1066909.09,Barang Konstruksi,Barang Konstruksi,Fabrikasi
2026-08-05,Aug,8,SUNGAI DANAU,PLANTATION,NON RUTIN,FRAME BODY & GUARD SYSTEM,DUMP TRUCK HINO 130 HD DA 8675 CO 251-038,370303-000300-0252,59330-12055,BESI UNP 120MM X 55MM X 6M,2.0,Btg,1835800.0,Barang Konstruksi,Barang Konstruksi,Fabrikasi
2026-08-07,Aug,8,SUNGAI DANAU,PLANTATION,NON RUTIN,FRAME BODY & GUARD SYSTEM,DUMP TRUCK HINO 130 HD DA 8675 CO 251-038,370303-000300-0252,59330-12055,BESI UNP 120MM X 55MM X 6M,1.0,Btg,917900.0,Barang Konstruksi,Barang Konstruksi,Fabrikasi
2026-08-05,Aug,8,SUNGAI DANAU,PLANTATION,NON RUTIN,FRAME BODY & GUARD SYSTEM,DUMP TRUCK HINO 130 HD DA 8675 CO 251-038,370501-000300-0626,50218-21180,"STEEL CUP BRUSH 3"" - M10",1.0,Pcs,27500.0,Barang & Alat Bengkel,Barang & Alat Bengkel,Alat-alat Bengkel
2026-08-04,Aug,8,SUNGAI DANAU,PLANTATION,NON RUTIN,FRAME BODY & GUARD SYSTEM,DUMP TRUCK HINO 130 HD DA 8675 CO 251-038,370502-000100-0010,,"BATU GERINDA 4""",1.0,Pcs,10637.03,Barang & Alat Bengkel,Barang & Alat Bengkel,Work Shop
2026-08-07,Aug,8,SUNGAI DANAU,PLANTATION,NON RUTIN,FRAME BODY & GUARD SYSTEM,DUMP TRUCK HINO 130 HD DA 8675 CO 251-038,370502-000100-0010,,"BATU GERINDA 4""",2.0,Pcs,21274.06,Barang & Alat Bengkel,Barang & Alat Bengkel,Work Shop
2026-08-05,Aug,8,SUNGAI DANAU,PLANTATION,NON RUTIN,FRAME BODY & GUARD SYSTEM,DUMP TRUCK HINO 130 HD DA 8675 CO 251-038,370502-000100-0012,,"BATU GERINDA 6""",1.0,Pcs,24071.43,Barang & Alat Bengkel,Barang & Alat Bengkel,Work Shop
2026-08-07,Aug,8,SUNGAI DANAU,PLANTATION,NON RUTIN,FRAME BODY & GUARD SYSTEM,DUMP TRUCK HINO 130 HD DA 8675 CO 251-038,370502-000100-0012,,"BATU GERINDA 6""",1.0,Pcs,24071.43,Barang & Alat Bengkel,Barang & Alat Bengkel,Work Shop
2026-08-03,Aug,8,SUNGAI DANAU,PLANTATION,NON RUTIN,FRAME BODY & GUARD SYSTEM,DUMP TRUCK HINO 130 HD DA 8675 CO 251-038,370502-000100-0019,,"BATU GERINDA POTONG 4""",2.0,Pcs,7743.68,Barang & Alat Bengkel,Barang & Alat Bengkel,Work Shop
2026-08-04,Aug,8,SUNGAI DANAU,PLANTATION,NON RUTIN,FRAME BODY & GUARD SYSTEM,DUMP TRUCK HINO 130 HD DA 8675 CO 251-038,370502-000100-0019,,"BATU GERINDA POTONG 4""",1.0,Pcs,3871.84,Barang & Alat Bengkel,Barang & Alat Bengkel,Work Shop
2026-08-05,Aug,8,SUNGAI DANAU,PLANTATION,NON RUTIN,FRAME BODY & GUARD SYSTEM,DUMP TRUCK HINO 130 HD DA 8675 CO 251-038,370502-000100-0019,,"BATU GERINDA POTONG 4""",2.0,Pcs,7743.68,Barang & Alat Bengkel,Barang & Alat Bengkel,Work Shop
2026-08-06,Aug,8,SUNGAI DANAU,PLANTATION,NON RUTIN,FRAME BODY & GUARD SYSTEM,DUMP TRUCK HINO 130 HD DA 8675 CO 251-038,370502-000100-0019,,"BATU GERINDA POTONG 4""",1.0,Pcs,3871.84,Barang & Alat Bengkel,Barang & Alat Bengkel,Work Shop
2026-08-08,Aug,8,SUNGAI DANAU,PLANTATION,NON RUTIN,FRAME BODY & GUARD SYSTEM,DUMP TRUCK HINO 130 HD DA 8675 CO 251-038,370502-000300-0353,,KERTAS GOSOK NO.1500,1.0,Lbr,3804.18,Barang & Alat Bengkel,Barang & Alat Bengkel,Work Shop
2026-08-05,Aug,8,SUNGAI DANAU,PLANTATION,NON RUTIN,FRAME BODY & GUARD SYSTEM,DUMP TRUCK HINO 130 HD DA 8675 CO 251-038,370502-000300-0557,,SABUN COLEK,1.0,BKS,8000.0,Barang & Alat Bengkel,Barang & Alat Bengkel,Work Shop
2026-08-14,Aug,8,SUNGAI DANAU,PLANTATION,NON RUTIN,STEERING SYSTEM,DUMP TRUCK HINO 130 HD DA 8675 CO 251-038,340307-010312-0001,45440-39206,LINK ASSY,1.0,Pcs,4226828.31,Truck /Bus,Truck /Bus,Hino
2026-08-23,Aug,8,SUNGAI DANAU,PLANTATION,NON RUTIN,STEERING SYSTEM,DUMP TRUCK HINO 130 HD DA 8675 CO 251-038,340307-010312-0004,04431-36090,PIN KIT,1.0,Pcs,426271.43,Truck /Bus,Truck /Bus,Hino
2026-08-14,Aug,8,SUNGAI DANAU,PLANTATION,NON RUTIN,SUSPENSION SYSTEM,DUMP TRUCK HINO 130 HD DA 8675 CO 251-038,340307-010213-0001,48147-36441,CENTER BOLT 10MM X 166MM,1.0,PCS,31476.31,Truck /Bus,Truck /Bus,Hino
2026-08-14,Aug,8,SUNGAI DANAU,PLANTATION,NON RUTIN,SUSPENSION SYSTEM,DUMP TRUCK HINO 130 HD DA 8675 CO 251-038,340307-010313-0028,48304-36030,"BUMPER SUB ASSY, FR SPRING",1.0,Pcs,69221.89,Truck /Bus,Truck /Bus,Hino
2026-08-14,Aug,8,SUNGAI DANAU,PLANTATION,NON RUTIN,SUSPENSION SYSTEM,DUMP TRUCK HINO 130 HD DA 8675 CO 251-038,340307-010313-0029,48423-OW010,PIN SPRING FR.,1.0,Pcs,54252.46,Truck /Bus,Truck /Bus,Hino
2026-08-14,Aug,8,SUNGAI DANAU,PLANTATION,NON RUTIN,SUSPENSION SYSTEM,DUMP TRUCK HINO 130 HD DA 8675 CO 251-038,340307-010313-0034,48511-OW030,SHOCK ABSORBER ASSY FR.,2.0,Pcs,734011.1,Truck /Bus,Truck /Bus,Hino
2026-08-14,Aug,8,SUNGAI DANAU,PLANTATION,RUTIN,SUSPENSION SYSTEM,DUMP TRUCK HINO 130 HD DA 8678 CO 251-039,350202-000200-0001,3207-1602,GREASE,2.0,Kg,80645.58,Pelumas,Pelumas,Grease
2026-08-18,Aug,8,SUNGAI DANAU,PLANTATION,NON RUTIN,BRAKE SYSTEM,DUMP TRUCK HINO 130 HD DA 8678 CO 251-039,340307-010304-0030,4038-0131,"SEAL, PISTON BRAKE 13/16""",2.0,Pcs,17021.36,Truck /Bus,Truck /Bus,Hino
2026-08-18,Aug,8,SUNGAI DANAU,PLANTATION,NON RUTIN,FRAME BODY & GUARD SYSTEM,DUMP TRUCK HINO 130 HD DA 8678 CO 251-039,370502-000300-0122,,BOLT & NUT M8 X 50MM - 1.0,2.0,Pcs,1700.0,Barang & Alat Bengkel,Barang & Alat Bengkel,Work Shop
2026-08-18,Aug,8,SUNGAI DANAU,PLANTATION,NON RUTIN,STEERING SYSTEM,DUMP TRUCK HINO 130 HD DA 8678 CO 251-039,340307-010312-0032,90214-29001,"WASHER, CLAW ( FOR FRONT AXLE HUB RH )",1.0,PCS,34347.82,Truck /Bus,Truck /Bus,Hino
2026-08-18,Aug,8,SUNGAI DANAU,PLANTATION,NON RUTIN,SUSPENSION SYSTEM,DUMP TRUCK HINO 130 HD DA 8678 CO 251-039,340307-010313-0034,48511-OW030,SHOCK ABSORBER ASSY FR.,1.0,Pcs,367005.55,Truck /Bus,Truck /Bus,Hino
2026-08-04,Aug,8,SUNGAI DANAU,PLANTATION,NON RUTIN,TRANSMISSION SYSTEM,DUMP TRUCK HINO 130 HD DA 8678 CO 251-039,340307-010314-0016,31420-37142,CYLINDER ASSY CLUTCH MASTER,1.0,PCS,298675.0,Truck /Bus,Truck /Bus,Hino
2026-08-15,Aug,8,SUNGAI DANAU,PLANTATION,RUTIN,ENGINE SYSTEM,DUMP TRUCK HINO 130 HD DA 8679 CO 251-040,350201-000200-0024,,ENGINE OIL 15W-40,9.0,LTR,286205.04,Pelumas,Pelumas,Oli
2026-08-14,Aug,8,SUNGAI DANAU,PLANTATION,RUTIN,SUSPENSION SYSTEM,DUMP TRUCK HINO 130 HD DA 8679 CO 251-040,350202-000200-0001,3207-1602,GREASE,2.0,Kg,80645.58,Pelumas,Pelumas,Grease
2026-08-08,Aug,8,SUNGAI DANAU,PLANTATION,RUTIN,WHEEL & TYRE SYSTEM,DUMP TRUCK HINO 130 HD DA 8679 CO 251-040,370601-000216-0041,48116-750,BAN DALAM 7.50 * 16,2.0,Pcs,564645.24,Suku Cadang Umum,Suku Cadang Umum,Ban
2026-08-28,Aug,8,SUNGAI DANAU,PLANTATION,RUTIN,WHEEL & TYRE SYSTEM,DUMP TRUCK HINO 130 HD DA 8679 CO 251-040,370601-000216-0041,48116-750,BAN DALAM 7.50 * 16,2.0,Pcs,564645.24,Suku Cadang Umum,Suku Cadang Umum,Ban
2026-08-28,Aug,8,SUNGAI DANAU,PLANTATION,RUTIN,WHEEL & TYRE SYSTEM,DUMP TRUCK HINO 130 HD DA 8679 CO 251-040,370601-000216-0121,48216-750K,BAN LUAR 7.50 * 16 KOTA,2.0,Pcs,3751750.0,Suku Cadang Umum,Suku Cadang Umum,Ban
2026-08-08,Aug,8,SUNGAI DANAU,PLANTATION,RUTIN,WHEEL & TYRE SYSTEM,DUMP TRUCK HINO 130 HD DA 8679 CO 251-040,370601-000216-0122,48216-750R,BAN LUAR 7.50 * 16 RIMBA,2.0,Pcs,4153454.38,Suku Cadang Umum,Suku Cadang Umum,Ban
2026-08-08,Aug,8,SUNGAI DANAU,PLANTATION,RUTIN,WHEEL & TYRE SYSTEM,DUMP TRUCK HINO 130 HD DA 8679 CO 251-040,370601-000216-0139,48316-0750,MARSED BAN 7.50 * 16,2.0,Pcs,140365.12,Suku Cadang Umum,Suku Cadang Umum,Ban
2026-08-28,Aug,8,SUNGAI DANAU,PLANTATION,RUTIN,WHEEL & TYRE SYSTEM,DUMP TRUCK HINO 130 HD DA 8679 CO 251-040,370601-000216-0139,48316-0750,MARSED BAN 7.50 * 16,2.0,Pcs,140365.12,Suku Cadang Umum,Suku Cadang Umum,Ban
2026-08-03,Aug,8,SUNGAI DANAU,PLANTATION,NON RUTIN,ELECTRICAL SYSTEM,DUMP TRUCK HINO 130 HD DA 8679 CO 251-040,340501-000300-0079,,BLADE FUSE KECIL 10A,2.0,pcs,2000.0,Umum Kendaraan,Umum Kendaraan,Umum Kendaraan
2026-08-04,Aug,8,SUNGAI DANAU,PLANTATION,NON RUTIN,ELECTRICAL SYSTEM,DUMP TRUCK HINO 130 HD DA 8679 CO 251-040,370502-000300-0553,,BOX SEKRING TANCAP,1.0,PCS,12650.0,Barang & Alat Bengkel,Barang & Alat Bengkel,Work Shop
2026-08-12,Aug,8,SUNGAI DANAU,PLANTATION,NON RUTIN,ENGINE SYSTEM,DUMP TRUCK HINO 130 HD DA 8679 CO 251-040,370502-000300-0620,,"HOSE CLAMP 1""",2.0,Pcs,3000.0,Barang & Alat Bengkel,Barang & Alat Bengkel,Work Shop
2026-08-16,Aug,8,SUNGAI DANAU,PLANTATION,NON RUTIN,FRAME BODY & GUARD SYSTEM,DUMP TRUCK HINO 130 HD DA 8679 CO 251-040,370502-000300-0475,,PLATE WASHER M10,8.0,PCS,1421.36,Barang & Alat Bengkel,Barang & Alat Bengkel,Work Shop
2026-08-12,Aug,8,SUNGAI DANAU,PLANTATION,NON RUTIN,FRAME BODY & GUARD SYSTEM,DUMP TRUCK HINO 130 HD DA 8679 CO 251-040,370502-000300-0557,,SABUN COLEK,1.0,BKS,8000.0,Barang & Alat Bengkel,Barang & Alat Bengkel,Work Shop
2026-08-09,Aug,8,SUNGAI DANAU,PLANTATION,NON RUTIN,STEERING SYSTEM,DUMP TRUCK HINO 130 HD DA 8679 CO 251-040,340307-010312-0002,45046-39416,SUB ASSY,1.0,PCS,137809.37,Truck /Bus,Truck /Bus,Hino
2026-08-09,Aug,8,SUNGAI DANAU,PLANTATION,NON RUTIN,STEERING SYSTEM,DUMP TRUCK HINO 130 HD DA 8679 CO 251-040,340307-010312-0004,04431-36090,PIN KIT,1.0,Pcs,426271.43,Truck /Bus,Truck /Bus,Hino
2026-08-16,Aug,8,SUNGAI DANAU,PLANTATION,NON RUTIN,STEERING SYSTEM,DUMP TRUCK HINO 130 HD DA 8679 CO 251-040,370502-000300-0294,,GREASE NEEPLE M6 - 90Â°,1.0,PCS,3500.0,Barang & Alat Bengkel,Barang & Alat Bengkel,Work Shop
2026-08-09,Aug,8,SUNGAI DANAU,PLANTATION,NON RUTIN,SUSPENSION SYSTEM,DUMP TRUCK HINO 130 HD DA 8679 CO 251-040,340307-010313-0034,48511-OW030,SHOCK ABSORBER ASSY FR.,1.0,Pcs,367005.55,Truck /Bus,Truck /Bus,Hino
2026-08-02,Aug,8,SUNGAI DANAU,PLANTATION,RUTIN,ENGINE SYSTEM,DUMP TRUCK HINO 130 HD DA 8680 CO 251-041,340307-010207-0009,23390-78450,"ELEMENT, FUEL FILTER",1.0,Pcs,70303.26,Truck /Bus,Truck /Bus,Hino
2026-08-02,Aug,8,SUNGAI DANAU,PLANTATION,RUTIN,ENGINE SYSTEM,DUMP TRUCK HINO 130 HD DA 8680 CO 251-041,350201-000200-0024,,ENGINE OIL 15W-40,9.0,LTR,286205.04,Pelumas,Pelumas,Oli
2026-08-14,Aug,8,SUNGAI DANAU,PLANTATION,RUTIN,SUSPENSION SYSTEM,DUMP TRUCK HINO 130 HD DA 8680 CO 251-041,350202-000200-0001,3207-1602,GREASE,2.0,Kg,80645.58,Pelumas,Pelumas,Grease
2026-08-02,Aug,8,SUNGAI DANAU,PLANTATION,RUTIN,TRANSMISSION SYSTEM,DUMP TRUCK HINO 130 HD DA 8680 CO 251-041,350201-000200-0041,,GEAR OIL RORED HDA-90,3.0,Ltr,104183.13,Pelumas,Pelumas,Oli
2026-08-20,Aug,8,SUNGAI DANAU,PLANTATION,RUTIN,WHEEL & TYRE SYSTEM,DUMP TRUCK HINO 130 HD DA 8680 CO 251-041,370601-000216-0041,48116-750,BAN DALAM 7.50 * 16,2.0,Pcs,564645.24,Suku Cadang Umum,Suku Cadang Umum,Ban
2026-08-20,Aug,8,SUNGAI DANAU,PLANTATION,RUTIN,WHEEL & TYRE SYSTEM,DUMP TRUCK HINO 130 HD DA 8680 CO 251-041,370601-000216-0122,48216-750R,BAN LUAR 7.50 * 16 RIMBA,2.0,Pcs,4153454.38,Suku Cadang Umum,Suku Cadang Umum,Ban
2026-08-20,Aug,8,SUNGAI DANAU,PLANTATION,RUTIN,WHEEL & TYRE SYSTEM,DUMP TRUCK HINO 130 HD DA 8680 CO 251-041,370601-000216-0139,48316-0750,MARSED BAN 7.50 * 16,2.0,Pcs,140365.12,Suku Cadang Umum,Suku Cadang Umum,Ban
2026-08-27,Aug,8,SUNGAI DANAU,PLANTATION,NON RUTIN,ATTACHMENT SYSTEM,DUMP TRUCK HINO 130 HD DA 8680 CO 251-041,340307-010303-0002,87901-0W080,MIRROR SUB ASSY 87901-LAA80,1.0,Pcs,70000.0,Truck /Bus,Truck /Bus,Hino
2026-08-27,Aug,8,SUNGAI DANAU,PLANTATION,NON RUTIN,BRAKE SYSTEM,DUMP TRUCK HINO 130 HD DA 8680 CO 251-041,340307-010304-0030,4038-0131,"SEAL, PISTON BRAKE 13/16""",2.0,Pcs,17021.36,Truck /Bus,Truck /Bus,Hino
2026-08-27,Aug,8,SUNGAI DANAU,PLANTATION,NON RUTIN,BRAKE SYSTEM,DUMP TRUCK HINO 130 HD DA 8680 CO 251-041,370502-000300-0186,,BRAKE FLUID,1.0,Btl,72691.77,Barang & Alat Bengkel,Barang & Alat Bengkel,Work Shop
2026-08-27,Aug,8,SUNGAI DANAU,PLANTATION,NON RUTIN,BRAKE SYSTEM,DUMP TRUCK HINO 130 HD DA 8680 CO 251-041,370502-000300-0353,,KERTAS GOSOK NO.1500,1.0,Lbr,3804.18,Barang & Alat Bengkel,Barang & Alat Bengkel,Work Shop
2026-08-16,Aug,8,SUNGAI DANAU,PLANTATION,NON RUTIN,ELECTRICAL SYSTEM,DUMP TRUCK HINO 130 HD DA 8680 CO 251-041,340307-010306-0060,86520-37020,HORN ASSY 12V,1.0,Pcs,65000.0,Truck /Bus,Truck /Bus,Hino
2026-08-16,Aug,8,SUNGAI DANAU,PLANTATION,NON RUTIN,ELECTRICAL SYSTEM,DUMP TRUCK HINO 130 HD DA 8680 CO 251-041,340501-000300-0050,60221-12210,AUTO LAMP DOUBLE BASE 12V-25/10W,2.0,Pcs,13443.46,Umum Kendaraan,Umum Kendaraan,Umum Kendaraan
2026-08-24,Aug,8,SUNGAI DANAU,PLANTATION,NON RUTIN,FRAME BODY & GUARD SYSTEM,DUMP TRUCK HINO 130 HD DA 8680 CO 251-041,370502-000300-0122,,BOLT & NUT M8 X 50MM - 1.0,1.0,Pcs,850.0,Barang & Alat Bengkel,Barang & Alat Bengkel,Work Shop
2026-08-27,Aug,8,SUNGAI DANAU,PLANTATION,NON RUTIN,FRAME BODY & GUARD SYSTEM,DUMP TRUCK HINO 130 HD DA 8680 CO 251-041,370502-000300-0557,,SABUN COLEK,1.0,BKS,8000.0,Barang & Alat Bengkel,Barang & Alat Bengkel,Work Shop
2026-08-27,Aug,8,SUNGAI DANAU,PLANTATION,NON RUTIN,HYDRAULIC SYSTEM,DUMP TRUCK HINO 130 HD DA 8680 CO 251-041,350201-000200-0071,,HYDRAULIC OIL MEDITRAN SAE 10W,2.0,LTR,52714.86,Pelumas,Pelumas,Oli
2026-08-16,Aug,8,SUNGAI DANAU,PLANTATION,NON RUTIN,SUSPENSION SYSTEM,DUMP TRUCK HINO 130 HD DA 8680 CO 251-041,340307-010213-0002,48247-25261,CENTER BOLT 10MM X 320MM,1.0,PCS,33681.86,Truck /Bus,Truck /Bus,Hino
2026-08-27,Aug,8,SUNGAI DANAU,PLANTATION,NON RUTIN,SUSPENSION SYSTEM,DUMP TRUCK HINO 130 HD DA 8680 CO 251-041,340307-010213-0002,48247-25261,CENTER BOLT 10MM X 320MM,1.0,PCS,33681.86,Truck /Bus,Truck /Bus,Hino
2026-08-16,Aug,8,SUNGAI DANAU,PLANTATION,NON RUTIN,SUSPENSION SYSTEM,DUMP TRUCK HINO 130 HD DA 8680 CO 251-041,340307-010313-0031,48435-36020,ATTACHMENT,1.0,Pcs,56111.11,Truck /Bus,Truck /Bus,Hino
2026-08-24,Aug,8,SUNGAI DANAU,PLANTATION,NON RUTIN,TRANSMISSION SYSTEM,DUMP TRUCK HINO 130 HD DA 8680 CO 251-041,340307-010314-0016,31420-37142,CYLINDER ASSY CLUTCH MASTER,1.0,PCS,298675.0,Truck /Bus,Truck /Bus,Hino
2026-08-27,Aug,8,SUNGAI DANAU,PLANTATION,RUTIN,ENGINE SYSTEM,DUMP TRUCK HINO 130 HD DA 8681 CO 251-042,340307-010207-0009,23390-78450,"ELEMENT, FUEL FILTER",1.0,Pcs,70303.26,Truck /Bus,Truck /Bus,Hino
2026-08-27,Aug,8,SUNGAI DANAU,PLANTATION,RUTIN,ENGINE SYSTEM,DUMP TRUCK HINO 130 HD DA 8681 CO 251-042,350201-000200-0024,,ENGINE OIL 15W-40,9.0,LTR,286205.04,Pelumas,Pelumas,Oli
2026-08-21,Aug,8,SUNGAI DANAU,PLANTATION,RUTIN,SUSPENSION SYSTEM,DUMP TRUCK HINO 130 HD DA 8681 CO 251-042,350202-000200-0001,3207-1602,GREASE,2.0,Kg,80645.58,Pelumas,Pelumas,Grease
2026-08-27,Aug,8,SUNGAI DANAU,PLANTATION,RUTIN,TRANSMISSION SYSTEM,DUMP TRUCK HINO 130 HD DA 8681 CO 251-042,350201-000200-0041,,GEAR OIL RORED HDA-90,3.0,Ltr,104183.13,Pelumas,Pelumas,Oli
2026-08-05,Aug,8,SUNGAI DANAU,PLANTATION,RUTIN,WHEEL & TYRE SYSTEM,DUMP TRUCK HINO 130 HD DA 8681 CO 251-042,370601-000216-0041,48116-750,BAN DALAM 7.50 * 16,2.0,Pcs,564645.24,Suku Cadang Umum,Suku Cadang Umum,Ban
2026-08-05,Aug,8,SUNGAI DANAU,PLANTATION,RUTIN,WHEEL & TYRE SYSTEM,DUMP TRUCK HINO 130 HD DA 8681 CO 251-042,370601-000216-0121,48216-750K,BAN LUAR 7.50 * 16 KOTA,2.0,Pcs,3751750.0,Suku Cadang Umum,Suku Cadang Umum,Ban
2026-08-05,Aug,8,SUNGAI DANAU,PLANTATION,RUTIN,WHEEL & TYRE SYSTEM,DUMP TRUCK HINO 130 HD DA 8681 CO 251-042,370601-000216-0139,48316-0750,MARSED BAN 7.50 * 16,2.0,Pcs,140365.12,Suku Cadang Umum,Suku Cadang Umum,Ban
2026-08-14,Aug,8,SUNGAI DANAU,PLANTATION,NON RUTIN,BRAKE SYSTEM,DUMP TRUCK HINO 130 HD DA 8681 CO 251-042,340307-010304-0006,04311-26050,"CYLINDER KIT, MASTER CLUTCH",1.0,Set,356623.22,Truck /Bus,Truck /Bus,Hino
2026-08-31,Aug,8,SUNGAI DANAU,PLANTATION,NON RUTIN,DIFFENTTIAL & REAR AXLE SYSTEM,DUMP TRUCK HINO 130 HD DA 8681 CO 251-042,340307-010305-0052,90116-10191,STUD BOLT,8.0,Pcs,120000.0,Truck /Bus,Truck /Bus,Hino
2026-08-31,Aug,8,SUNGAI DANAU,PLANTATION,NON RUTIN,DIFFENTTIAL & REAR AXLE SYSTEM,DUMP TRUCK HINO 130 HD DA 8681 CO 251-042,340307-010305-0063,90250-10055,"PIN, STRAIGHT ( FOR REAR AXLE HUB RH )",3.0,PCS,59501.43,Truck /Bus,Truck /Bus,Hino
2026-08-14,Aug,8,SUNGAI DANAU,PLANTATION,NON RUTIN,ENGINE SYSTEM,DUMP TRUCK HINO 130 HD DA 8681 CO 251-042,340307-010307-0071,17401-0W060,PIPE ASSY EXHAUST FRONT,1.0,PCS,1093500.0,Truck /Bus,Truck /Bus,Hino
2026-08-14,Aug,8,SUNGAI DANAU,PLANTATION,NON RUTIN,ENGINE SYSTEM,DUMP TRUCK HINO 130 HD DA 8681 CO 251-042,340307-030307-0003,46700-37100,"RETARDER ASSY, EXHAUST",1.0,PCS,1125000.0,Truck /Bus,Truck /Bus,Hino
2026-08-16,Aug,8,SUNGAI DANAU,PLANTATION,NON RUTIN,FRAME BODY & GUARD SYSTEM,DUMP TRUCK HINO 130 HD DA 8681 CO 251-042,340307-010309-0016,48418-37040,BRACKET,1.0,PCS,303868.9,Truck /Bus,Truck /Bus,Hino
2026-08-31,Aug,8,SUNGAI DANAU,PLANTATION,NON RUTIN,FRAME BODY & GUARD SYSTEM,DUMP TRUCK HINO 130 HD DA 8681 CO 251-042,340307-010309-0113,69260-OB010-B1,HANDLE ASSY FRONT DOOR WINDOW REGULATOR,1.0,PCS,25000.0,Truck /Bus,Truck /Bus,Hino
2026-08-16,Aug,8,SUNGAI DANAU,PLANTATION,NON RUTIN,FRAME BODY & GUARD SYSTEM,DUMP TRUCK HINO 130 HD DA 8681 CO 251-042,370502-000300-0077,,BOLT & NUT M10 X 1.25 X 50MM,6.0,pcs,7500.0,Barang & Alat Bengkel,Barang & Alat Bengkel,Work Shop
2026-08-14,Aug,8,SUNGAI DANAU,PLANTATION,NON RUTIN,FRAME BODY & GUARD SYSTEM,DUMP TRUCK HINO 130 HD DA 8681 CO 251-042,370502-000300-0352,,KERTAS GOSOK NO.150,1.0,Lbr,3804.14,Barang & Alat Bengkel,Barang & Alat Bengkel,Work Shop
2026-08-16,Aug,8,SUNGAI DANAU,PLANTATION,NON RUTIN,FRAME BODY & GUARD SYSTEM,DUMP TRUCK HINO 130 HD DA 8681 CO 251-042,370502-000300-0475,,PLATE WASHER M10,6.0,PCS,1066.02,Barang & Alat Bengkel,Barang & Alat Bengkel,Work Shop
2026-08-16,Aug,8,SUNGAI DANAU,PLANTATION,NON RUTIN,SUSPENSION SYSTEM,DUMP TRUCK HINO 130 HD DA 8681 CO 251-042,340307-010313-0006,48041-0W010,SHACKLE SUB ASSY,1.0,Pcs,146644.9,Truck /Bus,Truck /Bus,Hino
2026-08-16,Aug,8,SUNGAI DANAU,PLANTATION,NON RUTIN,SUSPENSION SYSTEM,DUMP TRUCK HINO 130 HD DA 8681 CO 251-042,340307-010313-0031,48435-36020,ATTACHMENT,1.0,Pcs,56111.11,Truck /Bus,Truck /Bus,Hino
2026-08-16,Aug,8,SUNGAI DANAU,PLANTATION,NON RUTIN,SUSPENSION SYSTEM,DUMP TRUCK HINO 130 HD DA 8681 CO 251-042,340307-010313-0032,48444-0W010,"PLATE, FR. SPRING SHACKLE INNER",1.0,Pcs,112810.0,Truck /Bus,Truck /Bus,Hino
2026-08-16,Aug,8,SUNGAI DANAU,PLANTATION,NON RUTIN,SUSPENSION SYSTEM,DUMP TRUCK HINO 130 HD DA 8681 CO 251-042,340307-010313-0061,90999-73014,BUSH,2.0,Pcs,30000.0,Truck /Bus,Truck /Bus,Hino
2026-08-14,Aug,8,SUNGAI DANAU,PLANTATION,NON RUTIN,TRANSMISSION SYSTEM,DUMP TRUCK HINO 130 HD DA 8681 CO 251-042,340307-010314-0009,31230-36200,BEARING ASSY CLUTCH RELEASE,1.0,SET,171000.0,Truck /Bus,Truck /Bus,Hino
2026-08-14,Aug,8,SUNGAI DANAU,PLANTATION,NON RUTIN,TRANSMISSION SYSTEM,DUMP TRUCK HINO 130 HD DA 8681 CO 251-042,340307-010314-0013,31250-LAA50,DISC CLUTCH 31250-OW050,1.0,PCS,1750000.0,Truck /Bus,Truck /Bus,Hino
2026-08-31,Aug,8,SUNGAI DANAU,PLANTATION,NON RUTIN,TRANSMISSION SYSTEM,DUMP TRUCK HINO 130 HD DA 8681 CO 251-042,340307-010314-0075,90310-40001,SEAL OIL,1.0,Pcs,40537.12,Truck /Bus,Truck /Bus,Hino
2026-08-21,Aug,8,SUNGAI DANAU,PLANTATION,RUTIN,SUSPENSION SYSTEM,DUMP TRUCK HINO 130HD DA 8571 CP 251-044,350202-000200-0001,3207-1602,GREASE,2.0,Kg,80645.58,Pelumas,Pelumas,Grease
2026-08-26,Aug,8,SUNGAI DANAU,PLANTATION,NON RUTIN,BRAKE SYSTEM,DUMP TRUCK HINO 130HD DA 8571 CP 251-044,340307-010304-0030,4038-0131,"SEAL, PISTON BRAKE 13/16""",4.0,Pcs,34042.72,Truck /Bus,Truck /Bus,Hino
2026-08-26,Aug,8,SUNGAI DANAU,PLANTATION,NON RUTIN,BRAKE SYSTEM,DUMP TRUCK HINO 130HD DA 8571 CP 251-044,370502-000300-0186,,BRAKE FLUID,1.0,Btl,72691.77,Barang & Alat Bengkel,Barang & Alat Bengkel,Work Shop
2026-08-26,Aug,8,SUNGAI DANAU,PLANTATION,NON RUTIN,BRAKE SYSTEM,DUMP TRUCK HINO 130HD DA 8571 CP 251-044,370502-000300-0557,,SABUN COLEK,1.0,BKS,8000.0,Barang & Alat Bengkel,Barang & Alat Bengkel,Work Shop
2026-08-03,Aug,8,SUNGAI DANAU,PLANTATION,NON RUTIN,DIFFENTTIAL & REAR AXLE SYSTEM,DUMP TRUCK HINO 130HD DA 8571 CP 251-044,340307-010305-0007,4038-0021,BOLT KIT REAR WHEEL RH.,5.0,Set,275390.15,Truck /Bus,Truck /Bus,Hino
2026-08-11,Aug,8,SUNGAI DANAU,PLANTATION,NON RUTIN,DIFFENTTIAL & REAR AXLE SYSTEM,DUMP TRUCK HINO 130HD DA 8571 CP 251-044,340307-010305-0065,90311-68003,SEAL OIL,2.0,Pcs,49458.08,Truck /Bus,Truck /Bus,Hino
2026-08-15,Aug,8,SUNGAI DANAU,PLANTATION,NON RUTIN,FRAME BODY & GUARD SYSTEM,DUMP TRUCK HINO 130HD DA 8571 CP 251-044,340307-010309-0016,48418-37040,BRACKET,1.0,PCS,303868.9,Truck /Bus,Truck /Bus,Hino
2026-08-11,Aug,8,SUNGAI DANAU,PLANTATION,NON RUTIN,FRAME BODY & GUARD SYSTEM,DUMP TRUCK HINO 130HD DA 8571 CP 251-044,370502-000300-0077,,BOLT & NUT M10 X 1.25 X 50MM,1.0,pcs,1250.0,Barang & Alat Bengkel,Barang & Alat Bengkel,Work Shop
2026-08-26,Aug,8,SUNGAI DANAU,PLANTATION,NON RUTIN,FRAME BODY & GUARD SYSTEM,DUMP TRUCK HINO 130HD DA 8571 CP 251-044,370502-000300-0353,,KERTAS GOSOK NO.1500,1.0,Lbr,3804.18,Barang & Alat Bengkel,Barang & Alat Bengkel,Work Shop
2026-08-24,Aug,8,SUNGAI DANAU,PLANTATION,NON RUTIN,STEERING SYSTEM,DUMP TRUCK HINO 130HD DA 8571 CP 251-044,340307-010312-0002,45046-39416,SUB ASSY,1.0,PCS,137809.37,Truck /Bus,Truck /Bus,Hino
2026-08-26,Aug,8,SUNGAI DANAU,PLANTATION,NON RUTIN,STEERING SYSTEM,DUMP TRUCK HINO 130HD DA 8571 CP 251-044,340307-010312-0004,04431-36090,PIN KIT,1.0,Pcs,426271.43,Truck /Bus,Truck /Bus,Hino
2026-08-11,Aug,8,SUNGAI DANAU,PLANTATION,NON RUTIN,SUSPENSION SYSTEM,DUMP TRUCK HINO 130HD DA 8571 CP 251-044,340307-010213-0002,48247-25261,CENTER BOLT 10MM X 320MM,1.0,PCS,33681.86,Truck /Bus,Truck /Bus,Hino
2026-08-26,Aug,8,SUNGAI DANAU,PLANTATION,NON RUTIN,SUSPENSION SYSTEM,DUMP TRUCK HINO 130HD DA 8571 CP 251-044,340307-010313-0006,48041-0W010,SHACKLE SUB ASSY,1.0,Pcs,146644.9,Truck /Bus,Truck /Bus,Hino
2026-08-11,Aug,8,SUNGAI DANAU,PLANTATION,NON RUTIN,SUSPENSION SYSTEM,DUMP TRUCK HINO 130HD DA 8571 CP 251-044,340307-010313-0015,48201-OW010,LEAF SPRING RR. NO.1,1.0,Pcs,750000.0,Truck /Bus,Truck /Bus,Hino
2026-08-26,Aug,8,SUNGAI DANAU,PLANTATION,NON RUTIN,SUSPENSION SYSTEM,DUMP TRUCK HINO 130HD DA 8571 CP 251-044,340307-010313-0028,48304-36030,"BUMPER SUB ASSY, FR SPRING",1.0,Pcs,69221.89,Truck /Bus,Truck /Bus,Hino
2026-08-15,Aug,8,SUNGAI DANAU,PLANTATION,NON RUTIN,SUSPENSION SYSTEM,DUMP TRUCK HINO 130HD DA 8571 CP 251-044,340307-010313-0031,48435-36020,ATTACHMENT,1.0,Pcs,56111.11,Truck /Bus,Truck /Bus,Hino
2026-08-26,Aug,8,SUNGAI DANAU,PLANTATION,NON RUTIN,SUSPENSION SYSTEM,DUMP TRUCK HINO 130HD DA 8571 CP 251-044,340307-010313-0032,48444-0W010,"PLATE, FR. SPRING SHACKLE INNER",1.0,Pcs,112810.0,Truck /Bus,Truck /Bus,Hino
2026-08-24,Aug,8,SUNGAI DANAU,PLANTATION,NON RUTIN,SUSPENSION SYSTEM,DUMP TRUCK HINO 130HD DA 8571 CP 251-044,340307-010313-0034,48511-OW030,SHOCK ABSORBER ASSY FR.,1.0,Pcs,367005.55,Truck /Bus,Truck /Bus,Hino
2026-08-26,Aug,8,SUNGAI DANAU,PLANTATION,NON RUTIN,SUSPENSION SYSTEM,DUMP TRUCK HINO 130HD DA 8571 CP 251-044,340307-010313-0035,48522-OW010,PIN FR. S/ABSORBER LOWER PIVOT,1.0,Pcs,87500.0,Truck /Bus,Truck /Bus,Hino
2026-08-26,Aug,8,SUNGAI DANAU,PLANTATION,NON RUTIN,SUSPENSION SYSTEM,DUMP TRUCK HINO 130HD DA 8571 CP 251-044,340307-010313-0055,90080-11533,"U BOLT, FR. SHOCK",1.0,Pcs,45727.27,Truck /Bus,Truck /Bus,Hino
2026-08-11,Aug,8,SUNGAI DANAU,PLANTATION,NON RUTIN,SUSPENSION SYSTEM,DUMP TRUCK HINO 130HD DA 8571 CP 251-044,340307-010313-0061,90999-73014,BUSH,1.0,Pcs,15000.0,Truck /Bus,Truck /Bus,Hino
2026-08-15,Aug,8,SUNGAI DANAU,PLANTATION,NON RUTIN,SUSPENSION SYSTEM,DUMP TRUCK HINO 130HD DA 8571 CP 251-044,370502-000300-0077,,BOLT & NUT M10 X 1.25 X 50MM,4.0,pcs,5000.0,Barang & Alat Bengkel,Barang & Alat Bengkel,Work Shop
2026-08-11,Aug,8,SUNGAI DANAU,PLANTATION,NON RUTIN,SUSPENSION SYSTEM,DUMP TRUCK HINO 130HD DA 8571 CP 251-044,370502-000300-0291,61405-16110,GREASE NEEPLE M10,1.0,Pcs,3250.0,Barang & Alat Bengkel,Barang & Alat Bengkel,Work Shop
2026-08-26,Aug,8,SUNGAI DANAU,PLANTATION,NON RUTIN,SUSPENSION SYSTEM,DUMP TRUCK HINO 130HD DA 8571 CP 251-044,370502-000300-0294,,GREASE NEEPLE M6 - 90Â°,2.0,PCS,7000.0,Barang & Alat Bengkel,Barang & Alat Bengkel,Work Shop
2026-08-12,Aug,8,SUNGAI DANAU,PLANTATION,NON RUTIN,WHEEL & TYRE SYSTEM,DUMP TRUCK HINO 130HD DA 8571 CP 251-044,340501-000300-0027,00320-23081,TYRE WHEEL CAP,1.0,Pcs,450000.0,Umum Kendaraan,Umum Kendaraan,Umum Kendaraan
2026-08-29,Aug,8,SUNGAI DANAU,PLANTATION,NON RUTIN,WHEEL & TYRE SYSTEM,DUMP TRUCK HINO 130HD DA 8571 CP 251-044,370601-000216-0041,48116-750,BAN DALAM 7.50 * 16,1.0,Pcs,282322.62,Suku Cadang Umum,Suku Cadang Umum,Ban
2026-08-26,Aug,8,SUNGAI DANAU,PLANTATION,RUTIN,AIR SYSTEM,DUMP TRUCK HINO 130 HD DA 8643 CQ 251-045,340307-010202-0001,17801-1130L,AIR FILTER,1.0,PCS,80554.88,Truck /Bus,Truck /Bus,Hino
2026-08-26,Aug,8,SUNGAI DANAU,PLANTATION,RUTIN,DIFFENTTIAL & REAR AXLE SYSTEM,DUMP TRUCK HINO 130 HD DA 8643 CQ 251-045,350201-000200-0040,,GEAR OIL RORED HDA-140,3.0,Ltr,110565.0,Pelumas,Pelumas,Oli
2026-08-26,Aug,8,SUNGAI DANAU,PLANTATION,RUTIN,ENGINE SYSTEM,DUMP TRUCK HINO 130 HD DA 8643 CQ 251-045,340307-010207-0002,23401-1332L,FUEL FILTER,1.0,PCS,38425.0,Truck /Bus,Truck /Bus,Hino
2026-08-26,Aug,8,SUNGAI DANAU,PLANTATION,RUTIN,ENGINE SYSTEM,DUMP TRUCK HINO 130 HD DA 8643 CQ 251-045,340307-010207-0004,15607-2250L,OIL FILTER,1.0,Pcs,73950.0,Truck /Bus,Truck /Bus,Hino
2026-08-26,Aug,8,SUNGAI DANAU,PLANTATION,RUTIN,ENGINE SYSTEM,DUMP TRUCK HINO 130 HD DA 8643 CQ 251-045,340307-010207-0009,23390-78450,"ELEMENT, FUEL FILTER",1.0,Pcs,70303.26,Truck /Bus,Truck /Bus,Hino
2026-08-26,Aug,8,SUNGAI DANAU,PLANTATION,RUTIN,ENGINE SYSTEM,DUMP TRUCK HINO 130 HD DA 8643 CQ 251-045,350201-000200-0024,,ENGINE OIL 15W-40,9.0,LTR,286205.04,Pelumas,Pelumas,Oli
2026-08-21,Aug,8,SUNGAI DANAU,PLANTATION,RUTIN,SUSPENSION SYSTEM,DUMP TRUCK HINO 130 HD DA 8643 CQ 251-045,350202-000200-0001,3207-1602,GREASE,2.0,Kg,80645.58,Pelumas,Pelumas,Grease
2026-08-26,Aug,8,SUNGAI DANAU,PLANTATION,RUTIN,TRANSMISSION SYSTEM,DUMP TRUCK HINO 130 HD DA 8643 CQ 251-045,350201-000200-0041,,GEAR OIL RORED HDA-90,3.0,Ltr,104183.13,Pelumas,Pelumas,Oli
2026-08-06,Aug,8,SUNGAI DANAU,PLANTATION,RUTIN,ENGINE SYSTEM,DUMP TRUCK HINO 130 HD DA 8642 CQ 251-046,350201-000200-0024,,ENGINE OIL 15W-40,9.0,LTR,286205.04,Pelumas,Pelumas,Oli
2026-08-21,Aug,8,SUNGAI DANAU,PLANTATION,RUTIN,SUSPENSION SYSTEM,DUMP TRUCK HINO 130 HD DA 8642 CQ 251-046,350202-000200-0001,3207-1602,GREASE,2.0,Kg,80645.58,Pelumas,Pelumas,Grease
2026-08-04,Aug,8,SUNGAI DANAU,PLANTATION,NON RUTIN,BRAKE SYSTEM,DUMP TRUCK HINO 130 HD DA 8642 CQ 251-046,340307-010304-0006,04311-26050,"CYLINDER KIT, MASTER CLUTCH",1.0,Set,356623.22,Truck /Bus,Truck /Bus,Hino
2026-08-16,Aug,8,SUNGAI DANAU,PLANTATION,NON RUTIN,SUSPENSION SYSTEM,DUMP TRUCK HINO 130 HD DA 8642 CQ 251-046,340307-010213-0002,48247-25261,CENTER BOLT 10MM X 320MM,1.0,PCS,33681.86,Truck /Bus,Truck /Bus,Hino
2026-08-07,Aug,8,SUNGAI DANAU,PLANTATION,RUTIN,AIR SYSTEM,DUMP TRUCK HINO 130 HD DA 8923 CV 251-047,340307-010202-0001,17801-1130L,AIR FILTER,1.0,PCS,80554.88,Truck /Bus,Truck /Bus,Hino
2026-08-07,Aug,8,SUNGAI DANAU,PLANTATION,RUTIN,DIFFENTTIAL & REAR AXLE SYSTEM,DUMP TRUCK HINO 130 HD DA 8923 CV 251-047,350201-000200-0040,,GEAR OIL RORED HDA-140,3.0,Ltr,110565.0,Pelumas,Pelumas,Oli
2026-08-07,Aug,8,SUNGAI DANAU,PLANTATION,RUTIN,ENGINE SYSTEM,DUMP TRUCK HINO 130 HD DA 8923 CV 251-047,340307-010207-0004,15607-2250L,OIL FILTER,1.0,Pcs,73950.0,Truck /Bus,Truck /Bus,Hino
2026-08-07,Aug,8,SUNGAI DANAU,PLANTATION,RUTIN,ENGINE SYSTEM,DUMP TRUCK HINO 130 HD DA 8923 CV 251-047,350201-000200-0024,,ENGINE OIL 15W-40,9.0,LTR,286205.04,Pelumas,Pelumas,Oli
2026-08-21,Aug,8,SUNGAI DANAU,PLANTATION,RUTIN,SUSPENSION SYSTEM,DUMP TRUCK HINO 130 HD DA 8923 CV 251-047,350202-000200-0001,3207-1602,GREASE,2.0,Kg,80645.58,Pelumas,Pelumas,Grease
2026-08-05,Aug,8,SUNGAI DANAU,PLANTATION,RUTIN,WHEEL & TYRE SYSTEM,DUMP TRUCK HINO 130 HD DA 8923 CV 251-047,370601-000216-0041,48116-750,BAN DALAM 7.50 * 16,1.0,Pcs,282322.62,Suku Cadang Umum,Suku Cadang Umum,Ban
2026-08-05,Aug,8,SUNGAI DANAU,PLANTATION,RUTIN,WHEEL & TYRE SYSTEM,DUMP TRUCK HINO 130 HD DA 8923 CV 251-047,370601-000216-0121,48216-750K,BAN LUAR 7.50 * 16 KOTA,1.0,Pcs,1875875.0,Suku Cadang Umum,Suku Cadang Umum,Ban
2026-08-05,Aug,8,SUNGAI DANAU,PLANTATION,RUTIN,WHEEL & TYRE SYSTEM,DUMP TRUCK HINO 130 HD DA 8923 CV 251-047,370601-000216-0139,48316-0750,MARSED BAN 7.50 * 16,1.0,Pcs,70182.56,Suku Cadang Umum,Suku Cadang Umum,Ban
2026-08-18,Aug,8,SUNGAI DANAU,PLANTATION,NON RUTIN,BRAKE SYSTEM,DUMP TRUCK HINO 130 HD DA 8923 CV 251-047,340307-050304-0004,16250-E0280,"COUPLING ASSY,FLUID",1.0,PCS,9103825.0,Truck /Bus,Truck /Bus,Hino
2026-08-12,Aug,8,SUNGAI DANAU,PLANTATION,NON RUTIN,DIFFENTTIAL & REAR AXLE SYSTEM,DUMP TRUCK HINO 130 HD DA 8923 CV 251-047,340307-010305-0029,42311-OW010,SHAFT REAR AXLE 42311-0030L,1.0,PCS,725427.74,Truck /Bus,Truck /Bus,Hino
2026-08-13,Aug,8,SUNGAI DANAU,PLANTATION,NON RUTIN,ELECTRICAL SYSTEM,DUMP TRUCK HINO 130 HD DA 8923 CV 251-047,340307-010306-0038,81550-0W010,"LAMP ASSY, RR. COMBINATION RH.",1.0,Pcs,135000.0,Truck /Bus,Truck /Bus,Hino
2026-08-13,Aug,8,SUNGAI DANAU,PLANTATION,NON RUTIN,ELECTRICAL SYSTEM,DUMP TRUCK HINO 130 HD DA 8923 CV 251-047,340501-000300-0049,60221-12121,AUTO LAMP SINGLE BASE 12V-21W,2.0,Pcs,12261.64,Umum Kendaraan,Umum Kendaraan,Umum Kendaraan
2026-08-13,Aug,8,SUNGAI DANAU,PLANTATION,NON RUTIN,ELECTRICAL SYSTEM,DUMP TRUCK HINO 130 HD DA 8923 CV 251-047,340501-000300-0050,60221-12210,AUTO LAMP DOUBLE BASE 12V-25/10W,1.0,Pcs,6721.73,Umum Kendaraan,Umum Kendaraan,Umum Kendaraan
2026-08-13,Aug,8,SUNGAI DANAU,PLANTATION,NON RUTIN,ELECTRICAL SYSTEM,DUMP TRUCK HINO 130 HD DA 8923 CV 251-047,370502-000300-0113,,BOLT & NUT M5 X 50MM - 1.0,2.0,Pcs,800.0,Barang & Alat Bengkel,Barang & Alat Bengkel,Work Shop
2026-08-13,Aug,8,SUNGAI DANAU,PLANTATION,NON RUTIN,ELECTRICAL SYSTEM,DUMP TRUCK HINO 130 HD DA 8923 CV 251-047,370502-000300-0332,,ISOLASI LISTRIK,1.0,Rol,6700.0,Barang & Alat Bengkel,Barang & Alat Bengkel,Work Shop
2026-08-18,Aug,8,SUNGAI DANAU,PLANTATION,NON RUTIN,ENGINE SYSTEM,DUMP TRUCK HINO 130 HD DA 8923 CV 251-047,370502-000300-0597,62301-20035,WATER COOLANT @5LTR,2.0,Gln,75147.98,Barang & Alat Bengkel,Barang & Alat Bengkel,Work Shop
2026-08-20,Aug,8,SUNGAI DANAU,PLANTATION,RUTIN,ENGINE SYSTEM,DUMP TRUCK HINO 130 HD DA 8921 CV 251-048,350201-000200-0024,,ENGINE OIL 15W-40,9.0,LTR,286205.04,Pelumas,Pelumas,Oli
2026-08-21,Aug,8,SUNGAI DANAU,PLANTATION,RUTIN,SUSPENSION SYSTEM,DUMP TRUCK HINO 130 HD DA 8921 CV 251-048,350202-000200-0001,3207-1602,GREASE,2.0,Kg,80645.58,Pelumas,Pelumas,Grease
2026-08-04,Aug,8,SUNGAI DANAU,PLANTATION,NON RUTIN,BRAKE SYSTEM,DUMP TRUCK HINO 130 HD DA 8921 CV 251-048,340307-010304-0006,04311-26050,"CYLINDER KIT, MASTER CLUTCH",1.0,Set,356623.22,Truck /Bus,Truck /Bus,Hino
2026-08-04,Aug,8,SUNGAI DANAU,PLANTATION,NON RUTIN,BRAKE SYSTEM,DUMP TRUCK HINO 130 HD DA 8921 CV 251-048,340307-010304-0030,4038-0131,"SEAL, PISTON BRAKE 13/16""",4.0,Pcs,34042.72,Truck /Bus,Truck /Bus,Hino
2026-08-20,Aug,8,SUNGAI DANAU,PLANTATION,NON RUTIN,ENGINE SYSTEM,DUMP TRUCK HINO 130 HD DA 8921 CV 251-048,370604-000300-0023,,VEE BELT B-49,1.0,PCS,58500.0,Suku Cadang Umum,Suku Cadang Umum,V- Belt
2026-08-04,Aug,8,SUNGAI DANAU,PLANTATION,NON RUTIN,FRAME BODY & GUARD SYSTEM,DUMP TRUCK HINO 130 HD DA 8921 CV 251-048,370502-000300-0017,,ANTI KARAT,1.0,Can,46911.66,Barang & Alat Bengkel,Barang & Alat Bengkel,Work Shop
2026-08-04,Aug,8,SUNGAI DANAU,PLANTATION,NON RUTIN,FRAME BODY & GUARD SYSTEM,DUMP TRUCK HINO 130 HD DA 8921 CV 251-048,370502-000300-0353,,KERTAS GOSOK NO.1500,1.0,Lbr,3804.18,Barang & Alat Bengkel,Barang & Alat Bengkel,Work Shop
2026-08-04,Aug,8,SUNGAI DANAU,PLANTATION,NON RUTIN,FRAME BODY & GUARD SYSTEM,DUMP TRUCK HINO 130 HD DA 8921 CV 251-048,370502-000300-0558,,"SEAL TAPE 1/2""",1.0,PCS,2000.0,Barang & Alat Bengkel,Barang & Alat Bengkel,Work Shop
2026-08-04,Aug,8,SUNGAI DANAU,PLANTATION,NON RUTIN,SUSPENSION SYSTEM,DUMP TRUCK HINO 130 HD DA 8921 CV 251-048,340307-010313-0018,48207-37550,LEAF SPRING RR. HELPER NO.4,1.0,Pcs,261000.0,Truck /Bus,Truck /Bus,Hino
2026-08-04,Aug,8,SUNGAI DANAU,PLANTATION,NON RUTIN,SUSPENSION SYSTEM,DUMP TRUCK HINO 130 HD DA 8921 CV 251-048,340307-010313-0022,48216-37550,LEAF SPRING RR. HELPER NO.1,1.0,Pcs,325000.0,Truck /Bus,Truck /Bus,Hino
2026-08-20,Aug,8,SUNGAI DANAU,PLANTATION,NON RUTIN,SUSPENSION SYSTEM,DUMP TRUCK HINO 130 HD DA 8921 CV 251-048,340307-010313-0034,48511-OW030,SHOCK ABSORBER ASSY FR.,1.0,Pcs,367005.55,Truck /Bus,Truck /Bus,Hino
2026-08-21,Aug,8,SUNGAI DANAU,PLANTATION,RUTIN,SUSPENSION SYSTEM,DUMP TRUCK HINO 130 HD DA 8924 CV 251-049,350202-000200-0001,3207-1602,GREASE,2.0,Kg,80645.58,Pelumas,Pelumas,Grease
2026-08-28,Aug,8,SUNGAI DANAU,PLANTATION,RUTIN,SUSPENSION SYSTEM,DUMP TRUCK HINO 130 HD DA 8924 CV 251-049,350202-000200-0001,3207-1602,GREASE,2.0,Kg,80645.58,Pelumas,Pelumas,Grease
2026-08-04,Aug,8,SUNGAI DANAU,PLANTATION,NON RUTIN,BRAKE SYSTEM,DUMP TRUCK HINO 130 HD DA 8924 CV 251-049,340307-010304-0006,04311-26050,"CYLINDER KIT, MASTER CLUTCH",1.0,Set,356623.22,Truck /Bus,Truck /Bus,Hino
2026-08-07,Aug,8,SUNGAI DANAU,PLANTATION,NON RUTIN,ELECTRICAL SYSTEM,DUMP TRUCK HINO 130 HD DA 8924 CV 251-049,340307-010306-0060,86520-37020,HORN ASSY 12V,1.0,Pcs,65000.0,Truck /Bus,Truck /Bus,Hino
2026-08-29,Aug,8,SUNGAI DANAU,PLANTATION,NON RUTIN,TRANSMISSION SYSTEM,DUMP TRUCK HINO 130 HD DA 8924 CV 251-049,340307-010314-0016,31420-37142,CYLINDER ASSY CLUTCH MASTER,1.0,PCS,298675.0,Truck /Bus,Truck /Bus,Hino
2026-08-29,Aug,8,SUNGAI DANAU,PLANTATION,NON RUTIN,TRANSMISSION SYSTEM,DUMP TRUCK HINO 130 HD DA 8924 CV 251-049,370502-000300-0186,,BRAKE FLUID,1.0,Btl,72691.77,Barang & Alat Bengkel,Barang & Alat Bengkel,Work Shop
2026-08-28,Aug,8,SUNGAI DANAU,PLANTATION,RUTIN,SUSPENSION SYSTEM,DUMP TRUCK HINO 130 HD DA 8925 CV 251-050,350202-000200-0001,3207-1602,GREASE,2.0,Kg,80645.58,Pelumas,Pelumas,Grease
2026-08-07,Aug,8,SUNGAI DANAU,PLANTATION,NON RUTIN,ELECTRICAL SYSTEM,DUMP TRUCK HINO 130 HD DA 8925 CV 251-050,370502-000300-0006,,AIR ACCU TAMBAH,3.0,Ltr,21000.0,Barang & Alat Bengkel,Barang & Alat Bengkel,Work Shop
2026-08-05,Aug,8,SUNGAI DANAU,PLANTATION,NON RUTIN,FRAME BODY & GUARD SYSTEM,DUMP TRUCK HINO 130 HD DA 8925 CV 251-050,340307-010309-0113,69260-OB010-B1,HANDLE ASSY FRONT DOOR WINDOW REGULATOR,2.0,PCS,50000.0,Truck /Bus,Truck /Bus,Hino
2026-08-12,Aug,8,SUNGAI DANAU,PLANTATION,NON RUTIN,FRAME BODY & GUARD SYSTEM,DUMP TRUCK HINO 130 HD DA 8925 CV 251-050,340307-010309-0123,71072-0W050-B0,COVER FRONT SEAT CUSHION LH,1.0,PCS,448050.0,Truck /Bus,Truck /Bus,Hino
2026-08-12,Aug,8,SUNGAI DANAU,PLANTATION,NON RUTIN,FRAME BODY & GUARD SYSTEM,DUMP TRUCK HINO 130 HD DA 8925 CV 251-050,340307-010309-0128,71502-OW050,PAD FRONT SEAT CHUSION LH,1.0,PCS,727175.0,Truck /Bus,Truck /Bus,Hino
2026-08-13,Aug,8,SUNGAI DANAU,PLANTATION,NON RUTIN,FRAME BODY & GUARD SYSTEM,DUMP TRUCK HINO 130 HD DA 8925 CV 251-050,370301-000300-0025,,"KUAS CAT 2 1/2""",2.0,PCS,7600.0,Barang Konstruksi,Barang Konstruksi,Alat-alat Bangunan
2026-08-13,Aug,8,SUNGAI DANAU,PLANTATION,NON RUTIN,FRAME BODY & GUARD SYSTEM,DUMP TRUCK HINO 130 HD DA 8925 CV 251-050,370302-000300-0165,47030-16882,CAT PLATONE NP882 @0.9LTR,1.0,Klg,76402.38,Barang Konstruksi,Barang Konstruksi,Bahan Bangunan
2026-08-12,Aug,8,SUNGAI DANAU,PLANTATION,NON RUTIN,FRAME BODY & GUARD SYSTEM,DUMP TRUCK HINO 130 HD DA 8925 CV 251-050,370502-000100-0019,,"BATU GERINDA POTONG 4""",2.0,Pcs,7743.68,Barang & Alat Bengkel,Barang & Alat Bengkel,Work Shop
2026-08-13,Aug,8,SUNGAI DANAU,PLANTATION,NON RUTIN,FRAME BODY & GUARD SYSTEM,DUMP TRUCK HINO 130 HD DA 8925 CV 251-050,370502-000100-0019,,"BATU GERINDA POTONG 4""",2.0,Pcs,7743.68,Barang & Alat Bengkel,Barang & Alat Bengkel,Work Shop
2026-08-12,Aug,8,SUNGAI DANAU,PLANTATION,NON RUTIN,FRAME BODY & GUARD SYSTEM,DUMP TRUCK HINO 130 HD DA 8925 CV 251-050,370502-000300-0077,,BOLT & NUT M10 X 1.25 X 50MM,1.0,pcs,1250.0,Barang & Alat Bengkel,Barang & Alat Bengkel,Work Shop
2026-08-12,Aug,8,SUNGAI DANAU,PLANTATION,NON RUTIN,FRAME BODY & GUARD SYSTEM,DUMP TRUCK HINO 130 HD DA 8925 CV 251-050,370502-000300-0122,,BOLT & NUT M8 X 50MM - 1.0,1.0,Pcs,850.0,Barang & Alat Bengkel,Barang & Alat Bengkel,Work Shop
2026-08-14,Aug,8,SUNGAI DANAU,PLANTATION,NON RUTIN,FRAME BODY & GUARD SYSTEM,DUMP TRUCK HINO 130 HD DA 8925 CV 251-050,370502-000300-0122,,BOLT & NUT M8 X 50MM - 1.0,1.0,Pcs,850.0,Barang & Alat Bengkel,Barang & Alat Bengkel,Work Shop
2026-08-07,Aug,8,SUNGAI DANAU,PLANTATION,NON RUTIN,FRAME BODY & GUARD SYSTEM,DUMP TRUCK HINO 130 HD DA 8925 CV 251-050,370502-000300-0353,,KERTAS GOSOK NO.1500,1.0,Lbr,3804.18,Barang & Alat Bengkel,Barang & Alat Bengkel,Work Shop
2026-08-28,Aug,8,SUNGAI DANAU,PLANTATION,RUTIN,SUSPENSION SYSTEM,DUMP TRUCK HINO 130 HD DA 8012 CZ 251-051,350202-000200-0001,3207-1602,GREASE,2.0,Kg,80645.58,Pelumas,Pelumas,Grease
2026-08-15,Aug,8,SUNGAI DANAU,PLANTATION,RUTIN,WHEEL & TYRE SYSTEM,DUMP TRUCK HINO 130 HD DA 8012 CZ 251-051,370601-000216-0041,48116-750,BAN DALAM 7.50 * 16,2.0,Pcs,564645.24,Suku Cadang Umum,Suku Cadang Umum,Ban
2026-08-15,Aug,8,SUNGAI DANAU,PLANTATION,RUTIN,WHEEL & TYRE SYSTEM,DUMP TRUCK HINO 130 HD DA 8012 CZ 251-051,370601-000216-0122,48216-750R,BAN LUAR 7.50 * 16 RIMBA,2.0,Pcs,4153454.38,Suku Cadang Umum,Suku Cadang Umum,Ban
2026-08-15,Aug,8,SUNGAI DANAU,PLANTATION,RUTIN,WHEEL & TYRE SYSTEM,DUMP TRUCK HINO 130 HD DA 8012 CZ 251-051,370601-000216-0139,48316-0750,MARSED BAN 7.50 * 16,2.0,Pcs,140365.12,Suku Cadang Umum,Suku Cadang Umum,Ban
2026-08-05,Aug,8,SUNGAI DANAU,PLANTATION,NON RUTIN,ELECTRICAL SYSTEM,DUMP TRUCK HINO 130 HD DA 8012 CZ 251-051,340307-010306-0051,84332-OW010,SWITCH ASSY HAZARD WARNING SIGNAL,1.0,PCS,150800.0,Truck /Bus,Truck /Bus,Hino
2026-08-28,Aug,8,SUNGAI DANAU,PLANTATION,RUTIN,SUSPENSION SYSTEM,DUMP TRUCK HINO 130 HD DA 8013 CZ 251-052,350202-000200-0001,3207-1602,GREASE,2.0,Kg,80645.58,Pelumas,Pelumas,Grease
2026-08-14,Aug,8,SUNGAI DANAU,PLANTATION,NON RUTIN,FRAME BODY & GUARD SYSTEM,DUMP TRUCK HINO 130 HD DA 8013 CZ 251-052,370502-000300-0479,,PLATE WASHER M6,12.0,PCS,657.84,Barang & Alat Bengkel,Barang & Alat Bengkel,Work Shop
2026-08-18,Aug,8,SUNGAI DANAU,PLANTATION,NON RUTIN,STEERING SYSTEM,DUMP TRUCK HINO 130 HD DA 8013 CZ 251-052,340307-010312-0002,45046-39416,SUB ASSY,1.0,PCS,137809.37,Truck /Bus,Truck /Bus,Hino
2026-08-20,Aug,8,SUNGAI DANAU,PLANTATION,RUTIN,ENGINE SYSTEM,DUMP TRUCK HINO 130 HD DA 8014 CZ 251-053,350201-000200-0024,,ENGINE OIL 15W-40,9.0,LTR,286205.04,Pelumas,Pelumas,Oli
2026-08-28,Aug,8,SUNGAI DANAU,PLANTATION,RUTIN,SUSPENSION SYSTEM,DUMP TRUCK HINO 130 HD DA 8014 CZ 251-053,350202-000200-0001,3207-1602,GREASE,2.0,Kg,80645.58,Pelumas,Pelumas,Grease
2026-08-11,Aug,8,SUNGAI DANAU,PLANTATION,NON RUTIN,BRAKE SYSTEM,DUMP TRUCK HINO 130 HD DA 8014 CZ 251-053,340307-010304-0006,04311-26050,"CYLINDER KIT, MASTER CLUTCH",1.0,Set,356623.22,Truck /Bus,Truck /Bus,Hino
2026-08-11,Aug,8,SUNGAI DANAU,PLANTATION,NON RUTIN,BRAKE SYSTEM,DUMP TRUCK HINO 130 HD DA 8014 CZ 251-053,340307-010304-0007,04313-37030,"CYLINDER KIT, CLUTCH RELEASE",2.0,Set,209566.32,Truck /Bus,Truck /Bus,Hino
2026-08-11,Aug,8,SUNGAI DANAU,PLANTATION,NON RUTIN,BRAKE SYSTEM,DUMP TRUCK HINO 130 HD DA 8014 CZ 251-053,370502-000300-0353,,KERTAS GOSOK NO.1500,1.0,Lbr,3804.18,Barang & Alat Bengkel,Barang & Alat Bengkel,Work Shop
2026-08-11,Aug,8,SUNGAI DANAU,PLANTATION,NON RUTIN,ELECTRICAL SYSTEM,DUMP TRUCK HINO 130 HD DA 8014 CZ 251-053,340307-010306-0060,86520-37020,HORN ASSY 12V,1.0,Pcs,65000.0,Truck /Bus,Truck /Bus,Hino
2026-08-05,Aug,8,SUNGAI DANAU,PLANTATION,NON RUTIN,FRAME BODY & GUARD SYSTEM,DUMP TRUCK HINO 130 HD DA 8014 CZ 251-053,370502-000300-0017,,ANTI KARAT,1.0,Can,46911.66,Barang & Alat Bengkel,Barang & Alat Bengkel,Work Shop
2026-08-07,Aug,8,SUNGAI DANAU,PLANTATION,NON RUTIN,FRAME BODY & GUARD SYSTEM,DUMP TRUCK HINO 130 HD DA 8014 CZ 251-053,370502-000300-0122,,BOLT & NUT M8 X 50MM - 1.0,10.0,Pcs,8500.0,Barang & Alat Bengkel,Barang & Alat Bengkel,Work Shop
2026-08-07,Aug,8,SUNGAI DANAU,PLANTATION,NON RUTIN,FRAME BODY & GUARD SYSTEM,DUMP TRUCK HINO 130 HD DA 8014 CZ 251-053,370502-000300-0353,,KERTAS GOSOK NO.1500,1.0,Lbr,3804.18,Barang & Alat Bengkel,Barang & Alat Bengkel,Work Shop
2026-08-07,Aug,8,SUNGAI DANAU,PLANTATION,NON RUTIN,FRAME BODY & GUARD SYSTEM,DUMP TRUCK HINO 130 HD DA 8014 CZ 251-053,370502-000300-0480,,PLATE WASHER M8,10.0,PCS,750.0,Barang & Alat Bengkel,Barang & Alat Bengkel,Work Shop
2026-08-11,Aug,8,SUNGAI DANAU,PLANTATION,NON RUTIN,FRAME BODY & GUARD SYSTEM,DUMP TRUCK HINO 130 HD DA 8014 CZ 251-053,370502-000300-0557,,SABUN COLEK,2.0,BKS,16000.0,Barang & Alat Bengkel,Barang & Alat Bengkel,Work Shop
2026-08-28,Aug,8,SUNGAI DANAU,PLANTATION,RUTIN,SUSPENSION SYSTEM,DUMP TRUCK HINO 130 HD DA 8016 CZ 251-054,350202-000200-0001,3207-1602,GREASE,2.0,Kg,80645.58,Pelumas,Pelumas,Grease
2026-08-06,Aug,8,SUNGAI DANAU,PLANTATION,RUTIN,WHEEL & TYRE SYSTEM,DUMP TRUCK HINO 130 HD DA 8016 CZ 251-054,370601-000216-0041,48116-750,BAN DALAM 7.50 * 16,2.0,Pcs,564645.24,Suku Cadang Umum,Suku Cadang Umum,Ban
2026-08-28,Aug,8,SUNGAI DANAU,PLANTATION,RUTIN,WHEEL & TYRE SYSTEM,DUMP TRUCK HINO 130 HD DA 8016 CZ 251-054,370601-000216-0041,48116-750,BAN DALAM 7.50 * 16,1.0,Pcs,282322.62,Suku Cadang Umum,Suku Cadang Umum,Ban
2026-08-28,Aug,8,SUNGAI DANAU,PLANTATION,RUTIN,WHEEL & TYRE SYSTEM,DUMP TRUCK HINO 130 HD DA 8016 CZ 251-054,370601-000216-0121,48216-750K,BAN LUAR 7.50 * 16 KOTA,1.0,Pcs,1875875.0,Suku Cadang Umum,Suku Cadang Umum,Ban
2026-08-06,Aug,8,SUNGAI DANAU,PLANTATION,RUTIN,WHEEL & TYRE SYSTEM,DUMP TRUCK HINO 130 HD DA 8016 CZ 251-054,370601-000216-0122,48216-750R,BAN LUAR 7.50 * 16 RIMBA,2.0,Pcs,4153454.38,Suku Cadang Umum,Suku Cadang Umum,Ban
2026-08-06,Aug,8,SUNGAI DANAU,PLANTATION,RUTIN,WHEEL & TYRE SYSTEM,DUMP TRUCK HINO 130 HD DA 8016 CZ 251-054,370601-000216-0139,48316-0750,MARSED BAN 7.50 * 16,2.0,Pcs,140365.12,Suku Cadang Umum,Suku Cadang Umum,Ban
2026-08-28,Aug,8,SUNGAI DANAU,PLANTATION,RUTIN,WHEEL & TYRE SYSTEM,DUMP TRUCK HINO 130 HD DA 8016 CZ 251-054,370601-000216-0139,48316-0750,MARSED BAN 7.50 * 16,1.0,Pcs,70182.56,Suku Cadang Umum,Suku Cadang Umum,Ban
2026-08-13,Aug,8,SUNGAI DANAU,PLANTATION,NON RUTIN,BRAKE SYSTEM,DUMP TRUCK HINO 130 HD DA 8016 CZ 251-054,340307-010304-0024,31481-0W070,"TUBE,CLUTCH MASTER",1.0,PCS,58725.0,Truck /Bus,Truck /Bus,Hino
2026-08-06,Aug,8,SUNGAI DANAU,PLANTATION,NON RUTIN,DIFFENTTIAL & REAR AXLE SYSTEM,DUMP TRUCK HINO 130 HD DA 8016 CZ 251-054,340307-010305-0008,4038-0022,BOLT KIT REAR WHEEL LH.,2.0,Set,119173.7,Truck /Bus,Truck /Bus,Hino
2026-08-28,Aug,8,SUNGAI DANAU,PLANTATION,NON RUTIN,ELECTRICAL SYSTEM,DUMP TRUCK HINO 130 HD DA 8016 CZ 251-054,370502-000300-0332,,ISOLASI LISTRIK,1.0,Rol,6700.0,Barang & Alat Bengkel,Barang & Alat Bengkel,Work Shop
2026-08-28,Aug,8,SUNGAI DANAU,PLANTATION,NON RUTIN,ENGINE SYSTEM,DUMP TRUCK HINO 130 HD DA 8016 CZ 251-054,340307-010207-0002,23401-1332L,FUEL FILTER,1.0,PCS,38425.0,Truck /Bus,Truck /Bus,Hino
2026-08-31,Aug,8,SUNGAI DANAU,PLANTATION,NON RUTIN,ENGINE SYSTEM,DUMP TRUCK HINO 130 HD DA 8016 CZ 251-054,350201-000200-0024,,ENGINE OIL 15W-40,2.0,LTR,63601.12,Pelumas,Pelumas,Oli
2026-08-18,Aug,8,SUNGAI DANAU,PLANTATION,NON RUTIN,FRAME BODY & GUARD SYSTEM,DUMP TRUCK HINO 130 HD DA 8016 CZ 251-054,370502-000300-0557,,SABUN COLEK,1.0,BKS,8000.0,Barang & Alat Bengkel,Barang & Alat Bengkel,Work Shop
2026-08-01,Aug,8,SUNGAI DANAU,PLANTATION,NON RUTIN,HYDRAULIC SYSTEM,DUMP TRUCK HINO 130 HD DA 8016 CZ 251-054,340307-010311-0003,4038-0031,CABLE ASSY PTO 4.5 MTR,1.0,Pcs,138333.34,Truck /Bus,Truck /Bus,Hino
2026-08-01,Aug,8,SUNGAI DANAU,PLANTATION,NON RUTIN,HYDRAULIC SYSTEM,DUMP TRUCK HINO 130 HD DA 8016 CZ 251-054,350201-000200-0071,,HYDRAULIC OIL MEDITRAN SAE 10W,2.0,LTR,52714.86,Pelumas,Pelumas,Oli
2026-08-27,Aug,8,SUNGAI DANAU,PLANTATION,NON RUTIN,SUSPENSION SYSTEM,DUMP TRUCK HINO 130 HD DA 8016 CZ 251-054,340307-010213-0002,48247-25261,CENTER BOLT 10MM X 320MM,1.0,PCS,33681.86,Truck /Bus,Truck /Bus,Hino
2026-08-28,Aug,8,SUNGAI DANAU,PLANTATION,NON RUTIN,SUSPENSION SYSTEM,DUMP TRUCK HINO 130 HD DA 8016 CZ 251-054,340307-010213-0002,48247-25261,CENTER BOLT 10MM X 320MM,2.0,PCS,67363.72,Truck /Bus,Truck /Bus,Hino
2026-08-18,Aug,8,SUNGAI DANAU,PLANTATION,NON RUTIN,SUSPENSION SYSTEM,DUMP TRUCK HINO 130 HD DA 8016 CZ 251-054,340307-010313-0012,48115-OW010,LEAF SPRING FR. NO.5,1.0,Pcs,301600.0,Truck /Bus,Truck /Bus,Hino
2026-08-18,Aug,8,SUNGAI DANAU,PLANTATION,NON RUTIN,SUSPENSION SYSTEM,DUMP TRUCK HINO 130 HD DA 8016 CZ 251-054,340307-010313-0022,48216-37550,LEAF SPRING RR. HELPER NO.1,1.0,Pcs,325000.0,Truck /Bus,Truck /Bus,Hino
2026-08-18,Aug,8,SUNGAI DANAU,PLANTATION,NON RUTIN,SUSPENSION SYSTEM,DUMP TRUCK HINO 130 HD DA 8016 CZ 251-054,340307-010313-0028,48304-36030,"BUMPER SUB ASSY, FR SPRING",1.0,Pcs,69221.89,Truck /Bus,Truck /Bus,Hino
2026-08-28,Aug,8,SUNGAI DANAU,PLANTATION,NON RUTIN,SUSPENSION SYSTEM,DUMP TRUCK HINO 130 HD DA 8016 CZ 251-054,340307-010313-0033,48453-55010,PIN SPRING,1.0,Pcs,16473.36,Truck /Bus,Truck /Bus,Hino
2026-08-18,Aug,8,SUNGAI DANAU,PLANTATION,NON RUTIN,SUSPENSION SYSTEM,DUMP TRUCK HINO 130 HD DA 8016 CZ 251-054,340307-010313-0034,48511-OW030,SHOCK ABSORBER ASSY FR.,1.0,Pcs,367005.55,Truck /Bus,Truck /Bus,Hino
2026-08-18,Aug,8,SUNGAI DANAU,PLANTATION,NON RUTIN,SUSPENSION SYSTEM,DUMP TRUCK HINO 130 HD DA 8016 CZ 251-054,340307-010313-0036,48531-OW050,SHOCK ABSORBER ASSY RR.,1.0,Pcs,278214.59,Truck /Bus,Truck /Bus,Hino
2026-08-28,Aug,8,SUNGAI DANAU,PLANTATION,NON RUTIN,SUSPENSION SYSTEM,DUMP TRUCK HINO 130 HD DA 8016 CZ 251-054,340307-010313-0061,90999-73014,BUSH,1.0,Pcs,15000.0,Truck /Bus,Truck /Bus,Hino
2026-08-01,Aug,8,SUNGAI DANAU,PLANTATION,NON RUTIN,TRANSMISSION SYSTEM,DUMP TRUCK HINO 130 HD DA 8016 CZ 251-054,340307-010314-0009,31230-36200,BEARING ASSY CLUTCH RELEASE,1.0,SET,171000.0,Truck /Bus,Truck /Bus,Hino
2026-08-01,Aug,8,SUNGAI DANAU,PLANTATION,NON RUTIN,TRANSMISSION SYSTEM,DUMP TRUCK HINO 130 HD DA 8016 CZ 251-054,340307-010314-0013,31250-LAA50,DISC CLUTCH 31250-OW050,1.0,PCS,1750000.0,Truck /Bus,Truck /Bus,Hino
2026-08-27,Aug,8,SUNGAI DANAU,PLANTATION,NON RUTIN,TRANSMISSION SYSTEM,DUMP TRUCK HINO 130 HD DA 8016 CZ 251-054,340307-010314-0016,31420-37142,CYLINDER ASSY CLUTCH MASTER,1.0,PCS,298675.0,Truck /Bus,Truck /Bus,Hino
2026-08-01,Aug,8,SUNGAI DANAU,PLANTATION,NON RUTIN,TRANSMISSION SYSTEM,DUMP TRUCK HINO 130 HD DA 8016 CZ 251-054,370502-000300-0352,,KERTAS GOSOK NO.150,1.0,Lbr,3804.14,Barang & Alat Bengkel,Barang & Alat Bengkel,Work Shop
2026-08-15,Aug,8,SUNGAI DANAU,PLANTATION,RUTIN,DIFFENTTIAL & REAR AXLE SYSTEM,DUMP TRUCK HINO 130 HD DA 8015 CZ 251-055,350201-000200-0040,,GEAR OIL RORED HDA-140,3.0,Ltr,110565.0,Pelumas,Pelumas,Oli
2026-08-15,Aug,8,SUNGAI DANAU,PLANTATION,RUTIN,ENGINE SYSTEM,DUMP TRUCK HINO 130 HD DA 8015 CZ 251-055,340307-010207-0004,15607-2250L,OIL FILTER,1.0,Pcs,73950.0,Truck /Bus,Truck /Bus,Hino
2026-08-15,Aug,8,SUNGAI DANAU,PLANTATION,RUTIN,ENGINE SYSTEM,DUMP TRUCK HINO 130 HD DA 8015 CZ 251-055,350201-000200-0024,,ENGINE OIL 15W-40,9.0,LTR,286205.04,Pelumas,Pelumas,Oli
2026-08-28,Aug,8,SUNGAI DANAU,PLANTATION,RUTIN,SUSPENSION SYSTEM,DUMP TRUCK HINO 130 HD DA 8015 CZ 251-055,350202-000200-0001,3207-1602,GREASE,2.0,Kg,80645.58,Pelumas,Pelumas,Grease
2026-08-16,Aug,8,SUNGAI DANAU,PLANTATION,NON RUTIN,BRAKE SYSTEM,DUMP TRUCK HINO 130 HD DA 8015 CZ 251-055,340307-010304-0030,4038-0131,"SEAL, PISTON BRAKE 13/16""",4.0,Pcs,34042.72,Truck /Bus,Truck /Bus,Hino
2026-08-04,Aug,8,SUNGAI DANAU,PLANTATION,NON RUTIN,DIFFENTTIAL & REAR AXLE SYSTEM,DUMP TRUCK HINO 130 HD DA 8015 CZ 251-055,340307-010305-0037,42427-F1020,"NUT,REAR AXLE BEARING LOCK RH",1.0,PCS,146363.64,Truck /Bus,Truck /Bus,Hino
2026-08-04,Aug,8,SUNGAI DANAU,PLANTATION,NON RUTIN,DIFFENTTIAL & REAR AXLE SYSTEM,DUMP TRUCK HINO 130 HD DA 8015 CZ 251-055,340307-010305-0075,93311-16012,SCREW REAR AXLE BEARING,1.0,PCS,18000.0,Truck /Bus,Truck /Bus,Hino
2026-08-16,Aug,8,SUNGAI DANAU,PLANTATION,NON RUTIN,DIFFENTTIAL & REAR AXLE SYSTEM,DUMP TRUCK HINO 130 HD DA 8015 CZ 251-055,340307-010305-0097,SZ311-01011,SEAL OIL ( FOR REAR AXLE SHAFT RH ),1.0,PCS,90272.91,Truck /Bus,Truck /Bus,Hino
2026-08-16,Aug,8,SUNGAI DANAU,PLANTATION,NON RUTIN,ELECTRICAL SYSTEM,DUMP TRUCK HINO 130 HD DA 8015 CZ 251-055,340307-010306-0060,86520-37020,HORN ASSY 12V,1.0,Pcs,65000.0,Truck /Bus,Truck /Bus,Hino
2026-08-16,Aug,8,SUNGAI DANAU,PLANTATION,NON RUTIN,FRAME BODY & GUARD SYSTEM,DUMP TRUCK HINO 130 HD DA 8015 CZ 251-055,370502-000300-0353,,KERTAS GOSOK NO.1500,1.0,Lbr,3804.18,Barang & Alat Bengkel,Barang & Alat Bengkel,Work Shop
2026-08-21,Aug,8,SUNGAI DANAU,PLANTATION,NON RUTIN,HYDRAULIC SYSTEM,DUMP TRUCK HINO 130 HD DA 8015 CZ 251-055,340307-010311-0002,4038-0030,CABLE ASSY PTO 3.5 MTR,1.0,Pcs,105000.0,Truck /Bus,Truck /Bus,Hino
2026-08-16,Aug,8,SUNGAI DANAU,PLANTATION,NON RUTIN,SUSPENSION SYSTEM,DUMP TRUCK HINO 130 HD DA 8015 CZ 251-055,340307-010213-0002,48247-25261,CENTER BOLT 10MM X 320MM,1.0,PCS,33681.86,Truck /Bus,Truck /Bus,Hino
2026-08-16,Aug,8,SUNGAI DANAU,PLANTATION,NON RUTIN,SUSPENSION SYSTEM,DUMP TRUCK HINO 130 HD DA 8015 CZ 251-055,340307-010313-0027,48265-37550,LEAF SPRING RR. HELPER NO. 5,1.0,Pcs,209826.92,Truck /Bus,Truck /Bus,Hino
2026-08-16,Aug,8,SUNGAI DANAU,PLANTATION,NON RUTIN,TRANSMISSION SYSTEM,DUMP TRUCK HINO 130 HD DA 8015 CZ 251-055,340307-010314-0075,90310-40001,SEAL OIL,1.0,Pcs,40537.12,Truck /Bus,Truck /Bus,Hino
2026-08-11,Aug,8,SUNGAI DANAU,PLANTATION,RUTIN,ENGINE SYSTEM,DUMP TRUCK HINO 130 HD 25-85 251-056,340307-050207-0007,23304-JAF70,ELEMENT FUEL,1.0,PCS,38603.44,Truck /Bus,Truck /Bus,Hino
2026-08-11,Aug,8,SUNGAI DANAU,PLANTATION,RUTIN,ENGINE SYSTEM,DUMP TRUCK HINO 130 HD 25-85 251-056,340307-050207-0008,23304-JIE12,ELEMENT FILTER,1.0,PCS,75296.43,Truck /Bus,Truck /Bus,Hino
2026-08-11,Aug,8,SUNGAI DANAU,PLANTATION,RUTIN,ENGINE SYSTEM,DUMP TRUCK HINO 130 HD 25-85 251-056,340307-050207-0009,23304-JIE51,ELEMENT FUEL,1.0,PCS,77252.78,Truck /Bus,Truck /Bus,Hino
2026-08-11,Aug,8,SUNGAI DANAU,PLANTATION,RUTIN,ENGINE SYSTEM,DUMP TRUCK HINO 130 HD 25-85 251-056,350201-000200-0024,,ENGINE OIL 15W-40,9.0,LTR,286205.04,Pelumas,Pelumas,Oli
2026-08-11,Aug,8,SUNGAI DANAU,PLANTATION,RUTIN,TRANSMISSION SYSTEM,DUMP TRUCK HINO 130 HD 25-85 251-056,350201-000200-0041,,GEAR OIL RORED HDA-90,3.0,Ltr,104183.13,Pelumas,Pelumas,Oli
2026-08-07,Aug,8,SUNGAI DANAU,PLANTATION,RUTIN,WHEEL & TYRE SYSTEM,DUMP TRUCK HINO 130 HD 25-85 251-056,370601-000216-0041,48116-750,BAN DALAM 7.50 * 16,2.0,Pcs,564645.24,Suku Cadang Umum,Suku Cadang Umum,Ban
2026-08-07,Aug,8,SUNGAI DANAU,PLANTATION,RUTIN,WHEEL & TYRE SYSTEM,DUMP TRUCK HINO 130 HD 25-85 251-056,370601-000216-0122,48216-750R,BAN LUAR 7.50 * 16 RIMBA,2.0,Pcs,4153454.38,Suku Cadang Umum,Suku Cadang Umum,Ban
2026-08-07,Aug,8,SUNGAI DANAU,PLANTATION,RUTIN,WHEEL & TYRE SYSTEM,DUMP TRUCK HINO 130 HD 25-85 251-056,370601-000216-0139,48316-0750,MARSED BAN 7.50 * 16,2.0,Pcs,140365.12,Suku Cadang Umum,Suku Cadang Umum,Ban
2026-08-09,Aug,8,SUNGAI DANAU,PLANTATION,NON RUTIN,ELECTRICAL SYSTEM,DUMP TRUCK HINO 130 HD 25-85 251-056,340307-010306-0038,81550-0W010,"LAMP ASSY, RR. COMBINATION RH.",1.0,Pcs,135000.0,Truck /Bus,Truck /Bus,Hino
2026-08-09,Aug,8,SUNGAI DANAU,PLANTATION,NON RUTIN,ELECTRICAL SYSTEM,DUMP TRUCK HINO 130 HD 25-85 251-056,340307-010306-0039,81560-0W010,"LAMP ASSY, RR. COMBINATION LH.",1.0,Pcs,135000.0,Truck /Bus,Truck /Bus,Hino
2026-08-11,Aug,8,SUNGAI DANAU,PLANTATION,NON RUTIN,ELECTRICAL SYSTEM,DUMP TRUCK HINO 130 HD 25-85 251-056,340307-010306-0060,86520-37020,HORN ASSY 12V,1.0,Pcs,65000.0,Truck /Bus,Truck /Bus,Hino
2026-08-09,Aug,8,SUNGAI DANAU,PLANTATION,NON RUTIN,ELECTRICAL SYSTEM,DUMP TRUCK HINO 130 HD 25-85 251-056,340501-000300-0049,60221-12121,AUTO LAMP SINGLE BASE 12V-21W,1.0,Pcs,6130.82,Umum Kendaraan,Umum Kendaraan,Umum Kendaraan
2026-08-09,Aug,8,SUNGAI DANAU,PLANTATION,NON RUTIN,ELECTRICAL SYSTEM,DUMP TRUCK HINO 130 HD 25-85 251-056,340501-000300-0050,60221-12210,AUTO LAMP DOUBLE BASE 12V-25/10W,2.0,Pcs,13443.46,Umum Kendaraan,Umum Kendaraan,Umum Kendaraan
2026-08-09,Aug,8,SUNGAI DANAU,PLANTATION,NON RUTIN,FRAME BODY & GUARD SYSTEM,DUMP TRUCK HINO 130 HD 25-85 251-056,370502-000300-0113,,BOLT & NUT M5 X 50MM - 1.0,4.0,Pcs,1600.0,Barang & Alat Bengkel,Barang & Alat Bengkel,Work Shop
2026-08-09,Aug,8,SUNGAI DANAU,PLANTATION,NON RUTIN,FRAME BODY & GUARD SYSTEM,DUMP TRUCK HINO 130 HD 25-85 251-056,370502-000300-0114,,BOLT & NUT M6 X 1.0 X 50MM,2.0,PCS,900.0,Barang & Alat Bengkel,Barang & Alat Bengkel,Work Shop
2026-08-09,Aug,8,SUNGAI DANAU,PLANTATION,NON RUTIN,FRAME BODY & GUARD SYSTEM,DUMP TRUCK HINO 130 HD 25-85 251-056,370502-000300-0557,,SABUN COLEK,1.0,BKS,8000.0,Barang & Alat Bengkel,Barang & Alat Bengkel,Work Shop
2026-08-09,Aug,8,SUNGAI DANAU,PLANTATION,NON RUTIN,HYDRAULIC SYSTEM,DUMP TRUCK HINO 130 HD 25-85 251-056,350201-000200-0071,,HYDRAULIC OIL MEDITRAN SAE 10W,4.0,LTR,105429.72,Pelumas,Pelumas,Oli
2026-08-15,Aug,8,SUNGAI DANAU,PLANTATION,RUTIN,DIFFENTTIAL & REAR AXLE SYSTEM,DUMP TRUCK HINO 130 HD 25-86 251-057,350201-000200-0040,,GEAR OIL RORED HDA-140,3.0,Ltr,110565.0,Pelumas,Pelumas,Oli
2026-08-15,Aug,8,SUNGAI DANAU,PLANTATION,RUTIN,ENGINE SYSTEM,DUMP TRUCK HINO 130 HD 25-86 251-057,340307-050207-0002,15601-JIB40,FILTER OIL,1.0,PCS,74312.5,Truck /Bus,Truck /Bus,Hino
2026-08-02,Aug,8,SUNGAI DANAU,PLANTATION,RUTIN,ENGINE SYSTEM,DUMP TRUCK HINO 130 HD 25-86 251-057,340307-050207-0004,17801-JAA80,FILTER AIR,1.0,PCS,91974.17,Truck /Bus,Truck /Bus,Hino
2026-08-15,Aug,8,SUNGAI DANAU,PLANTATION,RUTIN,ENGINE SYSTEM,DUMP TRUCK HINO 130 HD 25-86 251-057,350201-000200-0024,,ENGINE OIL 15W-40,9.0,LTR,286205.04,Pelumas,Pelumas,Oli
2026-08-15,Aug,8,SUNGAI DANAU,PLANTATION,RUTIN,WHEEL & TYRE SYSTEM,DUMP TRUCK HINO 130 HD 25-86 251-057,370601-000216-0041,48116-750,BAN DALAM 7.50 * 16,2.0,Pcs,564645.24,Suku Cadang Umum,Suku Cadang Umum,Ban
2026-08-15,Aug,8,SUNGAI DANAU,PLANTATION,RUTIN,WHEEL & TYRE SYSTEM,DUMP TRUCK HINO 130 HD 25-86 251-057,370601-000216-0122,48216-750R,BAN LUAR 7.50 * 16 RIMBA,2.0,Pcs,4153454.38,Suku Cadang Umum,Suku Cadang Umum,Ban
2026-08-15,Aug,8,SUNGAI DANAU,PLANTATION,RUTIN,WHEEL & TYRE SYSTEM,DUMP TRUCK HINO 130 HD 25-86 251-057,370601-000216-0139,48316-0750,MARSED BAN 7.50 * 16,2.0,Pcs,140365.12,Suku Cadang Umum,Suku Cadang Umum,Ban
2026-08-07,Aug,8,SUNGAI DANAU,PLANTATION,NON RUTIN,BRAKE SYSTEM,DUMP TRUCK HINO 130 HD 25-86 251-057,340307-010304-0006,04311-26050,"CYLINDER KIT, MASTER CLUTCH",1.0,Set,356623.22,Truck /Bus,Truck /Bus,Hino
2026-08-30,Aug,8,SUNGAI DANAU,PLANTATION,NON RUTIN,BRAKE SYSTEM,DUMP TRUCK HINO 130 HD 25-86 251-057,340307-010304-0030,4038-0131,"SEAL, PISTON BRAKE 13/16""",4.0,Pcs,34042.72,Truck /Bus,Truck /Bus,Hino
2026-08-30,Aug,8,SUNGAI DANAU,PLANTATION,NON RUTIN,BRAKE SYSTEM,DUMP TRUCK HINO 130 HD 25-86 251-057,370502-000300-0353,,KERTAS GOSOK NO.1500,1.0,Lbr,3804.18,Barang & Alat Bengkel,Barang & Alat Bengkel,Work Shop
2026-08-30,Aug,8,SUNGAI DANAU,PLANTATION,NON RUTIN,BRAKE SYSTEM,DUMP TRUCK HINO 130 HD 25-86 251-057,370502-000300-0557,,SABUN COLEK,1.0,BKS,8000.0,Barang & Alat Bengkel,Barang & Alat Bengkel,Work Shop
2026-08-30,Aug,8,SUNGAI DANAU,PLANTATION,NON RUTIN,DIFFENTTIAL & REAR AXLE SYSTEM,DUMP TRUCK HINO 130 HD 25-86 251-057,340307-010305-0097,SZ311-01011,SEAL OIL ( FOR REAR AXLE SHAFT RH ),1.0,PCS,90272.91,Truck /Bus,Truck /Bus,Hino
2026-08-30,Aug,8,SUNGAI DANAU,PLANTATION,NON RUTIN,DIFFENTTIAL & REAR AXLE SYSTEM,DUMP TRUCK HINO 130 HD 25-86 251-057,340307-010305-0098,SZ312-65002,SEAL OIL (FOR REAR DIFFERENTIAL CARRIER),1.0,PCS,39640.0,Truck /Bus,Truck /Bus,Hino
2026-08-30,Aug,8,SUNGAI DANAU,PLANTATION,NON RUTIN,FRAME BODY & GUARD SYSTEM,DUMP TRUCK HINO 130 HD 25-86 251-057,370502-000300-0077,,BOLT & NUT M10 X 1.25 X 50MM,4.0,pcs,5000.0,Barang & Alat Bengkel,Barang & Alat Bengkel,Work Shop
2026-08-30,Aug,8,SUNGAI DANAU,PLANTATION,NON RUTIN,TRANSMISSION SYSTEM,DUMP TRUCK HINO 130 HD 25-86 251-057,340307-010314-0016,31420-37142,CYLINDER ASSY CLUTCH MASTER,1.0,PCS,298675.0,Truck /Bus,Truck /Bus,Hino
2026-08-30,Aug,8,SUNGAI DANAU,PLANTATION,NON RUTIN,TRANSMISSION SYSTEM,DUMP TRUCK HINO 130 HD 25-86 251-057,370502-000300-0186,,BRAKE FLUID,1.0,Btl,72691.77,Barang & Alat Bengkel,Barang & Alat Bengkel,Work Shop
2026-08-19,Aug,8,SUNGAI DANAU,PLANTATION,RUTIN,ENGINE SYSTEM,DUMP TRUCK HINO 130HD DA 8476 JJ 251-060,350201-000200-0024,,ENGINE OIL 15W-40,9.0,LTR,286205.04,Pelumas,Pelumas,Oli
2026-08-08,Aug,8,SUNGAI DANAU,PLANTATION,RUTIN,WHEEL & TYRE SYSTEM,DUMP TRUCK HINO 130HD DA 8476 JJ 251-060,370601-000216-0041,48116-750,BAN DALAM 7.50 * 16,2.0,Pcs,564645.24,Suku Cadang Umum,Suku Cadang Umum,Ban
2026-08-08,Aug,8,SUNGAI DANAU,PLANTATION,RUTIN,WHEEL & TYRE SYSTEM,DUMP TRUCK HINO 130HD DA 8476 JJ 251-060,370601-000216-0122,48216-750R,BAN LUAR 7.50 * 16 RIMBA,2.0,Pcs,4153454.38,Suku Cadang Umum,Suku Cadang Umum,Ban
2026-08-08,Aug,8,SUNGAI DANAU,PLANTATION,RUTIN,WHEEL & TYRE SYSTEM,DUMP TRUCK HINO 130HD DA 8476 JJ 251-060,370601-000216-0139,48316-0750,MARSED BAN 7.50 * 16,2.0,Pcs,140365.12,Suku Cadang Umum,Suku Cadang Umum,Ban
2026-08-16,Aug,8,SUNGAI DANAU,PLANTATION,NON RUTIN,BRAKE SYSTEM,DUMP TRUCK HINO 130HD DA 8476 JJ 251-060,340307-010304-0030,4038-0131,"SEAL, PISTON BRAKE 13/16""",4.0,Pcs,34042.72,Truck /Bus,Truck /Bus,Hino
2026-08-16,Aug,8,SUNGAI DANAU,PLANTATION,NON RUTIN,ELECTRICAL SYSTEM,DUMP TRUCK HINO 130HD DA 8476 JJ 251-060,330702-000300-0010,4N-3700,HOUR METER,1.0,PCS,425000.0,Bulldozer,Bulldozer,Caterpillar
2026-08-01,Aug,8,SUNGAI DANAU,PLANTATION,NON RUTIN,ELECTRICAL SYSTEM,DUMP TRUCK HINO 130HD DA 8476 JJ 251-060,340501-000300-0046,60201-20100,BATTERY 12V-100A,1.0,Pcs,2207208.0,Umum Kendaraan,Umum Kendaraan,Umum Kendaraan
2026-08-16,Aug,8,SUNGAI DANAU,PLANTATION,NON RUTIN,FRAME BODY & GUARD SYSTEM,DUMP TRUCK HINO 130HD DA 8476 JJ 251-060,370502-000300-0122,,BOLT & NUT M8 X 50MM - 1.0,4.0,Pcs,3400.0,Barang & Alat Bengkel,Barang & Alat Bengkel,Work Shop
2026-08-16,Aug,8,SUNGAI DANAU,PLANTATION,NON RUTIN,FRAME BODY & GUARD SYSTEM,DUMP TRUCK HINO 130HD DA 8476 JJ 251-060,370502-000300-0353,,KERTAS GOSOK NO.1500,1.0,Lbr,3804.18,Barang & Alat Bengkel,Barang & Alat Bengkel,Work Shop
2026-08-16,Aug,8,SUNGAI DANAU,PLANTATION,NON RUTIN,FRAME BODY & GUARD SYSTEM,DUMP TRUCK HINO 130HD DA 8476 JJ 251-060,370502-000300-0557,,SABUN COLEK,1.0,BKS,8000.0,Barang & Alat Bengkel,Barang & Alat Bengkel,Work Shop
2026-08-19,Aug,8,SUNGAI DANAU,PLANTATION,RUTIN,ENGINE SYSTEM,DUMPTRUCK 136 HDX 251-063,350201-000200-0024,,ENGINE OIL 15W-40,9.0,LTR,286205.04,Pelumas,Pelumas,Oli
2026-08-11,Aug,8,SUNGAI DANAU,PLANTATION,NON RUTIN,FRAME BODY & GUARD SYSTEM,DUMPTRUCK 136 HDX 251-063,340307-010309-0023,51900-OW020,"CARRIER ASSY, SPARE WHEEL",1.0,Pcs,500000.0,Truck /Bus,Truck /Bus,Hino
2026-08-18,Aug,8,SUNGAI DANAU,PLANTATION,NON RUTIN,FRAME BODY & GUARD SYSTEM,DUMPTRUCK 136 HDX 251-063,370301-000300-0025,,"KUAS CAT 2 1/2""",1.0,PCS,3800.0,Barang Konstruksi,Barang Konstruksi,Alat-alat Bangunan
2026-08-18,Aug,8,SUNGAI DANAU,PLANTATION,NON RUTIN,FRAME BODY & GUARD SYSTEM,DUMPTRUCK 136 HDX 251-063,370302-000300-0165,47030-16882,CAT PLATONE NP882 @0.9LTR,2.0,Klg,152804.76,Barang Konstruksi,Barang Konstruksi,Bahan Bangunan
2026-08-16,Aug,8,SUNGAI DANAU,PLANTATION,NON RUTIN,FRAME BODY & GUARD SYSTEM,DUMPTRUCK 136 HDX 251-063,370502-000100-0019,,"BATU GERINDA POTONG 4""",3.0,Pcs,11615.52,Barang & Alat Bengkel,Barang & Alat Bengkel,Work Shop
2026-08-15,Aug,8,SUNGAI DANAU,PLANTATION,NON RUTIN,SUSPENSION SYSTEM,DUMPTRUCK 136 HDX 251-063,340307-010313-0031,48435-36020,ATTACHMENT,2.0,Pcs,112222.22,Truck /Bus,Truck /Bus,Hino
2026-08-07,Aug,8,SUNGAI DANAU,PLANTATION,RUTIN,ENGINE SYSTEM,DUMPTRUCK HINO 136 HDX 251-064,350201-000200-0024,,ENGINE OIL 15W-40,9.0,LTR,286205.04,Pelumas,Pelumas,Oli
2026-08-08,Aug,8,SUNGAI DANAU,PLANTATION,NON RUTIN,ATTACHMENT SYSTEM,DUMPTRUCK HINO 136 HDX 251-064,340307-010303-0002,87901-0W080,MIRROR SUB ASSY 87901-LAA80,2.0,Pcs,140000.0,Truck /Bus,Truck /Bus,Hino
2026-08-29,Aug,8,SUNGAI DANAU,PLANTATION,NON RUTIN,FRAME BODY & GUARD SYSTEM,DUMPTRUCK HINO 136 HDX 251-064,370502-000300-0557,,SABUN COLEK,2.0,BKS,16000.0,Barang & Alat Bengkel,Barang & Alat Bengkel,Work Shop
2026-08-04,Aug,8,SUNGAI DANAU,PLANTATION,NON RUTIN,ELECTRICAL SYSTEM,TRUCK TANGKI HINO 130 HD DA 8606 CL 261-011,340307-010306-0051,84332-OW010,SWITCH ASSY HAZARD WARNING SIGNAL,1.0,PCS,150800.0,Truck /Bus,Truck /Bus,Hino
2026-08-23,Aug,8,SUNGAI DANAU,PLANTATION,NON RUTIN,ENGINE SYSTEM,TRUCK TANGKI HINO 130 HD DA 8606 CL 261-011,350201-000200-0024,,ENGINE OIL 15W-40,2.0,LTR,63601.12,Pelumas,Pelumas,Oli
2026-08-07,Aug,8,SUNGAI DANAU,PLANTATION,NON RUTIN,FRAME BODY & GUARD SYSTEM,TRUCK TANGKI HINO 130 HD DA 8606 CL 261-011,370502-000300-0557,,SABUN COLEK,2.0,BKS,16000.0,Barang & Alat Bengkel,Barang & Alat Bengkel,Work Shop
2026-08-27,Aug,8,SUNGAI DANAU,PLANTATION,NON RUTIN,FRAME BODY & GUARD SYSTEM,TRUCK TANGKI HINO 130 HD DA 8606 CL 261-011,370502-000300-0557,,SABUN COLEK,2.0,BKS,16000.0,Barang & Alat Bengkel,Barang & Alat Bengkel,Work Shop
2026-08-02,Aug,8,SUNGAI DANAU,PLANTATION,NON RUTIN,DIFFENTTIAL & REAR AXLE SYSTEM,TRUCK TANGKI HINO 130 HD DA 8607 CL 261-012,340307-010305-0016,41341-37020,PINION S4134-11390,4.0,PCS,1589893.32,Truck /Bus,Truck /Bus,Hino
2026-08-02,Aug,8,SUNGAI DANAU,PLANTATION,NON RUTIN,DIFFENTTIAL & REAR AXLE SYSTEM,TRUCK TANGKI HINO 130 HD DA 8607 CL 261-012,340307-010305-0020,41361-37010,WASHER S4136-11560,2.0,PCS,152280.0,Truck /Bus,Truck /Bus,Hino
2026-08-02,Aug,8,SUNGAI DANAU,PLANTATION,NON RUTIN,DIFFENTTIAL & REAR AXLE SYSTEM,TRUCK TANGKI HINO 130 HD DA 8607 CL 261-012,340307-010305-0098,SZ312-65002,SEAL OIL (FOR REAR DIFFERENTIAL CARRIER),1.0,PCS,39640.0,Truck /Bus,Truck /Bus,Hino
2026-08-02,Aug,8,SUNGAI DANAU,PLANTATION,NON RUTIN,DIFFENTTIAL & REAR AXLE SYSTEM,TRUCK TANGKI HINO 130 HD DA 8607 CL 261-012,350201-000200-0040,,GEAR OIL RORED HDA-140,3.0,Ltr,110565.0,Pelumas,Pelumas,Oli
2026-08-02,Aug,8,SUNGAI DANAU,PLANTATION,NON RUTIN,FINAL DRIVE SYSTEM,TRUCK TANGKI HINO 130 HD DA 8607 CL 261-012,340307-010308-0010,90033-65001,BEARING,1.0,Pcs,232900.0,Truck /Bus,Truck /Bus,Hino
2026-08-02,Aug,8,SUNGAI DANAU,PLANTATION,NON RUTIN,FINAL DRIVE SYSTEM,TRUCK TANGKI HINO 130 HD DA 8607 CL 261-012,340307-010308-0047,SZ366-55011,BEARING,1.0,PCS,550000.0,Truck /Bus,Truck /Bus,Hino
2026-08-01,Aug,8,SUNGAI DANAU,PLANTATION,NON RUTIN,FRAME BODY & GUARD SYSTEM,TRUCK TANGKI HINO 130 HD DA 8607 CL 261-012,370502-000300-0557,,SABUN COLEK,2.0,BKS,16000.0,Barang & Alat Bengkel,Barang & Alat Bengkel,Work Shop
2026-08-07,Aug,8,SUNGAI DANAU,PLANTATION,NON RUTIN,FRAME BODY & GUARD SYSTEM,TRUCK TANGKI HINO 130 HD DA 8607 CL 261-012,370502-000300-0557,,SABUN COLEK,2.0,BKS,16000.0,Barang & Alat Bengkel,Barang & Alat Bengkel,Work Shop
2026-08-04,Aug,8,SUNGAI DANAU,PLANTATION,RUTIN,ENGINE SYSTEM,TRUCK TANGKI HINO 130 HD DA 8597 CN 261-013,350201-000200-0024,,ENGINE OIL 15W-40,10.0,LTR,318005.6,Pelumas,Pelumas,Oli
2026-08-14,Aug,8,SUNGAI DANAU,PLANTATION,NON RUTIN,FRAME BODY & GUARD SYSTEM,TRUCK TANGKI HINO 130 HD DA 8597 CN 261-013,370502-000300-0122,,BOLT & NUT M8 X 50MM - 1.0,3.0,Pcs,2550.0,Barang & Alat Bengkel,Barang & Alat Bengkel,Work Shop
2026-08-04,Aug,8,SUNGAI DANAU,PLANTATION,NON RUTIN,FRAME BODY & GUARD SYSTEM,TRUCK TANGKI HINO 130 HD DA 8597 CN 261-013,370502-000300-0557,,SABUN COLEK,2.0,BKS,16000.0,Barang & Alat Bengkel,Barang & Alat Bengkel,Work Shop
2026-08-08,Aug,8,SUNGAI DANAU,PLANTATION,NON RUTIN,FRAME BODY & GUARD SYSTEM,TRUCK TANGKI HINO 130 HD DA 8597 CN 261-013,370502-000300-0557,,SABUN COLEK,2.0,BKS,16000.0,Barang & Alat Bengkel,Barang & Alat Bengkel,Work Shop
2026-08-22,Aug,8,SUNGAI DANAU,PLANTATION,NON RUTIN,FRAME BODY & GUARD SYSTEM,TRUCK TANGKI HINO 130 HD DA 8597 CN 261-013,370502-000300-0557,,SABUN COLEK,2.0,BKS,16000.0,Barang & Alat Bengkel,Barang & Alat Bengkel,Work Shop
2026-08-21,Aug,8,SUNGAI DANAU,PLANTATION,NON RUTIN,FRAME BODY & GUARD SYSTEM,TRUCK TANGKI HINO 130 HD DA 8597 CN 261-013,370502-000300-0558,,"SEAL TAPE 1/2""",1.0,PCS,2000.0,Barang & Alat Bengkel,Barang & Alat Bengkel,Work Shop
2026-08-02,Aug,8,SUNGAI DANAU,PLANTATION,RUTIN,WHEEL & TYRE SYSTEM,TRUCK TANGKI HINO 130 HD DA 8598 CN 261-014,370601-000216-0041,48116-750,BAN DALAM 7.50 * 16,2.0,Pcs,564645.24,Suku Cadang Umum,Suku Cadang Umum,Ban
2026-08-31,Aug,8,SUNGAI DANAU,PLANTATION,RUTIN,WHEEL & TYRE SYSTEM,TRUCK TANGKI HINO 130 HD DA 8598 CN 261-014,370601-000216-0041,48116-750,BAN DALAM 7.50 * 16,2.0,Pcs,564645.24,Suku Cadang Umum,Suku Cadang Umum,Ban
2026-08-31,Aug,8,SUNGAI DANAU,PLANTATION,RUTIN,WHEEL & TYRE SYSTEM,TRUCK TANGKI HINO 130 HD DA 8598 CN 261-014,370601-000216-0121,48216-750K,BAN LUAR 7.50 * 16 KOTA,1.0,Pcs,1875875.0,Suku Cadang Umum,Suku Cadang Umum,Ban
2026-08-02,Aug,8,SUNGAI DANAU,PLANTATION,RUTIN,WHEEL & TYRE SYSTEM,TRUCK TANGKI HINO 130 HD DA 8598 CN 261-014,370601-000216-0122,48216-750R,BAN LUAR 7.50 * 16 RIMBA,2.0,Pcs,4153454.38,Suku Cadang Umum,Suku Cadang Umum,Ban
2026-08-02,Aug,8,SUNGAI DANAU,PLANTATION,RUTIN,WHEEL & TYRE SYSTEM,TRUCK TANGKI HINO 130 HD DA 8598 CN 261-014,370601-000216-0139,48316-0750,MARSED BAN 7.50 * 16,2.0,Pcs,140365.12,Suku Cadang Umum,Suku Cadang Umum,Ban
2026-08-01,Aug,8,SUNGAI DANAU,PLANTATION,NON RUTIN,DIFFENTTIAL & REAR AXLE SYSTEM,TRUCK TANGKI HINO 130 HD DA 8598 CN 261-014,340307-010305-0008,4038-0022,BOLT KIT REAR WHEEL LH.,5.0,Set,297934.25,Truck /Bus,Truck /Bus,Hino
2026-08-01,Aug,8,SUNGAI DANAU,PLANTATION,NON RUTIN,DIFFENTTIAL & REAR AXLE SYSTEM,TRUCK TANGKI HINO 130 HD DA 8598 CN 261-014,340307-010305-0032,42401-LAA20,HUB S/A RR AXLE RH,1.0,PCS,875000.0,Truck /Bus,Truck /Bus,Hino
2026-08-01,Aug,8,SUNGAI DANAU,PLANTATION,NON RUTIN,DIFFENTTIAL & REAR AXLE SYSTEM,TRUCK TANGKI HINO 130 HD DA 8598 CN 261-014,340307-010305-0063,90250-10055,"PIN, STRAIGHT ( FOR REAR AXLE HUB RH )",1.0,PCS,19833.81,Truck /Bus,Truck /Bus,Hino
2026-08-21,Aug,8,SUNGAI DANAU,PLANTATION,NON RUTIN,DIFFENTTIAL & REAR AXLE SYSTEM,TRUCK TANGKI HINO 130 HD DA 8598 CN 261-014,340307-010305-0065,90311-68003,SEAL OIL,1.0,Pcs,24729.04,Truck /Bus,Truck /Bus,Hino
2026-08-02,Aug,8,SUNGAI DANAU,PLANTATION,NON RUTIN,DIFFENTTIAL & REAR AXLE SYSTEM,TRUCK TANGKI HINO 130 HD DA 8598 CN 261-014,370502-000300-0452,,PACKING SILICON RED 70GR,1.0,Tub,13500.0,Barang & Alat Bengkel,Barang & Alat Bengkel,Work Shop
2026-08-29,Aug,8,SUNGAI DANAU,PLANTATION,NON RUTIN,ELECTRICAL SYSTEM,TRUCK TANGKI HINO 130 HD DA 8598 CN 261-014,340501-000300-0079,,BLADE FUSE KECIL 10A,2.0,pcs,2000.0,Umum Kendaraan,Umum Kendaraan,Umum Kendaraan
2026-08-29,Aug,8,SUNGAI DANAU,PLANTATION,NON RUTIN,ELECTRICAL SYSTEM,TRUCK TANGKI HINO 130 HD DA 8598 CN 261-014,340501-000300-0080,,BLADE FUSE KECIL 15A,2.0,PCS,3406.76,Umum Kendaraan,Umum Kendaraan,Umum Kendaraan
2026-08-25,Aug,8,SUNGAI DANAU,PLANTATION,NON RUTIN,FRAME BODY & GUARD SYSTEM,TRUCK TANGKI HINO 130 HD DA 8598 CN 261-014,340307-010309-0026,52141-OWO20,"STAY, FRONT BUMPER RH",1.0,PCS,455000.0,Truck /Bus,Truck /Bus,Hino
2026-08-25,Aug,8,SUNGAI DANAU,PLANTATION,NON RUTIN,FRAME BODY & GUARD SYSTEM,TRUCK TANGKI HINO 130 HD DA 8598 CN 261-014,340307-010309-0027,52142-OWO20,"STAY, FRONT BUMPER LH",1.0,PCS,455000.0,Truck /Bus,Truck /Bus,Hino
2026-08-02,Aug,8,SUNGAI DANAU,PLANTATION,NON RUTIN,FRAME BODY & GUARD SYSTEM,TRUCK TANGKI HINO 130 HD DA 8598 CN 261-014,340501-000300-0037,4038-2301,"WIPER BLADE SET 18""",1.0,Set,85000.0,Umum Kendaraan,Umum Kendaraan,Umum Kendaraan
2026-08-24,Aug,8,SUNGAI DANAU,PLANTATION,NON RUTIN,FRAME BODY & GUARD SYSTEM,TRUCK TANGKI HINO 130 HD DA 8598 CN 261-014,370502-000100-0019,,"BATU GERINDA POTONG 4""",1.0,Pcs,3871.84,Barang & Alat Bengkel,Barang & Alat Bengkel,Work Shop
2026-08-25,Aug,8,SUNGAI DANAU,PLANTATION,NON RUTIN,FRAME BODY & GUARD SYSTEM,TRUCK TANGKI HINO 130 HD DA 8598 CN 261-014,370502-000100-0019,,"BATU GERINDA POTONG 4""",1.0,Pcs,3871.84,Barang & Alat Bengkel,Barang & Alat Bengkel,Work Shop
2026-08-24,Aug,8,SUNGAI DANAU,PLANTATION,NON RUTIN,FRAME BODY & GUARD SYSTEM,TRUCK TANGKI HINO 130 HD DA 8598 CN 261-014,370502-000300-0077,,BOLT & NUT M10 X 1.25 X 50MM,6.0,pcs,7500.0,Barang & Alat Bengkel,Barang & Alat Bengkel,Work Shop
2026-08-25,Aug,8,SUNGAI DANAU,PLANTATION,NON RUTIN,FRAME BODY & GUARD SYSTEM,TRUCK TANGKI HINO 130 HD DA 8598 CN 261-014,370502-000300-0114,,BOLT & NUT M6 X 1.0 X 50MM,5.0,PCS,2250.0,Barang & Alat Bengkel,Barang & Alat Bengkel,Work Shop
2026-08-25,Aug,8,SUNGAI DANAU,PLANTATION,NON RUTIN,FRAME BODY & GUARD SYSTEM,TRUCK TANGKI HINO 130 HD DA 8598 CN 261-014,370502-000300-0122,,BOLT & NUT M8 X 50MM - 1.0,6.0,Pcs,5100.0,Barang & Alat Bengkel,Barang & Alat Bengkel,Work Shop
2026-08-24,Aug,8,SUNGAI DANAU,PLANTATION,NON RUTIN,FRAME BODY & GUARD SYSTEM,TRUCK TANGKI HINO 130 HD DA 8598 CN 261-014,370502-000300-0475,,PLATE WASHER M10,12.0,PCS,2132.04,Barang & Alat Bengkel,Barang & Alat Bengkel,Work Shop
2026-08-25,Aug,8,SUNGAI DANAU,PLANTATION,NON RUTIN,FRAME BODY & GUARD SYSTEM,TRUCK TANGKI HINO 130 HD DA 8598 CN 261-014,370502-000300-0479,,PLATE WASHER M6,10.0,PCS,548.2,Barang & Alat Bengkel,Barang & Alat Bengkel,Work Shop
2026-08-25,Aug,8,SUNGAI DANAU,PLANTATION,NON RUTIN,FRAME BODY & GUARD SYSTEM,TRUCK TANGKI HINO 130 HD DA 8598 CN 261-014,370502-000300-0480,,PLATE WASHER M8,16.0,PCS,1200.0,Barang & Alat Bengkel,Barang & Alat Bengkel,Work Shop
2026-08-07,Aug,8,SUNGAI DANAU,PLANTATION,NON RUTIN,FRAME BODY & GUARD SYSTEM,TRUCK TANGKI HINO 130 HD DA 8598 CN 261-014,370502-000300-0557,,SABUN COLEK,2.0,BKS,16000.0,Barang & Alat Bengkel,Barang & Alat Bengkel,Work Shop
2026-08-24,Aug,8,SUNGAI DANAU,PLANTATION,NON RUTIN,FRAME BODY & GUARD SYSTEM,TRUCK TANGKI HINO 130 HD DA 8598 CN 261-014,370502-000300-0557,,SABUN COLEK,2.0,BKS,16000.0,Barang & Alat Bengkel,Barang & Alat Bengkel,Work Shop
2026-08-21,Aug,8,SUNGAI DANAU,PLANTATION,NON RUTIN,STEERING SYSTEM,TRUCK TANGKI HINO 130 HD DA 8598 CN 261-014,340307-010312-0032,90214-29001,"WASHER, CLAW ( FOR FRONT AXLE HUB RH )",1.0,PCS,34347.82,Truck /Bus,Truck /Bus,Hino
2026-08-02,Aug,8,SUNGAI DANAU,PLANTATION,NON RUTIN,SUSPENSION SYSTEM,TRUCK TANGKI HINO 130 HD DA 8598 CN 261-014,340307-010213-0002,48247-25261,CENTER BOLT 10MM X 320MM,1.0,PCS,33681.86,Truck /Bus,Truck /Bus,Hino
2026-08-24,Aug,8,SUNGAI DANAU,PLANTATION,NON RUTIN,SUSPENSION SYSTEM,TRUCK TANGKI HINO 130 HD DA 8598 CN 261-014,340307-010213-0002,48247-25261,CENTER BOLT 10MM X 320MM,2.0,PCS,67363.72,Truck /Bus,Truck /Bus,Hino
2026-08-24,Aug,8,SUNGAI DANAU,PLANTATION,NON RUTIN,SUSPENSION SYSTEM,TRUCK TANGKI HINO 130 HD DA 8598 CN 261-014,340307-010313-0023,48216-OW010,LEAF SPRING RR. NO.6,1.0,Pcs,180000.0,Truck /Bus,Truck /Bus,Hino
2026-08-24,Aug,8,SUNGAI DANAU,PLANTATION,NON RUTIN,SUSPENSION SYSTEM,TRUCK TANGKI HINO 130 HD DA 8598 CN 261-014,340307-010313-0026,48263-37550,LEAF SPRING RR. HELPER NO.3,1.0,Pcs,242150.0,Truck /Bus,Truck /Bus,Hino
2026-08-19,Aug,8,SUNGAI DANAU,PLANTATION,NON RUTIN,ENGINE SYSTEM,TRUCK TANGKI HINO 130 HD DA 8569 CP 262-003,340307-040307-0021,23330EW010,FUEL PRE-FILTER ASSEMBLY,1.0,SET,5384575.0,Truck /Bus,Truck /Bus,Hino
2026-08-01,Aug,8,SUNGAI DANAU,PLANTATION,NON RUTIN,ENGINE SYSTEM,TRUCK TANGKI HINO 130 HD DA 8569 CP 262-003,370502-000300-0597,62301-20035,WATER COOLANT @5LTR,2.0,Gln,75147.98,Barang & Alat Bengkel,Barang & Alat Bengkel,Work Shop
2026-08-06,Aug,8,SUNGAI DANAU,PLANTATION,NON RUTIN,FRAME BODY & GUARD SYSTEM,TRUCK TANGKI HINO 130 HD DA 8569 CP 262-003,370502-000300-0557,,SABUN COLEK,2.0,BKS,16000.0,Barang & Alat Bengkel,Barang & Alat Bengkel,Work Shop
2026-08-22,Aug,8,SUNGAI DANAU,PLANTATION,NON RUTIN,FRAME BODY & GUARD SYSTEM,TRUCK TANGKI HINO 130 HD DA 8569 CP 262-003,370502-000300-0557,,SABUN COLEK,2.0,BKS,16000.0,Barang & Alat Bengkel,Barang & Alat Bengkel,Work Shop
2026-08-24,Aug,8,SUNGAI DANAU,PLANTATION,NON RUTIN,SUSPENSION SYSTEM,TRUCK TANGKI HINO 130 HD DA 8569 CP 262-003,340307-050313-0036,48261-EV012,"LEAF,RR HELPER SPG NO 1",1.0,PCS,500000.0,Truck /Bus,Truck /Bus,Hino
2026-08-24,Aug,8,SUNGAI DANAU,PLANTATION,NON RUTIN,SUSPENSION SYSTEM,TRUCK TANGKI HINO 130 HD DA 8569 CP 262-003,340307-050313-0038,48262-EV012,"LEAF, RR HELPER SPG NO 2",2.0,PCS,950000.0,Truck /Bus,Truck /Bus,Hino
2026-08-24,Aug,8,SUNGAI DANAU,PLANTATION,NON RUTIN,SUSPENSION SYSTEM,TRUCK TANGKI HINO 130 HD DA 8569 CP 262-003,340307-050313-0045,48266-EV011,"LEAF,RR HELPER SPG NO 6",1.0,PCS,473854.17,Truck /Bus,Truck /Bus,Hino
2026-08-23,Aug,8,SUNGAI DANAU,PLANTATION,NON RUTIN,ELECTRICAL SYSTEM,TRUCK TANGKI HINO 130 HD DA 8567 CP 262-004,340501-000300-0043,60201-20060,BATTERY 12V-60A,1.0,Pcs,975000.0,Umum Kendaraan,Umum Kendaraan,Umum Kendaraan
2026-08-31,Aug,8,SUNGAI DANAU,PLANTATION,NON RUTIN,ENGINE SYSTEM,TRUCK TANGKI HINO 130 HD DA 8567 CP 262-004,340307-040307-0021,23330EW010,FUEL PRE-FILTER ASSEMBLY,1.0,SET,5384575.0,Truck /Bus,Truck /Bus,Hino
2026-08-31,Aug,8,SUNGAI DANAU,PLANTATION,NON RUTIN,ENGINE SYSTEM,TRUCK TANGKI HINO 130 HD DA 8567 CP 262-004,370502-000300-0077,,BOLT & NUT M10 X 1.25 X 50MM,4.0,pcs,5000.0,Barang & Alat Bengkel,Barang & Alat Bengkel,Work Shop
2026-08-31,Aug,8,SUNGAI DANAU,PLANTATION,NON RUTIN,ENGINE SYSTEM,TRUCK TANGKI HINO 130 HD DA 8567 CP 262-004,370502-000300-0475,,PLATE WASHER M10,8.0,PCS,1421.36,Barang & Alat Bengkel,Barang & Alat Bengkel,Work Shop
2026-08-31,Aug,8,SUNGAI DANAU,PLANTATION,NON RUTIN,FRAME BODY & GUARD SYSTEM,TRUCK TANGKI HINO 130 HD DA 8567 CP 262-004,370502-000100-0010,,"BATU GERINDA 4""",2.0,Pcs,21274.06,Barang & Alat Bengkel,Barang & Alat Bengkel,Work Shop
2026-08-18,Aug,8,SUNGAI DANAU,PLANTATION,NON RUTIN,FRAME BODY & GUARD SYSTEM,TRUCK TANGKI HINO 130 HD DA 8567 CP 262-004,370502-000300-0557,,SABUN COLEK,2.0,BKS,16000.0,Barang & Alat Bengkel,Barang & Alat Bengkel,Work Shop
2026-08-31,Aug,8,SUNGAI DANAU,PLANTATION,NON RUTIN,FRAME BODY & GUARD SYSTEM,TRUCK TANGKI HINO 130 HD DA 8567 CP 262-004,370502-000300-0557,,SABUN COLEK,2.0,BKS,16000.0,Barang & Alat Bengkel,Barang & Alat Bengkel,Work Shop
2026-08-18,Aug,8,SUNGAI DANAU,PLANTATION,NON RUTIN,ENGINE SYSTEM,TRUCK TANGKI HINO FG235 DA 8170 CR 262-005,340307-040307-0021,23330EW010,FUEL PRE-FILTER ASSEMBLY,1.0,SET,5384575.0,Truck /Bus,Truck /Bus,Hino
2026-08-04,Aug,8,SUNGAI DANAU,PLANTATION,NON RUTIN,FRAME BODY & GUARD SYSTEM,TRUCK TANGKI HINO FG235 DA 8170 CR 262-005,340307-010309-0138,85212-EW010,BLADE FR WIPER RH,1.0,PCS,79025.0,Truck /Bus,Truck /Bus,Hino
2026-08-15,Aug,8,SUNGAI DANAU,PLANTATION,NON RUTIN,FRAME BODY & GUARD SYSTEM,TRUCK TANGKI HINO FG235 DA 8170 CR 262-005,340307-050309-0003,48423-EW060,PIN SPRING BRAKET,1.0,PCS,188181.12,Truck /Bus,Truck /Bus,Hino
2026-08-14,Aug,8,SUNGAI DANAU,PLANTATION,NON RUTIN,FRAME BODY & GUARD SYSTEM,TRUCK TANGKI HINO FG235 DA 8170 CR 262-005,370502-000300-0077,,BOLT & NUT M10 X 1.25 X 50MM,4.0,pcs,5000.0,Barang & Alat Bengkel,Barang & Alat Bengkel,Work Shop
2026-08-14,Aug,8,SUNGAI DANAU,PLANTATION,NON RUTIN,FRAME BODY & GUARD SYSTEM,TRUCK TANGKI HINO FG235 DA 8170 CR 262-005,370502-000300-0475,,PLATE WASHER M10,4.0,PCS,710.68,Barang & Alat Bengkel,Barang & Alat Bengkel,Work Shop
2026-08-11,Aug,8,SUNGAI DANAU,PLANTATION,NON RUTIN,FRAME BODY & GUARD SYSTEM,TRUCK TANGKI HINO FG235 DA 8170 CR 262-005,370502-000300-0557,,SABUN COLEK,2.0,BKS,16000.0,Barang & Alat Bengkel,Barang & Alat Bengkel,Work Shop
2026-08-24,Aug,8,SUNGAI DANAU,PLANTATION,NON RUTIN,FRAME BODY & GUARD SYSTEM,TRUCK TANGKI HINO FG235 DA 8170 CR 262-005,370502-000300-0557,,SABUN COLEK,2.0,BKS,16000.0,Barang & Alat Bengkel,Barang & Alat Bengkel,Work Shop
2026-08-29,Aug,8,SUNGAI DANAU,PLANTATION,NON RUTIN,FRAME BODY & GUARD SYSTEM,TRUCK TANGKI HINO FG235 DA 8170 CR 262-005,370502-000300-0557,,SABUN COLEK,2.0,BKS,16000.0,Barang & Alat Bengkel,Barang & Alat Bengkel,Work Shop
2026-08-15,Aug,8,SUNGAI DANAU,PLANTATION,NON RUTIN,SUSPENSION SYSTEM,TRUCK TANGKI HINO FG235 DA 8170 CR 262-005,340307-050213-0009,9019-16309,CENTER BOLT 13'' RR,1.0,PCS,33750.0,Truck /Bus,Truck /Bus,Hino
2026-08-15,Aug,8,SUNGAI DANAU,PLANTATION,NON RUTIN,SUSPENSION SYSTEM,TRUCK TANGKI HINO FG235 DA 8170 CR 262-005,340307-050313-0050,48271-EV070,"LEAF,RR HELPER SPG NO 10",1.0,PCS,216775.0,Truck /Bus,Truck /Bus,Hino
2026-08-23,Aug,8,SUNGAI DANAU,PLANTATION,RUTIN,DIFFENTTIAL & REAR AXLE SYSTEM,TRUCK TANGKI HINO FG 235 DA 8171 CR 262-006,350201-000200-0040,,GEAR OIL RORED HDA-140,10.0,Ltr,368550.0,Pelumas,Pelumas,Oli
2026-08-23,Aug,8,SUNGAI DANAU,PLANTATION,RUTIN,ENGINE SYSTEM,TRUCK TANGKI HINO FG 235 DA 8171 CR 262-006,350201-000200-0024,,ENGINE OIL 15W-40,15.0,LTR,477008.4,Pelumas,Pelumas,Oli
2026-08-04,Aug,8,SUNGAI DANAU,PLANTATION,NON RUTIN,ELECTRICAL SYSTEM,TRUCK TANGKI HINO FG 235 DA 8171 CR 262-006,370502-000300-0006,,AIR ACCU TAMBAH,1.0,Ltr,7000.0,Barang & Alat Bengkel,Barang & Alat Bengkel,Work Shop
2026-08-12,Aug,8,SUNGAI DANAU,PLANTATION,NON RUTIN,ENGINE SYSTEM,TRUCK TANGKI HINO FG 235 DA 8171 CR 262-006,340307-040307-0021,23330EW010,FUEL PRE-FILTER ASSEMBLY,1.0,SET,5384575.0,Truck /Bus,Truck /Bus,Hino
2026-08-12,Aug,8,SUNGAI DANAU,PLANTATION,NON RUTIN,FRAME BODY & GUARD SYSTEM,TRUCK TANGKI HINO FG 235 DA 8171 CR 262-006,370502-000100-0010,,"BATU GERINDA 4""",1.0,Pcs,10637.03,Barang & Alat Bengkel,Barang & Alat Bengkel,Work Shop
2026-08-12,Aug,8,SUNGAI DANAU,PLANTATION,NON RUTIN,FRAME BODY & GUARD SYSTEM,TRUCK TANGKI HINO FG 235 DA 8171 CR 262-006,370502-000300-0077,,BOLT & NUT M10 X 1.25 X 50MM,4.0,pcs,5000.0,Barang & Alat Bengkel,Barang & Alat Bengkel,Work Shop
2026-08-12,Aug,8,SUNGAI DANAU,PLANTATION,NON RUTIN,FRAME BODY & GUARD SYSTEM,TRUCK TANGKI HINO FG 235 DA 8171 CR 262-006,370502-000300-0475,,PLATE WASHER M10,4.0,PCS,710.68,Barang & Alat Bengkel,Barang & Alat Bengkel,Work Shop
2026-08-02,Aug,8,SUNGAI DANAU,PLANTATION,NON RUTIN,FRAME BODY & GUARD SYSTEM,TRUCK TANGKI HINO FG 235 DA 8171 CR 262-006,370502-000300-0557,,SABUN COLEK,2.0,BKS,16000.0,Barang & Alat Bengkel,Barang & Alat Bengkel,Work Shop
2026-08-06,Aug,8,SUNGAI DANAU,PLANTATION,NON RUTIN,FRAME BODY & GUARD SYSTEM,TRUCK TANGKI HINO FG 235 DA 8171 CR 262-006,370502-000300-0557,,SABUN COLEK,2.0,BKS,16000.0,Barang & Alat Bengkel,Barang & Alat Bengkel,Work Shop
2026-08-22,Aug,8,SUNGAI DANAU,PLANTATION,NON RUTIN,FRAME BODY & GUARD SYSTEM,TRUCK TANGKI HINO FG 235 DA 8171 CR 262-006,370502-000300-0557,,SABUN COLEK,2.0,BKS,16000.0,Barang & Alat Bengkel,Barang & Alat Bengkel,Work Shop
2026-08-02,Aug,8,SUNGAI DANAU,PLANTATION,NON RUTIN,STEERING SYSTEM,TRUCK TANGKI HINO FG 235 DA 8171 CR 262-006,370502-000300-0290,,GREASE COUPLER 0 LUAR 15 MM,1.0,PCS,12000.0,Barang & Alat Bengkel,Barang & Alat Bengkel,Work Shop
2026-08-12,Aug,8,SUNGAI DANAU,PLANTATION,NON RUTIN,STEERING SYSTEM,TRUCK TANGKI HINO FG 235 DA 8171 CR 262-006,370502-000300-0290,,GREASE COUPLER 0 LUAR 15 MM,1.0,PCS,12000.0,Barang & Alat Bengkel,Barang & Alat Bengkel,Work Shop
2026-08-12,Aug,8,SUNGAI DANAU,PLANTATION,NON RUTIN,STEERING SYSTEM,TRUCK TANGKI HINO FG 235 DA 8171 CR 262-006,370502-000300-0292,,GREASE NEEPLE M10 - 90Â°,2.0,PCS,7212.12,Barang & Alat Bengkel,Barang & Alat Bengkel,Work Shop
2026-08-26,Aug,8,SUNGAI DANAU,PLANTATION,RUTIN,WHEEL & TYRE SYSTEM,TRUCK TANGKI HINO FG 235 DA 8342 JD 262-007,370601-000200-0002,,BAN DALAM 10.00 * 20,2.0,PCS,755640.0,Suku Cadang Umum,Suku Cadang Umum,Ban
2026-08-26,Aug,8,SUNGAI DANAU,PLANTATION,RUTIN,WHEEL & TYRE SYSTEM,TRUCK TANGKI HINO FG 235 DA 8342 JD 262-007,370601-000216-0051,,BAN LUAR 10.00 * 20,2.0,PCS,7304000.0,Suku Cadang Umum,Suku Cadang Umum,Ban
2026-08-26,Aug,8,SUNGAI DANAU,PLANTATION,RUTIN,WHEEL & TYRE SYSTEM,TRUCK TANGKI HINO FG 235 DA 8342 JD 262-007,370601-000216-0135,,MARSED BAN 10.00 * 20,2.0,PCS,251880.0,Suku Cadang Umum,Suku Cadang Umum,Ban
2026-08-27,Aug,8,SUNGAI DANAU,PLANTATION,NON RUTIN,DIFFENTTIAL & REAR AXLE SYSTEM,TRUCK TANGKI HINO FG 235 DA 8342 JD 262-007,340307-040305-0006,SZ930-13041,WASHER THRUST,1.0,PCS,194300.0,Truck /Bus,Truck /Bus,Hino
2026-08-12,Aug,8,SUNGAI DANAU,PLANTATION,NON RUTIN,ENGINE SYSTEM,TRUCK TANGKI HINO FG 235 DA 8342 JD 262-007,340307-040307-0021,23330EW010,FUEL PRE-FILTER ASSEMBLY,1.0,SET,5384575.0,Truck /Bus,Truck /Bus,Hino
2026-08-12,Aug,8,SUNGAI DANAU,PLANTATION,NON RUTIN,FRAME BODY & GUARD SYSTEM,TRUCK TANGKI HINO FG 235 DA 8342 JD 262-007,370502-000300-0077,,BOLT & NUT M10 X 1.25 X 50MM,4.0,pcs,5000.0,Barang & Alat Bengkel,Barang & Alat Bengkel,Work Shop
2026-08-26,Aug,8,SUNGAI DANAU,PLANTATION,NON RUTIN,FRAME BODY & GUARD SYSTEM,TRUCK TANGKI HINO FG 235 DA 8342 JD 262-007,370502-000300-0353,,KERTAS GOSOK NO.1500,1.0,Lbr,3804.18,Barang & Alat Bengkel,Barang & Alat Bengkel,Work Shop
2026-08-12,Aug,8,SUNGAI DANAU,PLANTATION,NON RUTIN,FRAME BODY & GUARD SYSTEM,TRUCK TANGKI HINO FG 235 DA 8342 JD 262-007,370502-000300-0475,,PLATE WASHER M10,4.0,PCS,710.68,Barang & Alat Bengkel,Barang & Alat Bengkel,Work Shop
2026-08-08,Aug,8,SUNGAI DANAU,PLANTATION,NON RUTIN,FRAME BODY & GUARD SYSTEM,TRUCK TANGKI HINO FG 235 DA 8342 JD 262-007,370502-000300-0557,,SABUN COLEK,3.0,BKS,24000.0,Barang & Alat Bengkel,Barang & Alat Bengkel,Work Shop
2026-08-24,Aug,8,SUNGAI DANAU,PLANTATION,NON RUTIN,FRAME BODY & GUARD SYSTEM,TRUCK TANGKI HINO FG 235 DA 8342 JD 262-007,370502-000300-0557,,SABUN COLEK,2.0,BKS,16000.0,Barang & Alat Bengkel,Barang & Alat Bengkel,Work Shop
2026-08-07,Aug,8,SUNGAI DANAU,PLANTATION,NON RUTIN,FRAME BODY & GUARD SYSTEM,TRUCK TANGKI HINO FG 235 DA 8342 JD 262-007,371109-000300-0090,,LEM SUPER KOREA G,1.0,TUB,5500.0,Barang Umum,Barang Umum,Barang Umum
2026-08-27,Aug,8,SUNGAI DANAU,PLANTATION,NON RUTIN,SUSPENSION SYSTEM,TRUCK TANGKI HINO FG 235 DA 8342 JD 262-007,340307-010313-0007,48101-LAA40,LEAF S/A FR SPRING NO.1,1.0,PCS,996000.0,Truck /Bus,Truck /Bus,Hino
2026-08-25,Aug,8,SUNGAI DANAU,PLANTATION,NON RUTIN,SUSPENSION SYSTEM,TRUCK TANGKI HINO FG 235 DA 8342 JD 262-007,340307-040313-0015,48216-EV060,LEAF RR NO 6,1.0,PCS,621652.78,Truck /Bus,Truck /Bus,Hino
2026-08-27,Aug,8,SUNGAI DANAU,PLANTATION,NON RUTIN,SUSPENSION SYSTEM,TRUCK TANGKI HINO FG 235 DA 8342 JD 262-007,340307-040313-0031,48423-EW020,PIN SPRING BRAKET,2.0,PCS,262697.32,Truck /Bus,Truck /Bus,Hino
2026-08-25,Aug,8,SUNGAI DANAU,PLANTATION,NON RUTIN,SUSPENSION SYSTEM,TRUCK TANGKI HINO FG 235 DA 8342 JD 262-007,340307-040313-0033,48500-EW010,"ABSORBER ASSY,SHOCK FR",1.0,PCS,656850.0,Truck /Bus,Truck /Bus,Hino
2026-08-27,Aug,8,SUNGAI DANAU,PLANTATION,NON RUTIN,SUSPENSION SYSTEM,TRUCK TANGKI HINO FG 235 DA 8342 JD 262-007,340307-040313-0048,SZ940-870335,BUSHING,2.0,PCS,70513.12,Truck /Bus,Truck /Bus,Hino
2026-08-25,Aug,8,SUNGAI DANAU,PLANTATION,NON RUTIN,SUSPENSION SYSTEM,TRUCK TANGKI HINO FG 235 DA 8342 JD 262-007,340307-050213-0009,9019-16309,CENTER BOLT 13'' RR,1.0,PCS,33750.0,Truck /Bus,Truck /Bus,Hino
2026-08-27,Aug,8,SUNGAI DANAU,PLANTATION,RUTIN,WHEEL & TYRE SYSTEM,TRUCK TANGKI HINO FG 235 DA 8343 JD 262-008,370601-000216-0003,48120-1100,BAN DALAM 11.00 * 20,2.0,Pcs,770666.68,Suku Cadang Umum,Suku Cadang Umum,Ban
2026-08-27,Aug,8,SUNGAI DANAU,PLANTATION,RUTIN,WHEEL & TYRE SYSTEM,TRUCK TANGKI HINO FG 235 DA 8343 JD 262-008,370601-000216-0053,48220-1100,BAN LUAR 11.00 * 20,2.0,Pcs,9215000.0,Suku Cadang Umum,Suku Cadang Umum,Ban
2026-08-21,Aug,8,SUNGAI DANAU,PLANTATION,RUTIN,WHEEL & TYRE SYSTEM,TRUCK TANGKI HINO FG 235 DA 8343 JD 262-008,370601-000216-0136,48320-1100,MARSED BAN 11.00 * 20,1.0,Pcs,93103.18,Suku Cadang Umum,Suku Cadang Umum,Ban
2026-08-27,Aug,8,SUNGAI DANAU,PLANTATION,RUTIN,WHEEL & TYRE SYSTEM,TRUCK TANGKI HINO FG 235 DA 8343 JD 262-008,370601-000216-0136,48320-1100,MARSED BAN 11.00 * 20,2.0,Pcs,186206.36,Suku Cadang Umum,Suku Cadang Umum,Ban
2026-08-11,Aug,8,SUNGAI DANAU,PLANTATION,NON RUTIN,ENGINE SYSTEM,TRUCK TANGKI HINO FG 235 DA 8343 JD 262-008,340307-040307-0021,23330EW010,FUEL PRE-FILTER ASSEMBLY,1.0,SET,5384575.0,Truck /Bus,Truck /Bus,Hino
2026-08-11,Aug,8,SUNGAI DANAU,PLANTATION,NON RUTIN,ENGINE SYSTEM,TRUCK TANGKI HINO FG 235 DA 8343 JD 262-008,370502-000300-0312,60312-01020,"HOSE CLAMP 3/4""",2.0,Pcs,1993.58,Barang & Alat Bengkel,Barang & Alat Bengkel,Work Shop
2026-08-11,Aug,8,SUNGAI DANAU,PLANTATION,NON RUTIN,ENGINE SYSTEM,TRUCK TANGKI HINO FG 235 DA 8343 JD 262-008,370502-000300-0620,,"HOSE CLAMP 1""",1.0,Pcs,1500.0,Barang & Alat Bengkel,Barang & Alat Bengkel,Work Shop
2026-08-11,Aug,8,SUNGAI DANAU,PLANTATION,NON RUTIN,FRAME BODY & GUARD SYSTEM,TRUCK TANGKI HINO FG 235 DA 8343 JD 262-008,370502-000100-0010,,"BATU GERINDA 4""",1.0,Pcs,10637.03,Barang & Alat Bengkel,Barang & Alat Bengkel,Work Shop
2026-08-02,Aug,8,SUNGAI DANAU,PLANTATION,NON RUTIN,FRAME BODY & GUARD SYSTEM,TRUCK TANGKI HINO FG 235 DA 8343 JD 262-008,370502-000100-0019,,"BATU GERINDA POTONG 4""",1.0,Pcs,3871.84,Barang & Alat Bengkel,Barang & Alat Bengkel,Work Shop
2026-08-11,Aug,8,SUNGAI DANAU,PLANTATION,NON RUTIN,FRAME BODY & GUARD SYSTEM,TRUCK TANGKI HINO FG 235 DA 8343 JD 262-008,370502-000300-0077,,BOLT & NUT M10 X 1.25 X 50MM,4.0,pcs,5000.0,Barang & Alat Bengkel,Barang & Alat Bengkel,Work Shop
2026-08-11,Aug,8,SUNGAI DANAU,PLANTATION,NON RUTIN,FRAME BODY & GUARD SYSTEM,TRUCK TANGKI HINO FG 235 DA 8343 JD 262-008,370502-000300-0114,,BOLT & NUT M6 X 1.0 X 50MM,2.0,PCS,900.0,Barang & Alat Bengkel,Barang & Alat Bengkel,Work Shop
2026-08-11,Aug,8,SUNGAI DANAU,PLANTATION,NON RUTIN,FRAME BODY & GUARD SYSTEM,TRUCK TANGKI HINO FG 235 DA 8343 JD 262-008,370502-000300-0475,,PLATE WASHER M10,8.0,PCS,1421.36,Barang & Alat Bengkel,Barang & Alat Bengkel,Work Shop
2026-08-11,Aug,8,SUNGAI DANAU,PLANTATION,NON RUTIN,FRAME BODY & GUARD SYSTEM,TRUCK TANGKI HINO FG 235 DA 8343 JD 262-008,370502-000300-0479,,PLATE WASHER M6,2.0,PCS,109.64,Barang & Alat Bengkel,Barang & Alat Bengkel,Work Shop
2026-08-08,Aug,8,SUNGAI DANAU,PLANTATION,NON RUTIN,FRAME BODY & GUARD SYSTEM,TRUCK TANGKI HINO FG 235 DA 8343 JD 262-008,370502-000300-0557,,SABUN COLEK,2.0,BKS,16000.0,Barang & Alat Bengkel,Barang & Alat Bengkel,Work Shop
2026-08-22,Aug,8,SUNGAI DANAU,PLANTATION,NON RUTIN,FRAME BODY & GUARD SYSTEM,TRUCK TANGKI HINO FG 235 DA 8343 JD 262-008,370502-000300-0557,,SABUN COLEK,2.0,BKS,16000.0,Barang & Alat Bengkel,Barang & Alat Bengkel,Work Shop
2026-08-21,Aug,8,SUNGAI DANAU,PLANTATION,NON RUTIN,WHEEL & TYRE SYSTEM,TRUCK TANGKI HINO FG 235 DA 8343 JD 262-008,370601-000216-0136,48320-1100,MARSED BAN 11.00 * 20,1.0,Pcs,93103.18,Suku Cadang Umum,Suku Cadang Umum,Ban
2026-08-27,Aug,8,SUNGAI DANAU,PLANTATION,RUTIN,WHEEL & TYRE SYSTEM,TRUCK TANGKI HINO FG 235 JK DA 8110 JI 262-009,370601-000200-0002,,BAN DALAM 10.00 * 20,1.0,PCS,377820.0,Suku Cadang Umum,Suku Cadang Umum,Ban
2026-08-27,Aug,8,SUNGAI DANAU,PLANTATION,RUTIN,WHEEL & TYRE SYSTEM,TRUCK TANGKI HINO FG 235 JK DA 8110 JI 262-009,370601-000216-0051,,BAN LUAR 10.00 * 20,1.0,PCS,3652000.0,Suku Cadang Umum,Suku Cadang Umum,Ban
2026-08-27,Aug,8,SUNGAI DANAU,PLANTATION,RUTIN,WHEEL & TYRE SYSTEM,TRUCK TANGKI HINO FG 235 JK DA 8110 JI 262-009,370601-000216-0135,,MARSED BAN 10.00 * 20,1.0,PCS,125940.0,Suku Cadang Umum,Suku Cadang Umum,Ban
2026-08-18,Aug,8,SUNGAI DANAU,PLANTATION,NON RUTIN,ENGINE SYSTEM,TRUCK TANGKI HINO FG 235 JK DA 8110 JI 262-009,370502-000300-0620,,"HOSE CLAMP 1""",1.0,Pcs,1500.0,Barang & Alat Bengkel,Barang & Alat Bengkel,Work Shop
2026-08-10,Aug,8,SUNGAI DANAU,PLANTATION,NON RUTIN,FRAME BODY & GUARD SYSTEM,TRUCK TANGKI HINO FG 235 JK DA 8110 JI 262-009,370303-000300-0250,59330-10050,BESI UNP 100MM X 50MM X 6M,1.0,Btg,662000.0,Barang Konstruksi,Barang Konstruksi,Fabrikasi
2026-08-06,Aug,8,SUNGAI DANAU,PLANTATION,NON RUTIN,FRAME BODY & GUARD SYSTEM,TRUCK TANGKI HINO FG 235 JK DA 8110 JI 262-009,370502-000300-0557,,SABUN COLEK,3.0,BKS,24000.0,Barang & Alat Bengkel,Barang & Alat Bengkel,Work Shop
2026-08-24,Aug,8,SUNGAI DANAU,PLANTATION,NON RUTIN,FRAME BODY & GUARD SYSTEM,TRUCK TANGKI HINO FG 235 JK DA 8110 JI 262-009,370502-000300-0557,,SABUN COLEK,2.0,BKS,16000.0,Barang & Alat Bengkel,Barang & Alat Bengkel,Work Shop
2026-08-10,Aug,8,SUNGAI DANAU,PLANTATION,NON RUTIN,SUSPENSION SYSTEM,TRUCK TANGKI HINO FG 235 JK DA 8110 JI 262-009,340307-040313-0016,48217-EV060,LEAF RR NO 7,1.0,PCS,658675.0,Truck /Bus,Truck /Bus,Hino
2026-08-10,Aug,8,SUNGAI DANAU,PLANTATION,NON RUTIN,SUSPENSION SYSTEM,TRUCK TANGKI HINO FG 235 JK DA 8110 JI 262-009,340307-050213-0009,9019-16309,CENTER BOLT 13'' RR,1.0,PCS,33750.0,Truck /Bus,Truck /Bus,Hino
2026-08-10,Aug,8,SUNGAI DANAU,PLANTATION,NON RUTIN,SUSPENSION SYSTEM,TRUCK TANGKI HINO FG 235 JK DA 8110 JI 262-009,340307-050313-0050,48271-EV070,"LEAF,RR HELPER SPG NO 10",1.0,PCS,216775.0,Truck /Bus,Truck /Bus,Hino
2026-08-21,Aug,8,SUNGAI DANAU,PLANTATION,RUTIN,ENGINE SYSTEM,TRUCK TANGKI HINO FM 260 DA 8112 JI 262-010,350201-000200-0024,,ENGINE OIL 15W-40,15.0,LTR,477008.4,Pelumas,Pelumas,Oli
2026-08-07,Aug,8,SUNGAI DANAU,PLANTATION,NON RUTIN,FRAME BODY & GUARD SYSTEM,TRUCK TANGKI HINO FM 260 DA 8112 JI 262-010,370502-000300-0557,,SABUN COLEK,2.0,BKS,16000.0,Barang & Alat Bengkel,Barang & Alat Bengkel,Work Shop
2026-08-22,Aug,8,SUNGAI DANAU,PLANTATION,NON RUTIN,FRAME BODY & GUARD SYSTEM,TRUCK TANGKI HINO FM 260 DA 8112 JI 262-010,370502-000300-0557,,SABUN COLEK,4.0,BKS,32000.0,Barang & Alat Bengkel,Barang & Alat Bengkel,Work Shop
2026-08-14,Aug,8,SUNGAI DANAU,PLANTATION,NON RUTIN,STEERING SYSTEM,TRUCK TANGKI HINO FM 260 DA 8112 JI 262-010,370502-000300-0290,,GREASE COUPLER 0 LUAR 15 MM,1.0,PCS,12000.0,Barang & Alat Bengkel,Barang & Alat Bengkel,Work Shop
2026-08-22,Aug,8,SUNGAI DANAU,PLANTATION,NON RUTIN,STEERING SYSTEM,TRUCK TANGKI HINO FM 260 DA 8112 JI 262-010,370502-000300-0290,,GREASE COUPLER 0 LUAR 15 MM,1.0,PCS,12000.0,Barang & Alat Bengkel,Barang & Alat Bengkel,Work Shop
2026-08-13,Aug,8,SUNGAI DANAU,PLANTATION,NON RUTIN,SUSPENSION SYSTEM,TRUCK TANGKI HINO FM 260 DA 8112 JI 262-010,340307-050213-0009,9019-16309,CENTER BOLT 13'' RR,1.0,PCS,33750.0,Truck /Bus,Truck /Bus,Hino
2026-08-05,Aug,8,SUNGAI DANAU,PLANTATION,NON RUTIN,SUSPENSION SYSTEM,TRUCK TANGKI HINO FM 260 DA 8112 JI 262-010,340307-050213-0010,9993-05216,CENTER BOLT 8'' FR,1.0,PCS,26666.66,Truck /Bus,Truck /Bus,Hino
2026-08-13,Aug,8,SUNGAI DANAU,PLANTATION,NON RUTIN,SUSPENSION SYSTEM,TRUCK TANGKI HINO FM 260 DA 8112 JI 262-010,340307-050313-0038,48262-EV012,"LEAF, RR HELPER SPG NO 2",1.0,PCS,475000.0,Truck /Bus,Truck /Bus,Hino
2026-08-05,Aug,8,SUNGAI DANAU,PLANTATION,NON RUTIN,ENGINE SYSTEM,TRUCK TANGKI HINO FG260JK DA 8381 GB 262-011,370502-000300-0597,62301-20035,WATER COOLANT @5LTR,1.0,Gln,37573.99,Barang & Alat Bengkel,Barang & Alat Bengkel,Work Shop
2026-08-07,Aug,8,SUNGAI DANAU,PLANTATION,NON RUTIN,FRAME BODY & GUARD SYSTEM,TRUCK TANGKI HINO FG260JK DA 8381 GB 262-011,370502-000300-0557,,SABUN COLEK,2.0,BKS,16000.0,Barang & Alat Bengkel,Barang & Alat Bengkel,Work Shop
2026-08-20,Aug,8,SUNGAI DANAU,PLANTATION,RUTIN,WHEEL & TYRE SYSTEM,ARM ROLL HINO 130 HD DA 8590 CQ 271-001,370601-000216-0041,48116-750,BAN DALAM 7.50 * 16,1.0,Pcs,282322.62,Suku Cadang Umum,Suku Cadang Umum,Ban
2026-08-26,Aug,8,SUNGAI DANAU,PLANTATION,RUTIN,WHEEL & TYRE SYSTEM,ARM ROLL HINO 130 HD DA 8590 CQ 271-001,370601-000216-0041,48116-750,BAN DALAM 7.50 * 16,1.0,Pcs,282322.62,Suku Cadang Umum,Suku Cadang Umum,Ban
2026-08-20,Aug,8,SUNGAI DANAU,PLANTATION,RUTIN,WHEEL & TYRE SYSTEM,ARM ROLL HINO 130 HD DA 8590 CQ 271-001,370601-000216-0121,48216-750K,BAN LUAR 7.50 * 16 KOTA,1.0,Pcs,1875875.0,Suku Cadang Umum,Suku Cadang Umum,Ban
2026-08-26,Aug,8,SUNGAI DANAU,PLANTATION,RUTIN,WHEEL & TYRE SYSTEM,ARM ROLL HINO 130 HD DA 8590 CQ 271-001,370601-000216-0121,48216-750K,BAN LUAR 7.50 * 16 KOTA,1.0,Pcs,1875875.0,Suku Cadang Umum,Suku Cadang Umum,Ban
2026-08-20,Aug,8,SUNGAI DANAU,PLANTATION,RUTIN,WHEEL & TYRE SYSTEM,ARM ROLL HINO 130 HD DA 8590 CQ 271-001,370601-000216-0139,48316-0750,MARSED BAN 7.50 * 16,1.0,Pcs,70182.56,Suku Cadang Umum,Suku Cadang Umum,Ban
2026-08-26,Aug,8,SUNGAI DANAU,PLANTATION,RUTIN,WHEEL & TYRE SYSTEM,ARM ROLL HINO 130 HD DA 8590 CQ 271-001,370601-000216-0139,48316-0750,MARSED BAN 7.50 * 16,1.0,Pcs,70182.56,Suku Cadang Umum,Suku Cadang Umum,Ban
2026-08-19,Aug,8,SUNGAI DANAU,PLANTATION,NON RUTIN,ELECTRICAL SYSTEM,ARM ROLL HINO 130 HD DA 8590 CQ 271-001,340501-000300-0049,60221-12121,AUTO LAMP SINGLE BASE 12V-21W,1.0,Pcs,6130.82,Umum Kendaraan,Umum Kendaraan,Umum Kendaraan
2026-08-19,Aug,8,SUNGAI DANAU,PLANTATION,NON RUTIN,ELECTRICAL SYSTEM,ARM ROLL HINO 130 HD DA 8590 CQ 271-001,340501-000300-0050,60221-12210,AUTO LAMP DOUBLE BASE 12V-25/10W,1.0,Pcs,6721.73,Umum Kendaraan,Umum Kendaraan,Umum Kendaraan
2026-08-03,Aug,8,SUNGAI DANAU,PLANTATION,NON RUTIN,ELECTRICAL SYSTEM,ARM ROLL HINO 130 HD DA 8590 CQ 271-001,370502-000300-0006,,AIR ACCU TAMBAH,2.0,Ltr,14000.0,Barang & Alat Bengkel,Barang & Alat Bengkel,Work Shop
2026-08-18,Aug,8,SUNGAI DANAU,PLANTATION,NON RUTIN,FRAME BODY & GUARD SYSTEM,ARM ROLL HINO 130 HD DA 8590 CQ 271-001,370502-000300-0557,,SABUN COLEK,1.0,BKS,8000.0,Barang & Alat Bengkel,Barang & Alat Bengkel,Work Shop
2026-08-21,Aug,8,SUNGAI DANAU,PLANTATION,NON RUTIN,HYDRAULIC SYSTEM,ARM ROLL HINO 130 HD DA 8590 CQ 271-001,350201-000200-0071,,HYDRAULIC OIL MEDITRAN SAE 10W,10.0,LTR,263574.3,Pelumas,Pelumas,Oli
2026-08-12,Aug,8,SUNGAI DANAU,PLANTATION,NON RUTIN,SUSPENSION SYSTEM,ARM ROLL HINO 130 HD DA 8590 CQ 271-001,340307-010313-0022,48216-37550,LEAF SPRING RR. HELPER NO.1,1.0,Pcs,325000.0,Truck /Bus,Truck /Bus,Hino
2026-08-24,Aug,8,SUNGAI DANAU,PLANTATION,RUTIN,AIR SYSTEM,ARM ROLL HINO 130 HD DA 8508 JG 271-003,340307-010202-0001,17801-1130L,AIR FILTER,1.0,PCS,80554.88,Truck /Bus,Truck /Bus,Hino
2026-08-24,Aug,8,SUNGAI DANAU,PLANTATION,RUTIN,DIFFENTTIAL & REAR AXLE SYSTEM,ARM ROLL HINO 130 HD DA 8508 JG 271-003,350201-000200-0040,,GEAR OIL RORED HDA-140,3.0,Ltr,110565.0,Pelumas,Pelumas,Oli
2026-08-24,Aug,8,SUNGAI DANAU,PLANTATION,RUTIN,ENGINE SYSTEM,ARM ROLL HINO 130 HD DA 8508 JG 271-003,340307-010207-0002,23401-1332L,FUEL FILTER,1.0,PCS,38425.0,Truck /Bus,Truck /Bus,Hino
2026-08-24,Aug,8,SUNGAI DANAU,PLANTATION,RUTIN,ENGINE SYSTEM,ARM ROLL HINO 130 HD DA 8508 JG 271-003,340307-010207-0004,15607-2250L,OIL FILTER,1.0,Pcs,73950.0,Truck /Bus,Truck /Bus,Hino
2026-08-24,Aug,8,SUNGAI DANAU,PLANTATION,RUTIN,ENGINE SYSTEM,ARM ROLL HINO 130 HD DA 8508 JG 271-003,340307-040207-0010,23304-JAC70,ELEMENT FILTER,1.0,PCS,78857.71,Truck /Bus,Truck /Bus,Hino
2026-08-24,Aug,8,SUNGAI DANAU,PLANTATION,RUTIN,ENGINE SYSTEM,ARM ROLL HINO 130 HD DA 8508 JG 271-003,350201-000200-0024,,ENGINE OIL 15W-40,9.0,LTR,286205.04,Pelumas,Pelumas,Oli
2026-08-24,Aug,8,SUNGAI DANAU,PLANTATION,RUTIN,TRANSMISSION SYSTEM,ARM ROLL HINO 130 HD DA 8508 JG 271-003,350201-000200-0041,,GEAR OIL RORED HDA-90,3.0,Ltr,104183.13,Pelumas,Pelumas,Oli
2026-08-03,Aug,8,SUNGAI DANAU,PLANTATION,RUTIN,WHEEL & TYRE SYSTEM,ARM ROLL HINO 130 HD DA 8508 JG 271-003,370601-000216-0041,48116-750,BAN DALAM 7.50 * 16,1.0,Pcs,282322.62,Suku Cadang Umum,Suku Cadang Umum,Ban
2026-08-04,Aug,8,SUNGAI DANAU,PLANTATION,RUTIN,WHEEL & TYRE SYSTEM,ARM ROLL HINO 130 HD DA 8508 JG 271-003,370601-000216-0041,48116-750,BAN DALAM 7.50 * 16,1.0,Pcs,282322.62,Suku Cadang Umum,Suku Cadang Umum,Ban
2026-08-03,Aug,8,SUNGAI DANAU,PLANTATION,RUTIN,WHEEL & TYRE SYSTEM,ARM ROLL HINO 130 HD DA 8508 JG 271-003,370601-000216-0121,48216-750K,BAN LUAR 7.50 * 16 KOTA,1.0,Pcs,1875875.0,Suku Cadang Umum,Suku Cadang Umum,Ban
2026-08-04,Aug,8,SUNGAI DANAU,PLANTATION,RUTIN,WHEEL & TYRE SYSTEM,ARM ROLL HINO 130 HD DA 8508 JG 271-003,370601-000216-0121,48216-750K,BAN LUAR 7.50 * 16 KOTA,1.0,Pcs,1875875.0,Suku Cadang Umum,Suku Cadang Umum,Ban
2026-08-03,Aug,8,SUNGAI DANAU,PLANTATION,RUTIN,WHEEL & TYRE SYSTEM,ARM ROLL HINO 130 HD DA 8508 JG 271-003,370601-000216-0139,48316-0750,MARSED BAN 7.50 * 16,1.0,Pcs,70182.56,Suku Cadang Umum,Suku Cadang Umum,Ban
2026-08-04,Aug,8,SUNGAI DANAU,PLANTATION,RUTIN,WHEEL & TYRE SYSTEM,ARM ROLL HINO 130 HD DA 8508 JG 271-003,370601-000216-0139,48316-0750,MARSED BAN 7.50 * 16,1.0,Pcs,70182.56,Suku Cadang Umum,Suku Cadang Umum,Ban
2026-08-10,Aug,8,SUNGAI DANAU,PLANTATION,NON RUTIN,ENGINE SYSTEM,ARM ROLL HINO 130 HD DA 8508 JG 271-003,370502-000300-0597,62301-20035,WATER COOLANT @5LTR,1.0,Gln,37573.99,Barang & Alat Bengkel,Barang & Alat Bengkel,Work Shop
2026-08-24,Aug,8,SUNGAI DANAU,PLANTATION,NON RUTIN,FRAME BODY & GUARD SYSTEM,ARM ROLL HINO 130 HD DA 8508 JG 271-003,370502-000300-0557,,SABUN COLEK,3.0,BKS,24000.0,Barang & Alat Bengkel,Barang & Alat Bengkel,Work Shop
2026-08-24,Aug,8,SUNGAI DANAU,PLANTATION,NON RUTIN,HYDRAULIC SYSTEM,ARM ROLL HINO 130 HD DA 8508 JG 271-003,350201-000200-0071,,HYDRAULIC OIL MEDITRAN SAE 10W,5.0,LTR,131787.15,Pelumas,Pelumas,Oli
2026-08-09,Aug,8,SUNGAI DANAU,PLANTATION,NON RUTIN,STEERING SYSTEM,ARM ROLL HINO 130 HD DA 8508 JG 271-003,340307-010312-0001,45440-39206,LINK ASSY,1.0,Pcs,4226828.31,Truck /Bus,Truck /Bus,Hino
2026-08-09,Aug,8,SUNGAI DANAU,PLANTATION,NON RUTIN,STEERING SYSTEM,ARM ROLL HINO 130 HD DA 8508 JG 271-003,340307-010312-0004,04431-36090,PIN KIT,1.0,Pcs,426271.43,Truck /Bus,Truck /Bus,Hino
2026-08-30,Aug,8,SUNGAI DANAU,PLANTATION,NON RUTIN,BRAKE SYSTEM,ARM ROLL HINO 130 HD DA 8337 JJ 271-004,340307-010304-0030,4038-0131,"SEAL, PISTON BRAKE 13/16""",4.0,Pcs,34042.72,Truck /Bus,Truck /Bus,Hino
2026-08-30,Aug,8,SUNGAI DANAU,PLANTATION,NON RUTIN,BRAKE SYSTEM,ARM ROLL HINO 130 HD DA 8337 JJ 271-004,370502-000300-0353,,KERTAS GOSOK NO.1500,1.0,Lbr,3804.18,Barang & Alat Bengkel,Barang & Alat Bengkel,Work Shop
2026-08-30,Aug,8,SUNGAI DANAU,PLANTATION,NON RUTIN,FRAME BODY & GUARD SYSTEM,ARM ROLL HINO 130 HD DA 8337 JJ 271-004,370301-000300-0025,,"KUAS CAT 2 1/2""",1.0,PCS,3800.0,Barang Konstruksi,Barang Konstruksi,Alat-alat Bangunan
2026-08-15,Aug,8,SUNGAI DANAU,PLANTATION,NON RUTIN,FRAME BODY & GUARD SYSTEM,ARM ROLL HINO 130 HD DA 8337 JJ 271-004,370502-000100-0012,,"BATU GERINDA 6""",1.0,Pcs,24071.43,Barang & Alat Bengkel,Barang & Alat Bengkel,Work Shop
2026-08-03,Aug,8,SUNGAI DANAU,PLANTATION,NON RUTIN,FRAME BODY & GUARD SYSTEM,ARM ROLL HINO 130 HD DA 8337 JJ 271-004,370502-000100-0019,,"BATU GERINDA POTONG 4""",1.0,Pcs,3871.84,Barang & Alat Bengkel,Barang & Alat Bengkel,Work Shop
2026-08-03,Aug,8,SUNGAI DANAU,PLANTATION,NON RUTIN,FRAME BODY & GUARD SYSTEM,ARM ROLL HINO 130 HD DA 8337 JJ 271-004,370502-000300-0093,5905-1205,BOLT & NUT M12 X 50MM - 1.75,3.0,Pcs,5775.0,Barang & Alat Bengkel,Barang & Alat Bengkel,Work Shop
2026-08-01,Aug,8,SUNGAI DANAU,PLANTATION,NON RUTIN,FRAME BODY & GUARD SYSTEM,ARM ROLL HINO 130 HD DA 8337 JJ 271-004,370502-000300-0557,,SABUN COLEK,1.0,BKS,8000.0,Barang & Alat Bengkel,Barang & Alat Bengkel,Work Shop
2026-08-03,Aug,8,SUNGAI DANAU,PLANTATION,NON RUTIN,SUSPENSION SYSTEM,ARM ROLL HINO 130 HD DA 8337 JJ 271-004,340307-010213-0002,48247-25261,CENTER BOLT 10MM X 320MM,1.0,PCS,33681.86,Truck /Bus,Truck /Bus,Hino
2026-08-30,Aug,8,SUNGAI DANAU,PLANTATION,NON RUTIN,SUSPENSION SYSTEM,ARM ROLL HINO 130 HD DA 8337 JJ 271-004,340307-010213-0002,48247-25261,CENTER BOLT 10MM X 320MM,1.0,PCS,33681.86,Truck /Bus,Truck /Bus,Hino
2026-08-03,Aug,8,SUNGAI DANAU,PLANTATION,NON RUTIN,SUSPENSION SYSTEM,ARM ROLL HINO 130 HD DA 8337 JJ 271-004,340307-010313-0026,48263-37550,LEAF SPRING RR. HELPER NO.3,1.0,Pcs,242150.0,Truck /Bus,Truck /Bus,Hino
2026-08-15,Aug,8,SUNGAI DANAU,PLANTATION,NON RUTIN,SUSPENSION SYSTEM,ARM ROLL HINO 130 HD DA 8337 JJ 271-004,340307-010313-0031,48435-36020,ATTACHMENT,4.0,Pcs,224444.44,Truck /Bus,Truck /Bus,Hino
2026-08-30,Aug,8,SUNGAI DANAU,PLANTATION,NON RUTIN,SUSPENSION SYSTEM,ARM ROLL HINO 130 HD DA 8337 JJ 271-004,340307-010313-0033,48453-55010,PIN SPRING,2.0,Pcs,32946.72,Truck /Bus,Truck /Bus,Hino
2026-08-30,Aug,8,SUNGAI DANAU,PLANTATION,NON RUTIN,SUSPENSION SYSTEM,ARM ROLL HINO 130 HD DA 8337 JJ 271-004,340307-010313-0044,52203-OW010,CUSHION SUB ASSY,1.0,PCS,168181.81,Truck /Bus,Truck /Bus,Hino
2026-08-15,Aug,8,SUNGAI DANAU,PLANTATION,NON RUTIN,SUSPENSION SYSTEM,ARM ROLL HINO 130 HD DA 8337 JJ 271-004,370502-000300-0077,,BOLT & NUT M10 X 1.25 X 50MM,8.0,pcs,10000.0,Barang & Alat Bengkel,Barang & Alat Bengkel,Work Shop
2026-08-06,Aug,8,SUNGAI DANAU,PLANTATION,NON RUTIN,FRAME BODY & GUARD SYSTEM,TRAILER MITSUBISHI FV 419P DA 9295 CC 311-002,370502-000100-0010,,"BATU GERINDA 4""",1.0,Pcs,10637.03,Barang & Alat Bengkel,Barang & Alat Bengkel,Work Shop
2026-08-06,Aug,8,SUNGAI DANAU,PLANTATION,NON RUTIN,FRAME BODY & GUARD SYSTEM,TRAILER MITSUBISHI FV 419P DA 9295 CC 311-002,370502-000300-0017,,ANTI KARAT,1.0,Can,46911.66,Barang & Alat Bengkel,Barang & Alat Bengkel,Work Shop
2026-08-06,Aug,8,SUNGAI DANAU,PLANTATION,NON RUTIN,FRAME BODY & GUARD SYSTEM,TRAILER MITSUBISHI FV 419P DA 9295 CC 311-002,370502-000300-0077,,BOLT & NUT M10 X 1.25 X 50MM,1.0,pcs,1250.0,Barang & Alat Bengkel,Barang & Alat Bengkel,Work Shop
2026-08-19,Aug,8,SUNGAI DANAU,PLANTATION,NON RUTIN,ELECTRICAL SYSTEM,EXCAVATOR HITACHI ZX48U-5A-CST 331-001,340501-000300-0046,60201-20100,BATTERY 12V-100A,1.0,Pcs,1650000.0,Umum Kendaraan,Umum Kendaraan,Umum Kendaraan
2026-08-29,Aug,8,SUNGAI DANAU,PLANTATION,NON RUTIN,FRAME BODY & GUARD SYSTEM,EXCAVATOR HITACHI ZX48U-5A-CST 331-001,350202-000200-0001,3207-1602,GREASE,14.0,Kg,697746.42,Pelumas,Pelumas,Grease
2026-08-15,Aug,8,SUNGAI DANAU,PLANTATION,NON RUTIN,FRAME BODY & GUARD SYSTEM,EXCAVATOR HITACHI ZX48U-5A-CST 331-001,370502-000300-0078,,BOLT & NUT M10 X 1.5 X 50MM,1.0,Pcs,1385.0,Barang & Alat Bengkel,Barang & Alat Bengkel,Work Shop
2026-08-15,Aug,8,SUNGAI DANAU,PLANTATION,NON RUTIN,FRAME BODY & GUARD SYSTEM,EXCAVATOR HITACHI ZX48U-5A-CST 331-001,370502-000300-0086,58012-17100,BOLT & NUT M12 X 1.75 X 100MM,1.0,Pcs,3050.0,Barang & Alat Bengkel,Barang & Alat Bengkel,Work Shop
2026-08-31,Aug,8,SUNGAI DANAU,PLANTATION,NON RUTIN,FRAME BODY & GUARD SYSTEM,EXCAVATOR HITACHI ZX33U-5A 331-002,350202-000200-0001,3207-1602,GREASE,14.0,Kg,697746.42,Pelumas,Pelumas,Grease
2026-08-04,Aug,8,SUNGAI DANAU,PLANTATION,NON RUTIN,FRAME BODY & GUARD SYSTEM,EXCAVATOR HITACHI ZX33U-5A 331-002,370502-000300-0290,,GREASE COUPLER 0 LUAR 15 MM,2.0,PCS,20190.48,Barang & Alat Bengkel,Barang & Alat Bengkel,Work Shop
2026-08-14,Aug,8,SUNGAI DANAU,PLANTATION,NON RUTIN,HYDRAULIC SYSTEM,EXCAVATOR HITACHI ZX33U-5A 331-002,350201-000200-0071,,HYDRAULIC OIL MEDITRAN SAE 10W,20.0,LTR,718457.2,Pelumas,Pelumas,Oli
2026-08-31,Aug,8,SUNGAI DANAU,PLANTATION,NON RUTIN,HYDRAULIC SYSTEM,EXCAVATOR HITACHI ZX33U-5A 331-002,350201-000200-0071,,HYDRAULIC OIL MEDITRAN SAE 10W,20.0,LTR,718457.2,Pelumas,Pelumas,Oli
2026-08-11,Aug,8,SUNGAI DANAU,PLANTATION,RUTIN,ENGINE SYSTEM,EXCAVATOR HITACHI ZX 48U-5A 331-003,330308-030207-0007,4694906,ELEMENT FILTER,1.0,PCS,65000.0,Excavator,Excavator,Hitachi
2026-08-11,Aug,8,SUNGAI DANAU,PLANTATION,RUTIN,ENGINE SYSTEM,EXCAVATOR HITACHI ZX 48U-5A 331-003,330308-030311-0002,4294130,ELEMENT FILTER,1.0,PCS,66006.91,Excavator,Excavator,Hitachi
2026-08-26,Aug,8,SUNGAI DANAU,PLANTATION,NON RUTIN,ENGINE SYSTEM,EXCAVATOR HITACHI ZX 48U-5A 331-003,330308-040307-0001,4626347,PUMP,1.0,PCS,5443568.0,Excavator,Excavator,Hitachi
2026-08-31,Aug,8,SUNGAI DANAU,PLANTATION,NON RUTIN,FRAME BODY & GUARD SYSTEM,EXCAVATOR HITACHI ZX 48U-5A 331-003,350202-000200-0001,3207-1602,GREASE,14.0,Kg,697746.42,Pelumas,Pelumas,Grease
2026-08-31,Aug,8,SUNGAI DANAU,PLANTATION,NON RUTIN,ELECTRICAL SYSTEM,EXCAVATOR HITACHI ZX48U-5A (331-004),340501-000300-0058,60621-19310,BLADE FUSE 10A,3.0,Pcs,3003.18,Umum Kendaraan,Umum Kendaraan,Umum Kendaraan
2026-08-31,Aug,8,SUNGAI DANAU,PLANTATION,NON RUTIN,ELECTRICAL SYSTEM,EXCAVATOR HITACHI ZX48U-5A (331-004),340501-000300-0060,60621-19320,BLADE FUSE 20A,3.0,Pcs,37222.23,Umum Kendaraan,Umum Kendaraan,Umum Kendaraan
2026-08-22,Aug,8,SUNGAI DANAU,PLANTATION,NON RUTIN,FRAME BODY & GUARD SYSTEM,EXCAVATOR HITACHI ZX48U-5A (331-004),350202-000200-0001,3207-1602,GREASE,14.0,Kg,697746.42,Pelumas,Pelumas,Grease
2026-08-22,Aug,8,SUNGAI DANAU,PLANTATION,NON RUTIN,FRAME BODY & GUARD SYSTEM,EXCAVATOR HITACHI ZX48U-5A (331-004),370501-000300-0195,61621-13071,GREASE PUMP,1.0,Pcs,171904.76,Barang & Alat Bengkel,Barang & Alat Bengkel,Alat-alat Bengkel
2026-08-24,Aug,8,SUNGAI DANAU,PLANTATION,NON RUTIN,HYDRAULIC SYSTEM,EXCAVATOR HITACHI ZX48U-5A (331-004),350201-000200-0071,,HYDRAULIC OIL MEDITRAN SAE 10W,5.0,LTR,179614.3,Pelumas,Pelumas,Oli
2026-08-27,Aug,8,SUNGAI DANAU,PLANTATION,RUTIN,ENGINE SYSTEM,EXCAVATOR KOBELCO SK200-10 332-025,330315-010207-0001,VH23303EV010,ELEMENT SUB ASSY. FUEL FILTER,1.0,PCS,216000.0,Excavator,Excavator,Kobelco
2026-08-27,Aug,8,SUNGAI DANAU,PLANTATION,RUTIN,ENGINE SYSTEM,EXCAVATOR KOBELCO SK200-10 332-025,330315-010207-0003,VHS156072190,ELEMENT SET. OIL FILTER,1.0,PCS,174560.0,Excavator,Excavator,Kobelco
2026-08-27,Aug,8,SUNGAI DANAU,PLANTATION,RUTIN,ENGINE SYSTEM,EXCAVATOR KOBELCO SK200-10 332-025,350201-000200-0024,,ENGINE OIL 15W-40,30.0,LTR,954225.0,Pelumas,Pelumas,Oli
2026-08-27,Aug,8,SUNGAI DANAU,PLANTATION,RUTIN,ENGINE SYSTEM,EXCAVATOR KOBELCO SK200-10 332-025,350201-000200-0071,,HYDRAULIC OIL MEDITRAN SAE 10W,20.0,LTR,718457.2,Pelumas,Pelumas,Oli
2026-08-26,Aug,8,SUNGAI DANAU,PLANTATION,NON RUTIN,FRAME BODY & GUARD SYSTEM,EXCAVATOR KOBELCO SK200-10 332-025,350202-000200-0001,3207-1602,GREASE,15.0,Kg,747585.45,Pelumas,Pelumas,Grease
2026-08-03,Aug,8,SUNGAI DANAU,PLANTATION,NON RUTIN,HYDRAULIC SYSTEM,EXCAVATOR KOBELCO SK200-10 332-025,350201-000200-0071,,HYDRAULIC OIL MEDITRAN SAE 10W,38.0,LTR,1365068.68,Pelumas,Pelumas,Oli
2026-08-05,Aug,8,SUNGAI DANAU,PLANTATION,NON RUTIN,HYDRAULIC SYSTEM,EXCAVATOR KOBELCO SK200-10 332-025,350201-000200-0071,,HYDRAULIC OIL MEDITRAN SAE 10W,20.0,LTR,718457.2,Pelumas,Pelumas,Oli
2026-08-14,Aug,8,SUNGAI DANAU,PLANTATION,NON RUTIN,HYDRAULIC SYSTEM,EXCAVATOR KOBELCO SK200-10 332-025,350201-000200-0071,,HYDRAULIC OIL MEDITRAN SAE 10W,20.0,LTR,718457.2,Pelumas,Pelumas,Oli
2026-08-18,Aug,8,SUNGAI DANAU,PLANTATION,NON RUTIN,HYDRAULIC SYSTEM,EXCAVATOR KOBELCO SK200-10 332-025,350201-000200-0071,,HYDRAULIC OIL MEDITRAN SAE 10W,20.0,LTR,718457.2,Pelumas,Pelumas,Oli
2026-08-21,Aug,8,SUNGAI DANAU,PLANTATION,NON RUTIN,HYDRAULIC SYSTEM,EXCAVATOR KOBELCO SK200-10 332-025,350201-000200-0071,,HYDRAULIC OIL MEDITRAN SAE 10W,20.0,LTR,718457.2,Pelumas,Pelumas,Oli
2026-08-26,Aug,8,SUNGAI DANAU,PLANTATION,NON RUTIN,HYDRAULIC SYSTEM,EXCAVATOR KOBELCO SK200-10 332-025,350201-000200-0071,,HYDRAULIC OIL MEDITRAN SAE 10W,20.0,LTR,718457.2,Pelumas,Pelumas,Oli
2026-08-20,Aug,8,SUNGAI DANAU,PLANTATION,RUTIN,DIFFENTTIAL & REAR AXLE SYSTEM,EXCAVATOR HITACHI ZX210F-5G 332-029,350201-000200-0041,,GEAR OIL RORED HDA-90,25.0,Ltr,1252225.0,Pelumas,Pelumas,Oli
2026-08-20,Aug,8,SUNGAI DANAU,PLANTATION,RUTIN,ENGINE SYSTEM,EXCAVATOR HITACHI ZX210F-5G 332-029,330308-010207-0006,4326739,FILTER FUEL,1.0,Pcs,88668.97,Excavator,Excavator,Hitachi
2026-08-20,Aug,8,SUNGAI DANAU,PLANTATION,RUTIN,ENGINE SYSTEM,EXCAVATOR HITACHI ZX210F-5G 332-029,330308-010207-0007,4448336,FILTER OIL,1.0,Pcs,342203.99,Excavator,Excavator,Hitachi
2026-08-20,Aug,8,SUNGAI DANAU,PLANTATION,RUTIN,ENGINE SYSTEM,EXCAVATOR HITACHI ZX210F-5G 332-029,350201-000200-0024,,ENGINE OIL 15W-40,30.0,LTR,954225.0,Pelumas,Pelumas,Oli
2026-08-01,Aug,8,SUNGAI DANAU,PLANTATION,NON RUTIN,FRAME BODY & GUARD SYSTEM,EXCAVATOR HITACHI ZX210F-5G 332-029,330308-010309-0019,XB00000986,ROD,1.0,PCS,225000.0,Excavator,Excavator,Hitachi
2026-08-01,Aug,8,SUNGAI DANAU,PLANTATION,NON RUTIN,FRAME BODY & GUARD SYSTEM,EXCAVATOR HITACHI ZX210F-5G 332-029,330308-010309-0022,XB00000992,LOCK,1.0,PCS,650000.0,Excavator,Excavator,Hitachi
2026-08-01,Aug,8,SUNGAI DANAU,PLANTATION,NON RUTIN,FRAME BODY & GUARD SYSTEM,EXCAVATOR HITACHI ZX210F-5G 332-029,330308-010309-0023,XB00000993,KEY,1.0,PCS,195000.0,Excavator,Excavator,Hitachi
2026-08-01,Aug,8,SUNGAI DANAU,PLANTATION,NON RUTIN,HYDRAULIC SYSTEM,EXCAVATOR HITACHI ZX210F-5G 332-029,330308-010311-0160,XB00000985,HOLDER,1.0,PCS,23100.0,Excavator,Excavator,Hitachi
2026-08-01,Aug,8,SUNGAI DANAU,PLANTATION,NON RUTIN,HYDRAULIC SYSTEM,EXCAVATOR HITACHI ZX210F-5G 332-029,330308-010311-0163,4372091,CUP,1.0,PCS,220000.0,Excavator,Excavator,Hitachi
2026-08-21,Aug,8,SUNGAI DANAU,PLANTATION,NON RUTIN,UNDERCARRIAGE SYSTEM,EXCAVATOR HITACHI ZX210F-5G 332-029,330308-010315-0011,9184516,ROLLER LOWER ASSY,2.0,Pcs,3953850.0,Excavator,Excavator,Hitachi
2026-08-06,Aug,8,SUNGAI DANAU,PLANTATION,NON RUTIN,FRAME BODY & GUARD SYSTEM,EXCAVATOR HITACHI ZX210F-5G 332-034,370502-000300-0290,,GREASE COUPLER 0 LUAR 15 MM,2.0,PCS,20190.48,Barang & Alat Bengkel,Barang & Alat Bengkel,Work Shop
2026-08-20,Aug,8,SUNGAI DANAU,PLANTATION,NON RUTIN,HYDRAULIC SYSTEM,EXCAVATOR HITACHI ZX210F-5G 332-034,350201-000200-0071,,HYDRAULIC OIL MEDITRAN SAE 10W,10.0,LTR,359228.6,Pelumas,Pelumas,Oli
2026-08-20,Aug,8,SUNGAI DANAU,PLANTATION,RUTIN,ENGINE SYSTEM,EXCAVATOR HITACHI ZX210F-5G 332-035,330308-010207-0006,4326739,FILTER FUEL,1.0,Pcs,88668.97,Excavator,Excavator,Hitachi
2026-08-20,Aug,8,SUNGAI DANAU,PLANTATION,RUTIN,ENGINE SYSTEM,EXCAVATOR HITACHI ZX210F-5G 332-035,330308-010207-0007,4448336,FILTER OIL,1.0,Pcs,342203.99,Excavator,Excavator,Hitachi
2026-08-20,Aug,8,SUNGAI DANAU,PLANTATION,RUTIN,ENGINE SYSTEM,EXCAVATOR HITACHI ZX210F-5G 332-035,350201-000200-0024,,ENGINE OIL 15W-40,30.0,LTR,954225.0,Pelumas,Pelumas,Oli
2026-08-20,Aug,8,SUNGAI DANAU,PLANTATION,NON RUTIN,FRAME BODY & GUARD SYSTEM,EXCAVATOR HITACHI ZX210F-5G 332-035,350202-000200-0001,3207-1602,GREASE,14.0,Kg,697746.42,Pelumas,Pelumas,Grease
2026-08-20,Aug,8,SUNGAI DANAU,PLANTATION,NON RUTIN,FRAME BODY & GUARD SYSTEM,EXCAVATOR HITACHI ZX210F-5G 332-035,370502-000300-0292,,GREASE NEEPLE M10 - 90Â°,5.0,PCS,25000.0,Barang & Alat Bengkel,Barang & Alat Bengkel,Work Shop
2026-08-10,Aug,8,SUNGAI DANAU,PLANTATION,NON RUTIN,HYDRAULIC SYSTEM,EXCAVATOR HITACHI ZX210F-5G 332-035,330308-010311-0159,YA00020592,VALVE,1.0,PCS,145000.0,Excavator,Excavator,Hitachi
2026-08-04,Aug,8,SUNGAI DANAU,PLANTATION,NON RUTIN,ENGINE SYSTEM,EXCAVATOR HITACHI ZX 210 F-5G 332-039,350201-000200-0024,,ENGINE OIL 15W-40,5.0,LTR,159037.5,Pelumas,Pelumas,Oli
2026-08-12,Aug,8,SUNGAI DANAU,PLANTATION,NON RUTIN,ENGINE SYSTEM,EXCAVATOR HITACHI ZX 210 F-5G 332-039,350201-000200-0024,,ENGINE OIL 15W-40,5.0,LTR,159037.5,Pelumas,Pelumas,Oli
2026-08-29,Aug,8,SUNGAI DANAU,PLANTATION,NON RUTIN,FRAME BODY & GUARD SYSTEM,EXCAVATOR HITACHI ZX 210 F-5G 332-039,350202-000200-0001,3207-1602,GREASE,14.0,Kg,697746.42,Pelumas,Pelumas,Grease
2026-08-01,Aug,8,SUNGAI DANAU,PLANTATION,NON RUTIN,FRAME BODY & GUARD SYSTEM,EXCAVATOR HITACHI ZX 210 F-5G 332-039,370502-000300-0292,,GREASE NEEPLE M10 - 90Â°,5.0,PCS,25000.0,Barang & Alat Bengkel,Barang & Alat Bengkel,Work Shop
2026-08-12,Aug,8,SUNGAI DANAU,PLANTATION,NON RUTIN,HYDRAULIC SYSTEM,EXCAVATOR HITACHI ZX 210 F-5G 332-039,330308-010311-0111,4724585,VALVE,1.0,PCS,110000.0,Excavator,Excavator,Hitachi
2026-08-01,Aug,8,SUNGAI DANAU,PLANTATION,NON RUTIN,HYDRAULIC SYSTEM,EXCAVATOR HITACHI ZX 210 F-5G 332-039,330308-010311-0127,J75481,FITTING GREASE,7.0,PCS,280000.0,Excavator,Excavator,Hitachi
2026-08-31,Aug,8,SUNGAI DANAU,PLANTATION,NON RUTIN,UNDERCARRIAGE SYSTEM,EXCAVATOR HITACHI ZX 210 F-5G 332-039,330308-010315-0011,9184516,ROLLER LOWER ASSY,2.0,Pcs,3953850.0,Excavator,Excavator,Hitachi
2026-08-19,Aug,8,SUNGAI DANAU,PLANTATION,NON RUTIN,ELECTRICAL SYSTEM,EXCAVATOR HITACHI ZX 210 F-5G 332-040,370502-000300-0583,,TERMINAL BATTERY,1.0,Psg,19265.31,Barang & Alat Bengkel,Barang & Alat Bengkel,Work Shop
2026-08-19,Aug,8,SUNGAI DANAU,PLANTATION,NON RUTIN,ENGINE SYSTEM,EXCAVATOR HITACHI ZX 210 F-5G 332-040,350201-000200-0024,,ENGINE OIL 15W-40,5.0,LTR,159037.5,Pelumas,Pelumas,Oli
2026-08-04,Aug,8,SUNGAI DANAU,PLANTATION,NON RUTIN,FRAME BODY & GUARD SYSTEM,EXCAVATOR HITACHI ZX 210 F-5G 332-040,350202-000200-0001,3207-1602,GREASE,14.0,Kg,697746.42,Pelumas,Pelumas,Grease
2026-08-31,Aug,8,SUNGAI DANAU,PLANTATION,NON RUTIN,FRAME BODY & GUARD SYSTEM,EXCAVATOR HITACHI ZX 210 F-5G 332-040,350202-000200-0001,3207-1602,GREASE,14.0,Kg,697746.42,Pelumas,Pelumas,Grease
2026-08-31,Aug,8,SUNGAI DANAU,PLANTATION,NON RUTIN,UNDERCARRIAGE SYSTEM,EXCAVATOR HITACHI ZX 210 F-5G 332-040,330308-010315-0011,9184516,ROLLER LOWER ASSY,2.0,Pcs,3953850.0,Excavator,Excavator,Hitachi
2026-08-04,Aug,8,SUNGAI DANAU,PLANTATION,NON RUTIN,FRAME BODY & GUARD SYSTEM,EXCAVATOR HITACHI ZX 210 F-5G 332-041,350202-000200-0001,3207-1602,GREASE,14.0,Kg,697746.42,Pelumas,Pelumas,Grease
2026-08-05,Aug,8,SUNGAI DANAU,PLANTATION,NON RUTIN,FRAME BODY & GUARD SYSTEM,EXCAVATOR HITACHI ZX 210 F-5G 332-041,370501-000300-0195,61621-13071,GREASE PUMP,1.0,Pcs,171904.76,Barang & Alat Bengkel,Barang & Alat Bengkel,Alat-alat Bengkel
2026-08-06,Aug,8,SUNGAI DANAU,PLANTATION,NON RUTIN,FRAME BODY & GUARD SYSTEM,EXCAVATOR HITACHI ZX 210 F-5G 332-041,370502-000100-0012,,"BATU GERINDA 6""",1.0,Pcs,28000.0,Barang & Alat Bengkel,Barang & Alat Bengkel,Work Shop
2026-08-07,Aug,8,SUNGAI DANAU,PLANTATION,NON RUTIN,FRAME BODY & GUARD SYSTEM,EXCAVATOR HITACHI ZX 210 F-5G 332-041,370502-000300-0292,,GREASE NEEPLE M10 - 90Â°,2.0,PCS,10000.0,Barang & Alat Bengkel,Barang & Alat Bengkel,Work Shop
2026-08-18,Aug,8,SUNGAI DANAU,PLANTATION,NON RUTIN,GROUND ENGAGING SYSTEM,EXCAVATOR HITACHI ZX 210 F-5G 332-041,330308-010310-0017,9202095,BUCKET ASSY,1.0,PCS,17520000.0,Excavator,Excavator,Hitachi
2026-08-18,Aug,8,SUNGAI DANAU,PLANTATION,NON RUTIN,UNDERCARRIAGE SYSTEM,EXCAVATOR HITACHI ZX 210 F-5G 332-041,330308-010315-0023,4255638,NUT,4.0,PCS,50000.0,Excavator,Excavator,Hitachi
2026-08-18,Aug,8,SUNGAI DANAU,PLANTATION,NON RUTIN,UNDERCARRIAGE SYSTEM,EXCAVATOR HITACHI ZX 210 F-5G 332-041,330308-010315-0028,4659287,BOLT : SHOE 800G,4.0,PCS,50000.0,Excavator,Excavator,Hitachi
2026-08-01,Aug,8,SUNGAI DANAU,PLANTATION,RUTIN,ENGINE SYSTEM,EXCAVATOR HITACHI ZX 210 F-5G 332-047,330308-010207-0005,4206080,FILTER FUEL,1.0,Pcs,144005.7,Excavator,Excavator,Hitachi
2026-08-01,Aug,8,SUNGAI DANAU,PLANTATION,RUTIN,ENGINE SYSTEM,EXCAVATOR HITACHI ZX 210 F-5G 332-047,330308-010207-0006,4326739,FILTER FUEL,1.0,Pcs,88668.97,Excavator,Excavator,Hitachi
2026-08-01,Aug,8,SUNGAI DANAU,PLANTATION,RUTIN,ENGINE SYSTEM,EXCAVATOR HITACHI ZX 210 F-5G 332-047,330308-010207-0007,4448336,FILTER OIL,1.0,Pcs,342203.99,Excavator,Excavator,Hitachi
2026-08-27,Aug,8,SUNGAI DANAU,PLANTATION,NON RUTIN,FRAME BODY & GUARD SYSTEM,EXCAVATOR HITACHI ZX 210 F-5G 332-047,350202-000200-0001,3207-1602,GREASE,14.0,Kg,697746.42,Pelumas,Pelumas,Grease
2026-08-27,Aug,8,SUNGAI DANAU,PLANTATION,NON RUTIN,FRAME BODY & GUARD SYSTEM,EXCAVATOR HITACHI ZX 210 F-5G 332-048,350202-000200-0001,3207-1602,GREASE,15.0,Kg,747585.45,Pelumas,Pelumas,Grease
2026-08-29,Aug,8,SUNGAI DANAU,PLANTATION,NON RUTIN,FRAME BODY & GUARD SYSTEM,EXCAVATOR HITACHI ZX 210 F-5G 332-048,350202-000200-0001,3207-1602,GREASE,14.0,Kg,697746.42,Pelumas,Pelumas,Grease
2026-08-15,Aug,8,SUNGAI DANAU,PLANTATION,RUTIN,ENGINE SYSTEM,BULLDOZER CAT D7G2 342-008,330702-010207-0005,1R-0739,FILTER OIL,1.0,Pcs,105071.43,Bulldozer,Bulldozer,Caterpillar
2026-08-15,Aug,8,SUNGAI DANAU,PLANTATION,RUTIN,ENGINE SYSTEM,BULLDOZER CAT D7G2 342-008,330702-010207-0006,1R-0750,FILTER SOLAR,1.0,Pcs,128998.25,Bulldozer,Bulldozer,Caterpillar
2026-08-13,Aug,8,SUNGAI DANAU,PLANTATION,NON RUTIN,ENGINE SYSTEM,BULLDOZER CAT D7G2 342-008,350201-000200-0024,,ENGINE OIL 15W-40,10.0,LTR,318075.0,Pelumas,Pelumas,Oli
2026-08-29,Aug,8,SUNGAI DANAU,PLANTATION,NON RUTIN,FRAME BODY & GUARD SYSTEM,BULLDOZER CAT D7G2 342-008,350202-000200-0001,3207-1602,GREASE,14.0,Kg,697746.42,Pelumas,Pelumas,Grease
2026-08-29,Aug,8,SUNGAI DANAU,PLANTATION,NON RUTIN,GROUND ENGAGING SYSTEM,BULLDOZER CAT D7G2 342-008,330702-020310-0003,3G-8315,END BIT RH,1.0,PCS,3050333.0,Bulldozer,Bulldozer,Caterpillar
2026-08-29,Aug,8,SUNGAI DANAU,PLANTATION,NON RUTIN,GROUND ENGAGING SYSTEM,BULLDOZER CAT D7G2 342-008,330702-020310-0004,3G-8316,END BIT LH,1.0,PCS,3050000.0,Bulldozer,Bulldozer,Caterpillar
2026-08-13,Aug,8,SUNGAI DANAU,PLANTATION,NON RUTIN,DIFFENTTIAL & REAR AXLE SYSTEM,BULLDOZER WEA B 165 YS 342-014,350201-000200-0041,,GEAR OIL RORED HDA-90,20.0,Ltr,1001780.0,Pelumas,Pelumas,Oli
2026-08-31,Aug,8,SUNGAI DANAU,PLANTATION,NON RUTIN,ENGINE SYSTEM,BULLDOZER WEA B 165 YS 342-014,330740-010207-0007,P553771,OIL FILTER,1.0,PCS,95000.0,Bulldozer,Bulldozer,WEA World Equipment
2026-08-21,Aug,8,SUNGAI DANAU,PLANTATION,NON RUTIN,ENGINE SYSTEM,BULLDOZER WEA B 165 YS 342-014,330740-010207-0008,612600114993,AIR CLEANER,1.0,PCS,850000.0,Bulldozer,Bulldozer,WEA World Equipment
2026-08-13,Aug,8,SUNGAI DANAU,PLANTATION,NON RUTIN,ENGINE SYSTEM,BULLDOZER WEA B 165 YS 342-014,350201-000200-0024,,ENGINE OIL 15W-40,5.0,LTR,159037.5,Pelumas,Pelumas,Oli
2026-08-21,Aug,8,SUNGAI DANAU,PLANTATION,NON RUTIN,ENGINE SYSTEM,BULLDOZER WEA B 165 YS 342-014,350201-000200-0024,,ENGINE OIL 15W-40,10.0,LTR,318075.0,Pelumas,Pelumas,Oli
2026-08-19,Aug,8,SUNGAI DANAU,PLANTATION,NON RUTIN,STEERING SYSTEM,BULLDOZER WEA B 165 YS 342-014,330740-020312-0001,175-49-11580,STEERING FILTER ELEMENT,1.0,PCS,240464.29,Bulldozer,Bulldozer,WEA World Equipment
2026-08-06,Aug,8,SUNGAI DANAU,PLANTATION,NON RUTIN,TRANSMISSION SYSTEM,BULLDOZER WEA B 165 YS 342-014,350201-000200-0028,,ENGINE OIL MEDITRAN S SAE 30,20.0,LTR,765651.6,Pelumas,Pelumas,Oli
2026-08-21,Aug,8,SUNGAI DANAU,PLANTATION,NON RUTIN,TRANSMISSION SYSTEM,BULLDOZER WEA B 165 YS 342-014,350201-000200-0028,,ENGINE OIL MEDITRAN S SAE 30,20.0,LTR,765651.6,Pelumas,Pelumas,Oli
2026-08-27,Aug,8,SUNGAI DANAU,PLANTATION,NON RUTIN,FRAME BODY & GUARD SYSTEM,BULLDOZER KOMATSU D85E 342-018,350202-000200-0001,3207-1602,GREASE,14.0,Kg,697746.42,Pelumas,Pelumas,Grease
2026-08-20,Aug,8,SUNGAI DANAU,PLANTATION,RUTIN,DIFFENTTIAL & REAR AXLE SYSTEM,GRADER CATERPILAR 120 K 351-004,350201-000200-0041,,GEAR OIL RORED HDA-90,160.0,Ltr,8014240.0,Pelumas,Pelumas,Oli
2026-08-20,Aug,8,SUNGAI DANAU,PLANTATION,RUTIN,ENGINE SYSTEM,GRADER CATERPILAR 120 K 351-004,330402-010207-0004,326-1644,FILTER ASSEM,1.0,Pcs,350000.0,Motor Grader,Motor Grader,Caterpillar
2026-08-20,Aug,8,SUNGAI DANAU,PLANTATION,RUTIN,ENGINE SYSTEM,GRADER CATERPILAR 120 K 351-004,330402-010207-0005,1R-0762,FUEL FILTER,1.0,Pcs,282718.66,Motor Grader,Motor Grader,Caterpillar
2026-08-20,Aug,8,SUNGAI DANAU,PLANTATION,RUTIN,ENGINE SYSTEM,GRADER CATERPILAR 120 K 351-004,330402-010207-0006,1R-1807,OIL FILTER,1.0,Pcs,102580.29,Motor Grader,Motor Grader,Caterpillar
2026-08-20,Aug,8,SUNGAI DANAU,PLANTATION,RUTIN,ENGINE SYSTEM,GRADER CATERPILAR 120 K 351-004,350201-000200-0024,,ENGINE OIL 15W-40,20.0,LTR,636150.0,Pelumas,Pelumas,Oli
2026-08-20,Aug,8,SUNGAI DANAU,PLANTATION,RUTIN,HYDRAULIC SYSTEM,GRADER CATERPILAR 120 K 351-004,330402-010211-0001,328-3655,HYDRAULIC  FILTER,1.0,Pcs,701807.33,Motor Grader,Motor Grader,Caterpillar
2026-08-20,Aug,8,SUNGAI DANAU,PLANTATION,RUTIN,HYDRAULIC SYSTEM,GRADER CATERPILAR 120 K 351-004,350201-000200-0071,,HYDRAULIC OIL MEDITRAN SAE 10W,60.0,LTR,2155371.6,Pelumas,Pelumas,Oli
2026-08-20,Aug,8,SUNGAI DANAU,PLANTATION,RUTIN,TRANSMISSION SYSTEM,GRADER CATERPILAR 120 K 351-004,330402-010207-0003,1R-0774,ELEMENT ASSEM,1.0,Pcs,502257.34,Motor Grader,Motor Grader,Caterpillar
2026-08-20,Aug,8,SUNGAI DANAU,PLANTATION,RUTIN,TRANSMISSION SYSTEM,GRADER CATERPILAR 120 K 351-004,350201-000200-0028,,ENGINE OIL MEDITRAN S SAE 30,50.0,LTR,1914129.0,Pelumas,Pelumas,Oli
2026-08-10,Aug,8,SUNGAI DANAU,PLANTATION,NON RUTIN,ELECTRICAL SYSTEM,GRADER CATERPILAR 120 K 351-004,330402-010306-0017,301-3118,COIL AS,2.0,PCS,1047790.64,Motor Grader,Motor Grader,Caterpillar
2026-08-20,Aug,8,SUNGAI DANAU,PLANTATION,NON RUTIN,ELECTRICAL SYSTEM,GRADER CATERPILAR 120 K 351-004,330402-010306-0019,328-2585,INJECTOR GP-FUEL,3.0,PCS,77150190.0,Motor Grader,Motor Grader,Caterpillar
2026-08-20,Aug,8,SUNGAI DANAU,PLANTATION,NON RUTIN,FRAME BODY & GUARD SYSTEM,GRADER CATERPILAR 120 K 351-004,350202-000200-0001,3207-1602,GREASE,14.0,Kg,697746.42,Pelumas,Pelumas,Grease
2026-08-05,Aug,8,SUNGAI DANAU,PLANTATION,NON RUTIN,FRAME BODY & GUARD SYSTEM,GRADER CATERPILAR 120 K 351-004,370502-000300-0124,58008-12060,BOLT & NUT M8 X 60MM - 1.25,2.0,Pcs,1800.0,Barang & Alat Bengkel,Barang & Alat Bengkel,Work Shop
2026-08-14,Aug,8,SUNGAI DANAU,PLANTATION,NON RUTIN,STEERING SYSTEM,GRADER CATERPILAR 120 K 351-004,330402-010312-0004,131-3736,TIE ROD GP,2.0,PCS,1276000.0,Motor Grader,Motor Grader,Caterpillar
2026-08-08,Aug,8,SUNGAI DANAU,PLANTATION,NON RUTIN,WHEEL & TYRE SYSTEM,GRADER CATERPILAR 120 K 351-004,370601-000216-0058,48224-1300,BAN LUAR 13.00 * 24,1.0,Pcs,6003333.34,Suku Cadang Umum,Suku Cadang Umum,Ban
2026-08-27,Aug,8,SUNGAI DANAU,PLANTATION,RUTIN,ENGINE SYSTEM,GRADER CATERPILLAR 120K 351-007,330402-010207-0001,245-6375,ELEMENT AIR PRIMARY,1.0,Pcs,584134.61,Motor Grader,Motor Grader,Caterpillar
2026-08-27,Aug,8,SUNGAI DANAU,PLANTATION,RUTIN,ENGINE SYSTEM,GRADER CATERPILLAR 120K 351-007,330402-010207-0002,245-6376,ELEMENT AIR SCONDERY,1.0,Pcs,270023.81,Motor Grader,Motor Grader,Caterpillar
2026-08-27,Aug,8,SUNGAI DANAU,PLANTATION,RUTIN,ENGINE SYSTEM,GRADER CATERPILLAR 120K 351-007,330402-010207-0004,326-1644,FILTER ASSEM,1.0,Pcs,350000.0,Motor Grader,Motor Grader,Caterpillar
2026-08-27,Aug,8,SUNGAI DANAU,PLANTATION,RUTIN,ENGINE SYSTEM,GRADER CATERPILLAR 120K 351-007,330402-010207-0005,1R-0762,FUEL FILTER,1.0,Pcs,282718.66,Motor Grader,Motor Grader,Caterpillar
2026-08-27,Aug,8,SUNGAI DANAU,PLANTATION,RUTIN,ENGINE SYSTEM,GRADER CATERPILLAR 120K 351-007,330402-010207-0006,1R-1807,OIL FILTER,1.0,Pcs,102580.29,Motor Grader,Motor Grader,Caterpillar
2026-08-27,Aug,8,SUNGAI DANAU,PLANTATION,RUTIN,ENGINE SYSTEM,GRADER CATERPILLAR 120K 351-007,350201-000200-0024,,ENGINE OIL 15W-40,20.0,LTR,636150.0,Pelumas,Pelumas,Oli
2026-08-27,Aug,8,SUNGAI DANAU,PLANTATION,RUTIN,HYDRAULIC SYSTEM,GRADER CATERPILLAR 120K 351-007,350201-000200-0071,,HYDRAULIC OIL MEDITRAN SAE 10W,10.0,LTR,359228.6,Pelumas,Pelumas,Oli
2026-08-27,Aug,8,SUNGAI DANAU,PLANTATION,NON RUTIN,FRAME BODY & GUARD SYSTEM,GRADER CATERPILLAR 120K 351-007,350202-000200-0001,3207-1602,GREASE,14.0,Kg,697746.42,Pelumas,Pelumas,Grease
2026-08-03,Aug,8,SUNGAI DANAU,PLANTATION,NON RUTIN,HYDRAULIC SYSTEM,GRADER CATERPILLAR 120K 351-007,350201-000200-0071,,HYDRAULIC OIL MEDITRAN SAE 10W,20.0,LTR,718457.2,Pelumas,Pelumas,Oli
2026-08-08,Aug,8,SUNGAI DANAU,PLANTATION,NON RUTIN,WHEEL & TYRE SYSTEM,GRADER CATERPILLAR 120K 351-007,370601-000216-0058,48224-1300,BAN LUAR 13.00 * 24,1.0,Pcs,6003333.34,Suku Cadang Umum,Suku Cadang Umum,Ban
2026-08-01,Aug,8,SUNGAI DANAU,PLANTATION,NON RUTIN,ENGINE SYSTEM,GRADER XCMG GR-135 351-013,321203-000207-0004,FF5052,FUEL FILTER,1.0,PCS,108750.0,Genset,Genset,Cummins
2026-08-27,Aug,8,SUNGAI DANAU,PLANTATION,NON RUTIN,ENGINE SYSTEM,GRADER XCMG GR-135 351-013,350201-000200-0024,,ENGINE OIL 15W-40,20.0,LTR,636150.0,Pelumas,Pelumas,Oli
2026-08-15,Aug,8,SUNGAI DANAU,PLANTATION,NON RUTIN,FRAME BODY & GUARD SYSTEM,GRADER XCMG GR-135 351-013,350202-000200-0001,3207-1602,GREASE,14.0,Kg,697746.42,Pelumas,Pelumas,Grease
2026-08-06,Aug,8,SUNGAI DANAU,PLANTATION,NON RUTIN,FRAME BODY & GUARD SYSTEM,GRADER XCMG GR-135 351-013,370502-000300-0292,,GREASE NEEPLE M10 - 90Â°,2.0,PCS,10000.0,Barang & Alat Bengkel,Barang & Alat Bengkel,Work Shop
2026-08-19,Aug,8,SUNGAI DANAU,PLANTATION,NON RUTIN,HYDRAULIC SYSTEM,GRADER XCMG GR-135 351-013,350201-000200-0071,,HYDRAULIC OIL MEDITRAN SAE 10W,5.0,LTR,179614.3,Pelumas,Pelumas,Oli
2026-08-12,Aug,8,SUNGAI DANAU,PLANTATION,NON RUTIN,WHEEL & TYRE SYSTEM,GRADER XCMG GR-135 351-013,370601-000216-0058,48224-1300,BAN LUAR 13.00 * 24,1.0,Pcs,6003333.34,Suku Cadang Umum,Suku Cadang Umum,Ban
2026-08-12,Aug,8,SUNGAI DANAU,PLANTATION,NON RUTIN,ATTACHMENT SYSTEM,GRADER XCMG GR-135 351-015,330439-020307-0001,380301717,COPPER GUIDE SLOT,2.0,PCS,2525600.0,Motor Grader,Motor Grader,XCMG
2026-08-21,Aug,8,SUNGAI DANAU,PLANTATION,NON RUTIN,ENGINE SYSTEM,GRADER XCMG GR-135 351-015,330439-020207-0013,AA 2956,AIR FILTER INNER & OUTER,1.0,SET,900000.0,Motor Grader,Motor Grader,XCMG
2026-08-15,Aug,8,SUNGAI DANAU,PLANTATION,NON RUTIN,TRANSMISSION SYSTEM,GRADER XCMG GR-135 351-015,330439-020207-0002,750131053,FILTER OIL TRANSMISI,1.0,PCS,571300.0,Motor Grader,Motor Grader,XCMG
2026-08-12,Aug,8,SUNGAI DANAU,PLANTATION,NON RUTIN,WHEEL & TYRE SYSTEM,GRADER XCMG GR-135 351-015,370601-000216-0058,48224-1300,BAN LUAR 13.00 * 24,1.0,Pcs,6003333.34,Suku Cadang Umum,Suku Cadang Umum,Ban
2026-08-18,Aug,8,SUNGAI DANAU,PLANTATION,NON RUTIN,ENGINE SYSTEM,GRADER XCMG GR-135 351-016,350201-000200-0024,,ENGINE OIL 15W-40,40.0,LTR,1272300.0,Pelumas,Pelumas,Oli
2026-08-22,Aug,8,SUNGAI DANAU,PLANTATION,NON RUTIN,ENGINE SYSTEM,GRADER XCMG GR-135 351-016,350201-000200-0024,,ENGINE OIL 15W-40,40.0,LTR,1272300.0,Pelumas,Pelumas,Oli
2026-08-29,Aug,8,SUNGAI DANAU,PLANTATION,NON RUTIN,FRAME BODY & GUARD SYSTEM,GRADER XCMG GR-135 351-016,350202-000200-0001,3207-1602,GREASE,14.0,Kg,697746.42,Pelumas,Pelumas,Grease
2026-08-19,Aug,8,SUNGAI DANAU,PLANTATION,NON RUTIN,HYDRAULIC SYSTEM,GRADER XCMG GR-135 351-016,330439-020311-0001,804000325,HAND PUMP,1.0,PCS,1987560.0,Motor Grader,Motor Grader,XCMG
2026-08-19,Aug,8,SUNGAI DANAU,PLANTATION,NON RUTIN,HYDRAULIC SYSTEM,GRADER XCMG GR-135 351-016,330439-020311-0002,380300927,RIGHT BALL JOINT,1.0,PCS,2439000.0,Motor Grader,Motor Grader,XCMG
2026-08-19,Aug,8,SUNGAI DANAU,PLANTATION,NON RUTIN,HYDRAULIC SYSTEM,GRADER XCMG GR-135 351-016,330439-020311-0003,380300926,LEFT BALL JOINT,1.0,PCS,2439000.0,Motor Grader,Motor Grader,XCMG
2026-08-06,Aug,8,SUNGAI DANAU,PLANTATION,NON RUTIN,ATTACHMENT SYSTEM,BACKHOE LOADER CAT 416 F 361-006,330502-010303-0041,341-9483,PIN,1.0,PCS,4452314.0,B/H Loader,B/H Loader,Caterpillar
2026-08-06,Aug,8,SUNGAI DANAU,PLANTATION,NON RUTIN,ATTACHMENT SYSTEM,BACKHOE LOADER CAT 416 F 361-006,330502-010303-0042,341-9484,PIN AS,1.0,PCS,4307155.0,B/H Loader,B/H Loader,Caterpillar
2026-08-28,Aug,8,SUNGAI DANAU,PLANTATION,NON RUTIN,DIFFENTTIAL & REAR AXLE SYSTEM,BACKHOE LOADER CAT 416 F 361-006,350201-000200-0041,,GEAR OIL RORED HDA-90,5.0,Ltr,250445.0,Pelumas,Pelumas,Oli
2026-08-05,Aug,8,SUNGAI DANAU,PLANTATION,NON RUTIN,ELECTRICAL SYSTEM,BACKHOE LOADER CAT 416 F 361-006,340501-000300-0071,,AUTOMOTIVE CABLE,1.0,ROL,67000.0,Umum Kendaraan,Umum Kendaraan,Umum Kendaraan
2026-08-12,Aug,8,SUNGAI DANAU,PLANTATION,NON RUTIN,ELECTRICAL SYSTEM,BACKHOE LOADER CAT 416 F 361-006,340501-000300-0079,,BLADE FUSE KECIL 10A,3.0,pcs,3000.0,Umum Kendaraan,Umum Kendaraan,Umum Kendaraan
2026-08-12,Aug,8,SUNGAI DANAU,PLANTATION,NON RUTIN,ELECTRICAL SYSTEM,BACKHOE LOADER CAT 416 F 361-006,340501-000300-0080,,BLADE FUSE KECIL 15A,5.0,PCS,5000.0,Umum Kendaraan,Umum Kendaraan,Umum Kendaraan
2026-08-12,Aug,8,SUNGAI DANAU,PLANTATION,NON RUTIN,ENGINE SYSTEM,BACKHOE LOADER CAT 416 F 361-006,330502-010307-0017,225-8287,GASKET,1.0,PCS,835000.0,B/H Loader,B/H Loader,Caterpillar
2026-08-05,Aug,8,SUNGAI DANAU,PLANTATION,NON RUTIN,FRAME BODY & GUARD SYSTEM,BACKHOE LOADER CAT 416 F 361-006,330308-010315-0002,J931640,BOLT,1.0,Pcs,18239.58,Excavator,Excavator,Hitachi
2026-08-06,Aug,8,SUNGAI DANAU,PLANTATION,NON RUTIN,FRAME BODY & GUARD SYSTEM,BACKHOE LOADER CAT 416 F 361-006,330502-010309-0022,6V-7687,LOCKNUT,1.0,PCS,47882.4,B/H Loader,B/H Loader,Caterpillar
2026-08-06,Aug,8,SUNGAI DANAU,PLANTATION,NON RUTIN,FRAME BODY & GUARD SYSTEM,BACKHOE LOADER CAT 416 F 361-006,330502-010309-0027,8T-7930,BOLT,1.0,PCS,120304.0,B/H Loader,B/H Loader,Caterpillar
2026-08-28,Aug,8,SUNGAI DANAU,PLANTATION,NON RUTIN,FRAME BODY & GUARD SYSTEM,BACKHOE LOADER CAT 416 F 361-006,350202-000200-0001,3207-1602,GREASE,15.0,Kg,747585.45,Pelumas,Pelumas,Grease
2026-08-05,Aug,8,SUNGAI DANAU,PLANTATION,NON RUTIN,FRAME BODY & GUARD SYSTEM,BACKHOE LOADER CAT 416 F 361-006,370502-000300-0124,58008-12060,BOLT & NUT M8 X 60MM - 1.25,2.0,Pcs,1800.0,Barang & Alat Bengkel,Barang & Alat Bengkel,Work Shop
2026-08-05,Aug,8,SUNGAI DANAU,PLANTATION,NON RUTIN,FRAME BODY & GUARD SYSTEM,BACKHOE LOADER CAT 416 F 361-006,370502-000300-0292,,GREASE NEEPLE M10 - 90Â°,2.0,PCS,10000.0,Barang & Alat Bengkel,Barang & Alat Bengkel,Work Shop
2026-08-18,Aug,8,SUNGAI DANAU,PLANTATION,NON RUTIN,HYDRAULIC SYSTEM,BACKHOE LOADER CAT 416 F 361-006,350201-000200-0071,,HYDRAULIC OIL MEDITRAN SAE 10W,10.0,LTR,359228.6,Pelumas,Pelumas,Oli
2026-08-21,Aug,8,SUNGAI DANAU,PLANTATION,NON RUTIN,HYDRAULIC SYSTEM,BACKHOE LOADER CAT 416 F 361-006,350201-000200-0071,,HYDRAULIC OIL MEDITRAN SAE 10W,10.0,LTR,359228.6,Pelumas,Pelumas,Oli
2026-08-28,Aug,8,SUNGAI DANAU,PLANTATION,NON RUTIN,HYDRAULIC SYSTEM,BACKHOE LOADER CAT 416 F 361-006,350201-000200-0071,,HYDRAULIC OIL MEDITRAN SAE 10W,10.0,LTR,359228.6,Pelumas,Pelumas,Oli
2026-08-19,Aug,8,SUNGAI DANAU,PLANTATION,NON RUTIN,STEERING SYSTEM,BACKHOE LOADER CAT 416 F 361-006,330502-010312-0003,174-4643,KIT SPIDER,1.0,PCS,2756541.0,B/H Loader,B/H Loader,Caterpillar
2026-08-03,Aug,8,SUNGAI DANAU,PLANTATION,NON RUTIN,ELECTRICAL SYSTEM,BACKHOE LOADER CAT 416 F 361-007,340501-000300-0059,60621-19315,BLADE FUSE 15A,1.0,Pcs,7068.96,Umum Kendaraan,Umum Kendaraan,Umum Kendaraan
2026-08-05,Aug,8,SUNGAI DANAU,PLANTATION,NON RUTIN,ELECTRICAL SYSTEM,BACKHOE LOADER CAT 416 F 361-007,340501-000300-0059,60621-19315,BLADE FUSE 15A,2.0,Pcs,14137.92,Umum Kendaraan,Umum Kendaraan,Umum Kendaraan
2026-08-03,Aug,8,SUNGAI DANAU,PLANTATION,NON RUTIN,ELECTRICAL SYSTEM,BACKHOE LOADER CAT 416 F 361-007,370502-000300-0553,,BOX SEKRING TANCAP,1.0,PCS,12650.0,Barang & Alat Bengkel,Barang & Alat Bengkel,Work Shop
2026-08-05,Aug,8,SUNGAI DANAU,PLANTATION,NON RUTIN,ELECTRICAL SYSTEM,BACKHOE LOADER CAT 416 F 361-007,370502-000300-0553,,BOX SEKRING TANCAP,2.0,PCS,25300.0,Barang & Alat Bengkel,Barang & Alat Bengkel,Work Shop
2026-08-18,Aug,8,SUNGAI DANAU,PLANTATION,NON RUTIN,ENGINE SYSTEM,BACKHOE LOADER CAT 416 F 361-007,321224-000300-0004,3681E046,GASKET CYL. HEAD,1.0,PCS,1900000.0,Genset,Genset,Perkins
2026-08-14,Aug,8,SUNGAI DANAU,PLANTATION,NON RUTIN,ENGINE SYSTEM,BACKHOE LOADER CAT 416 F 361-007,330502-010307-0011,225-6005,GASKET,1.0,PCS,975000.0,B/H Loader,B/H Loader,Caterpillar
2026-08-18,Aug,8,SUNGAI DANAU,PLANTATION,NON RUTIN,ENGINE SYSTEM,BACKHOE LOADER CAT 416 F 361-007,330502-010307-0063,225-8533,GASKET,1.0,PCS,100000.0,B/H Loader,B/H Loader,Caterpillar
2026-08-05,Aug,8,SUNGAI DANAU,PLANTATION,NON RUTIN,ENGINE SYSTEM,BACKHOE LOADER CAT 416 F 361-007,330502-010307-0072,252-6438,SEAL INLET VALVE,4.0,PCS,420000.0,B/H Loader,B/H Loader,Caterpillar
2026-08-05,Aug,8,SUNGAI DANAU,PLANTATION,NON RUTIN,ENGINE SYSTEM,BACKHOE LOADER CAT 416 F 361-007,330502-010307-0073,254-3954,SEAL EXHAUST VALVE,4.0,PCS,420000.0,B/H Loader,B/H Loader,Caterpillar
2026-08-03,Aug,8,SUNGAI DANAU,PLANTATION,NON RUTIN,FRAME BODY & GUARD SYSTEM,BACKHOE LOADER CAT 416 F 361-007,330702-010307-0051,5P-8247,WASHER,1.0,Pcs,15000.0,Bulldozer,Bulldozer,Caterpillar
2026-08-03,Aug,8,SUNGAI DANAU,PLANTATION,NON RUTIN,FRAME BODY & GUARD SYSTEM,BACKHOE LOADER CAT 416 F 361-007,330702-020315-0035,7X-0314,BOLT,1.0,PCS,15000.0,Bulldozer,Bulldozer,Caterpillar
2026-08-05,Aug,8,SUNGAI DANAU,PLANTATION,NON RUTIN,FRAME BODY & GUARD SYSTEM,BACKHOE LOADER CAT 416 F 361-007,370502-000300-0113,,BOLT & NUT M5 X 50MM - 1.0,2.0,Pcs,800.0,Barang & Alat Bengkel,Barang & Alat Bengkel,Work Shop
2026-08-05,Aug,8,SUNGAI DANAU,PLANTATION,NON RUTIN,FRAME BODY & GUARD SYSTEM,BACKHOE LOADER CAT 416 F 361-007,370502-000300-0124,58008-12060,BOLT & NUT M8 X 60MM - 1.25,1.0,Pcs,900.0,Barang & Alat Bengkel,Barang & Alat Bengkel,Work Shop
2026-08-10,Aug,8,SUNGAI DANAU,PLANTATION,NON RUTIN,FRAME BODY & GUARD SYSTEM,BACKHOE LOADER CAT 416 F 361-007,370502-000300-0292,,GREASE NEEPLE M10 - 90Â°,2.0,PCS,10000.0,Barang & Alat Bengkel,Barang & Alat Bengkel,Work Shop
2026-08-05,Aug,8,SUNGAI DANAU,PLANTATION,NON RUTIN,FRAME BODY & GUARD SYSTEM,BACKHOE LOADER CAT 416 F 361-007,370502-000300-0353,,KERTAS GOSOK NO.1500,1.0,Lbr,4000.0,Barang & Alat Bengkel,Barang & Alat Bengkel,Work Shop
2026-08-03,Aug,8,SUNGAI DANAU,PLANTATION,NON RUTIN,FRAME BODY & GUARD SYSTEM,BACKHOE LOADER CAT 416 F 361-007,370502-000300-0477,,PLATE WASHER M14,1.0,PCS,300.0,Barang & Alat Bengkel,Barang & Alat Bengkel,Work Shop
2026-08-15,Aug,8,SUNGAI DANAU,PLANTATION,NON RUTIN,FRAME BODY & GUARD SYSTEM,BACKHOE LOADER CAT 416 F 361-007,370502-000300-0479,,PLATE WASHER M6,4.0,PCS,400.0,Barang & Alat Bengkel,Barang & Alat Bengkel,Work Shop
2026-08-05,Aug,8,SUNGAI DANAU,PLANTATION,NON RUTIN,FRAME BODY & GUARD SYSTEM,BACKHOE LOADER CAT 416 F 361-007,370502-000300-0480,,PLATE WASHER M8,4.0,PCS,598.0,Barang & Alat Bengkel,Barang & Alat Bengkel,Work Shop
2026-08-18,Aug,8,SUNGAI DANAU,PLANTATION,RUTIN,ENGINE SYSTEM,BACKHOE LOADER CATTERPILLAR 426F2 361-009,330502-010207-0003,361-9554,FUEL FILTER,1.0,Pcs,329000.0,B/H Loader,B/H Loader,Caterpillar
2026-08-18,Aug,8,SUNGAI DANAU,PLANTATION,RUTIN,ENGINE SYSTEM,BACKHOE LOADER CATTERPILLAR 426F2 361-009,330502-010207-0004,7W-2326,OIL FILTER,1.0,PCS,125722.23,B/H Loader,B/H Loader,Caterpillar
2026-08-18,Aug,8,SUNGAI DANAU,PLANTATION,RUTIN,ENGINE SYSTEM,BACKHOE LOADER CATTERPILLAR 426F2 361-009,350201-000200-0024,,ENGINE OIL 15W-40,10.0,LTR,318075.0,Pelumas,Pelumas,Oli
2026-08-12,Aug,8,SUNGAI DANAU,PLANTATION,NON RUTIN,ENGINE SYSTEM,BACKHOE LOADER CATTERPILLAR 426F2 361-009,330502-010207-0004,7W-2326,OIL FILTER,1.0,PCS,125722.23,B/H Loader,B/H Loader,Caterpillar
2026-08-22,Aug,8,SUNGAI DANAU,PLANTATION,NON RUTIN,HYDRAULIC SYSTEM,BACKHOE LOADER CATTERPILLAR 426F2 361-009,350201-000200-0071,,HYDRAULIC OIL MEDITRAN SAE 10W,10.0,LTR,359228.6,Pelumas,Pelumas,Oli
2026-08-31,Aug,8,SUNGAI DANAU,PLANTATION,RUTIN,ENGINE SYSTEM,BACKHOE LOADER CATTERPILLAR 426F2 361-010,330502-010207-0003,361-9554,FUEL FILTER,1.0,Pcs,329000.0,B/H Loader,B/H Loader,Caterpillar
2026-08-31,Aug,8,SUNGAI DANAU,PLANTATION,RUTIN,ENGINE SYSTEM,BACKHOE LOADER CATTERPILLAR 426F2 361-010,330502-010207-0004,7W-2326,OIL FILTER,1.0,PCS,125722.23,B/H Loader,B/H Loader,Caterpillar
2026-08-31,Aug,8,SUNGAI DANAU,PLANTATION,RUTIN,ENGINE SYSTEM,BACKHOE LOADER CATTERPILLAR 426F2 361-010,350201-000200-0024,,ENGINE OIL 15W-40,10.0,LTR,318075.0,Pelumas,Pelumas,Oli
2026-08-18,Aug,8,SUNGAI DANAU,PLANTATION,NON RUTIN,ATTACHMENT SYSTEM,BACKHOE LOADER CATTERPILLAR 426F2 361-010,330502-010303-0016,199-0697,SEAL,1.0,PCS,550000.0,B/H Loader,B/H Loader,Caterpillar
2026-08-31,Aug,8,SUNGAI DANAU,PLANTATION,NON RUTIN,ATTACHMENT SYSTEM,BACKHOE LOADER CATTERPILLAR 426F2 361-010,330502-010303-0020,209-4232,BEARING,1.0,PCS,5372403.0,B/H Loader,B/H Loader,Caterpillar
2026-08-31,Aug,8,SUNGAI DANAU,PLANTATION,NON RUTIN,DIFFENTTIAL & REAR AXLE SYSTEM,BACKHOE LOADER CATTERPILLAR 426F2 361-010,330502-010305-0003,209-7465 / 443-1363,SEAL,1.0,PCS,1127065.8,B/H Loader,B/H Loader,Caterpillar
2026-08-31,Aug,8,SUNGAI DANAU,PLANTATION,NON RUTIN,DIFFENTTIAL & REAR AXLE SYSTEM,BACKHOE LOADER CATTERPILLAR 426F2 361-010,330502-010305-0012,331-8538,SEAL,1.0,PCS,1639891.0,B/H Loader,B/H Loader,Caterpillar
2026-08-11,Aug,8,SUNGAI DANAU,PLANTATION,NON RUTIN,DIFFENTTIAL & REAR AXLE SYSTEM,BACKHOE LOADER CATTERPILLAR 426F2 361-010,330502-020005-0003,392-6301,KIT SPIDER & BEARING,1.0,PCS,580000.0,B/H Loader,B/H Loader,Caterpillar
2026-08-19,Aug,8,SUNGAI DANAU,PLANTATION,NON RUTIN,DIFFENTTIAL & REAR AXLE SYSTEM,BACKHOE LOADER CATTERPILLAR 426F2 361-010,350201-000200-0041,,GEAR OIL RORED HDA-90,40.0,Ltr,2003560.0,Pelumas,Pelumas,Oli
2026-08-13,Aug,8,SUNGAI DANAU,PLANTATION,NON RUTIN,ENGINE SYSTEM,BACKHOE LOADER CATTERPILLAR 426F2 361-010,330502-010207-0003,361-9554,FUEL FILTER,1.0,Pcs,329000.0,B/H Loader,B/H Loader,Caterpillar
2026-08-11,Aug,8,SUNGAI DANAU,PLANTATION,NON RUTIN,ENGINE SYSTEM,BACKHOE LOADER CATTERPILLAR 426F2 361-010,350201-000200-0024,,ENGINE OIL 15W-40,10.0,LTR,318075.0,Pelumas,Pelumas,Oli
2026-08-18,Aug,8,SUNGAI DANAU,PLANTATION,NON RUTIN,FINAL DRIVE SYSTEM,BACKHOE LOADER CATTERPILLAR 426F2 361-010,330502-010308-0004,210-7305,SHAFT,1.0,PCS,9839011.0,B/H Loader,B/H Loader,Caterpillar
2026-08-11,Aug,8,SUNGAI DANAU,PLANTATION,NON RUTIN,FINAL DRIVE SYSTEM,BACKHOE LOADER CATTERPILLAR 426F2 361-010,330502-010308-0007,216-1608,GEAR GP RING,1.0,PCS,113538932.0,B/H Loader,B/H Loader,Caterpillar
2026-08-31,Aug,8,SUNGAI DANAU,PLANTATION,NON RUTIN,FRAME BODY & GUARD SYSTEM,BACKHOE LOADER CATTERPILLAR 426F2 361-010,350202-000200-0001,3207-1602,GREASE,15.0,Kg,747585.45,Pelumas,Pelumas,Grease
2026-08-12,Aug,8,SUNGAI DANAU,PLANTATION,NON RUTIN,HYDRAULIC SYSTEM,BACKHOE LOADER CATTERPILLAR 426F2 361-010,350201-000200-0071,,HYDRAULIC OIL MEDITRAN SAE 10W,5.0,LTR,179614.3,Pelumas,Pelumas,Oli
2026-08-31,Aug,8,SUNGAI DANAU,PLANTATION,NON RUTIN,STEERING SYSTEM,BACKHOE LOADER CATTERPILLAR 426F2 361-010,330502-010312-0001,154-5404,BEARING,2.0,PCS,1460000.0,B/H Loader,B/H Loader,Caterpillar
2026-08-31,Aug,8,SUNGAI DANAU,PLANTATION,NON RUTIN,STEERING SYSTEM,BACKHOE LOADER CATTERPILLAR 426F2 361-010,330502-010312-0003,174-4643,KIT SPIDER,2.0,PCS,5513082.0,B/H Loader,B/H Loader,Caterpillar
2026-08-31,Aug,8,SUNGAI DANAU,PLANTATION,NON RUTIN,STEERING SYSTEM,BACKHOE LOADER CATTERPILLAR 426F2 361-010,330502-010312-0010,209-9886,TIE ROD GP,1.0,pcs,5150000.0,B/H Loader,B/H Loader,Caterpillar
2026-08-14,Aug,8,SUNGAI DANAU,PLANTATION,NON RUTIN,FRAME BODY & GUARD SYSTEM,BACKHOE LOADER CATERPILLAR 416F 361-013,350202-000200-0001,3207-1602,GREASE,14.0,Kg,697746.42,Pelumas,Pelumas,Grease
2026-08-12,Aug,8,SUNGAI DANAU,PLANTATION,NON RUTIN,HYDRAULIC SYSTEM,BACKHOE LOADER CATERPILLAR 416F 361-013,350201-000200-0071,,HYDRAULIC OIL MEDITRAN SAE 10W,20.0,LTR,718457.2,Pelumas,Pelumas,Oli
2026-08-14,Aug,8,SUNGAI DANAU,PLANTATION,NON RUTIN,STEERING SYSTEM,BACKHOE LOADER CATERPILLAR 416F 361-013,330502-030312-0003,591-7156,SEAL LIP TYPE,1.0,PCS,1457517.0,B/H Loader,B/H Loader,Caterpillar
2026-08-29,Aug,8,SUNGAI DANAU,PLANTATION,RUTIN,ENGINE SYSTEM,BACKHOE LOADER CATERPILLAR 416F2 361-014,330502-010207-0004,7W-2326,OIL FILTER,1.0,PCS,125722.23,B/H Loader,B/H Loader,Caterpillar
2026-08-29,Aug,8,SUNGAI DANAU,PLANTATION,RUTIN,ENGINE SYSTEM,BACKHOE LOADER CATERPILLAR 416F2 361-014,330502-010207-0006,460-0310,FILTER AS,1.0,PCS,516000.0,B/H Loader,B/H Loader,Caterpillar
2026-08-29,Aug,8,SUNGAI DANAU,PLANTATION,RUTIN,ENGINE SYSTEM,BACKHOE LOADER CATERPILLAR 416F2 361-014,350201-000200-0024,,ENGINE OIL 15W-40,10.0,LTR,318075.0,Pelumas,Pelumas,Oli
2026-08-20,Aug,8,SUNGAI DANAU,PLANTATION,NON RUTIN,FRAME BODY & GUARD SYSTEM,BACKHOE LOADER CATERPILLAR 416F2 361-014,350202-000200-0001,3207-1602,GREASE,14.0,Kg,697746.42,Pelumas,Pelumas,Grease
2026-08-31,Aug,8,SUNGAI DANAU,PLANTATION,NON RUTIN,FRAME BODY & GUARD SYSTEM,BACKHOE LOADER CATERPILLAR 416F2 361-014,350202-000200-0001,3207-1602,GREASE,14.0,Kg,697746.42,Pelumas,Pelumas,Grease
2026-08-26,Aug,8,SUNGAI DANAU,PLANTATION,NON RUTIN,FRAME BODY & GUARD SYSTEM,COMPACTOR IR 371-002,370502-000300-0620,,"HOSE CLAMP 1""",2.0,Pcs,3454.56,Barang & Alat Bengkel,Barang & Alat Bengkel,Work Shop
2026-08-12,Aug,8,SUNGAI DANAU,PLANTATION,NON RUTIN,ELECTRICAL SYSTEM,COMPACTOR SAKAI SV512D371-005,321224-000306-0002,4133L502,CONNECTION THERMOSTAT,1.0,PCS,835000.0,Genset,Genset,Perkins
2026-08-31,Aug,8,SUNGAI DANAU,PLANTATION,NON RUTIN,ENGINE SYSTEM,COMPACTOR SAKAI SV512D371-005,321224-000300-0004,3681E046,GASKET CYL. HEAD,1.0,PCS,1900000.0,Genset,Genset,Perkins
2026-08-14,Aug,8,SUNGAI DANAU,PLANTATION,NON RUTIN,ENGINE SYSTEM,COMPACTOR SAKAI SV512D371-005,330625-020207-0005,26560201,FUEL FILTER,1.0,Pcs,243142.86,Compactor,Compactor,Sakai
2026-08-14,Aug,8,SUNGAI DANAU,PLANTATION,NON RUTIN,ENGINE SYSTEM,COMPACTOR SAKAI SV512D371-005,330625-020207-0006,2654407,OIL FILTER,1.0,Pcs,187285.71,Compactor,Compactor,Sakai
2026-08-10,Aug,8,SUNGAI DANAU,PLANTATION,NON RUTIN,ENGINE SYSTEM,COMPACTOR SAKAI SV512D371-005,370502-000300-0597,62301-20035,WATER COOLANT @5LTR,4.0,Gln,140000.0,Barang & Alat Bengkel,Barang & Alat Bengkel,Work Shop
2026-08-31,Aug,8,SUNGAI DANAU,PLANTATION,NON RUTIN,ENGINE SYSTEM,COMPACTOR SAKAI SV512D371-005,370502-000300-0597,62301-20035,WATER COOLANT @5LTR,4.0,Gln,140000.0,Barang & Alat Bengkel,Barang & Alat Bengkel,Work Shop
2026-08-28,Aug,8,SUNGAI DANAU,PLANTATION,NON RUTIN,FRAME BODY & GUARD SYSTEM,COMPACTOR SAKAI SV512D371-005,350202-000200-0001,3207-1602,GREASE,14.0,Kg,697746.42,Pelumas,Pelumas,Grease
2026-08-14,Aug,8,SUNGAI DANAU,PLANTATION,NON RUTIN,HYDRAULIC SYSTEM,COMPACTOR SAKAI SV512D371-005,330625-020207-0004,HF-6561,FILTER HYDRAULIC,2.0,Pcs,1170000.0,Compactor,Compactor,Sakai
2026-08-06,Aug,8,SUNGAI DANAU,PLANTATION,NON RUTIN,HYDRAULIC SYSTEM,COMPACTOR SAKAI SV512D371-005,350201-000200-0071,,HYDRAULIC OIL MEDITRAN SAE 10W,10.0,LTR,359228.6,Pelumas,Pelumas,Oli
2026-08-26,Aug,8,SUNGAI DANAU,PLANTATION,NON RUTIN,HYDRAULIC SYSTEM,COMPACTOR SAKAI SV512D371-005,350201-000200-0071,,HYDRAULIC OIL MEDITRAN SAE 10W,20.0,LTR,718457.2,Pelumas,Pelumas,Oli
2026-08-27,Aug,8,SUNGAI DANAU,PLANTATION,NON RUTIN,HYDRAULIC SYSTEM,COMPACTOR SAKAI SV512D371-005,350201-000200-0071,,HYDRAULIC OIL MEDITRAN SAE 10W,20.0,LTR,718457.2,Pelumas,Pelumas,Oli
2026-08-27,Aug,8,SUNGAI DANAU,PLANTATION,RUTIN,ENGINE SYSTEM,COMPACTOR SAKAI SV 526-D 371-011,330308-010207-0007,4448336,FILTER OIL,1.0,Pcs,342203.99,Excavator,Excavator,Hitachi
2026-08-01,Aug,8,SUNGAI DANAU,PLANTATION,RUTIN,ENGINE SYSTEM,COMPACTOR SAKAI SV 526-D 371-011,330625-040207-0002,4032-64005-0,OIL FILTER,1.0,PCS,338919.0,Compactor,Compactor,Sakai
2026-08-27,Aug,8,SUNGAI DANAU,PLANTATION,RUTIN,ENGINE SYSTEM,COMPACTOR SAKAI SV 526-D 371-011,330625-040207-0005,4421-39001-0,FUEL WATER SEPARATOR ELEMENT,1.0,PCS,257000.0,Compactor,Compactor,Sakai
2026-08-27,Aug,8,SUNGAI DANAU,PLANTATION,RUTIN,ENGINE SYSTEM,COMPACTOR SAKAI SV 526-D 371-011,340311-010207-0001,8-94151-744-0,FUEL FILTER,1.0,Pcs,43500.0,Truck /Bus,Truck /Bus,Isuzu
2026-08-27,Aug,8,SUNGAI DANAU,PLANTATION,RUTIN,ENGINE SYSTEM,COMPACTOR SAKAI SV 526-D 371-011,350201-000200-0024,,ENGINE OIL 15W-40,20.0,LTR,636150.0,Pelumas,Pelumas,Oli
2026-08-11,Aug,8,SUNGAI DANAU,PLANTATION,NON RUTIN,ELECTRICAL SYSTEM,COMPACTOR SAKAI SV 526-D 371-011,340501-000300-0058,60621-19310,BLADE FUSE 10A,5.0,Pcs,5005.3,Umum Kendaraan,Umum Kendaraan,Umum Kendaraan
2026-08-11,Aug,8,SUNGAI DANAU,PLANTATION,NON RUTIN,ELECTRICAL SYSTEM,COMPACTOR SAKAI SV 526-D 371-011,340501-000300-0059,60621-19315,BLADE FUSE 15A,5.0,Pcs,35344.8,Umum Kendaraan,Umum Kendaraan,Umum Kendaraan
2026-08-13,Aug,8,SUNGAI DANAU,PLANTATION,NON RUTIN,ELECTRICAL SYSTEM,COMPACTOR SAKAI SV 526-D 371-011,340501-000300-0079,,BLADE FUSE KECIL 10A,2.0,pcs,2000.0,Umum Kendaraan,Umum Kendaraan,Umum Kendaraan
2026-08-13,Aug,8,SUNGAI DANAU,PLANTATION,NON RUTIN,ELECTRICAL SYSTEM,COMPACTOR SAKAI SV 526-D 371-011,340501-000300-0080,,BLADE FUSE KECIL 15A,3.0,PCS,3000.0,Umum Kendaraan,Umum Kendaraan,Umum Kendaraan
2026-08-13,Aug,8,SUNGAI DANAU,PLANTATION,NON RUTIN,ELECTRICAL SYSTEM,COMPACTOR SAKAI SV 526-D 371-011,370502-000300-0332,,ISOLASI LISTRIK,3.0,Rol,21000.0,Barang & Alat Bengkel,Barang & Alat Bengkel,Work Shop
2026-08-28,Aug,8,SUNGAI DANAU,PLANTATION,NON RUTIN,FRAME BODY & GUARD SYSTEM,COMPACTOR SAKAI SV 526-D 371-011,350202-000200-0001,3207-1602,GREASE,14.0,Kg,697746.42,Pelumas,Pelumas,Grease
2026-08-11,Aug,8,SUNGAI DANAU,PLANTATION,RUTIN,ENGINE SYSTEM,COMPACTOR DYNAPAC CA30D 371-015,330656-010207-0001,4700939374,OIL FILTER,1.0,PCS,578983.0,Compactor,Compactor,Dynapac
2026-08-11,Aug,8,SUNGAI DANAU,PLANTATION,RUTIN,ENGINE SYSTEM,COMPACTOR DYNAPAC CA30D 371-015,330656-010207-0002,4700900827,FUL FILTER SEPARATOR,1.0,PCS,554846.0,Compactor,Compactor,Dynapac
2026-08-11,Aug,8,SUNGAI DANAU,PLANTATION,RUTIN,ENGINE SYSTEM,COMPACTOR DYNAPAC CA30D 371-015,330656-010207-0003,4700900829,FUEL FILTER,1.0,PCS,303840.0,Compactor,Compactor,Dynapac
2026-08-11,Aug,8,SUNGAI DANAU,PLANTATION,RUTIN,ENGINE SYSTEM,COMPACTOR DYNAPAC CA30D 371-015,350201-000200-0024,,ENGINE OIL 15W-40,20.0,LTR,636150.0,Pelumas,Pelumas,Oli
2026-08-26,Aug,8,SUNGAI DANAU,PLANTATION,NON RUTIN,ENGINE SYSTEM,COMPACTOR DYNAPAC CA30D 371-015,330656-010207-0005,4700390994,AIR FILTER OUTER,1.0,PCS,750311.0,Compactor,Compactor,Dynapac
2026-08-26,Aug,8,SUNGAI DANAU,PLANTATION,NON RUTIN,ENGINE SYSTEM,COMPACTOR DYNAPAC CA30D 371-015,330656-010207-0006,4700390995,AIR FILTER INNER,1.0,PCS,914856.0,Compactor,Compactor,Dynapac
2026-08-28,Aug,8,SUNGAI DANAU,PLANTATION,NON RUTIN,FRAME BODY & GUARD SYSTEM,COMPACTOR DYNAPAC CA30D 371-015,350202-000200-0001,3207-1602,GREASE,14.0,Kg,697746.42,Pelumas,Pelumas,Grease
2026-08-31,Aug,8,SUNGAI DANAU,PLANTATION,NON RUTIN,FRAME BODY & GUARD SYSTEM,COMPACTOR DYNAPAC CA30D 371-015,371109-000300-0090,,LEM SUPER KOREA G,1.0,TUB,5500.0,Barang Umum,Barang Umum,Barang Umum
2026-08-10,Aug,8,SUNGAI DANAU,PLANTATION,RUTIN,ENGINE SYSTEM,COMPACTOR DYNAPAC CA30D 371-016,330656-010207-0001,4700939374,OIL FILTER,1.0,PCS,578983.0,Compactor,Compactor,Dynapac
2026-08-10,Aug,8,SUNGAI DANAU,PLANTATION,RUTIN,ENGINE SYSTEM,COMPACTOR DYNAPAC CA30D 371-016,330656-010207-0002,4700900827,FUL FILTER SEPARATOR,1.0,PCS,554846.0,Compactor,Compactor,Dynapac
2026-08-10,Aug,8,SUNGAI DANAU,PLANTATION,RUTIN,ENGINE SYSTEM,COMPACTOR DYNAPAC CA30D 371-016,330656-010207-0003,4700900829,FUEL FILTER,1.0,PCS,303840.0,Compactor,Compactor,Dynapac
2026-08-10,Aug,8,SUNGAI DANAU,PLANTATION,RUTIN,ENGINE SYSTEM,COMPACTOR DYNAPAC CA30D 371-016,350201-000200-0024,,ENGINE OIL 15W-40,20.0,LTR,636150.0,Pelumas,Pelumas,Oli
2026-08-10,Aug,8,SUNGAI DANAU,PLANTATION,RUTIN,HYDRAULIC SYSTEM,COMPACTOR DYNAPAC CA30D 371-016,350201-000200-0071,,HYDRAULIC OIL MEDITRAN SAE 10W,20.0,LTR,718457.2,Pelumas,Pelumas,Oli
2026-08-19,Aug,8,SUNGAI DANAU,PLANTATION,NON RUTIN,FINAL DRIVE SYSTEM,COMPACTOR DYNAPAC CA30D 371-016,330625-020308-0001,1533-43018-0,DAMPER,1.0,Pcs,900000.0,Compactor,Compactor,Sakai
2026-08-28,Aug,8,SUNGAI DANAU,PLANTATION,NON RUTIN,FRAME BODY & GUARD SYSTEM,COMPACTOR DYNAPAC CA30D 371-016,350202-000200-0001,3207-1602,GREASE,14.0,Kg,697746.42,Pelumas,Pelumas,Grease
2026-08-14,Aug,8,SUNGAI DANAU,PLANTATION,NON RUTIN,FRAME BODY & GUARD SYSTEM,COMPACTOR DYNAPAC CA30D 371-016,370502-000300-0086,58012-17100,BOLT & NUT M12 X 1.75 X 100MM,10.0,Pcs,30500.0,Barang & Alat Bengkel,Barang & Alat Bengkel,Work Shop
2026-08-14,Aug,8,SUNGAI DANAU,PLANTATION,NON RUTIN,FRAME BODY & GUARD SYSTEM,COMPACTOR DYNAPAC CA30D 371-016,370502-000300-0292,,GREASE NEEPLE M10 - 90Â°,2.0,PCS,10000.0,Barang & Alat Bengkel,Barang & Alat Bengkel,Work Shop
2026-08-28,Aug,8,SUNGAI DANAU,PLANTATION,NON RUTIN,FRAME BODY & GUARD SYSTEM,COMPACTOR SAKAI SV526D 371-017,350202-000200-0001,3207-1602,GREASE,14.0,Kg,697746.42,Pelumas,Pelumas,Grease
2026-08-08,Aug,8,KUMAI,PLANTATION,RUTIN,BRAKE SYSTEM,DUMP TRUCK HINO 130HD 251-058,370502-000300-0186,,BRAKE FLUID,1.0,Btl,60000.0,Barang & Alat Bengkel,Barang & Alat Bengkel,Work Shop
2026-08-31,Aug,8,KUMAI,PLANTATION,RUTIN,DIFFENTTIAL & REAR AXLE SYSTEM,DUMP TRUCK HINO 130HD 251-058,350201-000200-0040,,GEAR OIL RORED HDA-140,4.0,Ltr,197331.48,Pelumas,Pelumas,Oli
2026-08-03,Aug,8,KUMAI,PLANTATION,RUTIN,ENGINE SYSTEM,DUMP TRUCK HINO 130HD 251-058,340307-040207-0017,23304JAF70,ELEMENT FILTER,1.0,PCS,42322.97,Truck /Bus,Truck /Bus,Hino
2026-08-03,Aug,8,KUMAI,PLANTATION,RUTIN,ENGINE SYSTEM,DUMP TRUCK HINO 130HD 251-058,340307-050207-0005,23304-78440,ELEMENT ASSY. FUEL FILTER,1.0,PCS,76142.75,Truck /Bus,Truck /Bus,Hino
2026-08-03,Aug,8,KUMAI,PLANTATION,RUTIN,ENGINE SYSTEM,DUMP TRUCK HINO 130HD 251-058,340307-050207-0006,23304-78451,ELEMENT SUB-ASSY. FUEL FILTER,1.0,PCS,80337.82,Truck /Bus,Truck /Bus,Hino
2026-08-14,Aug,8,KUMAI,PLANTATION,RUTIN,ENGINE SYSTEM,DUMP TRUCK HINO 130HD 251-058,340311-010314-0002,14-SPART-354-A,STRAINER,1.0,PCS,1700000.0,Truck /Bus,Truck /Bus,Isuzu
2026-08-03,Aug,8,KUMAI,PLANTATION,RUTIN,ENGINE SYSTEM,DUMP TRUCK HINO 130HD 251-058,350201-000200-0024,,ENGINE OIL 15W-40,10.0,LTR,323000.0,Pelumas,Pelumas,Oli
2026-08-25,Aug,8,KUMAI,PLANTATION,RUTIN,HYDRAULIC SYSTEM,DUMP TRUCK HINO 130HD 251-058,350201-000200-0071,,HYDRAULIC OIL MEDITRAN SAE 10W,5.0,LTR,135419.9,Pelumas,Pelumas,Oli
2026-08-03,Aug,8,KUMAI,PLANTATION,RUTIN,SUSPENSION SYSTEM,DUMP TRUCK HINO 130HD 251-058,340307-010213-0001,48147-36441,CENTER BOLT 10MM X 166MM,1.0,PCS,51370.97,Truck /Bus,Truck /Bus,Hino
2026-08-14,Aug,8,KUMAI,PLANTATION,RUTIN,SUSPENSION SYSTEM,DUMP TRUCK HINO 130HD 251-058,340307-010213-0001,48147-36441,CENTER BOLT 10MM X 166MM,1.0,PCS,51370.97,Truck /Bus,Truck /Bus,Hino
2026-08-31,Aug,8,KUMAI,PLANTATION,RUTIN,SUSPENSION SYSTEM,DUMP TRUCK HINO 130HD 251-058,340307-010213-0001,48147-36441,CENTER BOLT 10MM X 166MM,1.0,PCS,51370.97,Truck /Bus,Truck /Bus,Hino
2026-08-31,Aug,8,KUMAI,PLANTATION,RUTIN,SUSPENSION SYSTEM,DUMP TRUCK HINO 130HD 251-058,340307-010213-0002,48247-25261,CENTER BOLT 10MM X 320MM,2.0,PCS,172500.0,Truck /Bus,Truck /Bus,Hino
2026-08-31,Aug,8,KUMAI,PLANTATION,RUTIN,SUSPENSION SYSTEM,DUMP TRUCK HINO 130HD 251-058,340307-010313-0010,48112-OW010,LEAF SPRING FR. NO.2,1.0,Pcs,420000.0,Truck /Bus,Truck /Bus,Hino
2026-08-03,Aug,8,KUMAI,PLANTATION,RUTIN,SUSPENSION SYSTEM,DUMP TRUCK HINO 130HD 251-058,340307-010313-0011,48114-OW010,LEAF SPRING FR. NO.4,2.0,Pcs,525846.14,Truck /Bus,Truck /Bus,Hino
2026-08-03,Aug,8,KUMAI,PLANTATION,RUTIN,SUSPENSION SYSTEM,DUMP TRUCK HINO 130HD 251-058,340307-010313-0012,48115-OW010,LEAF SPRING FR. NO.5,2.0,Pcs,358769.24,Truck /Bus,Truck /Bus,Hino
2026-08-08,Aug,8,KUMAI,PLANTATION,RUTIN,DIFFENTTIAL & REAR AXLE SYSTEM,DUMP TRUCK HINO 136 HDX DA 8707 JL 251-061,350201-000200-0040,,GEAR OIL RORED HDA-140,7.0,Ltr,345330.09,Pelumas,Pelumas,Oli
2026-08-23,Aug,8,KUMAI,PLANTATION,RUTIN,ENGINE SYSTEM,DUMP TRUCK HINO 136 HDX DA 8707 JL 251-061,370502-000300-0597,62301-20035,WATER COOLANT @5LTR,1.0,Gln,75000.0,Barang & Alat Bengkel,Barang & Alat Bengkel,Work Shop
2026-08-06,Aug,8,KUMAI,PLANTATION,RUTIN,SUSPENSION SYSTEM,DUMP TRUCK HINO 136 HDX DA 8707 JL 251-061,340307-010213-0001,48147-36441,CENTER BOLT 10MM X 166MM,1.0,PCS,51370.97,Truck /Bus,Truck /Bus,Hino
2026-08-06,Aug,8,KUMAI,PLANTATION,RUTIN,SUSPENSION SYSTEM,DUMP TRUCK HINO 136 HDX DA 8707 JL 251-061,340307-010313-0009,48102-OW010,LEAF SPRING FR. N0.3,1.0,Pcs,360000.0,Truck /Bus,Truck /Bus,Hino
2026-08-29,Aug,8,KUMAI,PLANTATION,RUTIN,SUSPENSION SYSTEM,DUMP TRUCK HINO 136 HDX DA 8707 JL 251-061,340307-010313-0012,48115-OW010,LEAF SPRING FR. NO.5,1.0,Pcs,179384.62,Truck /Bus,Truck /Bus,Hino
2026-08-04,Aug,8,KUMAI,PLANTATION,RUTIN,SUSPENSION SYSTEM,DUMP TRUCK HINO 136 HDX DA 8707 JL 251-061,340307-010313-0019,48212-OW010,LEAF SPRING RR. NO.2,1.0,Pcs,415000.0,Truck /Bus,Truck /Bus,Hino
2026-08-06,Aug,8,KUMAI,PLANTATION,RUTIN,SUSPENSION SYSTEM,DUMP TRUCK HINO 136 HDX DA 8707 JL 251-061,370502-000300-0290,,GREASE COUPLER 0 LUAR 15 MM,1.0,PCS,10000.0,Barang & Alat Bengkel,Barang & Alat Bengkel,Work Shop
2026-08-06,Aug,8,KUMAI,PLANTATION,RUTIN,SUSPENSION SYSTEM,DUMP TRUCK HINO 136 HDX DA 8707 JL 251-061,370502-000300-0316,60815-19071,HOSE GREASE GUN,1.0,PCS,28750.0,Barang & Alat Bengkel,Barang & Alat Bengkel,Work Shop
2026-08-02,Aug,8,KUMAI,PLANTATION,RUTIN,DIFFENTTIAL & REAR AXLE SYSTEM,DUMP TRUCK HINO 136 HDX 251-062,340307-050205-0001,42311-F1030,SHAFT RR AXLE RH,1.0,PCS,867915.64,Truck /Bus,Truck /Bus,Hino
2026-08-02,Aug,8,KUMAI,PLANTATION,RUTIN,DIFFENTTIAL & REAR AXLE SYSTEM,DUMP TRUCK HINO 136 HDX 251-062,350201-000200-0040,,GEAR OIL RORED HDA-140,5.0,Ltr,246664.35,Pelumas,Pelumas,Oli
2026-08-03,Aug,8,KUMAI,PLANTATION,RUTIN,DIFFENTTIAL & REAR AXLE SYSTEM,DUMP TRUCK HINO 136 HDX 251-062,350201-000200-0041,,GEAR OIL RORED HDA-90,7.0,Ltr,318239.74,Pelumas,Pelumas,Oli
2026-08-03,Aug,8,KUMAI,PLANTATION,RUTIN,ENGINE SYSTEM,DUMP TRUCK HINO 136 HDX 251-062,340307-040207-0017,23304JAF70,ELEMENT FILTER,1.0,PCS,42322.97,Truck /Bus,Truck /Bus,Hino
2026-08-03,Aug,8,KUMAI,PLANTATION,RUTIN,ENGINE SYSTEM,DUMP TRUCK HINO 136 HDX 251-062,340307-050207-0005,23304-78440,ELEMENT ASSY. FUEL FILTER,1.0,PCS,76142.75,Truck /Bus,Truck /Bus,Hino
2026-08-03,Aug,8,KUMAI,PLANTATION,RUTIN,ENGINE SYSTEM,DUMP TRUCK HINO 136 HDX 251-062,340307-050207-0006,23304-78451,ELEMENT SUB-ASSY. FUEL FILTER,1.0,PCS,80337.82,Truck /Bus,Truck /Bus,Hino
2026-08-03,Aug,8,KUMAI,PLANTATION,RUTIN,ENGINE SYSTEM,DUMP TRUCK HINO 136 HDX 251-062,350201-000200-0024,,ENGINE OIL 15W-40,10.0,LTR,323000.0,Pelumas,Pelumas,Oli
2026-08-25,Aug,8,KUMAI,PLANTATION,RUTIN,HYDRAULIC SYSTEM,DUMP TRUCK HINO 136 HDX 251-062,350201-000200-0071,,HYDRAULIC OIL MEDITRAN SAE 10W,5.0,LTR,135419.9,Pelumas,Pelumas,Oli
2026-08-04,Aug,8,KUMAI,PLANTATION,RUTIN,SUSPENSION SYSTEM,DUMP TRUCK HINO 136 HDX 251-062,340307-010213-0002,48247-25261,CENTER BOLT 10MM X 320MM,1.0,PCS,86250.0,Truck /Bus,Truck /Bus,Hino
2026-08-19,Aug,8,KUMAI,PLANTATION,RUTIN,SUSPENSION SYSTEM,DUMP TRUCK HINO 136 HDX 251-062,340307-010213-0002,48247-25261,CENTER BOLT 10MM X 320MM,1.0,PCS,86250.0,Truck /Bus,Truck /Bus,Hino
2026-08-29,Aug,8,KUMAI,PLANTATION,RUTIN,SUSPENSION SYSTEM,DUMP TRUCK HINO 136 HDX 251-062,340307-010213-0002,48247-25261,CENTER BOLT 10MM X 320MM,1.0,PCS,86250.0,Truck /Bus,Truck /Bus,Hino
2026-08-29,Aug,8,KUMAI,PLANTATION,RUTIN,SUSPENSION SYSTEM,DUMP TRUCK HINO 136 HDX 251-062,340307-010313-0010,48112-OW010,LEAF SPRING FR. NO.2,1.0,Pcs,420000.0,Truck /Bus,Truck /Bus,Hino
2026-08-29,Aug,8,KUMAI,PLANTATION,RUTIN,SUSPENSION SYSTEM,DUMP TRUCK HINO 136 HDX 251-062,340307-010313-0012,48115-OW010,LEAF SPRING FR. NO.5,1.0,Pcs,179384.62,Truck /Bus,Truck /Bus,Hino
2026-08-04,Aug,8,KUMAI,PLANTATION,RUTIN,SUSPENSION SYSTEM,DUMP TRUCK HINO 136 HDX 251-062,340307-010313-0025,48262-37550,LEAF SPRING RR. HELPER NO.2,1.0,Pcs,235000.0,Truck /Bus,Truck /Bus,Hino
2026-08-15,Aug,8,KUMAI,PLANTATION,RUTIN,AIR CONDITIONING SYSTEM,DUMP TRUCK ISUZU NPS 254-002,340311-010201-0001,I8-98321 413-A,FILTER ACL,1.0,PCS,201876.92,Truck /Bus,Truck /Bus,Isuzu
2026-08-03,Aug,8,KUMAI,PLANTATION,RUTIN,DIFFENTTIAL & REAR AXLE SYSTEM,DUMP TRUCK ISUZU NPS 254-002,340311-030305-0028,I8-97359 803-0,STUD AXLE SHAFT TO HUB,5.0,PCS,161076.9,Truck /Bus,Truck /Bus,Isuzu
2026-08-04,Aug,8,KUMAI,PLANTATION,RUTIN,DIFFENTTIAL & REAR AXLE SYSTEM,DUMP TRUCK ISUZU NPS 254-002,340311-030305-0028,I8-97359 803-0,STUD AXLE SHAFT TO HUB,3.0,PCS,96646.14,Truck /Bus,Truck /Bus,Isuzu
2026-08-08,Aug,8,KUMAI,PLANTATION,RUTIN,DIFFENTTIAL & REAR AXLE SYSTEM,DUMP TRUCK ISUZU NPS 254-002,340311-030305-0028,I8-97359 803-0,STUD AXLE SHAFT TO HUB,2.0,PCS,64430.76,Truck /Bus,Truck /Bus,Isuzu
2026-08-10,Aug,8,KUMAI,PLANTATION,RUTIN,DIFFENTTIAL & REAR AXLE SYSTEM,DUMP TRUCK ISUZU NPS 254-002,340311-030305-0028,I8-97359 803-0,STUD AXLE SHAFT TO HUB,16.0,PCS,515446.08,Truck /Bus,Truck /Bus,Isuzu
2026-08-10,Aug,8,KUMAI,PLANTATION,RUTIN,DIFFENTTIAL & REAR AXLE SYSTEM,DUMP TRUCK ISUZU NPS 254-002,340311-030305-0029,I7-05110 010-A,NUT AXLE SHAFT,15.0,PCS,150000.0,Truck /Bus,Truck /Bus,Isuzu
2026-08-08,Aug,8,KUMAI,PLANTATION,RUTIN,DIFFENTTIAL & REAR AXLE SYSTEM,DUMP TRUCK ISUZU NPS 254-002,340311-030305-0030,I8-97360 004-0,"WASHER SPECIAL,AXLE SHAFT",1.0,PCS,33307.37,Truck /Bus,Truck /Bus,Isuzu
2026-08-10,Aug,8,KUMAI,PLANTATION,RUTIN,DIFFENTTIAL & REAR AXLE SYSTEM,DUMP TRUCK ISUZU NPS 254-002,340311-030305-0030,I8-97360 004-0,"WASHER SPECIAL,AXLE SHAFT",16.0,PCS,532917.92,Truck /Bus,Truck /Bus,Isuzu
2026-08-28,Aug,8,KUMAI,PLANTATION,RUTIN,DIFFENTTIAL & REAR AXLE SYSTEM,DUMP TRUCK ISUZU NPS 254-002,340311-030309-0001,I9-00093 609-A,BEARING. HUB OUTER. RR AXLE,1.0,PCS,344613.64,Truck /Bus,Truck /Bus,Isuzu
2026-08-18,Aug,8,KUMAI,PLANTATION,RUTIN,ENGINE SYSTEM,DUMP TRUCK ISUZU NPS 254-002,340311-010207-0007,8-98037-481-A,ELEMENT FUEL FILTER,1.0,PCS,95584.31,Truck /Bus,Truck /Bus,Isuzu
2026-08-18,Aug,8,KUMAI,PLANTATION,RUTIN,ENGINE SYSTEM,DUMP TRUCK ISUZU NPS 254-002,340311-010207-0010,I8-98159 693-0,ELEMENT FUEL FILTER,1.0,PCS,83148.57,Truck /Bus,Truck /Bus,Isuzu
2026-08-18,Aug,8,KUMAI,PLANTATION,RUTIN,ENGINE SYSTEM,DUMP TRUCK ISUZU NPS 254-002,340311-010207-0011,I8-98328 207-A,ELEMENT FILTER OIL,1.0,PCS,136259.83,Truck /Bus,Truck /Bus,Isuzu
2026-08-27,Aug,8,KUMAI,PLANTATION,RUTIN,ENGINE SYSTEM,DUMP TRUCK ISUZU NPS 254-002,340311-010314-0002,14-SPART-354-A,STRAINER,1.0,PCS,1700000.0,Truck /Bus,Truck /Bus,Isuzu
2026-08-14,Aug,8,KUMAI,PLANTATION,RUTIN,ENGINE SYSTEM,DUMP TRUCK ISUZU NPS 254-002,340311-030307-0008,I8-97648-718-A,BELT COOLING FAN,2.0,PCS,244000.0,Truck /Bus,Truck /Bus,Isuzu
2026-08-28,Aug,8,KUMAI,PLANTATION,RUTIN,ENGINE SYSTEM,DUMP TRUCK ISUZU NPS 254-002,340311-030307-0012,I8-98329 106-0,RUBBER ENGINE FOOT FRT R,2.0,PCS,3036000.0,Truck /Bus,Truck /Bus,Isuzu
2026-08-28,Aug,8,KUMAI,PLANTATION,RUTIN,ENGINE SYSTEM,DUMP TRUCK ISUZU NPS 254-002,340311-030307-0013,I8-98329 107-0,RUBBER ENGINE FOOT FRT L,2.0,PCS,3036000.0,Truck /Bus,Truck /Bus,Isuzu
2026-08-29,Aug,8,KUMAI,PLANTATION,RUTIN,ENGINE SYSTEM,DUMP TRUCK ISUZU NPS 254-002,340311-030307-0042,I8-98032 549-0,LIMITER FUEL PRESS,1.0,PCS,5377000.0,Truck /Bus,Truck /Bus,Isuzu
2026-08-29,Aug,8,KUMAI,PLANTATION,RUTIN,ENGINE SYSTEM,DUMP TRUCK ISUZU NPS 254-002,370502-000300-0597,62301-20035,WATER COOLANT @5LTR,4.0,Gln,300000.0,Barang & Alat Bengkel,Barang & Alat Bengkel,Work Shop
2026-08-22,Aug,8,KUMAI,PLANTATION,RUTIN,SUSPENSION SYSTEM,DUMP TRUCK ISUZU NPS 254-002,340307-010213-0001,48147-36441,CENTER BOLT 10MM X 166MM,1.0,PCS,51370.97,Truck /Bus,Truck /Bus,Hino
2026-08-22,Aug,8,KUMAI,PLANTATION,RUTIN,SUSPENSION SYSTEM,DUMP TRUCK ISUZU NPS 254-002,340307-010213-0002,48247-25261,CENTER BOLT 10MM X 320MM,1.0,PCS,86250.0,Truck /Bus,Truck /Bus,Hino
2026-08-13,Aug,8,KUMAI,PLANTATION,RUTIN,SUSPENSION SYSTEM,DUMP TRUCK ISUZU NPS 254-002,340307-010313-0009,48102-OW010,LEAF SPRING FR. N0.3,1.0,Pcs,360000.0,Truck /Bus,Truck /Bus,Hino
2026-08-16,Aug,8,KUMAI,PLANTATION,RUTIN,SUSPENSION SYSTEM,DUMP TRUCK ISUZU NPS 254-002,370502-000300-0291,61405-16110,GREASE NEEPLE M10,4.0,Pcs,12666.64,Barang & Alat Bengkel,Barang & Alat Bengkel,Work Shop
2026-08-08,Aug,8,KUMAI,PLANTATION,RUTIN,DIFFENTTIAL & REAR AXLE SYSTEM,DUMP TRUCK ISUZU NPS 254-003,340311-030305-0028,I8-97359 803-0,STUD AXLE SHAFT TO HUB,2.0,PCS,64430.76,Truck /Bus,Truck /Bus,Isuzu
2026-08-08,Aug,8,KUMAI,PLANTATION,RUTIN,DIFFENTTIAL & REAR AXLE SYSTEM,DUMP TRUCK ISUZU NPS 254-003,340311-030305-0030,I8-97360 004-0,"WASHER SPECIAL,AXLE SHAFT",1.0,PCS,33307.37,Truck /Bus,Truck /Bus,Isuzu
2026-08-10,Aug,8,KUMAI,PLANTATION,RUTIN,ELECTRICAL SYSTEM,DUMP TRUCK ISUZU NPS 254-003,340501-000300-0075,,BATTERY 12V-70A,2.0,PCS,2079307.6,Umum Kendaraan,Umum Kendaraan,Umum Kendaraan
2026-08-27,Aug,8,KUMAI,PLANTATION,RUTIN,ENGINE SYSTEM,DUMP TRUCK ISUZU NPS 254-003,340311-010314-0002,14-SPART-354-A,STRAINER,1.0,PCS,1700000.0,Truck /Bus,Truck /Bus,Isuzu
2026-08-29,Aug,8,KUMAI,PLANTATION,RUTIN,ENGINE SYSTEM,DUMP TRUCK ISUZU NPS 254-003,370502-000300-0597,62301-20035,WATER COOLANT @5LTR,1.0,Gln,75000.0,Barang & Alat Bengkel,Barang & Alat Bengkel,Work Shop
2026-08-08,Aug,8,KUMAI,PLANTATION,RUTIN,FRAME BODY & GUARD SYSTEM,DUMP TRUCK ISUZU NPS 254-003,340311-030309-0002,I8-98202 912-0,SEAL OIL. RR HUB. OUTER,1.0,PCS,101863.64,Truck /Bus,Truck /Bus,Isuzu
2026-08-04,Aug,8,KUMAI,PLANTATION,RUTIN,SUSPENSION SYSTEM,DUMP TRUCK ISUZU NPS 254-003,330131-010313-0006,MB035264,U-BOLT 16 MM * 40 CM,2.0,Pcs,176380.0,Trailer,Trailer,Trailer
2026-08-04,Aug,8,KUMAI,PLANTATION,RUTIN,SUSPENSION SYSTEM,DUMP TRUCK ISUZU NPS 254-003,330131-010313-0007,MB035278,SHACKLE ASSY,1.0,PCS,200000.0,Trailer,Trailer,Trailer
2026-08-04,Aug,8,KUMAI,PLANTATION,RUTIN,SUSPENSION SYSTEM,DUMP TRUCK ISUZU NPS 254-003,330131-010313-0011,MB035277,PIN,2.0,PCS,164000.0,Trailer,Trailer,Trailer
2026-08-04,Aug,8,KUMAI,PLANTATION,RUTIN,SUSPENSION SYSTEM,DUMP TRUCK ISUZU NPS 254-003,340307-010213-0001,48147-36441,CENTER BOLT 10MM X 166MM,2.0,PCS,102741.94,Truck /Bus,Truck /Bus,Hino
2026-08-01,Aug,8,KUMAI,PLANTATION,RUTIN,SUSPENSION SYSTEM,DUMP TRUCK ISUZU NPS 254-003,340307-010213-0002,48247-25261,CENTER BOLT 10MM X 320MM,2.0,PCS,172500.0,Truck /Bus,Truck /Bus,Hino
2026-08-06,Aug,8,KUMAI,PLANTATION,RUTIN,SUSPENSION SYSTEM,DUMP TRUCK ISUZU NPS 254-003,340307-010213-0002,48247-25261,CENTER BOLT 10MM X 320MM,1.0,PCS,86250.0,Truck /Bus,Truck /Bus,Hino
2026-08-01,Aug,8,KUMAI,PLANTATION,RUTIN,SUSPENSION SYSTEM,DUMP TRUCK ISUZU NPS 254-003,340307-010313-0009,48102-OW010,LEAF SPRING FR. N0.3,1.0,Pcs,360000.0,Truck /Bus,Truck /Bus,Hino
2026-08-06,Aug,8,KUMAI,PLANTATION,RUTIN,SUSPENSION SYSTEM,DUMP TRUCK ISUZU NPS 254-003,340307-010313-0009,48102-OW010,LEAF SPRING FR. N0.3,1.0,Pcs,360000.0,Truck /Bus,Truck /Bus,Hino
2026-08-06,Aug,8,KUMAI,PLANTATION,RUTIN,SUSPENSION SYSTEM,DUMP TRUCK ISUZU NPS 254-003,340307-010313-0010,48112-OW010,LEAF SPRING FR. NO.2,1.0,Pcs,420000.0,Truck /Bus,Truck /Bus,Hino
2026-08-01,Aug,8,KUMAI,PLANTATION,RUTIN,SUSPENSION SYSTEM,DUMP TRUCK ISUZU NPS 254-003,340307-010313-0011,48114-OW010,LEAF SPRING FR. NO.4,1.0,Pcs,262923.07,Truck /Bus,Truck /Bus,Hino
2026-08-06,Aug,8,KUMAI,PLANTATION,RUTIN,SUSPENSION SYSTEM,DUMP TRUCK ISUZU NPS 254-003,340307-010313-0016,48202-OW010,LEAF SPRING RR. NO.3,1.0,Pcs,357692.3,Truck /Bus,Truck /Bus,Hino
2026-08-01,Aug,8,KUMAI,PLANTATION,RUTIN,SUSPENSION SYSTEM,DUMP TRUCK ISUZU NPS 254-003,340307-010313-0019,48212-OW010,LEAF SPRING RR. NO.2,1.0,Pcs,415000.0,Truck /Bus,Truck /Bus,Hino
2026-08-06,Aug,8,KUMAI,PLANTATION,RUTIN,SUSPENSION SYSTEM,DUMP TRUCK ISUZU NPS 254-003,340307-010313-0022,48216-37550,LEAF SPRING RR. HELPER NO.1,1.0,Pcs,300000.0,Truck /Bus,Truck /Bus,Hino
2026-08-06,Aug,8,KUMAI,PLANTATION,RUTIN,SUSPENSION SYSTEM,DUMP TRUCK ISUZU NPS 254-003,340307-010313-0023,48216-OW010,LEAF SPRING RR. NO.6,1.0,Pcs,170000.0,Truck /Bus,Truck /Bus,Hino
2026-08-10,Aug,8,KUMAI,PLANTATION,RUTIN,SUSPENSION SYSTEM,DUMP TRUCK ISUZU NPS 254-003,340307-010313-0023,48216-OW010,LEAF SPRING RR. NO.6,1.0,Pcs,170000.0,Truck /Bus,Truck /Bus,Hino
2026-08-16,Aug,8,KUMAI,PLANTATION,RUTIN,SUSPENSION SYSTEM,DUMP TRUCK ISUZU NPS 254-003,370502-000300-0291,61405-16110,GREASE NEEPLE M10,4.0,Pcs,12666.64,Barang & Alat Bengkel,Barang & Alat Bengkel,Work Shop
2026-08-21,Aug,8,KUMAI,PLANTATION,RUTIN,BRAKE SYSTEM,DUMP TRUCK ISUZU NPS 81 254-004,340311-010304-0046,I8-94461 228-4,U BOLT FRT RH,1.0,PCS,33000.0,Truck /Bus,Truck /Bus,Isuzu
2026-08-16,Aug,8,KUMAI,PLANTATION,RUTIN,BRAKE SYSTEM,DUMP TRUCK ISUZU NPS 81 254-004,370502-000300-0186,,BRAKE FLUID,1.0,Btl,60000.0,Barang & Alat Bengkel,Barang & Alat Bengkel,Work Shop
2026-08-08,Aug,8,KUMAI,PLANTATION,RUTIN,DIFFENTTIAL & REAR AXLE SYSTEM,DUMP TRUCK ISUZU NPS 81 254-004,340311-030305-0028,I8-97359 803-0,STUD AXLE SHAFT TO HUB,2.0,PCS,64430.76,Truck /Bus,Truck /Bus,Isuzu
2026-08-08,Aug,8,KUMAI,PLANTATION,RUTIN,DIFFENTTIAL & REAR AXLE SYSTEM,DUMP TRUCK ISUZU NPS 81 254-004,340311-030305-0030,I8-97360 004-0,"WASHER SPECIAL,AXLE SHAFT",1.0,PCS,33307.37,Truck /Bus,Truck /Bus,Isuzu
2026-08-27,Aug,8,KUMAI,PLANTATION,RUTIN,ENGINE SYSTEM,DUMP TRUCK ISUZU NPS 81 254-004,340311-010314-0002,14-SPART-354-A,STRAINER,1.0,PCS,1700000.0,Truck /Bus,Truck /Bus,Isuzu
2026-08-06,Aug,8,KUMAI,PLANTATION,RUTIN,ENGINE SYSTEM,DUMP TRUCK ISUZU NPS 81 254-004,340311-030307-0018,I8-97387 525-0,"HOSE WATER,RADIATOR OUTLET",1.0,PCS,258000.0,Truck /Bus,Truck /Bus,Isuzu
2026-08-06,Aug,8,KUMAI,PLANTATION,RUTIN,ENGINE SYSTEM,DUMP TRUCK ISUZU NPS 81 254-004,370502-000300-0311,,"HOSE CLAMP 2""",2.0,Pcs,6300.0,Barang & Alat Bengkel,Barang & Alat Bengkel,Work Shop
2026-08-29,Aug,8,KUMAI,PLANTATION,RUTIN,ENGINE SYSTEM,DUMP TRUCK ISUZU NPS 81 254-004,370502-000300-0597,62301-20035,WATER COOLANT @5LTR,1.0,Gln,75000.0,Barang & Alat Bengkel,Barang & Alat Bengkel,Work Shop
2026-08-29,Aug,8,KUMAI,PLANTATION,RUTIN,FRAME BODY & GUARD SYSTEM,DUMP TRUCK ISUZU NPS 81 254-004,340311-030309-0001,I9-00093 609-A,BEARING. HUB OUTER. RR AXLE,2.0,PCS,689227.28,Truck /Bus,Truck /Bus,Isuzu
2026-08-29,Aug,8,KUMAI,PLANTATION,RUTIN,FRAME BODY & GUARD SYSTEM,DUMP TRUCK ISUZU NPS 81 254-004,340311-030309-0002,I8-98202 912-0,SEAL OIL. RR HUB. OUTER,2.0,PCS,203727.28,Truck /Bus,Truck /Bus,Isuzu
2026-08-29,Aug,8,KUMAI,PLANTATION,RUTIN,FRAME BODY & GUARD SYSTEM,DUMP TRUCK ISUZU NPS 81 254-004,340311-030309-0005,I9-00093 624-0,BEARING. HUB INNER. RR AXLE,2.0,PCS,690909.1,Truck /Bus,Truck /Bus,Isuzu
2026-08-06,Aug,8,KUMAI,PLANTATION,RUTIN,SUSPENSION SYSTEM,DUMP TRUCK ISUZU NPS 81 254-004,340307-010313-0015,48201-OW010,LEAF SPRING RR. NO.1,1.0,Pcs,550000.0,Truck /Bus,Truck /Bus,Hino
2026-08-20,Aug,8,KUMAI,PLANTATION,RUTIN,SUSPENSION SYSTEM,DUMP TRUCK ISUZU NPS 81 254-004,340307-010313-0015,48201-OW010,LEAF SPRING RR. NO.1,1.0,Pcs,550000.0,Truck /Bus,Truck /Bus,Hino
2026-08-06,Aug,8,KUMAI,PLANTATION,RUTIN,SUSPENSION SYSTEM,DUMP TRUCK ISUZU NPS 81 254-004,340307-010313-0022,48216-37550,LEAF SPRING RR. HELPER NO.1,1.0,Pcs,300000.0,Truck /Bus,Truck /Bus,Hino
2026-08-21,Aug,8,KUMAI,PLANTATION,RUTIN,SUSPENSION SYSTEM,DUMP TRUCK ISUZU NPS 81 254-004,340311-010313-0047,I8-98095 022-0,BOLT CENTER,1.0,PCS,38333.32,Truck /Bus,Truck /Bus,Isuzu
2026-08-29,Aug,8,KUMAI,PLANTATION,RUTIN,SUSPENSION SYSTEM,DUMP TRUCK ISUZU NPS 81 254-004,340311-030313-0021,I8-97081 323-A,HUB RR AXLE,1.0,PCS,1184000.0,Truck /Bus,Truck /Bus,Isuzu
2026-08-16,Aug,8,KUMAI,PLANTATION,RUTIN,SUSPENSION SYSTEM,DUMP TRUCK ISUZU NPS 81 254-004,370502-000300-0291,61405-16110,GREASE NEEPLE M10,4.0,Pcs,12666.64,Barang & Alat Bengkel,Barang & Alat Bengkel,Work Shop
2026-08-10,Aug,8,KUMAI,PLANTATION,RUTIN,TRANSMISSION SYSTEM,DUMP TRUCK ISUZU NPS 81 254-004,340311-030314-0045,I0-28151 035-0,BOLT TRANS CASE TO ENG,1.0,PCS,46000.0,Truck /Bus,Truck /Bus,Isuzu
2026-08-08,Aug,8,KUMAI,PLANTATION,NON RUTIN,BRAKE SYSTEM,DUMP TRUCK ISUZU NPS 81 254-004,340311-030304-0015,I8-97222481-0,PIPE BRK,1.0,PCS,193800.0,Truck /Bus,Truck /Bus,Isuzu
2026-08-24,Aug,8,KUMAI,PLANTATION,RUTIN,DIFFENTTIAL & REAR AXLE SYSTEM,DUMP TRUCK ISUZU NPS 81 254-005,340307-070305-0011,86-BRG 320 11,BEARING HUB-OUTER,2.0,PCS,1071885.72,Truck /Bus,Truck /Bus,Hino
2026-08-24,Aug,8,KUMAI,PLANTATION,RUTIN,DIFFENTTIAL & REAR AXLE SYSTEM,DUMP TRUCK ISUZU NPS 81 254-005,340307-070305-0012,86-BRG 320 12,BEARING HUB-INNER,2.0,PCS,1242342.86,Truck /Bus,Truck /Bus,Hino
2026-08-20,Aug,8,KUMAI,PLANTATION,RUTIN,DIFFENTTIAL & REAR AXLE SYSTEM,DUMP TRUCK ISUZU NPS 81 254-005,340311-010305-0072,I8-97134-439-0,SHAFT AXLE,1.0,PCS,5528000.0,Truck /Bus,Truck /Bus,Isuzu
2026-08-04,Aug,8,KUMAI,PLANTATION,RUTIN,DIFFENTTIAL & REAR AXLE SYSTEM,DUMP TRUCK ISUZU NPS 81 254-005,340311-010305-0081,I1-09625 484-0,SEAL OIL. FINEAL PINION,1.0,PCS,249923.08,Truck /Bus,Truck /Bus,Isuzu
2026-08-21,Aug,8,KUMAI,PLANTATION,RUTIN,DIFFENTTIAL & REAR AXLE SYSTEM,DUMP TRUCK ISUZU NPS 81 254-005,340311-030305-0003,I8-98090 720-0,SHAFT ASM. PROP. FRT,1.0,SET,8221000.0,Truck /Bus,Truck /Bus,Isuzu
2026-08-08,Aug,8,KUMAI,PLANTATION,RUTIN,DIFFENTTIAL & REAR AXLE SYSTEM,DUMP TRUCK ISUZU NPS 81 254-005,340311-030305-0028,I8-97359 803-0,STUD AXLE SHAFT TO HUB,10.0,PCS,322153.8,Truck /Bus,Truck /Bus,Isuzu
2026-08-10,Aug,8,KUMAI,PLANTATION,RUTIN,DIFFENTTIAL & REAR AXLE SYSTEM,DUMP TRUCK ISUZU NPS 81 254-005,340311-030305-0028,I8-97359 803-0,STUD AXLE SHAFT TO HUB,16.0,PCS,515446.08,Truck /Bus,Truck /Bus,Isuzu
2026-08-10,Aug,8,KUMAI,PLANTATION,RUTIN,DIFFENTTIAL & REAR AXLE SYSTEM,DUMP TRUCK ISUZU NPS 81 254-005,340311-030305-0028,I8-97359 803-0,STUD AXLE SHAFT TO HUB,8.0,PCS,257723.04,Truck /Bus,Truck /Bus,Isuzu
2026-08-16,Aug,8,KUMAI,PLANTATION,RUTIN,DIFFENTTIAL & REAR AXLE SYSTEM,DUMP TRUCK ISUZU NPS 81 254-005,340311-030305-0028,I8-97359 803-0,STUD AXLE SHAFT TO HUB,16.0,PCS,515446.08,Truck /Bus,Truck /Bus,Isuzu
2026-08-08,Aug,8,KUMAI,PLANTATION,RUTIN,DIFFENTTIAL & REAR AXLE SYSTEM,DUMP TRUCK ISUZU NPS 81 254-005,340311-030305-0029,I7-05110 010-A,NUT AXLE SHAFT,10.0,PCS,100000.0,Truck /Bus,Truck /Bus,Isuzu
2026-08-10,Aug,8,KUMAI,PLANTATION,RUTIN,DIFFENTTIAL & REAR AXLE SYSTEM,DUMP TRUCK ISUZU NPS 81 254-005,340311-030305-0029,I7-05110 010-A,NUT AXLE SHAFT,16.0,PCS,160000.0,Truck /Bus,Truck /Bus,Isuzu
2026-08-10,Aug,8,KUMAI,PLANTATION,RUTIN,DIFFENTTIAL & REAR AXLE SYSTEM,DUMP TRUCK ISUZU NPS 81 254-005,340311-030305-0029,I7-05110 010-A,NUT AXLE SHAFT,8.0,PCS,80000.0,Truck /Bus,Truck /Bus,Isuzu
2026-08-16,Aug,8,KUMAI,PLANTATION,RUTIN,DIFFENTTIAL & REAR AXLE SYSTEM,DUMP TRUCK ISUZU NPS 81 254-005,340311-030305-0029,I7-05110 010-A,NUT AXLE SHAFT,16.0,PCS,160000.0,Truck /Bus,Truck /Bus,Isuzu
2026-08-08,Aug,8,KUMAI,PLANTATION,RUTIN,DIFFENTTIAL & REAR AXLE SYSTEM,DUMP TRUCK ISUZU NPS 81 254-005,340311-030305-0030,I8-97360 004-0,"WASHER SPECIAL,AXLE SHAFT",10.0,PCS,333073.7,Truck /Bus,Truck /Bus,Isuzu
2026-08-10,Aug,8,KUMAI,PLANTATION,RUTIN,DIFFENTTIAL & REAR AXLE SYSTEM,DUMP TRUCK ISUZU NPS 81 254-005,340311-030305-0030,I8-97360 004-0,"WASHER SPECIAL,AXLE SHAFT",16.0,PCS,532917.92,Truck /Bus,Truck /Bus,Isuzu
2026-08-10,Aug,8,KUMAI,PLANTATION,RUTIN,DIFFENTTIAL & REAR AXLE SYSTEM,DUMP TRUCK ISUZU NPS 81 254-005,340311-030305-0030,I8-97360 004-0,"WASHER SPECIAL,AXLE SHAFT",8.0,PCS,266458.96,Truck /Bus,Truck /Bus,Isuzu
2026-08-16,Aug,8,KUMAI,PLANTATION,RUTIN,DIFFENTTIAL & REAR AXLE SYSTEM,DUMP TRUCK ISUZU NPS 81 254-005,340311-030305-0030,I8-97360 004-0,"WASHER SPECIAL,AXLE SHAFT",14.0,PCS,466303.18,Truck /Bus,Truck /Bus,Isuzu
2026-08-28,Aug,8,KUMAI,PLANTATION,RUTIN,DIFFENTTIAL & REAR AXLE SYSTEM,DUMP TRUCK ISUZU NPS 81 254-005,340311-030309-0001,I9-00093 609-A,BEARING. HUB OUTER. RR AXLE,2.0,PCS,689227.28,Truck /Bus,Truck /Bus,Isuzu
2026-08-10,Aug,8,KUMAI,PLANTATION,RUTIN,DIFFENTTIAL & REAR AXLE SYSTEM,DUMP TRUCK ISUZU NPS 81 254-005,370502-000300-0584,55036-20121,THREAD LOCKER,1.0,Tub,285000.0,Barang & Alat Bengkel,Barang & Alat Bengkel,Work Shop
2026-08-28,Aug,8,KUMAI,PLANTATION,RUTIN,DIFFENTTIAL & REAR AXLE SYSTEM,DUMP TRUCK ISUZU NPS 81 254-005,370602-000300-0225,30213JR,BEARING 30213JR,2.0,PCS,574000.0,Suku Cadang Umum,Suku Cadang Umum,Bearing
2026-08-27,Aug,8,KUMAI,PLANTATION,RUTIN,ENGINE SYSTEM,DUMP TRUCK ISUZU NPS 81 254-005,340311-010314-0002,14-SPART-354-A,STRAINER,1.0,PCS,1700000.0,Truck /Bus,Truck /Bus,Isuzu
2026-08-29,Aug,8,KUMAI,PLANTATION,RUTIN,ENGINE SYSTEM,DUMP TRUCK ISUZU NPS 81 254-005,370502-000300-0597,62301-20035,WATER COOLANT @5LTR,1.0,Gln,75000.0,Barang & Alat Bengkel,Barang & Alat Bengkel,Work Shop
2026-08-24,Aug,8,KUMAI,PLANTATION,RUTIN,FRAME BODY & GUARD SYSTEM,DUMP TRUCK ISUZU NPS 81 254-005,340311-030309-0002,I8-98202 912-0,SEAL OIL. RR HUB. OUTER,2.0,PCS,203727.28,Truck /Bus,Truck /Bus,Isuzu
2026-08-29,Aug,8,KUMAI,PLANTATION,RUTIN,FRAME BODY & GUARD SYSTEM,DUMP TRUCK ISUZU NPS 81 254-005,340311-030309-0005,I9-00093 624-0,BEARING. HUB INNER. RR AXLE,2.0,PCS,690909.1,Truck /Bus,Truck /Bus,Isuzu
2026-08-24,Aug,8,KUMAI,PLANTATION,RUTIN,FRAME BODY & GUARD SYSTEM,DUMP TRUCK ISUZU NPS 81 254-005,340311-030309-0006,I8-94367 958-0,SEAL OIL. RR HUB. INNER,2.0,PCS,208714.28,Truck /Bus,Truck /Bus,Isuzu
2026-08-23,Aug,8,KUMAI,PLANTATION,RUTIN,HYDRAULIC SYSTEM,DUMP TRUCK ISUZU NPS 81 254-005,340311-030313-0021,I8-97081 323-A,HUB RR AXLE,2.0,PCS,2368000.0,Truck /Bus,Truck /Bus,Isuzu
2026-08-01,Aug,8,KUMAI,PLANTATION,RUTIN,SUSPENSION SYSTEM,DUMP TRUCK ISUZU NPS 81 254-005,340307-010213-0002,48247-25261,CENTER BOLT 10MM X 320MM,3.0,PCS,258750.0,Truck /Bus,Truck /Bus,Hino
2026-08-01,Aug,8,KUMAI,PLANTATION,RUTIN,SUSPENSION SYSTEM,DUMP TRUCK ISUZU NPS 81 254-005,340307-010313-0009,48102-OW010,LEAF SPRING FR. N0.3,1.0,Pcs,360000.0,Truck /Bus,Truck /Bus,Hino
2026-08-01,Aug,8,KUMAI,PLANTATION,RUTIN,SUSPENSION SYSTEM,DUMP TRUCK ISUZU NPS 81 254-005,340307-010313-0011,48114-OW010,LEAF SPRING FR. NO.4,1.0,Pcs,262923.07,Truck /Bus,Truck /Bus,Hino
2026-08-30,Aug,8,KUMAI,PLANTATION,RUTIN,SUSPENSION SYSTEM,DUMP TRUCK ISUZU NPS 81 254-005,340307-010313-0015,48201-OW010,LEAF SPRING RR. NO.1,1.0,Pcs,550000.0,Truck /Bus,Truck /Bus,Hino
2026-08-01,Aug,8,KUMAI,PLANTATION,RUTIN,SUSPENSION SYSTEM,DUMP TRUCK ISUZU NPS 81 254-005,340307-010313-0019,48212-OW010,LEAF SPRING RR. NO.2,1.0,Pcs,415000.0,Truck /Bus,Truck /Bus,Hino
2026-08-10,Aug,8,KUMAI,PLANTATION,RUTIN,SUSPENSION SYSTEM,DUMP TRUCK ISUZU NPS 81 254-005,340307-010313-0021,48215-OW010,LEAF SPRING RR. NO.5,1.0,Pcs,225000.0,Truck /Bus,Truck /Bus,Hino
2026-08-06,Aug,8,KUMAI,PLANTATION,RUTIN,SUSPENSION SYSTEM,DUMP TRUCK ISUZU NPS 81 254-005,340307-010313-0022,48216-37550,LEAF SPRING RR. HELPER NO.1,1.0,Pcs,300000.0,Truck /Bus,Truck /Bus,Hino
2026-08-01,Aug,8,KUMAI,PLANTATION,RUTIN,SUSPENSION SYSTEM,DUMP TRUCK ISUZU NPS 81 254-005,340307-010313-0023,48216-OW010,LEAF SPRING RR. NO.6,1.0,Pcs,170000.0,Truck /Bus,Truck /Bus,Hino
2026-08-06,Aug,8,KUMAI,PLANTATION,RUTIN,SUSPENSION SYSTEM,DUMP TRUCK ISUZU NPS 81 254-005,340307-010313-0025,48262-37550,LEAF SPRING RR. HELPER NO.2,1.0,Pcs,235000.0,Truck /Bus,Truck /Bus,Hino
2026-08-29,Aug,8,KUMAI,PLANTATION,RUTIN,SUSPENSION SYSTEM,DUMP TRUCK ISUZU NPS 81 254-005,340311-030313-0021,I8-97081 323-A,HUB RR AXLE,2.0,PCS,2368000.0,Truck /Bus,Truck /Bus,Isuzu
2026-08-16,Aug,8,KUMAI,PLANTATION,RUTIN,SUSPENSION SYSTEM,DUMP TRUCK ISUZU NPS 81 254-005,370502-000300-0291,61405-16110,GREASE NEEPLE M10,4.0,Pcs,12666.64,Barang & Alat Bengkel,Barang & Alat Bengkel,Work Shop
2026-08-31,Aug,8,KUMAI,PLANTATION,RUTIN,TRANSMISSION SYSTEM,DUMP TRUCK ISUZU NPS 81 254-005,340311-030314-0063,I8-97253 562-1,GEAR DRIVEN SPD,1.0,PCS,771000.0,Truck /Bus,Truck /Bus,Isuzu
2026-08-31,Aug,8,KUMAI,PLANTATION,RUTIN,TRANSMISSION SYSTEM,DUMP TRUCK ISUZU NPS 81 254-005,340311-030314-0064,I8-97253 125-0,BUSHING DRIVEN GEAR SPIDOMETER,1.0,PCS,493000.0,Truck /Bus,Truck /Bus,Isuzu
2026-08-31,Aug,8,KUMAI,PLANTATION,RUTIN,TRANSMISSION SYSTEM,DUMP TRUCK ISUZU NPS 81 254-005,340311-030314-0065,I8-97075 755-0,"SEAL OIL,BUSHING",1.0,PCS,55000.0,Truck /Bus,Truck /Bus,Isuzu
2026-08-31,Aug,8,KUMAI,PLANTATION,RUTIN,TRANSMISSION SYSTEM,DUMP TRUCK ISUZU NPS 81 254-005,340311-030314-0066,I8-97131 328-1,"SEAL OIL,DRIVEN GEAR",1.0,PCS,131000.0,Truck /Bus,Truck /Bus,Isuzu
2026-08-31,Aug,8,KUMAI,PLANTATION,RUTIN,TRANSMISSION SYSTEM,DUMP TRUCK ISUZU NPS 81 254-005,340311-030314-0067,I8-98046 217-0,PLATE LOCK DRIVEN,1.0,PCS,283000.0,Truck /Bus,Truck /Bus,Isuzu
2026-08-30,Aug,8,KUMAI,PLANTATION,RUTIN,BRAKE SYSTEM,DUMP TRUCK ISUZU NPS 81 254-006,340311-010304-0025,8-97043-026-0,SHAFT ASM FRT DRIVE R,1.0,SET,17217000.0,Truck /Bus,Truck /Bus,Isuzu
2026-08-16,Aug,8,KUMAI,PLANTATION,RUTIN,BRAKE SYSTEM,DUMP TRUCK ISUZU NPS 81 254-006,370502-000300-0186,,BRAKE FLUID,2.0,Btl,120000.0,Barang & Alat Bengkel,Barang & Alat Bengkel,Work Shop
2026-08-15,Aug,8,KUMAI,PLANTATION,RUTIN,DIFFENTTIAL & REAR AXLE SYSTEM,DUMP TRUCK ISUZU NPS 81 254-006,340311-030305-0023,I8-97222 080-3,CASE RR AXLE,1.0,PCS,40250000.0,Truck /Bus,Truck /Bus,Isuzu
2026-08-08,Aug,8,KUMAI,PLANTATION,RUTIN,DIFFENTTIAL & REAR AXLE SYSTEM,DUMP TRUCK ISUZU NPS 81 254-006,340311-030305-0028,I8-97359 803-0,STUD AXLE SHAFT TO HUB,2.0,PCS,64430.76,Truck /Bus,Truck /Bus,Isuzu
2026-08-10,Aug,8,KUMAI,PLANTATION,RUTIN,DIFFENTTIAL & REAR AXLE SYSTEM,DUMP TRUCK ISUZU NPS 81 254-006,340311-030305-0028,I8-97359 803-0,STUD AXLE SHAFT TO HUB,18.0,PCS,579876.84,Truck /Bus,Truck /Bus,Isuzu
2026-08-21,Aug,8,KUMAI,PLANTATION,RUTIN,DIFFENTTIAL & REAR AXLE SYSTEM,DUMP TRUCK ISUZU NPS 81 254-006,340311-030305-0028,I8-97359 803-0,STUD AXLE SHAFT TO HUB,6.0,PCS,193292.28,Truck /Bus,Truck /Bus,Isuzu
2026-08-10,Aug,8,KUMAI,PLANTATION,RUTIN,DIFFENTTIAL & REAR AXLE SYSTEM,DUMP TRUCK ISUZU NPS 81 254-006,340311-030305-0029,I7-05110 010-A,NUT AXLE SHAFT,17.0,PCS,170000.0,Truck /Bus,Truck /Bus,Isuzu
2026-08-21,Aug,8,KUMAI,PLANTATION,RUTIN,DIFFENTTIAL & REAR AXLE SYSTEM,DUMP TRUCK ISUZU NPS 81 254-006,340311-030305-0029,I7-05110 010-A,NUT AXLE SHAFT,6.0,PCS,60000.0,Truck /Bus,Truck /Bus,Isuzu
2026-08-08,Aug,8,KUMAI,PLANTATION,RUTIN,DIFFENTTIAL & REAR AXLE SYSTEM,DUMP TRUCK ISUZU NPS 81 254-006,340311-030305-0030,I8-97360 004-0,"WASHER SPECIAL,AXLE SHAFT",1.0,PCS,33307.37,Truck /Bus,Truck /Bus,Isuzu
2026-08-10,Aug,8,KUMAI,PLANTATION,RUTIN,DIFFENTTIAL & REAR AXLE SYSTEM,DUMP TRUCK ISUZU NPS 81 254-006,340311-030305-0030,I8-97360 004-0,"WASHER SPECIAL,AXLE SHAFT",18.0,PCS,599532.66,Truck /Bus,Truck /Bus,Isuzu
2026-08-21,Aug,8,KUMAI,PLANTATION,RUTIN,DIFFENTTIAL & REAR AXLE SYSTEM,DUMP TRUCK ISUZU NPS 81 254-006,340311-030305-0030,I8-97360 004-0,"WASHER SPECIAL,AXLE SHAFT",3.0,PCS,99922.11,Truck /Bus,Truck /Bus,Isuzu
2026-08-27,Aug,8,KUMAI,PLANTATION,RUTIN,ENGINE SYSTEM,DUMP TRUCK ISUZU NPS 81 254-006,340311-010314-0002,14-SPART-354-A,STRAINER,1.0,PCS,1700000.0,Truck /Bus,Truck /Bus,Isuzu
2026-08-12,Aug,8,KUMAI,PLANTATION,RUTIN,ENGINE SYSTEM,DUMP TRUCK ISUZU NPS 81 254-006,340311-030307-0007,I8-97651327-0,TURBO CHARGER,1.0,PCS,13221000.0,Truck /Bus,Truck /Bus,Isuzu
2026-08-10,Aug,8,KUMAI,PLANTATION,RUTIN,ENGINE SYSTEM,DUMP TRUCK ISUZU NPS 81 254-006,340311-030307-0041,I8-98334 724-1,FLEXIBLE MUFFLER,1.0,PCS,4270000.0,Truck /Bus,Truck /Bus,Isuzu
2026-08-04,Aug,8,KUMAI,PLANTATION,RUTIN,ENGINE SYSTEM,DUMP TRUCK ISUZU NPS 81 254-006,350201-000200-0024,,ENGINE OIL 15W-40,3.0,LTR,96900.0,Pelumas,Pelumas,Oli
2026-08-30,Aug,8,KUMAI,PLANTATION,RUTIN,FRAME BODY & GUARD SYSTEM,DUMP TRUCK ISUZU NPS 81 254-006,340311-010309-0004,I8-94440 901-0,BEARING NEEDLE. KING PIN,4.0,PCS,4348000.0,Truck /Bus,Truck /Bus,Isuzu
2026-08-29,Aug,8,KUMAI,PLANTATION,RUTIN,FRAME BODY & GUARD SYSTEM,DUMP TRUCK ISUZU NPS 81 254-006,340311-030309-0001,I9-00093 609-A,BEARING. HUB OUTER. RR AXLE,2.0,PCS,689227.28,Truck /Bus,Truck /Bus,Isuzu
2026-08-08,Aug,8,KUMAI,PLANTATION,RUTIN,FRAME BODY & GUARD SYSTEM,DUMP TRUCK ISUZU NPS 81 254-006,340311-030309-0002,I8-98202 912-0,SEAL OIL. RR HUB. OUTER,1.0,PCS,101863.64,Truck /Bus,Truck /Bus,Isuzu
2026-08-29,Aug,8,KUMAI,PLANTATION,RUTIN,FRAME BODY & GUARD SYSTEM,DUMP TRUCK ISUZU NPS 81 254-006,340311-030309-0002,I8-98202 912-0,SEAL OIL. RR HUB. OUTER,2.0,PCS,203727.28,Truck /Bus,Truck /Bus,Isuzu
2026-08-30,Aug,8,KUMAI,PLANTATION,RUTIN,FRAME BODY & GUARD SYSTEM,DUMP TRUCK ISUZU NPS 81 254-006,340311-030309-0003,I8-97137 094-0,NUT. BRG. RR HUB,1.0,PCS,110000.0,Truck /Bus,Truck /Bus,Isuzu
2026-08-30,Aug,8,KUMAI,PLANTATION,RUTIN,FRAME BODY & GUARD SYSTEM,DUMP TRUCK ISUZU NPS 81 254-006,340311-030309-0004,I9-09653 002-1,WASHER. LK. BRG NUT,1.0,PCS,67568.0,Truck /Bus,Truck /Bus,Isuzu
2026-08-29,Aug,8,KUMAI,PLANTATION,RUTIN,FRAME BODY & GUARD SYSTEM,DUMP TRUCK ISUZU NPS 81 254-006,340311-030309-0005,I9-00093 624-0,BEARING. HUB INNER. RR AXLE,2.0,PCS,690909.1,Truck /Bus,Truck /Bus,Isuzu
2026-08-14,Aug,8,KUMAI,PLANTATION,RUTIN,SUSPENSION SYSTEM,DUMP TRUCK ISUZU NPS 81 254-006,330131-010313-0002,MB200883,HANGER SPRING,2.0,Pcs,1214000.0,Trailer,Trailer,Trailer
2026-08-22,Aug,8,KUMAI,PLANTATION,RUTIN,SUSPENSION SYSTEM,DUMP TRUCK ISUZU NPS 81 254-006,340307-010213-0001,48147-36441,CENTER BOLT 10MM X 166MM,2.0,PCS,102741.94,Truck /Bus,Truck /Bus,Hino
2026-08-22,Aug,8,KUMAI,PLANTATION,RUTIN,SUSPENSION SYSTEM,DUMP TRUCK ISUZU NPS 81 254-006,340307-010213-0002,48247-25261,CENTER BOLT 10MM X 320MM,2.0,PCS,172500.0,Truck /Bus,Truck /Bus,Hino
2026-08-10,Aug,8,KUMAI,PLANTATION,RUTIN,SUSPENSION SYSTEM,DUMP TRUCK ISUZU NPS 81 254-006,340307-010313-0010,48112-OW010,LEAF SPRING FR. NO.2,1.0,Pcs,420000.0,Truck /Bus,Truck /Bus,Hino
2026-08-10,Aug,8,KUMAI,PLANTATION,RUTIN,SUSPENSION SYSTEM,DUMP TRUCK ISUZU NPS 81 254-006,340307-010313-0016,48202-OW010,LEAF SPRING RR. NO.3,1.0,Pcs,357692.3,Truck /Bus,Truck /Bus,Hino
2026-08-14,Aug,8,KUMAI,PLANTATION,RUTIN,SUSPENSION SYSTEM,DUMP TRUCK ISUZU NPS 81 254-006,340307-050309-0001,48042-0W030,SHACKLE,2.0,PCS,664948.56,Truck /Bus,Truck /Bus,Hino
2026-08-29,Aug,8,KUMAI,PLANTATION,RUTIN,SUSPENSION SYSTEM,DUMP TRUCK ISUZU NPS 81 254-006,340311-030313-0021,I8-97081 323-A,HUB RR AXLE,2.0,PCS,2368000.0,Truck /Bus,Truck /Bus,Isuzu
2026-08-16,Aug,8,KUMAI,PLANTATION,RUTIN,SUSPENSION SYSTEM,DUMP TRUCK ISUZU NPS 81 254-006,370502-000300-0291,61405-16110,GREASE NEEPLE M10,4.0,Pcs,12666.64,Barang & Alat Bengkel,Barang & Alat Bengkel,Work Shop
2026-08-06,Aug,8,KUMAI,PLANTATION,RUTIN,TRANSMISSION SYSTEM,DUMP TRUCK ISUZU NPS 81 254-006,340311-010314-0030,I8-L8255-140-0,KANVAS KOPLING,1.0,PCS,1776000.0,Truck /Bus,Truck /Bus,Isuzu
2026-08-08,Aug,8,KUMAI,PLANTATION,RUTIN,TRANSMISSION SYSTEM,DUMP TRUCK ISUZU NPS 81 254-006,340311-010314-0030,I8-L8255-140-0,KANVAS KOPLING,1.0,PCS,1776000.0,Truck /Bus,Truck /Bus,Isuzu
2026-08-31,Aug,8,KUMAI,PLANTATION,RUTIN,TRANSMISSION SYSTEM,DUMP TRUCK ISUZU NPS 81 254-006,340311-030314-0063,I8-97253 562-1,GEAR DRIVEN SPD,1.0,PCS,771000.0,Truck /Bus,Truck /Bus,Isuzu
2026-08-31,Aug,8,KUMAI,PLANTATION,RUTIN,TRANSMISSION SYSTEM,DUMP TRUCK ISUZU NPS 81 254-006,340311-030314-0064,I8-97253 125-0,BUSHING DRIVEN GEAR SPIDOMETER,1.0,PCS,493000.0,Truck /Bus,Truck /Bus,Isuzu
2026-08-31,Aug,8,KUMAI,PLANTATION,RUTIN,TRANSMISSION SYSTEM,DUMP TRUCK ISUZU NPS 81 254-006,340311-030314-0065,I8-97075 755-0,"SEAL OIL,BUSHING",1.0,PCS,55000.0,Truck /Bus,Truck /Bus,Isuzu
2026-08-31,Aug,8,KUMAI,PLANTATION,RUTIN,TRANSMISSION SYSTEM,DUMP TRUCK ISUZU NPS 81 254-006,340311-030314-0066,I8-97131 328-1,"SEAL OIL,DRIVEN GEAR",1.0,PCS,131000.0,Truck /Bus,Truck /Bus,Isuzu
2026-08-31,Aug,8,KUMAI,PLANTATION,RUTIN,TRANSMISSION SYSTEM,DUMP TRUCK ISUZU NPS 81 254-006,340311-030314-0067,I8-98046 217-0,PLATE LOCK DRIVEN,1.0,PCS,283000.0,Truck /Bus,Truck /Bus,Isuzu
2026-08-31,Aug,8,KUMAI,PLANTATION,RUTIN,TRANSMISSION SYSTEM,DUMP TRUCK ISUZU NPS 81 254-006,350201-000200-0040,,GEAR OIL RORED HDA-140,10.0,Ltr,493328.7,Pelumas,Pelumas,Oli
2026-08-21,Aug,8,KUMAI,PLANTATION,RUTIN,DIFFENTTIAL & REAR AXLE SYSTEM,DUMP TRUCK HINO 130 HD 4X4 254-007,340307-010305-0051,90033-11039,SEAL OIL,1.0,Pcs,77000.0,Truck /Bus,Truck /Bus,Hino
2026-08-31,Aug,8,KUMAI,PLANTATION,RUTIN,DIFFENTTIAL & REAR AXLE SYSTEM,DUMP TRUCK HINO 130 HD 4X4 254-007,340307-010305-0051,90033-11039,SEAL OIL,1.0,Pcs,77000.0,Truck /Bus,Truck /Bus,Hino
2026-08-31,Aug,8,KUMAI,PLANTATION,RUTIN,DIFFENTTIAL & REAR AXLE SYSTEM,DUMP TRUCK HINO 130 HD 4X4 254-007,340307-070305-0009,80-280 100 10,Oil Seal,1.0,PCS,263029.23,Truck /Bus,Truck /Bus,Hino
2026-08-27,Aug,8,KUMAI,PLANTATION,RUTIN,DIFFENTTIAL & REAR AXLE SYSTEM,DUMP TRUCK HINO 130 HD 4X4 254-007,350201-000200-0040,,GEAR OIL RORED HDA-140,6.0,Ltr,295997.22,Pelumas,Pelumas,Oli
2026-08-04,Aug,8,KUMAI,PLANTATION,RUTIN,ENGINE SYSTEM,DUMP TRUCK HINO 130 HD 4X4 254-007,340307-040207-0017,23304JAF70,ELEMENT FILTER,1.0,PCS,42322.97,Truck /Bus,Truck /Bus,Hino
2026-08-04,Aug,8,KUMAI,PLANTATION,RUTIN,ENGINE SYSTEM,DUMP TRUCK HINO 130 HD 4X4 254-007,340307-050207-0005,23304-78440,ELEMENT ASSY. FUEL FILTER,1.0,PCS,76142.75,Truck /Bus,Truck /Bus,Hino
2026-08-04,Aug,8,KUMAI,PLANTATION,RUTIN,ENGINE SYSTEM,DUMP TRUCK HINO 130 HD 4X4 254-007,340307-050207-0006,23304-78451,ELEMENT SUB-ASSY. FUEL FILTER,1.0,PCS,80337.82,Truck /Bus,Truck /Bus,Hino
2026-08-04,Aug,8,KUMAI,PLANTATION,RUTIN,ENGINE SYSTEM,DUMP TRUCK HINO 130 HD 4X4 254-007,350201-000200-0024,,ENGINE OIL 15W-40,10.0,LTR,323000.0,Pelumas,Pelumas,Oli
2026-08-04,Aug,8,KUMAI,PLANTATION,RUTIN,ENGINE SYSTEM,DUMP TRUCK HINO 130 HD 4X4 254-007,350201-000200-0024,,ENGINE OIL 15W-40,10.0,LTR,323000.0,Pelumas,Pelumas,Oli
2026-08-14,Aug,8,KUMAI,PLANTATION,RUTIN,SUSPENSION SYSTEM,DUMP TRUCK HINO 130 HD 4X4 254-007,340307-010213-0001,48147-36441,CENTER BOLT 10MM X 166MM,1.0,PCS,51370.97,Truck /Bus,Truck /Bus,Hino
2026-08-14,Aug,8,KUMAI,PLANTATION,RUTIN,SUSPENSION SYSTEM,DUMP TRUCK HINO 130 HD 4X4 254-007,340307-010213-0002,48247-25261,CENTER BOLT 10MM X 320MM,1.0,PCS,86250.0,Truck /Bus,Truck /Bus,Hino
2026-08-14,Aug,8,KUMAI,PLANTATION,RUTIN,SUSPENSION SYSTEM,DUMP TRUCK HINO 130 HD 4X4 254-007,340307-010313-0010,48112-OW010,LEAF SPRING FR. NO.2,1.0,Pcs,420000.0,Truck /Bus,Truck /Bus,Hino
2026-08-31,Aug,8,KUMAI,PLANTATION,RUTIN,BRAKE SYSTEM,DUMP TRUCK HINO 130 HD 4X4 254-008,340307-020304-0003,04007-21737,REPAIR KIT HAND BRAKE,1.0,PCS,125000.0,Truck /Bus,Truck /Bus,Hino
2026-08-31,Aug,8,KUMAI,PLANTATION,RUTIN,BRAKE SYSTEM,DUMP TRUCK HINO 130 HD 4X4 254-008,340307-030304-0008,04494-37140,"SHOE KIT, FRONT BRAKE",1.0,PCS,225000.0,Truck /Bus,Truck /Bus,Hino
2026-08-29,Aug,8,KUMAI,PLANTATION,RUTIN,BRAKE SYSTEM,DUMP TRUCK HINO 130 HD 4X4 254-008,370502-000300-0186,,BRAKE FLUID,1.0,Btl,60000.0,Barang & Alat Bengkel,Barang & Alat Bengkel,Work Shop
2026-08-30,Aug,8,KUMAI,PLANTATION,RUTIN,DIFFENTTIAL & REAR AXLE SYSTEM,DUMP TRUCK HINO 130 HD 4X4 254-008,340307-010305-0014,41331-37030,GEAR,2.0,Pcs,1048000.0,Truck /Bus,Truck /Bus,Hino
2026-08-30,Aug,8,KUMAI,PLANTATION,RUTIN,DIFFENTTIAL & REAR AXLE SYSTEM,DUMP TRUCK HINO 130 HD 4X4 254-008,340307-010305-0016,41341-37020,PINION S4134-11390,4.0,PCS,1072000.0,Truck /Bus,Truck /Bus,Hino
2026-08-30,Aug,8,KUMAI,PLANTATION,RUTIN,DIFFENTTIAL & REAR AXLE SYSTEM,DUMP TRUCK HINO 130 HD 4X4 254-008,340307-010305-0018,41351-37010,WASHER S4135-11170,4.0,PCS,152000.0,Truck /Bus,Truck /Bus,Hino
2026-08-31,Aug,8,KUMAI,PLANTATION,RUTIN,DIFFENTTIAL & REAR AXLE SYSTEM,DUMP TRUCK HINO 130 HD 4X4 254-008,340307-010305-0018,41351-37010,WASHER S4135-11170,1.0,PCS,38000.0,Truck /Bus,Truck /Bus,Hino
2026-08-30,Aug,8,KUMAI,PLANTATION,RUTIN,DIFFENTTIAL & REAR AXLE SYSTEM,DUMP TRUCK HINO 130 HD 4X4 254-008,340307-010305-0020,41361-37010,WASHER S4136-11560,2.0,PCS,154000.0,Truck /Bus,Truck /Bus,Hino
2026-08-30,Aug,8,KUMAI,PLANTATION,RUTIN,DIFFENTTIAL & REAR AXLE SYSTEM,DUMP TRUCK HINO 130 HD 4X4 254-008,340307-010305-0022,41371-37010,SPIDER S4137-11100,1.0,Pcs,422000.0,Truck /Bus,Truck /Bus,Hino
2026-08-26,Aug,8,KUMAI,PLANTATION,RUTIN,DIFFENTTIAL & REAR AXLE SYSTEM,DUMP TRUCK HINO 130 HD 4X4 254-008,340307-010305-0051,90033-11039,SEAL OIL,1.0,Pcs,77000.0,Truck /Bus,Truck /Bus,Hino
2026-08-31,Aug,8,KUMAI,PLANTATION,RUTIN,DIFFENTTIAL & REAR AXLE SYSTEM,DUMP TRUCK HINO 130 HD 4X4 254-008,340307-010305-0051,90033-11039,SEAL OIL,1.0,Pcs,77000.0,Truck /Bus,Truck /Bus,Hino
2026-08-31,Aug,8,KUMAI,PLANTATION,RUTIN,DIFFENTTIAL & REAR AXLE SYSTEM,DUMP TRUCK HINO 130 HD 4X4 254-008,340307-010308-0012,90033-66035,BEARING 30311 DJ-N,1.0,Pcs,335000.0,Truck /Bus,Truck /Bus,Hino
2026-08-31,Aug,8,KUMAI,PLANTATION,RUTIN,DIFFENTTIAL & REAR AXLE SYSTEM,DUMP TRUCK HINO 130 HD 4X4 254-008,340307-010308-0014,90033-66039,BEARING 30214 J,2.0,Pcs,650000.0,Truck /Bus,Truck /Bus,Hino
2026-08-14,Aug,8,KUMAI,PLANTATION,RUTIN,DIFFENTTIAL & REAR AXLE SYSTEM,DUMP TRUCK HINO 130 HD 4X4 254-008,340311-030305-0028,I8-97359 803-0,STUD AXLE SHAFT TO HUB,7.0,PCS,225507.66,Truck /Bus,Truck /Bus,Isuzu
2026-08-15,Aug,8,KUMAI,PLANTATION,RUTIN,ENGINE SYSTEM,DUMP TRUCK HINO 130 HD 4X4 254-008,340307-050207-0004,17801-JAA80,FILTER AIR,1.0,PCS,96000.0,Truck /Bus,Truck /Bus,Hino
2026-08-27,Aug,8,KUMAI,PLANTATION,RUTIN,ENGINE SYSTEM,DUMP TRUCK HINO 130 HD 4X4 254-008,340311-010314-0002,14-SPART-354-A,STRAINER,1.0,PCS,1700000.0,Truck /Bus,Truck /Bus,Isuzu
2026-08-05,Aug,8,KUMAI,PLANTATION,RUTIN,ENGINE SYSTEM,DUMP TRUCK HINO 130 HD 4X4 254-008,350201-000200-0024,,ENGINE OIL 15W-40,10.0,LTR,323000.0,Pelumas,Pelumas,Oli
2026-08-30,Aug,8,KUMAI,PLANTATION,RUTIN,ENGINE SYSTEM,DUMP TRUCK HINO 130 HD 4X4 254-008,370502-000300-0597,62301-20035,WATER COOLANT @5LTR,2.0,Gln,150000.0,Barang & Alat Bengkel,Barang & Alat Bengkel,Work Shop
2026-08-05,Aug,8,KUMAI,PLANTATION,RUTIN,HYDRAULIC SYSTEM,DUMP TRUCK HINO 130 HD 4X4 254-008,350201-000200-0071,,HYDRAULIC OIL MEDITRAN SAE 10W,15.0,LTR,406259.7,Pelumas,Pelumas,Oli
2026-08-03,Aug,8,KUMAI,PLANTATION,RUTIN,SUSPENSION SYSTEM,DUMP TRUCK HINO 130 HD 4X4 254-008,330131-010313-0011,MB035277,PIN,1.0,PCS,82000.0,Trailer,Trailer,Trailer
2026-08-04,Aug,8,KUMAI,PLANTATION,RUTIN,SUSPENSION SYSTEM,DUMP TRUCK HINO 130 HD 4X4 254-008,340307-010213-0001,48147-36441,CENTER BOLT 10MM X 166MM,1.0,PCS,51370.97,Truck /Bus,Truck /Bus,Hino
2026-08-04,Aug,8,KUMAI,PLANTATION,RUTIN,SUSPENSION SYSTEM,DUMP TRUCK HINO 130 HD 4X4 254-008,340307-010213-0002,48247-25261,CENTER BOLT 10MM X 320MM,2.0,PCS,172500.0,Truck /Bus,Truck /Bus,Hino
2026-08-19,Aug,8,KUMAI,PLANTATION,RUTIN,SUSPENSION SYSTEM,DUMP TRUCK HINO 130 HD 4X4 254-008,340307-010313-0008,48101-OW010,LEAF SPRING FR. NO.1,1.0,Pcs,600000.0,Truck /Bus,Truck /Bus,Hino
2026-08-06,Aug,8,KUMAI,PLANTATION,RUTIN,SUSPENSION SYSTEM,DUMP TRUCK HINO 130 HD 4X4 254-008,340307-010313-0009,48102-OW010,LEAF SPRING FR. N0.3,1.0,Pcs,360000.0,Truck /Bus,Truck /Bus,Hino
2026-08-06,Aug,8,KUMAI,PLANTATION,RUTIN,SUSPENSION SYSTEM,DUMP TRUCK HINO 130 HD 4X4 254-008,340307-010313-0011,48114-OW010,LEAF SPRING FR. NO.4,1.0,Pcs,262923.07,Truck /Bus,Truck /Bus,Hino
2026-08-10,Aug,8,KUMAI,PLANTATION,RUTIN,SUSPENSION SYSTEM,DUMP TRUCK HINO 130 HD 4X4 254-008,340307-010313-0022,48216-37550,LEAF SPRING RR. HELPER NO.1,1.0,Pcs,300000.0,Truck /Bus,Truck /Bus,Hino
2026-08-29,Aug,8,KUMAI,PLANTATION,RUTIN,SUSPENSION SYSTEM,DUMP TRUCK HINO 130 HD 4X4 254-008,340307-010313-0023,48216-OW010,LEAF SPRING RR. NO.6,1.0,Pcs,170000.0,Truck /Bus,Truck /Bus,Hino
2026-08-06,Aug,8,KUMAI,PLANTATION,RUTIN,SUSPENSION SYSTEM,DUMP TRUCK HINO 130 HD 4X4 254-008,340307-010313-0025,48262-37550,LEAF SPRING RR. HELPER NO.2,1.0,Pcs,235000.0,Truck /Bus,Truck /Bus,Hino
2026-08-31,Aug,8,KUMAI,PLANTATION,RUTIN,SUSPENSION SYSTEM,DUMP TRUCK HINO 130 HD 4X4 254-008,340307-010313-0056,90384-28009,BUSH,2.0,Pcs,80000.0,Truck /Bus,Truck /Bus,Hino
2026-08-30,Aug,8,KUMAI,PLANTATION,RUTIN,TRANSMISSION SYSTEM,DUMP TRUCK HINO 130 HD 4X4 254-008,340307-010314-0067,41301-37020,CASE SUB ASSY,1.0,PCS,2605000.0,Truck /Bus,Truck /Bus,Hino
2026-08-31,Aug,8,KUMAI,PLANTATION,RUTIN,TRANSMISSION SYSTEM,DUMP TRUCK HINO 130 HD 4X4 254-008,350201-000200-0040,,GEAR OIL RORED HDA-140,10.0,Ltr,493328.7,Pelumas,Pelumas,Oli
2026-08-20,Aug,8,KUMAI,PLANTATION,RUTIN,DIFFENTTIAL & REAR AXLE SYSTEM,DUMP TRUCK ISUZU NKR 71  B 9853 BDG 254-009,340307-070305-0011,86-BRG 320 11,BEARING HUB-OUTER,1.0,PCS,535942.86,Truck /Bus,Truck /Bus,Hino
2026-08-04,Aug,8,KUMAI,PLANTATION,RUTIN,ENGINE SYSTEM,DUMP TRUCK ISUZU NKR 71  B 9853 BDG 254-009,340307-000300-0001,SYS 08001,HOUR METER ANALOG,1.0,PCS,265000.0,Truck /Bus,Truck /Bus,Hino
2026-08-28,Aug,8,KUMAI,PLANTATION,RUTIN,ENGINE SYSTEM,DUMP TRUCK ISUZU NKR 71  B 9853 BDG 254-009,340311-010207-0005,8-97172549-A,FUEL FILTER,1.0,PCS,37500.0,Truck /Bus,Truck /Bus,Isuzu
2026-08-12,Aug,8,KUMAI,PLANTATION,RUTIN,ENGINE SYSTEM,DUMP TRUCK ISUZU NKR 71  B 9853 BDG 254-009,340311-010314-0002,14-SPART-354-A,STRAINER,1.0,PCS,1700000.0,Truck /Bus,Truck /Bus,Isuzu
2026-08-11,Aug,8,KUMAI,PLANTATION,RUTIN,ENGINE SYSTEM,DUMP TRUCK ISUZU NKR 71  B 9853 BDG 254-009,350201-000200-0024,,ENGINE OIL 15W-40,5.0,LTR,161500.0,Pelumas,Pelumas,Oli
2026-08-20,Aug,8,KUMAI,PLANTATION,RUTIN,ENGINE SYSTEM,DUMP TRUCK ISUZU NKR 71  B 9853 BDG 254-009,350201-000200-0024,,ENGINE OIL 15W-40,2.0,LTR,64600.0,Pelumas,Pelumas,Oli
2026-08-29,Aug,8,KUMAI,PLANTATION,RUTIN,ENGINE SYSTEM,DUMP TRUCK ISUZU NKR 71  B 9853 BDG 254-009,370502-000300-0597,62301-20035,WATER COOLANT @5LTR,1.0,Gln,75000.0,Barang & Alat Bengkel,Barang & Alat Bengkel,Work Shop
2026-08-03,Aug,8,KUMAI,PLANTATION,RUTIN,ENGINE SYSTEM,DUMP TRUCK ISUZU NKR 71  B 9853 BDG 254-009,370502-000300-0620,,"HOSE CLAMP 1""",2.0,Pcs,3500.0,Barang & Alat Bengkel,Barang & Alat Bengkel,Work Shop
2026-08-03,Aug,8,KUMAI,PLANTATION,RUTIN,ENGINE SYSTEM,DUMP TRUCK ISUZU NKR 71  B 9853 BDG 254-009,370502-000300-0620,,"HOSE CLAMP 1""",2.0,Pcs,3500.0,Barang & Alat Bengkel,Barang & Alat Bengkel,Work Shop
2026-08-12,Aug,8,KUMAI,PLANTATION,RUTIN,ENGINE SYSTEM,DUMP TRUCK ISUZU NKR 71  B 9853 BDG 254-009,370502-000300-0620,,"HOSE CLAMP 1""",1.0,Pcs,1750.0,Barang & Alat Bengkel,Barang & Alat Bengkel,Work Shop
2026-08-03,Aug,8,KUMAI,PLANTATION,RUTIN,WHEEL & TYRE SYSTEM,DUMP TRUCK ISUZU NKR 71  B 9853 BDG 254-009,370601-000216-0122,48216-750R,BAN LUAR 7.50 * 16 RIMBA,2.0,Pcs,4200000.0,Suku Cadang Umum,Suku Cadang Umum,Ban
2026-08-26,Aug,8,KUMAI,PLANTATION,RUTIN,ENGINE SYSTEM,DUMP TRUCK 4X4 254-010,340307-040207-0017,23304JAF70,ELEMENT FILTER,1.0,PCS,42322.97,Truck /Bus,Truck /Bus,Hino
2026-08-26,Aug,8,KUMAI,PLANTATION,RUTIN,ENGINE SYSTEM,DUMP TRUCK 4X4 254-010,340307-050207-0001,15601-78140,"FILTER SUB-ASSY, OIL",1.0,PCS,77250.0,Truck /Bus,Truck /Bus,Hino
2026-08-26,Aug,8,KUMAI,PLANTATION,RUTIN,ENGINE SYSTEM,DUMP TRUCK 4X4 254-010,340307-050207-0005,23304-78440,ELEMENT ASSY. FUEL FILTER,1.0,PCS,76142.75,Truck /Bus,Truck /Bus,Hino
2026-08-26,Aug,8,KUMAI,PLANTATION,RUTIN,ENGINE SYSTEM,DUMP TRUCK 4X4 254-010,340307-050207-0006,23304-78451,ELEMENT SUB-ASSY. FUEL FILTER,1.0,PCS,80337.82,Truck /Bus,Truck /Bus,Hino
2026-08-26,Aug,8,KUMAI,PLANTATION,RUTIN,ENGINE SYSTEM,DUMP TRUCK 4X4 254-010,340311-010314-0002,14-SPART-354-A,STRAINER,1.0,PCS,1700000.0,Truck /Bus,Truck /Bus,Isuzu
2026-08-26,Aug,8,KUMAI,PLANTATION,RUTIN,ENGINE SYSTEM,DUMP TRUCK 4X4 254-010,350201-000200-0024,,ENGINE OIL 15W-40,10.0,LTR,323000.0,Pelumas,Pelumas,Oli
2026-08-24,Aug,8,KUMAI,PLANTATION,RUTIN,HYDRAULIC SYSTEM,DUMP TRUCK 4X4 254-010,350201-000200-0071,,HYDRAULIC OIL MEDITRAN SAE 10W,5.0,LTR,135419.9,Pelumas,Pelumas,Oli
2026-08-26,Aug,8,KUMAI,PLANTATION,RUTIN,TRANSMISSION SYSTEM,DUMP TRUCK 4X4 254-010,350201-000200-0041,,GEAR OIL RORED HDA-90,5.0,Ltr,227314.1,Pelumas,Pelumas,Oli
2026-08-26,Aug,8,KUMAI,PLANTATION,RUTIN,TRANSMISSION SYSTEM,DUMP TRUCK 4X4 254-010,350201-000200-0041,,GEAR OIL RORED HDA-90,5.0,Ltr,227314.1,Pelumas,Pelumas,Oli
2026-08-31,Aug,8,KUMAI,PLANTATION,RUTIN,BRAKE SYSTEM,ARM ROLL HINO 130 HD DA 8589 CQ 271-002,340307-020304-0003,04007-21737,REPAIR KIT HAND BRAKE,1.0,PCS,125000.0,Truck /Bus,Truck /Bus,Hino
2026-08-31,Aug,8,KUMAI,PLANTATION,RUTIN,BRAKE SYSTEM,ARM ROLL HINO 130 HD DA 8589 CQ 271-002,340307-030304-0009,04495-37220,"SHOE KIT, REAR BRAKE",1.0,PCS,275000.0,Truck /Bus,Truck /Bus,Hino
2026-08-31,Aug,8,KUMAI,PLANTATION,RUTIN,DIFFENTTIAL & REAR AXLE SYSTEM,ARM ROLL HINO 130 HD DA 8589 CQ 271-002,340307-010305-0051,90033-11039,SEAL OIL,1.0,Pcs,77000.0,Truck /Bus,Truck /Bus,Hino
2026-08-31,Aug,8,KUMAI,PLANTATION,RUTIN,DIFFENTTIAL & REAR AXLE SYSTEM,ARM ROLL HINO 130 HD DA 8589 CQ 271-002,340307-010314-0156,33220-37030,FORK ASSY GEAR SHIFT No.2,1.0,PCS,4100000.0,Truck /Bus,Truck /Bus,Hino
2026-08-26,Aug,8,KUMAI,PLANTATION,RUTIN,ENGINE SYSTEM,ARM ROLL HINO 130 HD DA 8589 CQ 271-002,370302-000300-0361,,"HOSE CLAMP 3""",2.0,Pcs,8000.0,Barang Konstruksi,Barang Konstruksi,Bahan Bangunan
2026-08-08,Aug,8,KUMAI,PLANTATION,RUTIN,ENGINE SYSTEM,ARM ROLL HINO 130 HD DA 8589 CQ 271-002,370502-000300-0311,,"HOSE CLAMP 2""",2.0,Pcs,6300.0,Barang & Alat Bengkel,Barang & Alat Bengkel,Work Shop
2026-08-26,Aug,8,KUMAI,PLANTATION,RUTIN,ENGINE SYSTEM,ARM ROLL HINO 130 HD DA 8589 CQ 271-002,370502-000300-0597,62301-20035,WATER COOLANT @5LTR,1.0,Gln,75000.0,Barang & Alat Bengkel,Barang & Alat Bengkel,Work Shop
2026-08-28,Aug,8,KUMAI,PLANTATION,RUTIN,ENGINE SYSTEM,ARM ROLL HINO 130 HD DA 8589 CQ 271-002,370502-000300-0597,62301-20035,WATER COOLANT @5LTR,1.0,Gln,75000.0,Barang & Alat Bengkel,Barang & Alat Bengkel,Work Shop
2026-08-04,Aug,8,KUMAI,PLANTATION,RUTIN,HYDRAULIC SYSTEM,ARM ROLL HINO 130 HD DA 8589 CQ 271-002,350201-000200-0071,,HYDRAULIC OIL MEDITRAN SAE 10W,15.0,LTR,406259.7,Pelumas,Pelumas,Oli
2026-08-22,Aug,8,KUMAI,PLANTATION,RUTIN,HYDRAULIC SYSTEM,ARM ROLL HINO 130 HD DA 8589 CQ 271-002,350201-000200-0071,,HYDRAULIC OIL MEDITRAN SAE 10W,10.0,LTR,270839.8,Pelumas,Pelumas,Oli
2026-08-29,Aug,8,KUMAI,PLANTATION,RUTIN,HYDRAULIC SYSTEM,ARM ROLL HINO 130 HD DA 8589 CQ 271-002,350201-000200-0071,,HYDRAULIC OIL MEDITRAN SAE 10W,37.0,LTR,1002107.26,Pelumas,Pelumas,Oli
2026-08-29,Aug,8,KUMAI,PLANTATION,RUTIN,HYDRAULIC SYSTEM,ARM ROLL HINO 130 HD DA 8589 CQ 271-002,370302-000300-0361,,"HOSE CLAMP 3""",2.0,Pcs,8000.0,Barang Konstruksi,Barang Konstruksi,Bahan Bangunan
2026-08-29,Aug,8,KUMAI,PLANTATION,RUTIN,HYDRAULIC SYSTEM,ARM ROLL HINO 130 HD DA 8589 CQ 271-002,370302-000300-0361,,"HOSE CLAMP 3""",2.0,Pcs,8000.0,Barang Konstruksi,Barang Konstruksi,Bahan Bangunan
2026-08-26,Aug,8,KUMAI,PLANTATION,RUTIN,SUSPENSION SYSTEM,ARM ROLL HINO 130 HD DA 8589 CQ 271-002,340307-010213-0002,48247-25261,CENTER BOLT 10MM X 320MM,1.0,PCS,86250.0,Truck /Bus,Truck /Bus,Hino
2026-08-27,Aug,8,KUMAI,PLANTATION,RUTIN,SUSPENSION SYSTEM,ARM ROLL HINO 130 HD DA 8589 CQ 271-002,370502-000300-0316,60815-19071,HOSE GREASE GUN,1.0,PCS,28750.0,Barang & Alat Bengkel,Barang & Alat Bengkel,Work Shop
2026-08-01,Aug,8,KUMAI,PLANTATION,RUTIN,TRANSMISSION SYSTEM,ARM ROLL HINO 130 HD DA 8589 CQ 271-002,340307-070314-0007,80-000 081 02,O RING,3.0,PCS,105000.0,Truck /Bus,Truck /Bus,Hino
2026-08-10,Aug,8,KUMAI,PLANTATION,RUTIN,ENGINE SYSTEM,ARMROLL 271-007,340307-040207-0017,23304JAF70,ELEMENT FILTER,1.0,PCS,42322.97,Truck /Bus,Truck /Bus,Hino
2026-08-10,Aug,8,KUMAI,PLANTATION,RUTIN,ENGINE SYSTEM,ARMROLL 271-007,340307-050207-0001,15601-78140,"FILTER SUB-ASSY, OIL",1.0,PCS,77250.0,Truck /Bus,Truck /Bus,Hino
2026-08-10,Aug,8,KUMAI,PLANTATION,RUTIN,ENGINE SYSTEM,ARMROLL 271-007,340307-050207-0005,23304-78440,ELEMENT ASSY. FUEL FILTER,1.0,PCS,76142.75,Truck /Bus,Truck /Bus,Hino
2026-08-10,Aug,8,KUMAI,PLANTATION,RUTIN,ENGINE SYSTEM,ARMROLL 271-007,340307-050207-0006,23304-78451,ELEMENT SUB-ASSY. FUEL FILTER,1.0,PCS,80337.82,Truck /Bus,Truck /Bus,Hino
2026-08-10,Aug,8,KUMAI,PLANTATION,RUTIN,ENGINE SYSTEM,ARMROLL 271-007,340311-010314-0002,14-SPART-354-A,STRAINER,1.0,PCS,1700000.0,Truck /Bus,Truck /Bus,Isuzu
2026-08-10,Aug,8,KUMAI,PLANTATION,RUTIN,ENGINE SYSTEM,ARMROLL 271-007,350201-000200-0024,,ENGINE OIL 15W-40,12.0,LTR,387600.0,Pelumas,Pelumas,Oli
2026-08-01,Aug,8,KUMAI,PLANTATION,RUTIN,SUSPENSION SYSTEM,ARMROLL 271-007,350202-000200-0001,3207-1602,GREASE,15.0,Kg,725025.0,Pelumas,Pelumas,Grease
2026-08-08,Aug,8,KUMAI,PLANTATION,RUTIN,DIFFENTTIAL & REAR AXLE SYSTEM,ARM ROLL ISUZU NPS 81 272-001,340311-030305-0028,I8-97359 803-0,STUD AXLE SHAFT TO HUB,2.0,PCS,64430.76,Truck /Bus,Truck /Bus,Isuzu
2026-08-14,Aug,8,KUMAI,PLANTATION,RUTIN,DIFFENTTIAL & REAR AXLE SYSTEM,ARM ROLL ISUZU NPS 81 272-001,340311-030305-0028,I8-97359 803-0,STUD AXLE SHAFT TO HUB,7.0,PCS,225507.66,Truck /Bus,Truck /Bus,Isuzu
2026-08-08,Aug,8,KUMAI,PLANTATION,RUTIN,DIFFENTTIAL & REAR AXLE SYSTEM,ARM ROLL ISUZU NPS 81 272-001,340311-030305-0030,I8-97360 004-0,"WASHER SPECIAL,AXLE SHAFT",1.0,PCS,33307.37,Truck /Bus,Truck /Bus,Isuzu
2026-08-27,Aug,8,KUMAI,PLANTATION,RUTIN,ENGINE SYSTEM,ARM ROLL ISUZU NPS 81 272-001,340311-010314-0002,14-SPART-354-A,STRAINER,1.0,PCS,1700000.0,Truck /Bus,Truck /Bus,Isuzu
2026-08-29,Aug,8,KUMAI,PLANTATION,RUTIN,ENGINE SYSTEM,ARM ROLL ISUZU NPS 81 272-001,340311-030307-0002,I8-97559597-0,NOZZLE ASM INJ,4.0,PCS,21952000.0,Truck /Bus,Truck /Bus,Isuzu
2026-08-07,Aug,8,KUMAI,PLANTATION,RUTIN,HYDRAULIC SYSTEM,ARM ROLL ISUZU NPS 81 272-001,350201-000200-0071,,HYDRAULIC OIL MEDITRAN SAE 10W,20.0,LTR,541679.6,Pelumas,Pelumas,Oli
2026-08-22,Aug,8,KUMAI,PLANTATION,RUTIN,HYDRAULIC SYSTEM,ARM ROLL ISUZU NPS 81 272-001,350201-000200-0071,,HYDRAULIC OIL MEDITRAN SAE 10W,10.0,LTR,270839.8,Pelumas,Pelumas,Oli
2026-08-04,Aug,8,KUMAI,PLANTATION,RUTIN,DIFFENTTIAL & REAR AXLE SYSTEM,ARM ROLL ISUZU NPS 81 272-002,340311-010305-0081,I1-09625 484-0,SEAL OIL. FINEAL PINION,1.0,PCS,249923.08,Truck /Bus,Truck /Bus,Isuzu
2026-08-04,Aug,8,KUMAI,PLANTATION,RUTIN,DIFFENTTIAL & REAR AXLE SYSTEM,ARM ROLL ISUZU NPS 81 272-002,340311-010305-0081,I1-09625 484-0,SEAL OIL. FINEAL PINION,1.0,PCS,249923.08,Truck /Bus,Truck /Bus,Isuzu
2026-08-16,Aug,8,KUMAI,PLANTATION,RUTIN,DIFFENTTIAL & REAR AXLE SYSTEM,ARM ROLL ISUZU NPS 81 272-002,340311-030305-0021,I8-97241234-0,GEAR 3RD. MAINSHAFT,1.0,PCS,2280500.0,Truck /Bus,Truck /Bus,Isuzu
2026-08-04,Aug,8,KUMAI,PLANTATION,RUTIN,DIFFENTTIAL & REAR AXLE SYSTEM,ARM ROLL ISUZU NPS 81 272-002,350201-000200-0040,,GEAR OIL RORED HDA-140,5.0,Ltr,246664.35,Pelumas,Pelumas,Oli
2026-08-05,Aug,8,KUMAI,PLANTATION,RUTIN,ELECTRICAL SYSTEM,ARM ROLL ISUZU NPS 81 272-002,370502-000300-0223,,CONTACT CLEANER @525ML,1.0,BTL,54950.99,Barang & Alat Bengkel,Barang & Alat Bengkel,Work Shop
2026-08-12,Aug,8,KUMAI,PLANTATION,RUTIN,ENGINE SYSTEM,ARM ROLL ISUZU NPS 81 272-002,340311-010314-0002,14-SPART-354-A,STRAINER,1.0,PCS,1700000.0,Truck /Bus,Truck /Bus,Isuzu
2026-08-15,Aug,8,KUMAI,PLANTATION,RUTIN,ENGINE SYSTEM,ARM ROLL ISUZU NPS 81 272-002,340311-010314-0030,I8-L8255-140-0,KANVAS KOPLING,1.0,PCS,1776000.0,Truck /Bus,Truck /Bus,Isuzu
2026-08-19,Aug,8,KUMAI,PLANTATION,RUTIN,ENGINE SYSTEM,ARM ROLL ISUZU NPS 81 272-002,340311-030307-0040,I8-98213 697-0,"PIPE INJ,C/R",1.0,PCS,678000.0,Truck /Bus,Truck /Bus,Isuzu
2026-08-21,Aug,8,KUMAI,PLANTATION,RUTIN,ENGINE SYSTEM,ARM ROLL ISUZU NPS 81 272-002,350201-000200-0024,,ENGINE OIL 15W-40,2.0,LTR,64600.0,Pelumas,Pelumas,Oli
2026-08-24,Aug,8,KUMAI,PLANTATION,RUTIN,ENGINE SYSTEM,ARM ROLL ISUZU NPS 81 272-002,350201-000200-0024,,ENGINE OIL 15W-40,2.0,LTR,64600.0,Pelumas,Pelumas,Oli
2026-08-03,Aug,8,KUMAI,PLANTATION,RUTIN,ENGINE SYSTEM,ARM ROLL ISUZU NPS 81 272-002,370502-000300-0620,,"HOSE CLAMP 1""",2.0,Pcs,3500.0,Barang & Alat Bengkel,Barang & Alat Bengkel,Work Shop
2026-08-12,Aug,8,KUMAI,PLANTATION,RUTIN,ENGINE SYSTEM,ARM ROLL ISUZU NPS 81 272-002,370502-000300-0620,,"HOSE CLAMP 1""",1.0,Pcs,1750.0,Barang & Alat Bengkel,Barang & Alat Bengkel,Work Shop
2026-08-21,Aug,8,KUMAI,PLANTATION,RUTIN,ENGINE SYSTEM,ARM ROLL ISUZU NPS 81 272-002,370502-000300-0620,,"HOSE CLAMP 1""",2.0,Pcs,3500.0,Barang & Alat Bengkel,Barang & Alat Bengkel,Work Shop
2026-08-10,Aug,8,KUMAI,PLANTATION,RUTIN,HYDRAULIC SYSTEM,ARM ROLL ISUZU NPS 81 272-002,350201-000200-0071,,HYDRAULIC OIL MEDITRAN SAE 10W,5.0,LTR,135419.9,Pelumas,Pelumas,Oli
2026-08-13,Aug,8,KUMAI,PLANTATION,RUTIN,TRANSMISSION SYSTEM,ARM ROLL ISUZU NPS 81 272-002,340311-040314-0003,,PTO NKR71 30 TEETH,1.0,SET,2110000.0,Truck /Bus,Truck /Bus,Isuzu
2026-08-13,Aug,8,KUMAI,PLANTATION,RUTIN,TRANSMISSION SYSTEM,ARM ROLL ISUZU NPS 81 272-002,350201-000200-0028,,ENGINE OIL MEDITRAN S SAE 30,5.0,LTR,175665.55,Pelumas,Pelumas,Oli
2026-08-13,Aug,8,KUMAI,PLANTATION,RUTIN,TRANSMISSION SYSTEM,ARM ROLL ISUZU NPS 81 272-002,350201-000200-0041,,GEAR OIL RORED HDA-90,5.0,Ltr,227314.1,Pelumas,Pelumas,Oli
2026-08-18,Aug,8,KUMAI,PLANTATION,RUTIN,TRANSMISSION SYSTEM,ARM ROLL ISUZU NPS 81 272-002,350201-000200-0041,,GEAR OIL RORED HDA-90,15.0,Ltr,681942.3,Pelumas,Pelumas,Oli
2026-08-31,Aug,8,KUMAI,PLANTATION,RUTIN,TRANSMISSION SYSTEM,ARM ROLL ISUZU NPS 81 272-002,350201-000200-0041,,GEAR OIL RORED HDA-90,5.0,Ltr,227314.1,Pelumas,Pelumas,Oli
2026-08-05,Aug,8,KUMAI,PLANTATION,RUTIN,UNDERCARRIAGE SYSTEM,ARM ROLL ISUZU NPS 81 272-002,340311-030315-0001,I0-28651 025-0,BOLT CAP FIX,4.0,PCS,352000.0,Truck /Bus,Truck /Bus,Isuzu
2026-08-05,Aug,8,KUMAI,PLANTATION,RUTIN,UNDERCARRIAGE SYSTEM,ARM ROLL ISUZU NPS 81 272-002,340311-030315-0003,I0-91180 110-0,NUT CAP FIX,4.0,PCS,352000.0,Truck /Bus,Truck /Bus,Isuzu
2026-08-03,Aug,8,KUMAI,PLANTATION,RUTIN,WHEEL & TYRE SYSTEM,ARM ROLL ISUZU NPS 81 272-002,370601-000216-0122,48216-750R,BAN LUAR 7.50 * 16 RIMBA,1.0,Pcs,2100000.0,Suku Cadang Umum,Suku Cadang Umum,Ban
2026-08-07,Aug,8,KUMAI,PLANTATION,NON RUTIN,SUSPENSION SYSTEM,ARM ROLL ISUZU NPS 81 272-002,340307-010313-0021,48215-OW010,LEAF SPRING RR. NO.5,1.0,Pcs,225000.0,Truck /Bus,Truck /Bus,Hino
2026-08-13,Aug,8,KUMAI,PLANTATION,RUTIN,DIFFENTTIAL & REAR AXLE SYSTEM,ARMROLL HINO 136 HDX 272-003,340307-010305-0051,90033-11039,SEAL OIL,2.0,Pcs,154000.0,Truck /Bus,Truck /Bus,Hino
2026-08-31,Aug,8,KUMAI,PLANTATION,RUTIN,DIFFENTTIAL & REAR AXLE SYSTEM,ARMROLL HINO 136 HDX 272-003,340307-010305-0051,90033-11039,SEAL OIL,1.0,Pcs,77000.0,Truck /Bus,Truck /Bus,Hino
2026-08-01,Aug,8,KUMAI,PLANTATION,RUTIN,DIFFENTTIAL & REAR AXLE SYSTEM,ARMROLL HINO 136 HDX 272-003,340307-010305-0111,90116-10194,"BOLT, STUD & NUT",8.0,Set,200000.0,Truck /Bus,Truck /Bus,Hino
2026-08-01,Aug,8,KUMAI,PLANTATION,RUTIN,DIFFENTTIAL & REAR AXLE SYSTEM,ARMROLL HINO 136 HDX 272-003,340307-050205-0001,42311-F1030,SHAFT RR AXLE RH,1.0,PCS,867915.64,Truck /Bus,Truck /Bus,Hino
2026-08-05,Aug,8,KUMAI,PLANTATION,RUTIN,DIFFENTTIAL & REAR AXLE SYSTEM,ARMROLL HINO 136 HDX 272-003,350201-000200-0040,,GEAR OIL RORED HDA-140,10.0,Ltr,493328.7,Pelumas,Pelumas,Oli
2026-08-05,Aug,8,KUMAI,PLANTATION,RUTIN,ENGINE SYSTEM,ARMROLL HINO 136 HDX 272-003,340307-040207-0017,23304JAF70,ELEMENT FILTER,1.0,PCS,42322.97,Truck /Bus,Truck /Bus,Hino
2026-08-05,Aug,8,KUMAI,PLANTATION,RUTIN,ENGINE SYSTEM,ARMROLL HINO 136 HDX 272-003,340307-050207-0005,23304-78440,ELEMENT ASSY. FUEL FILTER,1.0,PCS,76142.75,Truck /Bus,Truck /Bus,Hino
2026-08-05,Aug,8,KUMAI,PLANTATION,RUTIN,ENGINE SYSTEM,ARMROLL HINO 136 HDX 272-003,340307-050207-0006,23304-78451,ELEMENT SUB-ASSY. FUEL FILTER,1.0,PCS,80337.82,Truck /Bus,Truck /Bus,Hino
2026-08-05,Aug,8,KUMAI,PLANTATION,RUTIN,ENGINE SYSTEM,ARMROLL HINO 136 HDX 272-003,350201-000200-0024,,ENGINE OIL 15W-40,10.0,LTR,323000.0,Pelumas,Pelumas,Oli
2026-08-01,Aug,8,KUMAI,PLANTATION,RUTIN,FINAL DRIVE SYSTEM,ARMROLL HINO 136 HDX 272-003,340307-010308-0007,41201-80660,GEAR SET RAT. 41 : 6,1.0,Set,6063750.0,Truck /Bus,Truck /Bus,Hino
2026-08-13,Aug,8,KUMAI,PLANTATION,RUTIN,FINAL DRIVE SYSTEM,ARMROLL HINO 136 HDX 272-003,340307-010308-0012,90033-66035,BEARING 30311 DJ-N,1.0,Pcs,335000.0,Truck /Bus,Truck /Bus,Hino
2026-08-05,Aug,8,KUMAI,PLANTATION,RUTIN,HYDRAULIC SYSTEM,ARMROLL HINO 136 HDX 272-003,350201-000200-0071,,HYDRAULIC OIL MEDITRAN SAE 10W,40.0,LTR,1083359.2,Pelumas,Pelumas,Oli
2026-08-21,Aug,8,KUMAI,PLANTATION,RUTIN,HYDRAULIC SYSTEM,ARMROLL HINO 136 HDX 272-003,350201-000200-0071,,HYDRAULIC OIL MEDITRAN SAE 10W,10.0,LTR,270839.8,Pelumas,Pelumas,Oli
2026-08-29,Aug,8,KUMAI,PLANTATION,RUTIN,HYDRAULIC SYSTEM,ARMROLL HINO 136 HDX 272-003,350201-000200-0071,,HYDRAULIC OIL MEDITRAN SAE 10W,5.0,LTR,135419.9,Pelumas,Pelumas,Oli
2026-08-05,Aug,8,KUMAI,PLANTATION,RUTIN,SUSPENSION SYSTEM,ARMROLL HINO 136 HDX 272-003,370502-000300-0316,60815-19071,HOSE GREASE GUN,1.0,PCS,28750.0,Barang & Alat Bengkel,Barang & Alat Bengkel,Work Shop
2026-08-05,Aug,8,KUMAI,PLANTATION,RUTIN,TRANSMISSION SYSTEM,ARMROLL HINO 136 HDX 272-003,340307-010314-0161,42110-37192,HOUSING ASSY REAR AXLE,1.0,PCS,29058725.0,Truck /Bus,Truck /Bus,Hino
2026-08-05,Aug,8,KUMAI,PLANTATION,RUTIN,TRANSMISSION SYSTEM,ARMROLL HINO 136 HDX 272-003,350201-000200-0041,,GEAR OIL RORED HDA-90,5.0,Ltr,227314.1,Pelumas,Pelumas,Oli
2026-08-07,Aug,8,KUMAI,PLANTATION,NON RUTIN,ELECTRICAL SYSTEM,ARMROLL HINO 136 HDX 272-003,340501-000300-0075,,BATTERY 12V-70A,1.0,PCS,1039653.8,Umum Kendaraan,Umum Kendaraan,Umum Kendaraan
2026-08-30,Aug,8,KUMAI,PLANTATION,RUTIN,DIFFENTTIAL & REAR AXLE SYSTEM,ARM ROLL HINO 136 HDX 272-004,350201-000200-0040,,GEAR OIL RORED HDA-140,10.0,Ltr,493328.7,Pelumas,Pelumas,Oli
2026-08-30,Aug,8,KUMAI,PLANTATION,RUTIN,ENGINE SYSTEM,ARM ROLL HINO 136 HDX 272-004,340307-050207-0001,15601-78140,"FILTER SUB-ASSY, OIL",1.0,PCS,77250.0,Truck /Bus,Truck /Bus,Hino
2026-08-30,Aug,8,KUMAI,PLANTATION,RUTIN,ENGINE SYSTEM,ARM ROLL HINO 136 HDX 272-004,340307-050207-0005,23304-78440,ELEMENT ASSY. FUEL FILTER,1.0,PCS,76142.75,Truck /Bus,Truck /Bus,Hino
2026-08-30,Aug,8,KUMAI,PLANTATION,RUTIN,ENGINE SYSTEM,ARM ROLL HINO 136 HDX 272-004,340307-050207-0006,23304-78451,ELEMENT SUB-ASSY. FUEL FILTER,1.0,PCS,80337.82,Truck /Bus,Truck /Bus,Hino
2026-08-20,Aug,8,KUMAI,PLANTATION,RUTIN,ENGINE SYSTEM,ARM ROLL HINO 136 HDX 272-004,340311-010314-0002,14-SPART-354-A,STRAINER,1.0,PCS,1700000.0,Truck /Bus,Truck /Bus,Isuzu
2026-08-30,Aug,8,KUMAI,PLANTATION,RUTIN,ENGINE SYSTEM,ARM ROLL HINO 136 HDX 272-004,350201-000200-0024,,ENGINE OIL 15W-40,12.0,LTR,387600.0,Pelumas,Pelumas,Oli
2026-08-19,Aug,8,KUMAI,PLANTATION,RUTIN,HYDRAULIC SYSTEM,ARM ROLL HINO 136 HDX 272-004,350201-000200-0071,,HYDRAULIC OIL MEDITRAN SAE 10W,55.0,LTR,1489618.9,Pelumas,Pelumas,Oli
2026-08-22,Aug,8,KUMAI,PLANTATION,RUTIN,HYDRAULIC SYSTEM,ARM ROLL HINO 136 HDX 272-004,350201-000200-0071,,HYDRAULIC OIL MEDITRAN SAE 10W,10.0,LTR,270839.8,Pelumas,Pelumas,Oli
2026-08-19,Aug,8,KUMAI,PLANTATION,RUTIN,HYDRAULIC SYSTEM,ARM ROLL HINO 136 HDX 272-004,370302-000300-0361,,"HOSE CLAMP 3""",1.0,Pcs,4000.0,Barang Konstruksi,Barang Konstruksi,Bahan Bangunan
2026-08-06,Aug,8,KUMAI,PLANTATION,RUTIN,HYDRAULIC SYSTEM,ARM ROLL HINO 136 HDX 272-004,370502-000300-0620,,"HOSE CLAMP 1""",1.0,Pcs,1750.0,Barang & Alat Bengkel,Barang & Alat Bengkel,Work Shop
2026-08-18,Aug,8,KUMAI,PLANTATION,RUTIN,SUSPENSION SYSTEM,ARM ROLL HINO 136 HDX 272-004,340311-030313-0020,I0-91510 812-0,WASHER LK. YOKE TP RR AXLE,1.0,PCS,16216.0,Truck /Bus,Truck /Bus,Isuzu
2026-08-30,Aug,8,KUMAI,PLANTATION,RUTIN,TRANSMISSION SYSTEM,ARM ROLL HINO 136 HDX 272-004,350201-000200-0041,,GEAR OIL RORED HDA-90,20.0,Ltr,909256.4,Pelumas,Pelumas,Oli
2026-08-07,Aug,8,KUMAI,PLANTATION,NON RUTIN,SUSPENSION SYSTEM,ARM ROLL HINO 136 HDX 272-004,340307-010313-0054,90080-11532,BOLT U,1.0,PCS,58725.0,Truck /Bus,Truck /Bus,Hino
2026-08-07,Aug,8,KUMAI,PLANTATION,NON RUTIN,SUSPENSION SYSTEM,ARM ROLL HINO 136 HDX 272-004,340311-010304-0045,I8-94461 227-4,U BOLT FRT LH,1.0,PCS,33000.0,Truck /Bus,Truck /Bus,Isuzu
2026-08-19,Aug,8,KUMAI,PLANTATION,RUTIN,BRAKE SYSTEM,ARM ROLL HINO 136 HDX 272-005,370502-000300-0350,,KERTAS GOSOK NO.1000,1.0,Lbr,3000.0,Barang & Alat Bengkel,Barang & Alat Bengkel,Work Shop
2026-08-19,Aug,8,KUMAI,PLANTATION,RUTIN,BRAKE SYSTEM,ARM ROLL HINO 136 HDX 272-005,370502-000300-0350,,KERTAS GOSOK NO.1000,1.0,Lbr,3000.0,Barang & Alat Bengkel,Barang & Alat Bengkel,Work Shop
2026-08-19,Aug,8,KUMAI,PLANTATION,RUTIN,DIFFENTTIAL & REAR AXLE SYSTEM,ARM ROLL HINO 136 HDX 272-005,340307-070305-0012,86-BRG 320 12,BEARING HUB-INNER,1.0,PCS,621171.43,Truck /Bus,Truck /Bus,Hino
2026-08-19,Aug,8,KUMAI,PLANTATION,RUTIN,DIFFENTTIAL & REAR AXLE SYSTEM,ARM ROLL HINO 136 HDX 272-005,340307-070305-0020,KAROSERI SIP 4X4,SEAL OIL SHAFT AXLE FRT (35*58*10),1.0,PCS,93500.0,Truck /Bus,Truck /Bus,Hino
2026-08-06,Aug,8,KUMAI,PLANTATION,RUTIN,DIFFENTTIAL & REAR AXLE SYSTEM,ARM ROLL HINO 136 HDX 272-005,350201-000200-0040,,GEAR OIL RORED HDA-140,5.0,Ltr,246664.35,Pelumas,Pelumas,Oli
2026-08-19,Aug,8,KUMAI,PLANTATION,RUTIN,DIFFENTTIAL & REAR AXLE SYSTEM,ARM ROLL HINO 136 HDX 272-005,350201-000200-0040,,GEAR OIL RORED HDA-140,5.0,Ltr,246664.35,Pelumas,Pelumas,Oli
2026-08-24,Aug,8,KUMAI,PLANTATION,RUTIN,ENGINE SYSTEM,ARM ROLL HINO 136 HDX 272-005,340307-050207-0004,17801-JAA80,FILTER AIR,1.0,PCS,96000.0,Truck /Bus,Truck /Bus,Hino
2026-08-10,Aug,8,KUMAI,PLANTATION,RUTIN,ENGINE SYSTEM,ARM ROLL HINO 136 HDX 272-005,340311-010314-0002,14-SPART-354-A,STRAINER,1.0,PCS,1700000.0,Truck /Bus,Truck /Bus,Isuzu
2026-08-10,Aug,8,KUMAI,PLANTATION,RUTIN,ENGINE SYSTEM,ARM ROLL HINO 136 HDX 272-005,370502-000300-0620,,"HOSE CLAMP 1""",2.0,Pcs,3500.0,Barang & Alat Bengkel,Barang & Alat Bengkel,Work Shop
2026-08-23,Aug,8,KUMAI,PLANTATION,RUTIN,HYDRAULIC SYSTEM,ARM ROLL HINO 136 HDX 272-005,340307-010311-0001,DP40,CONTROL VALVE,1.0,SET,6500000.0,Truck /Bus,Truck /Bus,Hino
2026-08-23,Aug,8,KUMAI,PLANTATION,RUTIN,HYDRAULIC SYSTEM,ARM ROLL HINO 136 HDX 272-005,340307-060311-0003,SN N0509464,POMPA HYDRAULIC ARMROLL 4X4  (SIP) ,1.0,SET,23400000.0,Truck /Bus,Truck /Bus,Hino
2026-08-06,Aug,8,KUMAI,PLANTATION,RUTIN,HYDRAULIC SYSTEM,ARM ROLL HINO 136 HDX 272-005,350201-000200-0071,,HYDRAULIC OIL MEDITRAN SAE 10W,1.0,LTR,27083.98,Pelumas,Pelumas,Oli
2026-08-20,Aug,8,KUMAI,PLANTATION,RUTIN,HYDRAULIC SYSTEM,ARM ROLL HINO 136 HDX 272-005,350201-000200-0071,,HYDRAULIC OIL MEDITRAN SAE 10W,5.0,LTR,135419.9,Pelumas,Pelumas,Oli
2026-08-20,Aug,8,KUMAI,PLANTATION,RUTIN,HYDRAULIC SYSTEM,ARM ROLL HINO 136 HDX 272-005,350201-000200-0071,,HYDRAULIC OIL MEDITRAN SAE 10W,50.0,LTR,1354199.0,Pelumas,Pelumas,Oli
2026-08-24,Aug,8,KUMAI,PLANTATION,RUTIN,HYDRAULIC SYSTEM,ARM ROLL HINO 136 HDX 272-005,350201-000200-0071,,HYDRAULIC OIL MEDITRAN SAE 10W,40.0,LTR,1083359.2,Pelumas,Pelumas,Oli
2026-08-27,Aug,8,KUMAI,PLANTATION,RUTIN,HYDRAULIC SYSTEM,ARM ROLL HINO 136 HDX 272-005,350201-000200-0071,,HYDRAULIC OIL MEDITRAN SAE 10W,50.0,LTR,1354199.0,Pelumas,Pelumas,Oli
2026-08-19,Aug,8,KUMAI,PLANTATION,RUTIN,SUSPENSION SYSTEM,ARM ROLL HINO 136 HDX 272-005,340307-010213-0001,48147-36441,CENTER BOLT 10MM X 166MM,1.0,PCS,51370.97,Truck /Bus,Truck /Bus,Hino
2026-08-03,Aug,8,KUMAI,PLANTATION,RUTIN,SUSPENSION SYSTEM,ARM ROLL HINO 136 HDX 272-005,340307-010213-0002,48247-25261,CENTER BOLT 10MM X 320MM,1.0,PCS,86250.0,Truck /Bus,Truck /Bus,Hino
2026-08-04,Aug,8,KUMAI,PLANTATION,RUTIN,SUSPENSION SYSTEM,ARM ROLL HINO 136 HDX 272-005,340307-010213-0002,48247-25261,CENTER BOLT 10MM X 320MM,1.0,PCS,86250.0,Truck /Bus,Truck /Bus,Hino
2026-08-03,Aug,8,KUMAI,PLANTATION,RUTIN,SUSPENSION SYSTEM,ARM ROLL HINO 136 HDX 272-005,340307-010313-0012,48115-OW010,LEAF SPRING FR. NO.5,1.0,Pcs,179384.62,Truck /Bus,Truck /Bus,Hino
2026-08-19,Aug,8,KUMAI,PLANTATION,RUTIN,SUSPENSION SYSTEM,ARM ROLL HINO 136 HDX 272-005,340307-010313-0012,48115-OW010,LEAF SPRING FR. NO.5,1.0,Pcs,179384.62,Truck /Bus,Truck /Bus,Hino
2026-08-26,Aug,8,KUMAI,PLANTATION,RUTIN,TRANSMISSION SYSTEM,ARM ROLL HINO 136 HDX 272-005,330217-010314-0004,3A211-2465-0,"SEAL,OIL",1.0,PCS,79750.0,Tractor,Tractor,Kubota
2026-08-03,Aug,8,KUMAI,PLANTATION,RUTIN,WHEEL & TYRE SYSTEM,ARM ROLL HINO 136 HDX 272-005,370601-000216-0122,48216-750R,BAN LUAR 7.50 * 16 RIMBA,1.0,Pcs,2100000.0,Suku Cadang Umum,Suku Cadang Umum,Ban
2026-08-24,Aug,8,KUMAI,PLANTATION,RUTIN,ENGINE SYSTEM,ARMROLL 4X4 272-006,340307-040207-0017,23304JAF70,ELEMENT FILTER,1.0,PCS,42322.97,Truck /Bus,Truck /Bus,Hino
2026-08-24,Aug,8,KUMAI,PLANTATION,RUTIN,ENGINE SYSTEM,ARMROLL 4X4 272-006,340307-050207-0001,15601-78140,"FILTER SUB-ASSY, OIL",1.0,PCS,77250.0,Truck /Bus,Truck /Bus,Hino
2026-08-24,Aug,8,KUMAI,PLANTATION,RUTIN,ENGINE SYSTEM,ARMROLL 4X4 272-006,340307-050207-0005,23304-78440,ELEMENT ASSY. FUEL FILTER,1.0,PCS,76142.75,Truck /Bus,Truck /Bus,Hino
2026-08-24,Aug,8,KUMAI,PLANTATION,RUTIN,ENGINE SYSTEM,ARMROLL 4X4 272-006,340307-050207-0006,23304-78451,ELEMENT SUB-ASSY. FUEL FILTER,1.0,PCS,80337.82,Truck /Bus,Truck /Bus,Hino
2026-08-27,Aug,8,KUMAI,PLANTATION,RUTIN,ENGINE SYSTEM,ARMROLL 4X4 272-006,340311-010314-0002,14-SPART-354-A,STRAINER,1.0,PCS,1700000.0,Truck /Bus,Truck /Bus,Isuzu
2026-08-27,Aug,8,KUMAI,PLANTATION,RUTIN,ENGINE SYSTEM,ARMROLL 4X4 272-006,350201-000200-0024,,ENGINE OIL 15W-40,7.0,LTR,226100.0,Pelumas,Pelumas,Oli
2026-08-30,Aug,8,KUMAI,PLANTATION,RUTIN,ENGINE SYSTEM,ARMROLL 4X4 272-006,370502-000300-0597,62301-20035,WATER COOLANT @5LTR,2.0,Gln,150000.0,Barang & Alat Bengkel,Barang & Alat Bengkel,Work Shop
2026-08-27,Aug,8,KUMAI,PLANTATION,RUTIN,TRANSMISSION SYSTEM,ARMROLL 4X4 272-006,350201-000200-0041,,GEAR OIL RORED HDA-90,5.0,Ltr,227314.1,Pelumas,Pelumas,Oli
2026-08-11,Aug,8,KUMAI,PLANTATION,RUTIN,ENGINE SYSTEM,FARM TRACTOR KUBOTA M9540 321-003,330217-010207-0002,HH166-4356-0,ELEMENT FUEL FILTER,1.0,PCS,406000.0,Tractor,Tractor,Kubota
2026-08-11,Aug,8,KUMAI,PLANTATION,RUTIN,ENGINE SYSTEM,FARM TRACTOR KUBOTA M9540 321-003,330217-010207-0003,HH1C0-3243-0,CARTRIDGE OIL FILTER,1.0,PCS,311058.82,Tractor,Tractor,Kubota
2026-08-26,Aug,8,KUMAI,PLANTATION,RUTIN,ENGINE SYSTEM,FARM TRACTOR KUBOTA M9540 321-003,350201-000200-0024,,ENGINE OIL 15W-40,5.0,LTR,161500.0,Pelumas,Pelumas,Oli
2026-08-05,Aug,8,KUMAI,PLANTATION,RUTIN,BRAKE SYSTEM,FARM TRACTOR KUBOTA M9540 321-006,330217-010304-0004,3C081-6757-2,PIPE BRAKE RH,1.0,PCS,432000.0,Tractor,Tractor,Kubota
2026-08-03,Aug,8,KUMAI,PLANTATION,RUTIN,DIFFENTTIAL & REAR AXLE SYSTEM,FARM TRACTOR KUBOTA M9540 321-006,350201-000200-0041,,GEAR OIL RORED HDA-90,5.0,Ltr,227314.1,Pelumas,Pelumas,Oli
2026-08-05,Aug,8,KUMAI,PLANTATION,RUTIN,DIFFENTTIAL & REAR AXLE SYSTEM,FARM TRACTOR KUBOTA M9540 321-006,350201-000200-0041,,GEAR OIL RORED HDA-90,5.0,Ltr,227314.1,Pelumas,Pelumas,Oli
2026-08-24,Aug,8,KUMAI,PLANTATION,RUTIN,DIFFENTTIAL & REAR AXLE SYSTEM,FARM TRACTOR KUBOTA M9540 321-006,350201-000200-0041,,GEAR OIL RORED HDA-90,5.0,Ltr,227314.1,Pelumas,Pelumas,Oli
2026-08-01,Aug,8,KUMAI,PLANTATION,RUTIN,ELECTRICAL SYSTEM,FARM TRACTOR KUBOTA M9540 321-006,330217-010300-0005,10010-6001-5,SOLENOID. STOP,1.0,PCS,1871000.0,Tractor,Tractor,Kubota
2026-08-03,Aug,8,KUMAI,PLANTATION,RUTIN,TRANSMISSION SYSTEM,FARM TRACTOR KUBOTA M9540 321-006,350201-000200-0028,,ENGINE OIL MEDITRAN S SAE 30,15.0,LTR,526996.65,Pelumas,Pelumas,Oli
2026-08-05,Aug,8,KUMAI,PLANTATION,RUTIN,TRANSMISSION SYSTEM,FARM TRACTOR KUBOTA M9540 321-006,350201-000200-0028,,ENGINE OIL MEDITRAN S SAE 30,25.0,LTR,878327.75,Pelumas,Pelumas,Oli
2026-08-22,Aug,8,KUMAI,PLANTATION,RUTIN,TRANSMISSION SYSTEM,FARM TRACTOR KUBOTA M9540 321-006,350201-000200-0028,,ENGINE OIL MEDITRAN S SAE 30,5.0,LTR,175665.55,Pelumas,Pelumas,Oli
2026-08-24,Aug,8,KUMAI,PLANTATION,RUTIN,TRANSMISSION SYSTEM,FARM TRACTOR KUBOTA M9540 321-006,350201-000200-0028,,ENGINE OIL MEDITRAN S SAE 30,15.0,LTR,526996.65,Pelumas,Pelumas,Oli
2026-08-10,Aug,8,KUMAI,PLANTATION,RUTIN,DIFFENTTIAL & REAR AXLE SYSTEM,FARM TRACTOR KUBOTA M9540 321-007,350201-000200-0041,,GEAR OIL RORED HDA-90,15.0,Ltr,681942.3,Pelumas,Pelumas,Oli
2026-08-11,Aug,8,KUMAI,PLANTATION,RUTIN,DIFFENTTIAL & REAR AXLE SYSTEM,FARM TRACTOR KUBOTA M9540 321-007,350201-000200-0041,,GEAR OIL RORED HDA-90,5.0,Ltr,227314.1,Pelumas,Pelumas,Oli
2026-08-10,Aug,8,KUMAI,PLANTATION,RUTIN,ENGINE SYSTEM,FARM TRACTOR KUBOTA M9540 321-007,330217-010207-0002,HH166-4356-0,ELEMENT FUEL FILTER,1.0,PCS,406000.0,Tractor,Tractor,Kubota
2026-08-10,Aug,8,KUMAI,PLANTATION,RUTIN,ENGINE SYSTEM,FARM TRACTOR KUBOTA M9540 321-007,330217-010207-0003,HH1C0-3243-0,CARTRIDGE OIL FILTER,1.0,PCS,311058.82,Tractor,Tractor,Kubota
2026-08-04,Aug,8,KUMAI,PLANTATION,RUTIN,ENGINE SYSTEM,FARM TRACTOR KUBOTA M9540 321-007,350201-000200-0024,,ENGINE OIL 15W-40,5.0,LTR,161500.0,Pelumas,Pelumas,Oli
2026-08-10,Aug,8,KUMAI,PLANTATION,RUTIN,ENGINE SYSTEM,FARM TRACTOR KUBOTA M9540 321-007,350201-000200-0024,,ENGINE OIL 15W-40,15.0,LTR,484500.0,Pelumas,Pelumas,Oli
2026-08-11,Aug,8,KUMAI,PLANTATION,RUTIN,ENGINE SYSTEM,FARM TRACTOR KUBOTA M9540 321-007,350201-000200-0024,,ENGINE OIL 15W-40,15.0,LTR,484500.0,Pelumas,Pelumas,Oli
2026-08-22,Aug,8,KUMAI,PLANTATION,RUTIN,ENGINE SYSTEM,FARM TRACTOR KUBOTA M9540 321-007,350201-000200-0024,,ENGINE OIL 15W-40,5.0,LTR,161500.0,Pelumas,Pelumas,Oli
2026-08-31,Aug,8,KUMAI,PLANTATION,RUTIN,ENGINE SYSTEM,FARM TRACTOR KUBOTA M9540 321-007,350201-000200-0024,,ENGINE OIL 15W-40,3.0,LTR,96900.0,Pelumas,Pelumas,Oli
2026-08-10,Aug,8,KUMAI,PLANTATION,RUTIN,TRANSMISSION SYSTEM,FARM TRACTOR KUBOTA M9540 321-007,350201-000200-0028,,ENGINE OIL MEDITRAN S SAE 30,5.0,LTR,175665.55,Pelumas,Pelumas,Oli
2026-08-22,Aug,8,KUMAI,PLANTATION,RUTIN,TRANSMISSION SYSTEM,FARM TRACTOR KUBOTA M9540 321-007,350201-000200-0028,,ENGINE OIL MEDITRAN S SAE 30,5.0,LTR,175665.55,Pelumas,Pelumas,Oli
2026-08-03,Aug,8,KUMAI,PLANTATION,RUTIN,WHEEL & TYRE SYSTEM,FARM TRACTOR KUBOTA M9540 321-007,370601-000216-0122,48216-750R,BAN LUAR 7.50 * 16 RIMBA,1.0,Pcs,2100000.0,Suku Cadang Umum,Suku Cadang Umum,Ban
2026-08-15,Aug,8,KUMAI,PLANTATION,RUTIN,ENGINE SYSTEM,CRAWLER DUMPER PD5000TA 322-007,331246-020207-0004,3200000034,CF 490 ENGINE FUEL FILTER,1.0,PCS,229100.0,Crawler Dumper,Crawler Dumper,Crown
2026-08-15,Aug,8,KUMAI,PLANTATION,RUTIN,ENGINE SYSTEM,CRAWLER DUMPER PD5000TA 322-007,331246-020207-0005,3200000033,CF490 ENGINE OIL FILTER,1.0,PCS,323500.0,Crawler Dumper,Crawler Dumper,Crown
2026-08-15,Aug,8,KUMAI,PLANTATION,RUTIN,ENGINE SYSTEM,CRAWLER DUMPER PD5000TA 322-007,331246-020307-0001,J8620085,ELEMENT FILTER,1.0,PCS,135000.0,Crawler Dumper,Crawler Dumper,Crown
2026-08-15,Aug,8,KUMAI,PLANTATION,RUTIN,ENGINE SYSTEM,CRAWLER DUMPER PD5000TA 322-007,350201-000200-0024,,ENGINE OIL 15W-40,10.0,LTR,323000.0,Pelumas,Pelumas,Oli
2026-08-29,Aug,8,KUMAI,PLANTATION,RUTIN,ENGINE SYSTEM,CRAWLER DUMPER PD5000TA 322-007,350201-000200-0024,,ENGINE OIL 15W-40,5.0,LTR,161500.0,Pelumas,Pelumas,Oli
2026-08-25,Aug,8,KUMAI,PLANTATION,RUTIN,HYDRAULIC SYSTEM,CRAWLER DUMPER PD5000TA 322-007,350201-000200-0071,,HYDRAULIC OIL MEDITRAN SAE 10W,10.0,LTR,270839.8,Pelumas,Pelumas,Oli
2026-08-15,Aug,8,KUMAI,PLANTATION,RUTIN,TRANSMISSION SYSTEM,CRAWLER DUMPER PD5000TA 322-007,350201-000200-0041,,GEAR OIL RORED HDA-90,25.0,Ltr,1136570.5,Pelumas,Pelumas,Oli
2026-08-14,Aug,8,KUMAI,PLANTATION,RUTIN,ENGINE SYSTEM,CRAWLER DUMPER PD5000TA 322-008,331246-020207-0004,3200000034,CF 490 ENGINE FUEL FILTER,1.0,PCS,229100.0,Crawler Dumper,Crawler Dumper,Crown
2026-08-14,Aug,8,KUMAI,PLANTATION,RUTIN,ENGINE SYSTEM,CRAWLER DUMPER PD5000TA 322-008,331246-020207-0005,3200000033,CF490 ENGINE OIL FILTER,1.0,PCS,323500.0,Crawler Dumper,Crawler Dumper,Crown
2026-08-14,Aug,8,KUMAI,PLANTATION,RUTIN,ENGINE SYSTEM,CRAWLER DUMPER PD5000TA 322-008,331246-020307-0001,J8620085,ELEMENT FILTER,1.0,PCS,135000.0,Crawler Dumper,Crawler Dumper,Crown
2026-08-14,Aug,8,KUMAI,PLANTATION,RUTIN,ENGINE SYSTEM,CRAWLER DUMPER PD5000TA 322-008,350201-000200-0024,,ENGINE OIL 15W-40,10.0,LTR,323000.0,Pelumas,Pelumas,Oli
2026-08-19,Aug,8,KUMAI,PLANTATION,RUTIN,ENGINE SYSTEM,CRAWLER DUMPER PD5000TA 322-008,350201-000200-0024,,ENGINE OIL 15W-40,10.0,LTR,323000.0,Pelumas,Pelumas,Oli
2026-08-06,Aug,8,KUMAI,PLANTATION,RUTIN,HYDRAULIC SYSTEM,CRAWLER DUMPER PD5000TA 322-008,350201-000200-0071,,HYDRAULIC OIL MEDITRAN SAE 10W,4.0,LTR,108335.92,Pelumas,Pelumas,Oli
2026-08-01,Aug,8,KUMAI,PLANTATION,RUTIN,TRANSMISSION SYSTEM,CRAWLER DUMPER PD5000TA 322-008,331246-020314-0002,GL-268-11,CLUTCH FRICTION PLATE,2.0,PCS,1074046.0,Crawler Dumper,Crawler Dumper,Crown
2026-08-14,Aug,8,KUMAI,PLANTATION,RUTIN,TRANSMISSION SYSTEM,CRAWLER DUMPER PD5000TA 322-008,350201-000200-0041,,GEAR OIL RORED HDA-90,20.0,Ltr,909256.4,Pelumas,Pelumas,Oli
2026-08-29,Aug,8,KUMAI,PLANTATION,RUTIN,UNDERCARRIAGE SYSTEM,CROWN KD 5000 HZL 322-009,331246-010315-0001,GB/T93-87,RUBBER TRACK 450'90'56,2.0,PCS,38180000.0,Crawler Dumper,Crawler Dumper,Crown
2026-08-27,Aug,8,KUMAI,PLANTATION,RUTIN,UNDERCARRIAGE SYSTEM,CROWN KD 5000 HZL 322-009,331246-020315-0002,,IDLER PD5000TA,2.0,PCS,5122596.52,Crawler Dumper,Crawler Dumper,Crown
2026-08-27,Aug,8,KUMAI,PLANTATION,RUTIN,UNDERCARRIAGE SYSTEM,CROWN KD 5000 HZL 322-009,331246-030315-0003,W3.0-02-56-07-25,DRIVING WHEEL 8*18. SPROCKET,2.0,PCS,1254000.0,Crawler Dumper,Crawler Dumper,Crown
2026-08-27,Aug,8,KUMAI,PLANTATION,RUTIN,UNDERCARRIAGE SYSTEM,CROWN KD 5000 HZL 322-010,331246-030315-0003,W3.0-02-56-07-25,DRIVING WHEEL 8*18. SPROCKET,2.0,PCS,1254000.0,Crawler Dumper,Crawler Dumper,Crown
2026-08-22,Aug,8,KUMAI,PLANTATION,RUTIN,ENGINE SYSTEM,CRAWLER DUMPER PD5000TA 322-011,331246-020207-0004,3200000034,CF 490 ENGINE FUEL FILTER,1.0,PCS,229100.0,Crawler Dumper,Crawler Dumper,Crown
2026-08-22,Aug,8,KUMAI,PLANTATION,RUTIN,ENGINE SYSTEM,CRAWLER DUMPER PD5000TA 322-011,331246-020207-0005,3200000033,CF490 ENGINE OIL FILTER,1.0,PCS,323500.0,Crawler Dumper,Crawler Dumper,Crown
2026-08-22,Aug,8,KUMAI,PLANTATION,RUTIN,ENGINE SYSTEM,CRAWLER DUMPER PD5000TA 322-011,331246-020307-0001,J8620085,ELEMENT FILTER,1.0,PCS,135000.0,Crawler Dumper,Crawler Dumper,Crown
2026-08-07,Aug,8,KUMAI,PLANTATION,RUTIN,ENGINE SYSTEM,CRAWLER DUMPER PD5000TA 322-011,350201-000200-0024,,ENGINE OIL 15W-40,2.0,LTR,64600.0,Pelumas,Pelumas,Oli
2026-08-22,Aug,8,KUMAI,PLANTATION,RUTIN,ENGINE SYSTEM,CRAWLER DUMPER PD5000TA 322-011,350201-000200-0024,,ENGINE OIL 15W-40,10.0,LTR,323000.0,Pelumas,Pelumas,Oli
2026-08-14,Aug,8,KUMAI,PLANTATION,RUTIN,TRANSMISSION SYSTEM,CRAWLER DUMPER PD5000TA 322-011,331246-020314-0002,GL-268-11,CLUTCH FRICTION PLATE,2.0,PCS,1074046.0,Crawler Dumper,Crawler Dumper,Crown
2026-08-22,Aug,8,KUMAI,PLANTATION,RUTIN,TRANSMISSION SYSTEM,CRAWLER DUMPER PD5000TA 322-011,350201-000200-0041,,GEAR OIL RORED HDA-90,25.0,Ltr,1136570.5,Pelumas,Pelumas,Oli
2026-08-20,Aug,8,KUMAI,PLANTATION,RUTIN,UNDERCARRIAGE SYSTEM,CRAWLER DUMPER PD5000TA 322-011,331246-020315-0009,,TRIANGULAR PLATE SHAFT PD5000TA,2.0,PCS,934302.0,Crawler Dumper,Crawler Dumper,Crown
2026-08-25,Aug,8,KUMAI,PLANTATION,RUTIN,AIR SYSTEM,CRAWLER DUMPER PD5000TA 322-012,331253-010202-0001,3200000877,AIR FILTER PD-5000TA,1.0,PCS,372912.0,Crawler Dumper,Crawler Dumper,Hunan Plum
2026-08-03,Aug,8,KUMAI,PLANTATION,RUTIN,ENGINE SYSTEM,CRAWLER DUMPER PD5000TA 322-012,331246-020207-0001,P553004,FUEL FILTER,1.0,PCS,66876.28,Crawler Dumper,Crawler Dumper,Crown
2026-08-03,Aug,8,KUMAI,PLANTATION,RUTIN,ENGINE SYSTEM,CRAWLER DUMPER PD5000TA 322-012,331246-020207-0005,3200000033,CF490 ENGINE OIL FILTER,1.0,PCS,323500.0,Crawler Dumper,Crawler Dumper,Crown
2026-08-03,Aug,8,KUMAI,PLANTATION,RUTIN,ENGINE SYSTEM,CRAWLER DUMPER PD5000TA 322-012,331246-020307-0001,J8620085,ELEMENT FILTER,1.0,PCS,135000.0,Crawler Dumper,Crawler Dumper,Crown
2026-08-03,Aug,8,KUMAI,PLANTATION,RUTIN,ENGINE SYSTEM,CRAWLER DUMPER PD5000TA 322-012,350201-000200-0024,,ENGINE OIL 15W-40,10.0,LTR,323000.0,Pelumas,Pelumas,Oli
2026-08-13,Aug,8,KUMAI,PLANTATION,RUTIN,ENGINE SYSTEM,CRAWLER DUMPER PD5000TA 322-012,350201-000200-0024,,ENGINE OIL 15W-40,10.0,LTR,323000.0,Pelumas,Pelumas,Oli
2026-08-20,Aug,8,KUMAI,PLANTATION,RUTIN,ENGINE SYSTEM,CRAWLER DUMPER PD5000TA 322-012,350201-000200-0024,,ENGINE OIL 15W-40,2.0,LTR,64600.0,Pelumas,Pelumas,Oli
2026-08-22,Aug,8,KUMAI,PLANTATION,RUTIN,ENGINE SYSTEM,CRAWLER DUMPER PD5000TA 322-012,350201-000200-0024,,ENGINE OIL 15W-40,2.0,LTR,64600.0,Pelumas,Pelumas,Oli
2026-08-24,Aug,8,KUMAI,PLANTATION,RUTIN,ENGINE SYSTEM,CRAWLER DUMPER PD5000TA 322-012,350201-000200-0024,,ENGINE OIL 15W-40,5.0,LTR,161500.0,Pelumas,Pelumas,Oli
2026-08-24,Aug,8,KUMAI,PLANTATION,RUTIN,ENGINE SYSTEM,CRAWLER DUMPER PD5000TA 322-012,350201-000200-0024,,ENGINE OIL 15W-40,1.0,LTR,32300.0,Pelumas,Pelumas,Oli
2026-08-27,Aug,8,KUMAI,PLANTATION,RUTIN,ENGINE SYSTEM,CRAWLER DUMPER PD5000TA 322-012,350201-000200-0024,,ENGINE OIL 15W-40,5.0,LTR,161500.0,Pelumas,Pelumas,Oli
2026-08-29,Aug,8,KUMAI,PLANTATION,RUTIN,ENGINE SYSTEM,CRAWLER DUMPER PD5000TA 322-012,350201-000200-0024,,ENGINE OIL 15W-40,2.0,LTR,64600.0,Pelumas,Pelumas,Oli
2026-08-31,Aug,8,KUMAI,PLANTATION,RUTIN,ENGINE SYSTEM,CRAWLER DUMPER PD5000TA 322-012,350201-000200-0024,,ENGINE OIL 15W-40,5.0,LTR,161500.0,Pelumas,Pelumas,Oli
2026-08-21,Aug,8,KUMAI,PLANTATION,RUTIN,HYDRAULIC SYSTEM,CRAWLER DUMPER PD5000TA 322-012,350201-000200-0071,,HYDRAULIC OIL MEDITRAN SAE 10W,15.0,LTR,406259.7,Pelumas,Pelumas,Oli
2026-08-06,Aug,8,KUMAI,PLANTATION,RUTIN,TRANSMISSION SYSTEM,CRAWLER DUMPER PD5000TA 322-012,331246-020314-0002,GL-268-11,CLUTCH FRICTION PLATE,2.0,PCS,1074046.0,Crawler Dumper,Crawler Dumper,Crown
2026-08-10,Aug,8,KUMAI,PLANTATION,RUTIN,ELECTRICAL SYSTEM,CARWLER DUMPER PD5000TA 322-013,340501-000300-0075,,BATTERY 12V-70A,2.0,PCS,2079307.6,Umum Kendaraan,Umum Kendaraan,Umum Kendaraan
2026-08-11,Aug,8,KUMAI,PLANTATION,RUTIN,ENGINE SYSTEM,CARWLER DUMPER PD5000TA 322-013,350201-000200-0024,,ENGINE OIL 15W-40,10.0,LTR,323000.0,Pelumas,Pelumas,Oli
2026-08-27,Aug,8,KUMAI,PLANTATION,RUTIN,ENGINE SYSTEM,CARWLER DUMPER PD5000TA 322-013,370502-000300-0597,62301-20035,WATER COOLANT @5LTR,4.0,Gln,300000.0,Barang & Alat Bengkel,Barang & Alat Bengkel,Work Shop
2026-08-12,Aug,8,KUMAI,PLANTATION,RUTIN,TRANSMISSION SYSTEM,CARWLER DUMPER PD5000TA 322-013,350201-000200-0041,,GEAR OIL RORED HDA-90,5.0,Ltr,227314.1,Pelumas,Pelumas,Oli
2026-08-26,Aug,8,KUMAI,PLANTATION,RUTIN,ENGINE SYSTEM,CRAWLER DUMPER PD5000TA 322-014,331246-020207-0001,P553004,FUEL FILTER,1.0,PCS,66876.28,Crawler Dumper,Crawler Dumper,Crown
2026-08-26,Aug,8,KUMAI,PLANTATION,RUTIN,ENGINE SYSTEM,CRAWLER DUMPER PD5000TA 322-014,331246-020207-0005,3200000033,CF490 ENGINE OIL FILTER,1.0,PCS,323500.0,Crawler Dumper,Crawler Dumper,Crown
2026-08-26,Aug,8,KUMAI,PLANTATION,RUTIN,ENGINE SYSTEM,CRAWLER DUMPER PD5000TA 322-014,331246-020307-0001,J8620085,ELEMENT FILTER,1.0,PCS,135000.0,Crawler Dumper,Crawler Dumper,Crown
2026-08-11,Aug,8,KUMAI,PLANTATION,RUTIN,ENGINE SYSTEM,CRAWLER DUMPER PD5000TA 322-014,350201-000200-0024,,ENGINE OIL 15W-40,10.0,LTR,323000.0,Pelumas,Pelumas,Oli
2026-08-26,Aug,8,KUMAI,PLANTATION,RUTIN,ENGINE SYSTEM,CRAWLER DUMPER PD5000TA 322-014,350201-000200-0024,,ENGINE OIL 15W-40,10.0,LTR,323000.0,Pelumas,Pelumas,Oli
2026-08-27,Aug,8,KUMAI,PLANTATION,RUTIN,ENGINE SYSTEM,CRAWLER DUMPER PD5000TA 322-014,350201-000200-0024,,ENGINE OIL 15W-40,5.0,LTR,161500.0,Pelumas,Pelumas,Oli
2026-08-31,Aug,8,KUMAI,PLANTATION,RUTIN,ENGINE SYSTEM,CRAWLER DUMPER PD5000TA 322-014,350201-000200-0024,,ENGINE OIL 15W-40,5.0,LTR,161500.0,Pelumas,Pelumas,Oli
2026-08-26,Aug,8,KUMAI,PLANTATION,RUTIN,ENGINE SYSTEM,CRAWLER DUMPER PD5000TA 322-014,370502-000300-0597,62301-20035,WATER COOLANT @5LTR,2.0,Gln,150000.0,Barang & Alat Bengkel,Barang & Alat Bengkel,Work Shop
2026-08-24,Aug,8,KUMAI,PLANTATION,RUTIN,HYDRAULIC SYSTEM,CRAWLER DUMPER PD5000TA 322-014,350201-000200-0071,,HYDRAULIC OIL MEDITRAN SAE 10W,5.0,LTR,135419.9,Pelumas,Pelumas,Oli
2026-08-11,Aug,8,KUMAI,PLANTATION,RUTIN,TRANSMISSION SYSTEM,CRAWLER DUMPER PD5000TA 322-014,340330-010314-0002,31230-36150,BEARING RELEASE,1.0,PCS,451525.0,Truck /Bus,Truck /Bus,Toyota
2026-08-26,Aug,8,KUMAI,PLANTATION,RUTIN,TRANSMISSION SYSTEM,CRAWLER DUMPER PD5000TA 322-014,350201-000200-0041,,GEAR OIL RORED HDA-90,20.0,Ltr,909256.4,Pelumas,Pelumas,Oli
2026-08-26,Aug,8,KUMAI,PLANTATION,RUTIN,UNDERCARRIAGE SYSTEM,CRAWLER DUMPER PD5000TA 322-014,331246-020315-0003,,TOP ROLLER PD5000TA,2.0,PCS,3384046.0,Crawler Dumper,Crawler Dumper,Crown
2026-08-11,Aug,8,KUMAI,PLANTATION,RUTIN,UNDERCARRIAGE SYSTEM,CRAWLER DUMPER PD5000TA 322-014,331246-020315-0006,3010400001,RUBBER TRACK,1.0,SET,34070307.9,Crawler Dumper,Crawler Dumper,Crown
2026-08-06,Aug,8,KUMAI,PLANTATION,RUTIN,ENGINE SYSTEM,CRAWLER DUMPER PD5000TA 322-015,331253-010307-0006,3100400026,WATER TEMPERATURE GAUGE PD-5000TA,1.0,PCS,191787.0,Crawler Dumper,Crawler Dumper,Hunan Plum
2026-08-08,Aug,8,KUMAI,PLANTATION,RUTIN,ENGINE SYSTEM,CRAWLER DUMPER PD5000TA 322-016,331246-020207-0001,P553004,FUEL FILTER,1.0,PCS,66876.28,Crawler Dumper,Crawler Dumper,Crown
2026-08-08,Aug,8,KUMAI,PLANTATION,RUTIN,ENGINE SYSTEM,CRAWLER DUMPER PD5000TA 322-016,331246-020207-0005,3200000033,CF490 ENGINE OIL FILTER,1.0,PCS,323500.0,Crawler Dumper,Crawler Dumper,Crown
2026-08-08,Aug,8,KUMAI,PLANTATION,RUTIN,ENGINE SYSTEM,CRAWLER DUMPER PD5000TA 322-016,331246-020307-0001,J8620085,ELEMENT FILTER,1.0,PCS,135000.0,Crawler Dumper,Crawler Dumper,Crown
2026-08-01,Aug,8,KUMAI,PLANTATION,RUTIN,ENGINE SYSTEM,CRAWLER DUMPER PD5000TA 322-016,331246-020307-0015,490Q-01004A,"GASKET, CYLINDER HEAD",1.0,PCS,321773.0,Crawler Dumper,Crawler Dumper,Crown
2026-08-04,Aug,8,KUMAI,PLANTATION,RUTIN,ENGINE SYSTEM,CRAWLER DUMPER PD5000TA 322-016,350201-000200-0024,,ENGINE OIL 15W-40,5.0,LTR,161500.0,Pelumas,Pelumas,Oli
2026-08-06,Aug,8,KUMAI,PLANTATION,RUTIN,ENGINE SYSTEM,CRAWLER DUMPER PD5000TA 322-016,350201-000200-0024,,ENGINE OIL 15W-40,5.0,LTR,161500.0,Pelumas,Pelumas,Oli
2026-08-08,Aug,8,KUMAI,PLANTATION,RUTIN,ENGINE SYSTEM,CRAWLER DUMPER PD5000TA 322-016,350201-000200-0024,,ENGINE OIL 15W-40,10.0,LTR,323000.0,Pelumas,Pelumas,Oli
2026-08-26,Aug,8,KUMAI,PLANTATION,RUTIN,ENGINE SYSTEM,CRAWLER DUMPER PD5000TA 322-016,350201-000200-0024,,ENGINE OIL 15W-40,10.0,LTR,323000.0,Pelumas,Pelumas,Oli
2026-08-29,Aug,8,KUMAI,PLANTATION,RUTIN,ENGINE SYSTEM,CRAWLER DUMPER PD5000TA 322-016,350201-000200-0024,,ENGINE OIL 15W-40,1.0,LTR,32300.0,Pelumas,Pelumas,Oli
2026-08-24,Aug,8,KUMAI,PLANTATION,RUTIN,ENGINE SYSTEM,CRAWLER DUMPER PD5000TA 322-016,350201-000200-0028,,ENGINE OIL MEDITRAN S SAE 30,5.0,LTR,175665.55,Pelumas,Pelumas,Oli
2026-08-30,Aug,8,KUMAI,PLANTATION,RUTIN,ENGINE SYSTEM,CRAWLER DUMPER PD5000TA 322-016,370502-000300-0597,62301-20035,WATER COOLANT @5LTR,1.0,Gln,75000.0,Barang & Alat Bengkel,Barang & Alat Bengkel,Work Shop
2026-08-15,Aug,8,KUMAI,PLANTATION,RUTIN,HYDRAULIC SYSTEM,CRAWLER DUMPER PD5000TA 322-016,350201-000200-0071,,HYDRAULIC OIL MEDITRAN SAE 10W,5.0,LTR,135419.9,Pelumas,Pelumas,Oli
2026-08-16,Aug,8,KUMAI,PLANTATION,RUTIN,TRANSMISSION SYSTEM,CRAWLER DUMPER PD5000TA 322-016,331246-020314-0002,GL-268-11,CLUTCH FRICTION PLATE,2.0,PCS,1074046.0,Crawler Dumper,Crawler Dumper,Crown
2026-08-30,Aug,8,KUMAI,PLANTATION,RUTIN,TRANSMISSION SYSTEM,CRAWLER DUMPER PD5000TA 322-016,331246-020314-0002,GL-268-11,CLUTCH FRICTION PLATE,2.0,PCS,1074046.0,Crawler Dumper,Crawler Dumper,Crown
2026-08-06,Aug,8,KUMAI,PLANTATION,RUTIN,UNDERCARRIAGE SYSTEM,CRAWLER DUMPER PD5000TA 322-016,350202-000200-0001,3207-1602,GREASE,15.0,Kg,725025.0,Pelumas,Pelumas,Grease
2026-08-27,Aug,8,KUMAI,PLANTATION,RUTIN,ENGINE SYSTEM,CRAWLER DUMPET PD-5000 TA 322-018,331246-030307-0004,,V-BELT B72,3.0,PCS,261000.0,Crawler Dumper,Crawler Dumper,Crown
2026-08-21,Aug,8,KUMAI,PLANTATION,RUTIN,ENGINE SYSTEM,CRAWLER DUMPET PD-5000 TA 322-018,370502-000300-0597,62301-20035,WATER COOLANT @5LTR,1.0,Gln,75000.0,Barang & Alat Bengkel,Barang & Alat Bengkel,Work Shop
2026-08-22,Aug,8,KUMAI,PLANTATION,RUTIN,ENGINE SYSTEM,CRAWLER DUMPET PD-5000 TA 322-018,370502-000300-0597,62301-20035,WATER COOLANT @5LTR,1.0,Gln,75000.0,Barang & Alat Bengkel,Barang & Alat Bengkel,Work Shop
2026-08-12,Aug,8,KUMAI,PLANTATION,RUTIN,TRANSMISSION SYSTEM,CRAWLER DUMPET PD-5000 TA 322-018,331246-020314-0001,688911,BEARING RELEASE,1.0,PCS,327023.0,Crawler Dumper,Crawler Dumper,Crown
2026-08-10,Aug,8,KUMAI,PLANTATION,RUTIN,TRANSMISSION SYSTEM,CRAWLER DUMPET PD-5000 TA 322-018,331246-020314-0002,GL-268-11,CLUTCH FRICTION PLATE,2.0,PCS,1074046.0,Crawler Dumper,Crawler Dumper,Crown
2026-08-06,Aug,8,KUMAI,PLANTATION,RUTIN,AIR SYSTEM,CRAWLER DUMPER PD-5000 TA 322-019,331253-010202-0001,3200000877,AIR FILTER PD-5000TA,1.0,PCS,372912.0,Crawler Dumper,Crawler Dumper,Hunan Plum
2026-08-04,Aug,8,KUMAI,PLANTATION,RUTIN,ENGINE SYSTEM,CRAWLER DUMPER PD-5000 TA 322-019,331246-020207-0001,P553004,FUEL FILTER,1.0,PCS,66876.28,Crawler Dumper,Crawler Dumper,Crown
2026-08-04,Aug,8,KUMAI,PLANTATION,RUTIN,ENGINE SYSTEM,CRAWLER DUMPER PD-5000 TA 322-019,331246-020207-0005,3200000033,CF490 ENGINE OIL FILTER,1.0,PCS,323500.0,Crawler Dumper,Crawler Dumper,Crown
2026-08-04,Aug,8,KUMAI,PLANTATION,RUTIN,ENGINE SYSTEM,CRAWLER DUMPER PD-5000 TA 322-019,331246-020307-0001,J8620085,ELEMENT FILTER,1.0,PCS,135000.0,Crawler Dumper,Crawler Dumper,Crown
2026-08-04,Aug,8,KUMAI,PLANTATION,RUTIN,ENGINE SYSTEM,CRAWLER DUMPER PD-5000 TA 322-019,331246-020307-0003,CF490 ,FAN PD5000TA,1.0,PCS,376000.0,Crawler Dumper,Crawler Dumper,Crown
2026-08-05,Aug,8,KUMAI,PLANTATION,RUTIN,ENGINE SYSTEM,CRAWLER DUMPER PD-5000 TA 322-019,350201-000200-0024,,ENGINE OIL 15W-40,10.0,LTR,323000.0,Pelumas,Pelumas,Oli
2026-08-10,Aug,8,KUMAI,PLANTATION,RUTIN,ENGINE SYSTEM,CRAWLER DUMPER PD-5000 TA 322-019,350201-000200-0024,,ENGINE OIL 15W-40,1.0,LTR,32300.0,Pelumas,Pelumas,Oli
2026-08-25,Aug,8,KUMAI,PLANTATION,RUTIN,ENGINE SYSTEM,CRAWLER DUMPER PD-5000 TA 322-019,370502-000300-0597,62301-20035,WATER COOLANT @5LTR,1.0,Gln,75000.0,Barang & Alat Bengkel,Barang & Alat Bengkel,Work Shop
2026-08-05,Aug,8,KUMAI,PLANTATION,RUTIN,HYDRAULIC SYSTEM,CRAWLER DUMPER PD-5000 TA 322-019,350201-000200-0071,,HYDRAULIC OIL MEDITRAN SAE 10W,10.0,LTR,270839.8,Pelumas,Pelumas,Oli
2026-08-16,Aug,8,KUMAI,PLANTATION,RUTIN,TRANSMISSION SYSTEM,CRAWLER DUMPER PD-5000 TA 322-019,331246-020314-0002,GL-268-11,CLUTCH FRICTION PLATE,2.0,PCS,1074046.0,Crawler Dumper,Crawler Dumper,Crown
2026-08-15,Aug,8,KUMAI,PLANTATION,RUTIN,TRANSMISSION SYSTEM,CRAWLER DUMPER PD-5000 TA 322-019,350201-000200-0041,,GEAR OIL RORED HDA-90,23.0,Ltr,1045644.86,Pelumas,Pelumas,Oli
2026-08-21,Aug,8,KUMAI,PLANTATION,RUTIN,TRANSMISSION SYSTEM,CRAWLER DUMPER PD-5000 TA 322-019,350201-000200-0041,,GEAR OIL RORED HDA-90,1.0,Ltr,45462.82,Pelumas,Pelumas,Oli
2026-08-06,Aug,8,KUMAI,PLANTATION,RUTIN,UNDERCARRIAGE SYSTEM,CRAWLER DUMPER PD-5000 TA 322-019,350202-000200-0001,3207-1602,GREASE,15.0,Kg,725025.0,Pelumas,Pelumas,Grease
2026-08-16,Aug,8,KUMAI,PLANTATION,RUTIN,UNDERCARRIAGE SYSTEM,CRAWLER DUMPER PD-5000 TA 322-019,370502-000300-0419,,"NEEPLE GREASE 3/8""",4.0,PCS,12000.0,Barang & Alat Bengkel,Barang & Alat Bengkel,Work Shop
2026-08-18,Aug,8,KUMAI,PLANTATION,RUTIN,ENGINE SYSTEM,CRAWLER DUMPER PD-5000 TA 322-020,331246-020207-0004,3200000034,CF 490 ENGINE FUEL FILTER,1.0,PCS,229100.0,Crawler Dumper,Crawler Dumper,Crown
2026-08-18,Aug,8,KUMAI,PLANTATION,RUTIN,ENGINE SYSTEM,CRAWLER DUMPER PD-5000 TA 322-020,331246-020207-0005,3200000033,CF490 ENGINE OIL FILTER,1.0,PCS,323500.0,Crawler Dumper,Crawler Dumper,Crown
2026-08-18,Aug,8,KUMAI,PLANTATION,RUTIN,ENGINE SYSTEM,CRAWLER DUMPER PD-5000 TA 322-020,331246-020307-0001,J8620085,ELEMENT FILTER,1.0,PCS,135000.0,Crawler Dumper,Crawler Dumper,Crown
2026-08-18,Aug,8,KUMAI,PLANTATION,RUTIN,ENGINE SYSTEM,CRAWLER DUMPER PD-5000 TA 322-020,350201-000200-0024,,ENGINE OIL 15W-40,10.0,LTR,323000.0,Pelumas,Pelumas,Oli
2026-08-18,Aug,8,KUMAI,PLANTATION,RUTIN,TRANSMISSION SYSTEM,CRAWLER DUMPER PD-5000 TA 322-020,350201-000200-0041,,GEAR OIL RORED HDA-90,20.0,Ltr,909256.4,Pelumas,Pelumas,Oli
2026-08-07,Aug,8,KUMAI,PLANTATION,NON RUTIN,ENGINE SYSTEM,CRAWLER DUMPER PD-5000 TA 322-020,331246-030103-0001,RPF 5660,V-BELT RPF 5660,1.0,PCS,152000.0,Crawler Dumper,Crawler Dumper,Crown
2026-08-09,Aug,8,KUMAI,PLANTATION,RUTIN,HYDRAULIC SYSTEM,CRAWLER DUMPER PD - 5000TA 322-021,350201-000200-0071,,HYDRAULIC OIL MEDITRAN SAE 10W,5.0,LTR,135419.9,Pelumas,Pelumas,Oli
2026-08-16,Aug,8,KUMAI,PLANTATION,RUTIN,TRANSMISSION SYSTEM,CRAWLER DUMPER PD - 5000TA 322-021,331246-020314-0002,GL-268-11,CLUTCH FRICTION PLATE,2.0,PCS,1074046.0,Crawler Dumper,Crawler Dumper,Crown
2026-08-11,Aug,8,KUMAI,PLANTATION,RUTIN,TRANSMISSION SYSTEM,CRAWLER DUMPER PD - 5000TA 322-021,350201-000200-0041,,GEAR OIL RORED HDA-90,5.0,Ltr,227314.1,Pelumas,Pelumas,Oli
2026-08-21,Aug,8,KUMAI,PLANTATION,RUTIN,TRANSMISSION SYSTEM,CRAWLER DUMPER PD - 5000TA 322-021,350201-000200-0041,,GEAR OIL RORED HDA-90,2.0,Ltr,90925.64,Pelumas,Pelumas,Oli
2026-08-06,Aug,8,KUMAI,PLANTATION,RUTIN,UNDERCARRIAGE SYSTEM,CRAWLER DUMPER PD - 5000TA 322-021,350202-000200-0001,3207-1602,GREASE,15.0,Kg,725025.0,Pelumas,Pelumas,Grease
2026-08-16,Aug,8,KUMAI,PLANTATION,RUTIN,UNDERCARRIAGE SYSTEM,CRAWLER DUMPER PD - 5000TA 322-021,370502-000300-0419,,"NEEPLE GREASE 3/8""",4.0,PCS,12000.0,Barang & Alat Bengkel,Barang & Alat Bengkel,Work Shop
2026-08-19,Aug,8,KUMAI,PLANTATION,RUTIN,AIR SYSTEM,CRAWLER DUMPER PD - 5000TA 322-022,331253-010202-0001,3200000877,AIR FILTER PD-5000TA,1.0,PCS,372912.0,Crawler Dumper,Crawler Dumper,Hunan Plum
2026-08-21,Aug,8,KUMAI,PLANTATION,RUTIN,ENGINE SYSTEM,CRAWLER DUMPER PD - 5000TA 322-022,350201-000200-0024,,ENGINE OIL 15W-40,2.0,LTR,64600.0,Pelumas,Pelumas,Oli
2026-08-22,Aug,8,KUMAI,PLANTATION,RUTIN,ENGINE SYSTEM,CRAWLER DUMPER PD - 5000TA 322-022,350201-000200-0024,,ENGINE OIL 15W-40,2.0,LTR,64600.0,Pelumas,Pelumas,Oli
2026-08-19,Aug,8,KUMAI,PLANTATION,RUTIN,ENGINE SYSTEM,CRAWLER DUMPER PD - 5000TA 322-022,370502-000300-0597,62301-20035,WATER COOLANT @5LTR,1.0,Gln,75000.0,Barang & Alat Bengkel,Barang & Alat Bengkel,Work Shop
2026-08-19,Aug,8,KUMAI,PLANTATION,RUTIN,UNDERCARRIAGE SYSTEM,CRAWLER DUMPER PD - 5000TA 322-022,331246-020315-0003,,TOP ROLLER PD5000TA,1.0,PCS,1692023.0,Crawler Dumper,Crawler Dumper,Crown
2026-08-01,Aug,8,KUMAI,PLANTATION,RUTIN,ENGINE SYSTEM,CRAWLER DUMPER PD - 5000TA 322-023,331246-020207-0001,P553004,FUEL FILTER,1.0,PCS,66876.28,Crawler Dumper,Crawler Dumper,Crown
2026-08-01,Aug,8,KUMAI,PLANTATION,RUTIN,ENGINE SYSTEM,CRAWLER DUMPER PD - 5000TA 322-023,331246-020207-0005,3200000033,CF490 ENGINE OIL FILTER,1.0,PCS,323500.0,Crawler Dumper,Crawler Dumper,Crown
2026-08-01,Aug,8,KUMAI,PLANTATION,RUTIN,ENGINE SYSTEM,CRAWLER DUMPER PD - 5000TA 322-023,331246-020307-0001,J8620085,ELEMENT FILTER,1.0,PCS,135000.0,Crawler Dumper,Crawler Dumper,Crown
2026-08-01,Aug,8,KUMAI,PLANTATION,RUTIN,ENGINE SYSTEM,CRAWLER DUMPER PD - 5000TA 322-023,350201-000200-0024,,ENGINE OIL 15W-40,10.0,LTR,323000.0,Pelumas,Pelumas,Oli
2026-08-27,Aug,8,KUMAI,PLANTATION,RUTIN,ENGINE SYSTEM,CRAWLER DUMPER PD - 5000TA 322-023,370502-000300-0597,62301-20035,WATER COOLANT @5LTR,1.0,Gln,75000.0,Barang & Alat Bengkel,Barang & Alat Bengkel,Work Shop
2026-08-27,Aug,8,KUMAI,PLANTATION,RUTIN,ENGINE SYSTEM,CRAWLER DUMPER PD - 5000TA 322-023,370502-000300-0597,62301-20035,WATER COOLANT @5LTR,1.0,Gln,75000.0,Barang & Alat Bengkel,Barang & Alat Bengkel,Work Shop
2026-08-24,Aug,8,KUMAI,PLANTATION,RUTIN,ENGINE SYSTEM,CRAWLER DUMPER PD - 5000TA 322-024,331246-020207-0004,3200000034,CF 490 ENGINE FUEL FILTER,1.0,PCS,229100.0,Crawler Dumper,Crawler Dumper,Crown
2026-08-24,Aug,8,KUMAI,PLANTATION,RUTIN,ENGINE SYSTEM,CRAWLER DUMPER PD - 5000TA 322-024,331246-020207-0005,3200000033,CF490 ENGINE OIL FILTER,1.0,PCS,323500.0,Crawler Dumper,Crawler Dumper,Crown
2026-08-24,Aug,8,KUMAI,PLANTATION,RUTIN,ENGINE SYSTEM,CRAWLER DUMPER PD - 5000TA 322-024,331246-020307-0001,J8620085,ELEMENT FILTER,1.0,PCS,135000.0,Crawler Dumper,Crawler Dumper,Crown
2026-08-19,Aug,8,KUMAI,PLANTATION,RUTIN,ENGINE SYSTEM,CRAWLER DUMPER PD - 5000TA 322-024,350201-000200-0024,,ENGINE OIL 15W-40,5.0,LTR,161500.0,Pelumas,Pelumas,Oli
2026-08-24,Aug,8,KUMAI,PLANTATION,RUTIN,ENGINE SYSTEM,CRAWLER DUMPER PD - 5000TA 322-024,350201-000200-0024,,ENGINE OIL 15W-40,10.0,LTR,323000.0,Pelumas,Pelumas,Oli
2026-08-25,Aug,8,KUMAI,PLANTATION,RUTIN,ENGINE SYSTEM,CRAWLER DUMPER PD - 5000TA 322-024,350201-000200-0024,,ENGINE OIL 15W-40,5.0,LTR,161500.0,Pelumas,Pelumas,Oli
2026-08-22,Aug,8,KUMAI,PLANTATION,RUTIN,ENGINE SYSTEM,CRAWLER DUMPER PD - 5000TA 322-024,370502-000300-0597,62301-20035,WATER COOLANT @5LTR,1.0,Gln,75000.0,Barang & Alat Bengkel,Barang & Alat Bengkel,Work Shop
2026-08-10,Aug,8,KUMAI,PLANTATION,RUTIN,HYDRAULIC SYSTEM,CRAWLER DUMPER PD - 5000TA 322-024,350201-000200-0071,,HYDRAULIC OIL MEDITRAN SAE 10W,5.0,LTR,135419.9,Pelumas,Pelumas,Oli
2026-08-21,Aug,8,KUMAI,PLANTATION,RUTIN,HYDRAULIC SYSTEM,CRAWLER DUMPER PD - 5000TA 322-024,350201-000200-0071,,HYDRAULIC OIL MEDITRAN SAE 10W,5.0,LTR,135419.9,Pelumas,Pelumas,Oli
2026-08-24,Aug,8,KUMAI,PLANTATION,RUTIN,TRANSMISSION SYSTEM,CRAWLER DUMPER PD - 5000TA 322-024,350201-000200-0041,,GEAR OIL RORED HDA-90,20.0,Ltr,909256.4,Pelumas,Pelumas,Oli
2026-08-31,Aug,8,KUMAI,PLANTATION,RUTIN,UNDERCARRIAGE SYSTEM,CRAWLER DUMPER PD - 5000TA 322-024,350202-000200-0001,3207-1602,GREASE,15.0,Kg,725025.0,Pelumas,Pelumas,Grease
2026-08-11,Aug,8,KUMAI,PLANTATION,RUTIN,ENGINE SYSTEM,CRAWLER DUMPER PD-5000 322-025,340307-000300-0001,SYS 08001,HOUR METER ANALOG,1.0,PCS,265000.0,Truck /Bus,Truck /Bus,Hino
2026-08-31,Aug,8,KUMAI,PLANTATION,RUTIN,ENGINE SYSTEM,CRAWLER DUMPER PD-5000 322-025,370502-000300-0597,62301-20035,WATER COOLANT @5LTR,1.0,Gln,75000.0,Barang & Alat Bengkel,Barang & Alat Bengkel,Work Shop
2026-08-29,Aug,8,KUMAI,PLANTATION,RUTIN,UNDERCARRIAGE SYSTEM,CRAWLER DUMPER PD-5000 322-025,331246-020315-0002,,IDLER PD5000TA,2.0,PCS,5122596.52,Crawler Dumper,Crawler Dumper,Crown
2026-08-29,Aug,8,KUMAI,PLANTATION,RUTIN,UNDERCARRIAGE SYSTEM,CRAWLER DUMPER PD-5000 322-025,331246-020315-0023,,SPROKET PD5000TA 20 SPLINE 52.5,2.0,PCS,2083423.82,Crawler Dumper,Crawler Dumper,Crown
2026-08-20,Aug,8,KUMAI,PLANTATION,RUTIN,ENGINE SYSTEM,CRAWLER DUMPER PD-5000 322-026,331246-030307-0004,,V-BELT B72,3.0,PCS,261000.0,Crawler Dumper,Crawler Dumper,Crown
2026-08-24,Aug,8,KUMAI,PLANTATION,RUTIN,ENGINE SYSTEM,CRAWLER DUMPER PD-5000 322-026,370502-000300-0597,62301-20035,WATER COOLANT @5LTR,1.0,Gln,75000.0,Barang & Alat Bengkel,Barang & Alat Bengkel,Work Shop
2026-08-18,Aug,8,KUMAI,PLANTATION,RUTIN,UNDERCARRIAGE SYSTEM,CRAWLER DUMPER PD-5000 322-026,331246-020315-0023,,SPROKET PD5000TA 20 SPLINE 52.5,2.0,PCS,2083423.82,Crawler Dumper,Crawler Dumper,Crown
2026-08-27,Aug,8,KUMAI,PLANTATION,RUTIN,ENGINE SYSTEM,CRAWLER DUMPER PD-5000 322-027,331246-020207-0001,P553004,FUEL FILTER,1.0,PCS,66876.28,Crawler Dumper,Crawler Dumper,Crown
2026-08-27,Aug,8,KUMAI,PLANTATION,RUTIN,ENGINE SYSTEM,CRAWLER DUMPER PD-5000 322-027,331246-020207-0005,3200000033,CF490 ENGINE OIL FILTER,1.0,PCS,323500.0,Crawler Dumper,Crawler Dumper,Crown
2026-08-27,Aug,8,KUMAI,PLANTATION,RUTIN,ENGINE SYSTEM,CRAWLER DUMPER PD-5000 322-027,331246-020307-0001,J8620085,ELEMENT FILTER,1.0,PCS,135000.0,Crawler Dumper,Crawler Dumper,Crown
2026-08-26,Aug,8,KUMAI,PLANTATION,RUTIN,ENGINE SYSTEM,CRAWLER DUMPER PD-5000 322-027,350201-000200-0024,,ENGINE OIL 15W-40,10.0,LTR,323000.0,Pelumas,Pelumas,Oli
2026-08-09,Aug,8,KUMAI,PLANTATION,RUTIN,HYDRAULIC SYSTEM,CRAWLER DUMPER PD-5000 322-027,350201-000200-0071,,HYDRAULIC OIL MEDITRAN SAE 10W,3.0,LTR,81251.94,Pelumas,Pelumas,Oli
2026-08-12,Aug,8,KUMAI,PLANTATION,RUTIN,TRANSMISSION SYSTEM,CRAWLER DUMPER PD-5000 322-027,350201-000200-0041,,GEAR OIL RORED HDA-90,5.0,Ltr,227314.1,Pelumas,Pelumas,Oli
2026-08-26,Aug,8,KUMAI,PLANTATION,RUTIN,TRANSMISSION SYSTEM,CRAWLER DUMPER PD-5000 322-027,350201-000200-0041,,GEAR OIL RORED HDA-90,20.0,Ltr,909256.4,Pelumas,Pelumas,Oli
2026-08-06,Aug,8,KUMAI,PLANTATION,RUTIN,UNDERCARRIAGE SYSTEM,CRAWLER DUMPER PD-5000 322-027,350202-000200-0001,3207-1602,GREASE,15.0,Kg,725025.0,Pelumas,Pelumas,Grease
2026-08-21,Aug,8,KUMAI,PLANTATION,RUTIN,ENGINE SYSTEM,CRAWLER DUMPER PD-5000 322-028,331246-030103-0001,RPF 5660,V-BELT RPF 5660,3.0,PCS,456000.0,Crawler Dumper,Crawler Dumper,Crown
2026-08-05,Aug,8,KUMAI,PLANTATION,RUTIN,ENGINE SYSTEM,CRAWLER DUMPER PD-5000 322-028,350201-000200-0024,,ENGINE OIL 15W-40,5.0,LTR,161500.0,Pelumas,Pelumas,Oli
2026-08-22,Aug,8,KUMAI,PLANTATION,RUTIN,TRANSMISSION SYSTEM,CRAWLER DUMPER PD-5000 322-028,350201-000200-0041,,GEAR OIL RORED HDA-90,2.0,Ltr,90925.64,Pelumas,Pelumas,Oli
2026-08-06,Aug,8,KUMAI,PLANTATION,RUTIN,UNDERCARRIAGE SYSTEM,CRAWLER DUMPER PD-5000 322-028,350202-000200-0001,3207-1602,GREASE,15.0,Kg,725025.0,Pelumas,Pelumas,Grease
2026-08-16,Aug,8,KUMAI,PLANTATION,RUTIN,UNDERCARRIAGE SYSTEM,CRAWLER DUMPER PD-5000 322-028,370502-000300-0419,,"NEEPLE GREASE 3/8""",4.0,PCS,12000.0,Barang & Alat Bengkel,Barang & Alat Bengkel,Work Shop
2026-08-05,Aug,8,KUMAI,PLANTATION,RUTIN,ENGINE SYSTEM,CRAWLER DUMPER PD-5000 322-029,350201-000200-0024,,ENGINE OIL 15W-40,5.0,LTR,161500.0,Pelumas,Pelumas,Oli
2026-08-07,Aug,8,KUMAI,PLANTATION,RUTIN,ENGINE SYSTEM,CRAWLER DUMPER PD-5000 322-029,350201-000200-0024,,ENGINE OIL 15W-40,2.0,LTR,64600.0,Pelumas,Pelumas,Oli
2026-08-10,Aug,8,KUMAI,PLANTATION,RUTIN,ENGINE SYSTEM,CRAWLER DUMPER PD-5000 322-029,350201-000200-0024,,ENGINE OIL 15W-40,2.0,LTR,64600.0,Pelumas,Pelumas,Oli
2026-08-11,Aug,8,KUMAI,PLANTATION,RUTIN,ENGINE SYSTEM,CRAWLER DUMPER PD-5000 322-029,350201-000200-0024,,ENGINE OIL 15W-40,5.0,LTR,161500.0,Pelumas,Pelumas,Oli
2026-08-12,Aug,8,KUMAI,PLANTATION,RUTIN,ENGINE SYSTEM,CRAWLER DUMPER PD-5000 322-029,350201-000200-0024,,ENGINE OIL 15W-40,2.0,LTR,64600.0,Pelumas,Pelumas,Oli
2026-08-11,Aug,8,KUMAI,PLANTATION,RUTIN,HYDRAULIC SYSTEM,CRAWLER DUMPER PD-5000 322-029,350201-000200-0071,,HYDRAULIC OIL MEDITRAN SAE 10W,3.0,LTR,81251.94,Pelumas,Pelumas,Oli
2026-08-06,Aug,8,KUMAI,PLANTATION,RUTIN,UNDERCARRIAGE SYSTEM,CRAWLER DUMPER PD-5000 322-029,350202-000200-0001,3207-1602,GREASE,15.0,Kg,725025.0,Pelumas,Pelumas,Grease
2026-08-16,Aug,8,KUMAI,PLANTATION,RUTIN,UNDERCARRIAGE SYSTEM,CRAWLER DUMPER PD-5000 322-029,370502-000300-0419,,"NEEPLE GREASE 3/8""",4.0,PCS,12000.0,Barang & Alat Bengkel,Barang & Alat Bengkel,Work Shop
2026-08-06,Aug,8,KUMAI,PLANTATION,RUTIN,ENGINE SYSTEM,CRAWLER DUMPER PD-5000 322-030,331246-020207-0001,P553004,FUEL FILTER,1.0,PCS,66876.28,Crawler Dumper,Crawler Dumper,Crown
2026-08-14,Aug,8,KUMAI,PLANTATION,RUTIN,ENGINE SYSTEM,CRAWLER DUMPER PD-5000 322-030,331246-020207-0004,3200000034,CF 490 ENGINE FUEL FILTER,1.0,PCS,229100.0,Crawler Dumper,Crawler Dumper,Crown
2026-08-06,Aug,8,KUMAI,PLANTATION,RUTIN,ENGINE SYSTEM,CRAWLER DUMPER PD-5000 322-030,331246-020207-0005,3200000033,CF490 ENGINE OIL FILTER,1.0,PCS,323500.0,Crawler Dumper,Crawler Dumper,Crown
2026-08-14,Aug,8,KUMAI,PLANTATION,RUTIN,ENGINE SYSTEM,CRAWLER DUMPER PD-5000 322-030,331246-020207-0005,3200000033,CF490 ENGINE OIL FILTER,1.0,PCS,323500.0,Crawler Dumper,Crawler Dumper,Crown
2026-08-06,Aug,8,KUMAI,PLANTATION,RUTIN,ENGINE SYSTEM,CRAWLER DUMPER PD-5000 322-030,331246-020307-0001,J8620085,ELEMENT FILTER,1.0,PCS,135000.0,Crawler Dumper,Crawler Dumper,Crown
2026-08-14,Aug,8,KUMAI,PLANTATION,RUTIN,ENGINE SYSTEM,CRAWLER DUMPER PD-5000 322-030,331246-020307-0001,J8620085,ELEMENT FILTER,1.0,PCS,135000.0,Crawler Dumper,Crawler Dumper,Crown
2026-08-21,Aug,8,KUMAI,PLANTATION,RUTIN,ENGINE SYSTEM,CRAWLER DUMPER PD-5000 322-030,331246-030103-0001,RPF 5660,V-BELT RPF 5660,3.0,PCS,456000.0,Crawler Dumper,Crawler Dumper,Crown
2026-08-08,Aug,8,KUMAI,PLANTATION,RUTIN,ENGINE SYSTEM,CRAWLER DUMPER PD-5000 322-030,350201-000200-0024,,ENGINE OIL 15W-40,6.0,LTR,193800.0,Pelumas,Pelumas,Oli
2026-08-11,Aug,8,KUMAI,PLANTATION,RUTIN,ENGINE SYSTEM,CRAWLER DUMPER PD-5000 322-030,350201-000200-0024,,ENGINE OIL 15W-40,7.0,LTR,226100.0,Pelumas,Pelumas,Oli
2026-08-21,Aug,8,KUMAI,PLANTATION,RUTIN,ENGINE SYSTEM,CRAWLER DUMPER PD-5000 322-030,350201-000200-0024,,ENGINE OIL 15W-40,7.0,LTR,226100.0,Pelumas,Pelumas,Oli
2026-08-30,Aug,8,KUMAI,PLANTATION,RUTIN,ENGINE SYSTEM,CRAWLER DUMPER PD-5000 322-030,370502-000300-0597,62301-20035,WATER COOLANT @5LTR,1.0,Gln,75000.0,Barang & Alat Bengkel,Barang & Alat Bengkel,Work Shop
2026-08-08,Aug,8,KUMAI,PLANTATION,RUTIN,TRANSMISSION SYSTEM,CRAWLER DUMPER PD-5000 322-030,350201-000200-0041,,GEAR OIL RORED HDA-90,20.0,Ltr,909256.4,Pelumas,Pelumas,Oli
2026-08-21,Aug,8,KUMAI,PLANTATION,RUTIN,TRANSMISSION SYSTEM,CRAWLER DUMPER PD-5000 322-030,350201-000200-0041,,GEAR OIL RORED HDA-90,23.0,Ltr,1045644.86,Pelumas,Pelumas,Oli
2026-08-16,Aug,8,KUMAI,PLANTATION,RUTIN,UNDERCARRIAGE SYSTEM,CRAWLER DUMPER PD-5000 322-030,370502-000300-0419,,"NEEPLE GREASE 3/8""",4.0,PCS,12000.0,Barang & Alat Bengkel,Barang & Alat Bengkel,Work Shop
2026-08-04,Aug,8,KUMAI,PLANTATION,RUTIN,ATTACHMENT SYSTEM,EXCAVATOR KOBELCO SK200-10 332-020,340311-010304-0045,I8-94461 227-4,U BOLT FRT LH,1.0,PCS,33000.0,Truck /Bus,Truck /Bus,Isuzu
2026-08-23,Aug,8,KUMAI,PLANTATION,RUTIN,ENGINE SYSTEM,EXCAVATOR KOBELCO SK200-10 332-020,330315-010307-0043,VH156072190A,OIL FILTER,1.0,PCS,209000.0,Excavator,Excavator,Kobelco
2026-08-23,Aug,8,KUMAI,PLANTATION,RUTIN,ENGINE SYSTEM,EXCAVATOR KOBELCO SK200-10 332-020,330315-010307-0122,YN21P01157R100,PRE FILTER,1.0,PCS,343346.15,Excavator,Excavator,Kobelco
2026-08-23,Aug,8,KUMAI,PLANTATION,RUTIN,ENGINE SYSTEM,EXCAVATOR KOBELCO SK200-10 332-020,340311-010207-0007,8-98037-481-A,ELEMENT FUEL FILTER,1.0,PCS,95584.31,Truck /Bus,Truck /Bus,Isuzu
2026-08-23,Aug,8,KUMAI,PLANTATION,RUTIN,ENGINE SYSTEM,EXCAVATOR KOBELCO SK200-10 332-020,350201-000200-0024,,ENGINE OIL 15W-40,24.0,LTR,775200.0,Pelumas,Pelumas,Oli
2026-08-23,Aug,8,KUMAI,PLANTATION,RUTIN,FINAL DRIVE SYSTEM,EXCAVATOR KOBELCO SK200-10 332-020,350201-000200-0041,,GEAR OIL RORED HDA-90,20.0,Ltr,909256.4,Pelumas,Pelumas,Oli
2026-08-03,Aug,8,KUMAI,PLANTATION,RUTIN,HYDRAULIC SYSTEM,EXCAVATOR KOBELCO SK200-10 332-020,350201-000200-0071,,HYDRAULIC OIL MEDITRAN SAE 10W,15.0,LTR,406259.7,Pelumas,Pelumas,Oli
2026-08-20,Aug,8,KUMAI,PLANTATION,RUTIN,HYDRAULIC SYSTEM,EXCAVATOR KOBELCO SK200-10 332-020,350201-000200-0071,,HYDRAULIC OIL MEDITRAN SAE 10W,20.0,LTR,541679.6,Pelumas,Pelumas,Oli
2026-08-21,Aug,8,KUMAI,PLANTATION,RUTIN,HYDRAULIC SYSTEM,EXCAVATOR KOBELCO SK200-10 332-020,350201-000200-0071,,HYDRAULIC OIL MEDITRAN SAE 10W,10.0,LTR,270839.8,Pelumas,Pelumas,Oli
2026-08-22,Aug,8,KUMAI,PLANTATION,RUTIN,HYDRAULIC SYSTEM,EXCAVATOR KOBELCO SK200-10 332-020,350201-000200-0071,,HYDRAULIC OIL MEDITRAN SAE 10W,15.0,LTR,406259.7,Pelumas,Pelumas,Oli
2026-08-22,Aug,8,KUMAI,PLANTATION,RUTIN,HYDRAULIC SYSTEM,EXCAVATOR KOBELCO SK200-10 332-020,350201-000200-0071,,HYDRAULIC OIL MEDITRAN SAE 10W,20.0,LTR,541679.6,Pelumas,Pelumas,Oli
2026-08-23,Aug,8,KUMAI,PLANTATION,RUTIN,HYDRAULIC SYSTEM,EXCAVATOR KOBELCO SK200-10 332-020,350201-000200-0071,,HYDRAULIC OIL MEDITRAN SAE 10W,25.0,LTR,677099.5,Pelumas,Pelumas,Oli
2026-08-27,Aug,8,KUMAI,PLANTATION,RUTIN,HYDRAULIC SYSTEM,EXCAVATOR KOBELCO SK200-10 332-020,350201-000200-0071,,HYDRAULIC OIL MEDITRAN SAE 10W,30.0,LTR,812519.4,Pelumas,Pelumas,Oli
2026-08-28,Aug,8,KUMAI,PLANTATION,RUTIN,HYDRAULIC SYSTEM,EXCAVATOR KOBELCO SK200-10 332-020,350201-000200-0071,,HYDRAULIC OIL MEDITRAN SAE 10W,20.0,LTR,541679.6,Pelumas,Pelumas,Oli
2026-08-25,Aug,8,KUMAI,PLANTATION,RUTIN,UNDERCARRIAGE SYSTEM,EXCAVATOR KOBELCO SK200-10 332-020,330315-010315-0007,LQ51D01007P1J1D,SPROCKET,1.0,PCS,1580000.0,Excavator,Excavator,Kobelco
2026-08-25,Aug,8,KUMAI,PLANTATION,RUTIN,UNDERCARRIAGE SYSTEM,EXCAVATOR KOBELCO SK200-10 332-020,330315-010315-0017,YN54D00033F1,IDLER ADJUST ASSY,1.0,SET,5740000.0,Excavator,Excavator,Kobelco
2026-08-06,Aug,8,KUMAI,PLANTATION,RUTIN,UNDERCARRIAGE SYSTEM,EXCAVATOR KOBELCO SK200-10 332-020,350202-000200-0001,3207-1602,GREASE,15.0,Kg,725025.0,Pelumas,Pelumas,Grease
2026-08-01,Aug,8,KUMAI,PLANTATION,RUTIN,UNDERCARRIAGE SYSTEM,EXCAVATOR KOBELCO SK200-10 332-020,370502-000300-0316,60815-19071,HOSE GREASE GUN,1.0,PCS,28750.0,Barang & Alat Bengkel,Barang & Alat Bengkel,Work Shop
2026-08-04,Aug,8,KUMAI,PLANTATION,RUTIN,ATTACHMENT SYSTEM,EXCAVATOR KOBELCO SK200-10 332-028,330315-010303-0006,2424N196D3,SHOE,35.0,PCS,21000000.0,Excavator,Excavator,Kobelco
2026-08-16,Aug,8,KUMAI,PLANTATION,RUTIN,ATTACHMENT SYSTEM,EXCAVATOR KOBELCO SK200-10 332-028,370502-000300-0292,,GREASE NEEPLE M10 - 90Â°,4.0,PCS,20000.0,Barang & Alat Bengkel,Barang & Alat Bengkel,Work Shop
2026-08-27,Aug,8,KUMAI,PLANTATION,RUTIN,ELECTRICAL SYSTEM,EXCAVATOR KOBELCO SK200-10 332-028,340501-000300-0075,,BATTERY 12V-70A,2.0,PCS,2079307.6,Umum Kendaraan,Umum Kendaraan,Umum Kendaraan
2026-08-04,Aug,8,KUMAI,PLANTATION,RUTIN,ENGINE SYSTEM,EXCAVATOR KOBELCO SK200-10 332-028,330315-010207-0004,YN11P00029S002D,AIR FILTER INN,1.0,PCS,271652.5,Excavator,Excavator,Kobelco
2026-08-04,Aug,8,KUMAI,PLANTATION,RUTIN,ENGINE SYSTEM,EXCAVATOR KOBELCO SK200-10 332-028,330315-010207-0005,YN11P00029S003D,AIR FILTER OUT,1.0,PCS,466075.0,Excavator,Excavator,Kobelco
2026-08-20,Aug,8,KUMAI,PLANTATION,RUTIN,ENGINE SYSTEM,EXCAVATOR KOBELCO SK200-10 332-028,330315-010307-0043,VH156072190A,OIL FILTER,1.0,PCS,209000.0,Excavator,Excavator,Kobelco
2026-08-20,Aug,8,KUMAI,PLANTATION,RUTIN,ENGINE SYSTEM,EXCAVATOR KOBELCO SK200-10 332-028,330315-010307-0049,VH23390E0020D1,FUEL FILTER,1.0,PCS,259563.45,Excavator,Excavator,Kobelco
2026-08-20,Aug,8,KUMAI,PLANTATION,RUTIN,ENGINE SYSTEM,EXCAVATOR KOBELCO SK200-10 332-028,330315-010307-0122,YN21P01157R100,PRE FILTER,1.0,PCS,343346.15,Excavator,Excavator,Kobelco
2026-08-04,Aug,8,KUMAI,PLANTATION,RUTIN,ENGINE SYSTEM,EXCAVATOR KOBELCO SK200-10 332-028,350201-000200-0024,,ENGINE OIL 15W-40,5.0,LTR,161500.0,Pelumas,Pelumas,Oli
2026-08-26,Aug,8,KUMAI,PLANTATION,RUTIN,ENGINE SYSTEM,EXCAVATOR KOBELCO SK200-10 332-028,350201-000200-0024,,ENGINE OIL 15W-40,23.0,LTR,742900.0,Pelumas,Pelumas,Oli
2026-08-26,Aug,8,KUMAI,PLANTATION,RUTIN,FINAL DRIVE SYSTEM,EXCAVATOR KOBELCO SK200-10 332-028,350201-000200-0041,,GEAR OIL RORED HDA-90,4.0,Ltr,181851.28,Pelumas,Pelumas,Oli
2026-08-08,Aug,8,KUMAI,PLANTATION,RUTIN,HYDRAULIC SYSTEM,EXCAVATOR KOBELCO SK200-10 332-028,350201-000200-0071,,HYDRAULIC OIL MEDITRAN SAE 10W,10.0,LTR,270839.8,Pelumas,Pelumas,Oli
2026-08-20,Aug,8,KUMAI,PLANTATION,RUTIN,HYDRAULIC SYSTEM,EXCAVATOR KOBELCO SK200-10 332-028,350201-000200-0071,,HYDRAULIC OIL MEDITRAN SAE 10W,10.0,LTR,270839.8,Pelumas,Pelumas,Oli
2026-08-04,Aug,8,KUMAI,PLANTATION,RUTIN,UNDERCARRIAGE SYSTEM,EXCAVATOR KOBELCO SK200-10 332-028,330315-010315-0009,LQ64D00063F1,"ROLLER, TRACK, LOW",4.0,PCS,5974898.2,Excavator,Excavator,Kobelco
2026-08-04,Aug,8,KUMAI,PLANTATION,RUTIN,UNDERCARRIAGE SYSTEM,EXCAVATOR KOBELCO SK200-10 332-028,330315-010315-0013,YN51D01023P1,SPROCKET,2.0,PCS,3440000.0,Excavator,Excavator,Kobelco
2026-08-04,Aug,8,KUMAI,PLANTATION,RUTIN,UNDERCARRIAGE SYSTEM,EXCAVATOR KOBELCO SK200-10 332-028,350202-000200-0001,3207-1602,GREASE,15.0,Kg,725025.0,Pelumas,Pelumas,Grease
2026-08-20,Aug,8,KUMAI,PLANTATION,RUTIN,UNDERCARRIAGE SYSTEM,EXCAVATOR KOBELCO SK200-10 332-028,350202-000200-0001,3207-1602,GREASE,15.0,Kg,725025.0,Pelumas,Pelumas,Grease
2026-08-16,Aug,8,KUMAI,PLANTATION,RUTIN,UNDERCARRIAGE SYSTEM,EXCAVATOR KOBELCO SK200-10 332-028,370502-000300-0290,,GREASE COUPLER 0 LUAR 15 MM,1.0,PCS,10000.0,Barang & Alat Bengkel,Barang & Alat Bengkel,Work Shop
2026-08-20,Aug,8,KUMAI,PLANTATION,RUTIN,ATTACHMENT SYSTEM,EXCAVATOR HITACHI ZX210LC-5G LONGARM 332-030,330308-110303-0003,3089103,PIN,1.0,PCS,982000.0,Excavator,Excavator,Hitachi
2026-08-20,Aug,8,KUMAI,PLANTATION,RUTIN,ATTACHMENT SYSTEM,EXCAVATOR HITACHI ZX210LC-5G LONGARM 332-030,330308-110303-0008,,PIN 65*450,1.0,PCS,498000.0,Excavator,Excavator,Hitachi
2026-08-07,Aug,8,KUMAI,PLANTATION,RUTIN,ENGINE SYSTEM,EXCAVATOR HITACHI ZX210LC-5G LONGARM 332-030,330308-010207-0010,4658521,OIL FILTER,1.0,PCS,316888.82,Excavator,Excavator,Hitachi
2026-08-18,Aug,8,KUMAI,PLANTATION,RUTIN,ENGINE SYSTEM,EXCAVATOR HITACHI ZX210LC-5G LONGARM 332-030,330308-010207-0010,4658521,OIL FILTER,1.0,PCS,316888.82,Excavator,Excavator,Hitachi
2026-08-18,Aug,8,KUMAI,PLANTATION,RUTIN,ENGINE SYSTEM,EXCAVATOR HITACHI ZX210LC-5G LONGARM 332-030,330308-010207-0014,4446544,FUEL FILTER,1.0,PCS,124000.0,Excavator,Excavator,Hitachi
2026-08-18,Aug,8,KUMAI,PLANTATION,RUTIN,ENGINE SYSTEM,EXCAVATOR HITACHI ZX210LC-5G LONGARM 332-030,330308-010207-0018,4616545,PRIMARY FUEL FILTER,1.0,PCS,181384.67,Excavator,Excavator,Hitachi
2026-08-22,Aug,8,KUMAI,PLANTATION,RUTIN,ENGINE SYSTEM,EXCAVATOR HITACHI ZX210LC-5G LONGARM 332-030,350201-000200-0024,,ENGINE OIL 15W-40,28.0,LTR,904400.0,Pelumas,Pelumas,Oli
2026-08-10,Aug,8,KUMAI,PLANTATION,RUTIN,FINAL DRIVE SYSTEM,EXCAVATOR HITACHI ZX210LC-5G LONGARM 332-030,350201-000200-0041,,GEAR OIL RORED HDA-90,6.0,Ltr,272776.92,Pelumas,Pelumas,Oli
2026-08-22,Aug,8,KUMAI,PLANTATION,RUTIN,FINAL DRIVE SYSTEM,EXCAVATOR HITACHI ZX210LC-5G LONGARM 332-030,350201-000200-0041,,GEAR OIL RORED HDA-90,5.0,Ltr,227314.1,Pelumas,Pelumas,Oli
2026-08-10,Aug,8,KUMAI,PLANTATION,RUTIN,HYDRAULIC SYSTEM,EXCAVATOR HITACHI ZX210LC-5G LONGARM 332-030,330308-010211-0001,4630525,FILTER OIL HYDRAULIC,1.0,PCS,480051.18,Excavator,Excavator,Hitachi
2026-08-04,Aug,8,KUMAI,PLANTATION,RUTIN,UNDERCARRIAGE SYSTEM,EXCAVATOR HITACHI ZX210LC-5G LONGARM 332-030,350202-000200-0001,3207-1602,GREASE,15.0,Kg,725025.0,Pelumas,Pelumas,Grease
2026-08-22,Aug,8,KUMAI,PLANTATION,RUTIN,UNDERCARRIAGE SYSTEM,EXCAVATOR HITACHI ZX210LC-5G LONGARM 332-030,350202-000200-0001,3207-1602,GREASE,15.0,Kg,725025.0,Pelumas,Pelumas,Grease
2026-08-07,Aug,8,KUMAI,PLANTATION,RUTIN,ENGINE SYSTEM,EXCAVATOR HITACHI ZX130-5G 332-031,330308-010207-0010,4658521,OIL FILTER,1.0,PCS,316888.82,Excavator,Excavator,Hitachi
2026-08-10,Aug,8,KUMAI,PLANTATION,RUTIN,HYDRAULIC SYSTEM,EXCAVATOR HITACHI ZX130-5G 332-031,330308-010211-0001,4630525,FILTER OIL HYDRAULIC,1.0,PCS,480051.18,Excavator,Excavator,Hitachi
2026-08-22,Aug,8,KUMAI,PLANTATION,RUTIN,HYDRAULIC SYSTEM,EXCAVATOR HITACHI ZX130-5G 332-031,350201-000200-0071,,HYDRAULIC OIL MEDITRAN SAE 10W,5.0,LTR,135419.9,Pelumas,Pelumas,Oli
2026-08-20,Aug,8,KUMAI,PLANTATION,RUTIN,UNDERCARRIAGE SYSTEM,EXCAVATOR HITACHI ZX130-5G 332-031,330308-010315-0019,1033091,SPROCKET,1.0,PCS,1730000.0,Excavator,Excavator,Hitachi
2026-08-20,Aug,8,KUMAI,PLANTATION,RUTIN,UNDERCARRIAGE SYSTEM,EXCAVATOR HITACHI ZX130-5G 332-031,330308-060315-0001,1028027,SPROCKET,1.0,PCS,2704333.34,Excavator,Excavator,Hitachi
2026-08-20,Aug,8,KUMAI,PLANTATION,RUTIN,UNDERCARRIAGE SYSTEM,EXCAVATOR HITACHI ZX130-5G 332-031,330308-060315-0005,YA60032166,"ROLLER,LOWER",12.0,PCS,39661758.0,Excavator,Excavator,Hitachi
2026-08-20,Aug,8,KUMAI,PLANTATION,RUTIN,UNDERCARRIAGE SYSTEM,EXCAVATOR HITACHI ZX130-5G 332-031,330308-060315-0007,YA60032238,IDLER,2.0,PCS,33208806.0,Excavator,Excavator,Hitachi
2026-08-19,Aug,8,KUMAI,PLANTATION,RUTIN,ENGINE SYSTEM,EXCAVATOR HITACHI ZX138 M-F 332-042,330308-050207-0001,4616543,"FILTER,FUEL",1.0,PCS,60324.23,Excavator,Excavator,Hitachi
2026-08-14,Aug,8,KUMAI,PLANTATION,RUTIN,ENGINE SYSTEM,EXCAVATOR HITACHI ZX138 M-F 332-042,340311-010314-0002,14-SPART-354-A,STRAINER,1.0,PCS,1700000.0,Truck /Bus,Truck /Bus,Isuzu
2026-08-24,Aug,8,KUMAI,PLANTATION,RUTIN,ENGINE SYSTEM,EXCAVATOR HITACHI ZX138 M-F 332-042,350201-000200-0024,,ENGINE OIL 15W-40,3.0,LTR,96900.0,Pelumas,Pelumas,Oli
2026-08-31,Aug,8,KUMAI,PLANTATION,RUTIN,ENGINE SYSTEM,EXCAVATOR HITACHI ZX138 M-F 332-042,350201-000200-0024,,ENGINE OIL 15W-40,5.0,LTR,161500.0,Pelumas,Pelumas,Oli
2026-08-25,Aug,8,KUMAI,PLANTATION,RUTIN,ENGINE SYSTEM,EXCAVATOR HITACHI ZX138 M-F 332-042,370502-000300-0597,62301-20035,WATER COOLANT @5LTR,1.0,Gln,75000.0,Barang & Alat Bengkel,Barang & Alat Bengkel,Work Shop
2026-08-10,Aug,8,KUMAI,PLANTATION,RUTIN,HYDRAULIC SYSTEM,EXCAVATOR HITACHI ZX138 M-F 332-042,330308-010211-0001,4630525,FILTER OIL HYDRAULIC,1.0,PCS,480051.18,Excavator,Excavator,Hitachi
2026-08-09,Aug,8,KUMAI,PLANTATION,RUTIN,HYDRAULIC SYSTEM,EXCAVATOR HITACHI ZX138 M-F 332-042,350201-000200-0071,,HYDRAULIC OIL MEDITRAN SAE 10W,10.0,LTR,270839.8,Pelumas,Pelumas,Oli
2026-08-15,Aug,8,KUMAI,PLANTATION,RUTIN,HYDRAULIC SYSTEM,EXCAVATOR HITACHI ZX138 M-F 332-042,350201-000200-0071,,HYDRAULIC OIL MEDITRAN SAE 10W,6.0,LTR,162503.88,Pelumas,Pelumas,Oli
2026-08-28,Aug,8,KUMAI,PLANTATION,RUTIN,HYDRAULIC SYSTEM,EXCAVATOR HITACHI ZX138 M-F 332-042,350201-000200-0071,,HYDRAULIC OIL MEDITRAN SAE 10W,20.0,LTR,541679.6,Pelumas,Pelumas,Oli
2026-08-31,Aug,8,KUMAI,PLANTATION,RUTIN,HYDRAULIC SYSTEM,EXCAVATOR HITACHI ZX138 M-F 332-042,350201-000200-0071,,HYDRAULIC OIL MEDITRAN SAE 10W,10.0,LTR,270839.8,Pelumas,Pelumas,Oli
2026-08-20,Aug,8,KUMAI,PLANTATION,RUTIN,ATTACHMENT SYSTEM,EXCAVATOR HITACHI ZX138 M-F 332-043,330308-110303-0003,3089103,PIN,1.0,PCS,982000.0,Excavator,Excavator,Hitachi
2026-08-20,Aug,8,KUMAI,PLANTATION,RUTIN,ATTACHMENT SYSTEM,EXCAVATOR HITACHI ZX138 M-F 332-043,330308-110303-0008,,PIN 65*450,1.0,PCS,498000.0,Excavator,Excavator,Hitachi
2026-08-16,Aug,8,KUMAI,PLANTATION,RUTIN,ATTACHMENT SYSTEM,EXCAVATOR HITACHI ZX138 M-F 332-043,370502-000300-0292,,GREASE NEEPLE M10 - 90Â°,4.0,PCS,20000.0,Barang & Alat Bengkel,Barang & Alat Bengkel,Work Shop
2026-08-10,Aug,8,KUMAI,PLANTATION,RUTIN,ENGINE SYSTEM,EXCAVATOR HITACHI ZX138 M-F 332-043,330308-010207-0001,4286128,ELEMENT,1.0,Pcs,526400.0,Excavator,Excavator,Hitachi
2026-08-10,Aug,8,KUMAI,PLANTATION,RUTIN,ENGINE SYSTEM,EXCAVATOR HITACHI ZX138 M-F 332-043,330308-010207-0002,4286130,ELEMENT,1.0,Pcs,358278.4,Excavator,Excavator,Hitachi
2026-08-10,Aug,8,KUMAI,PLANTATION,RUTIN,HYDRAULIC SYSTEM,EXCAVATOR HITACHI ZX138 M-F 332-043,330308-010211-0001,4630525,FILTER OIL HYDRAULIC,1.0,PCS,480051.18,Excavator,Excavator,Hitachi
2026-08-04,Aug,8,KUMAI,PLANTATION,RUTIN,HYDRAULIC SYSTEM,EXCAVATOR HITACHI ZX138 M-F 332-043,350201-000200-0071,,HYDRAULIC OIL MEDITRAN SAE 10W,5.0,LTR,135419.9,Pelumas,Pelumas,Oli
2026-08-11,Aug,8,KUMAI,PLANTATION,RUTIN,HYDRAULIC SYSTEM,EXCAVATOR HITACHI ZX138 M-F 332-043,350201-000200-0071,,HYDRAULIC OIL MEDITRAN SAE 10W,2.0,LTR,54167.96,Pelumas,Pelumas,Oli
2026-08-11,Aug,8,KUMAI,PLANTATION,RUTIN,HYDRAULIC SYSTEM,EXCAVATOR HITACHI ZX138 M-F 332-043,350201-000200-0071,,HYDRAULIC OIL MEDITRAN SAE 10W,6.0,LTR,162503.88,Pelumas,Pelumas,Oli
2026-08-18,Aug,8,KUMAI,PLANTATION,RUTIN,HYDRAULIC SYSTEM,EXCAVATOR HITACHI ZX138 M-F 332-043,350201-000200-0071,,HYDRAULIC OIL MEDITRAN SAE 10W,40.0,LTR,1083359.2,Pelumas,Pelumas,Oli
2026-08-19,Aug,8,KUMAI,PLANTATION,RUTIN,HYDRAULIC SYSTEM,EXCAVATOR HITACHI ZX138 M-F 332-043,350201-000200-0071,,HYDRAULIC OIL MEDITRAN SAE 10W,20.0,LTR,541679.6,Pelumas,Pelumas,Oli
2026-08-22,Aug,8,KUMAI,PLANTATION,RUTIN,HYDRAULIC SYSTEM,EXCAVATOR HITACHI ZX138 M-F 332-043,350201-000200-0071,,HYDRAULIC OIL MEDITRAN SAE 10W,5.0,LTR,135419.9,Pelumas,Pelumas,Oli
2026-08-20,Aug,8,KUMAI,PLANTATION,RUTIN,UNDERCARRIAGE SYSTEM,EXCAVATOR HITACHI ZX138 M-F 332-043,350202-000200-0001,3207-1602,GREASE,15.0,Kg,725025.0,Pelumas,Pelumas,Grease
2026-08-16,Aug,8,KUMAI,PLANTATION,RUTIN,UNDERCARRIAGE SYSTEM,EXCAVATOR HITACHI ZX138 M-F 332-043,370502-000300-0290,,GREASE COUPLER 0 LUAR 15 MM,1.0,PCS,10000.0,Barang & Alat Bengkel,Barang & Alat Bengkel,Work Shop
2026-08-25,Aug,8,KUMAI,PLANTATION,RUTIN,ENGINE SYSTEM,EXCAVATOR HITACHI ZX 210 LC-5G 332-044,370502-000300-0597,62301-20035,WATER COOLANT @5LTR,1.0,Gln,75000.0,Barang & Alat Bengkel,Barang & Alat Bengkel,Work Shop
2026-08-13,Aug,8,KUMAI,PLANTATION,RUTIN,UNDERCARRIAGE SYSTEM,EXCAVATOR HITACHI ZX 210 LC-5G 332-044,350202-000200-0001,3207-1602,GREASE,15.0,Kg,725025.0,Pelumas,Pelumas,Grease
2026-08-10,Aug,8,KUMAI,PLANTATION,RUTIN,ENGINE SYSTEM,EXCAVATOR HITACHI ZX 138 MF-5G 332-046,330308-110307-0013,897222-1721,TURBOCHARGER ASM,1.0,PCS,2800000.0,Excavator,Excavator,Hitachi
2026-08-10,Aug,8,KUMAI,PLANTATION,RUTIN,FINAL DRIVE SYSTEM,EXCAVATOR HITACHI ZX 138 MF-5G 332-046,330308-110308-0003,4402987,KIT ; SEAL,2.0,PCS,1226000.0,Excavator,Excavator,Hitachi
2026-08-10,Aug,8,KUMAI,PLANTATION,RUTIN,FINAL DRIVE SYSTEM,EXCAVATOR HITACHI ZX 138 MF-5G 332-046,330308-110308-0004,0692801,SHAFT,1.0,PCS,852000.0,Excavator,Excavator,Hitachi
2026-08-10,Aug,8,KUMAI,PLANTATION,RUTIN,FINAL DRIVE SYSTEM,EXCAVATOR HITACHI ZX 138 MF-5G 332-046,330308-110308-0005,0796009,GEAR ; DRIVE,1.0,PCS,852000.0,Excavator,Excavator,Hitachi
2026-08-10,Aug,8,KUMAI,PLANTATION,RUTIN,FINAL DRIVE SYSTEM,EXCAVATOR HITACHI ZX 138 MF-5G 332-046,330308-110308-0006,4402988,KIT ; SEAL,2.0,PCS,460000.0,Excavator,Excavator,Hitachi
2026-08-10,Aug,8,KUMAI,PLANTATION,RUTIN,FINAL DRIVE SYSTEM,EXCAVATOR HITACHI ZX 138 MF-5G 332-046,330308-110308-0007,0796005,ROLLER,3.0,PCS,552000.0,Excavator,Excavator,Hitachi
2026-08-10,Aug,8,KUMAI,PLANTATION,RUTIN,FINAL DRIVE SYSTEM,EXCAVATOR HITACHI ZX 138 MF-5G 332-046,330308-110308-0008,0693013,RACE ; INNER,3.0,PCS,621000.0,Excavator,Excavator,Hitachi
2026-08-10,Aug,8,KUMAI,PLANTATION,RUTIN,FINAL DRIVE SYSTEM,EXCAVATOR HITACHI ZX 138 MF-5G 332-046,330308-110308-0009,0796006,WASHER ; THRUST,3.0,PCS,345000.0,Excavator,Excavator,Hitachi
2026-08-10,Aug,8,KUMAI,PLANTATION,RUTIN,FINAL DRIVE SYSTEM,EXCAVATOR HITACHI ZX 138 MF-5G 332-046,330308-110308-0010,0796007,PLATE ; THRUST,3.0,PCS,369000.0,Excavator,Excavator,Hitachi
2026-08-19,Aug,8,KUMAI,PLANTATION,RUTIN,FINAL DRIVE SYSTEM,EXCAVATOR HITACHI ZX 138 MF-5G 332-046,350201-000200-0041,,GEAR OIL RORED HDA-90,5.0,Ltr,227314.1,Pelumas,Pelumas,Oli
2026-08-11,Aug,8,KUMAI,PLANTATION,RUTIN,HYDRAULIC SYSTEM,EXCAVATOR HITACHI ZX 138 MF-5G 332-046,350201-000200-0071,,HYDRAULIC OIL MEDITRAN SAE 10W,24.0,LTR,650015.52,Pelumas,Pelumas,Oli
2026-08-20,Aug,8,KUMAI,PLANTATION,RUTIN,HYDRAULIC SYSTEM,EXCAVATOR HITACHI ZX 138 MF-5G 332-046,350201-000200-0071,,HYDRAULIC OIL MEDITRAN SAE 10W,20.0,LTR,541679.6,Pelumas,Pelumas,Oli
2026-08-01,Aug,8,KUMAI,PLANTATION,RUTIN,UNDERCARRIAGE SYSTEM,EXCAVATOR HITACHI ZX 138 MF-5G 332-046,330308-060315-0002,9144341,TRACK LINK ASSY,2.0,ROL,29200000.0,Excavator,Excavator,Hitachi
2026-08-20,Aug,8,KUMAI,PLANTATION,RUTIN,UNDERCARRIAGE SYSTEM,EXCAVATOR HITACHI ZX 138 MF-5G 332-046,350202-000200-0001,3207-1602,GREASE,15.0,Kg,725025.0,Pelumas,Pelumas,Grease
2026-08-16,Aug,8,KUMAI,PLANTATION,RUTIN,ATTACHMENT SYSTEM,EXCAVATOR HITACHI ZX 210G-5G 332-053,370502-000300-0292,,GREASE NEEPLE M10 - 90Â°,4.0,PCS,20000.0,Barang & Alat Bengkel,Barang & Alat Bengkel,Work Shop
2026-08-29,Aug,8,KUMAI,PLANTATION,RUTIN,ENGINE SYSTEM,EXCAVATOR HITACHI ZX 210G-5G 332-053,330308-010207-0008,4616544,FUEL FILTER,1.0,PCS,332746.0,Excavator,Excavator,Hitachi
2026-08-07,Aug,8,KUMAI,PLANTATION,RUTIN,ENGINE SYSTEM,EXCAVATOR HITACHI ZX 210G-5G 332-053,330308-010207-0010,4658521,OIL FILTER,1.0,PCS,316888.82,Excavator,Excavator,Hitachi
2026-08-25,Aug,8,KUMAI,PLANTATION,RUTIN,ENGINE SYSTEM,EXCAVATOR HITACHI ZX 210G-5G 332-053,330308-010207-0010,4658521,OIL FILTER,1.0,PCS,316888.82,Excavator,Excavator,Hitachi
2026-08-29,Aug,8,KUMAI,PLANTATION,RUTIN,ENGINE SYSTEM,EXCAVATOR HITACHI ZX 210G-5G 332-053,330308-010207-0010,4658521,OIL FILTER,1.0,PCS,316888.82,Excavator,Excavator,Hitachi
2026-08-25,Aug,8,KUMAI,PLANTATION,RUTIN,ENGINE SYSTEM,EXCAVATOR HITACHI ZX 210G-5G 332-053,330308-010207-0014,4446544,FUEL FILTER,1.0,PCS,124000.0,Excavator,Excavator,Hitachi
2026-08-25,Aug,8,KUMAI,PLANTATION,RUTIN,ENGINE SYSTEM,EXCAVATOR HITACHI ZX 210G-5G 332-053,330308-010207-0018,4616545,PRIMARY FUEL FILTER,1.0,PCS,181384.67,Excavator,Excavator,Hitachi
2026-08-29,Aug,8,KUMAI,PLANTATION,RUTIN,ENGINE SYSTEM,EXCAVATOR HITACHI ZX 210G-5G 332-053,330308-010207-0018,4616545,PRIMARY FUEL FILTER,1.0,PCS,181384.67,Excavator,Excavator,Hitachi
2026-08-29,Aug,8,KUMAI,PLANTATION,RUTIN,ENGINE SYSTEM,EXCAVATOR HITACHI ZX 210G-5G 332-053,330308-010207-0021,HTCDH1P,ENGINE OIL DH-1,1.0,PIL,2033184.0,Excavator,Excavator,Hitachi
2026-08-29,Aug,8,KUMAI,PLANTATION,RUTIN,ENGINE SYSTEM,EXCAVATOR HITACHI ZX 210G-5G 332-053,350201-000200-0036,HTCDH1C,ENGINE OILDH1,1.0,CAN,591600.0,Pelumas,Pelumas,Oli
2026-08-25,Aug,8,KUMAI,PLANTATION,RUTIN,ENGINE SYSTEM,EXCAVATOR HITACHI ZX 210G-5G 332-053,370502-000300-0597,62301-20035,WATER COOLANT @5LTR,1.0,Gln,75000.0,Barang & Alat Bengkel,Barang & Alat Bengkel,Work Shop
2026-08-29,Aug,8,KUMAI,PLANTATION,RUTIN,FINAL DRIVE SYSTEM,EXCAVATOR HITACHI ZX 210G-5G 332-053,350201-000200-0037,HTCGL490C,GEAR GL490,4.0,CAN,2052214.68,Pelumas,Pelumas,Oli
2026-08-16,Aug,8,KUMAI,PLANTATION,RUTIN,UNDERCARRIAGE SYSTEM,EXCAVATOR HITACHI ZX 210G-5G 332-053,370502-000300-0290,,GREASE COUPLER 0 LUAR 15 MM,1.0,PCS,10000.0,Barang & Alat Bengkel,Barang & Alat Bengkel,Work Shop
2026-08-08,Aug,8,KUMAI,PLANTATION,RUTIN,ATTACHMENT SYSTEM,EXCAVATOR HITACHI ZX 210 LC 332-054,330308-110303-0008,,PIN 65*450,1.0,PCS,498000.0,Excavator,Excavator,Hitachi
2026-08-23,Aug,8,KUMAI,PLANTATION,RUTIN,ENGINE SYSTEM,EXCAVATOR HITACHI ZX 210 LC 332-054,330308-010207-0010,4658521,OIL FILTER,1.0,PCS,316888.82,Excavator,Excavator,Hitachi
2026-08-23,Aug,8,KUMAI,PLANTATION,RUTIN,ENGINE SYSTEM,EXCAVATOR HITACHI ZX 210 LC 332-054,330308-010207-0014,4446544,FUEL FILTER,1.0,PCS,124000.0,Excavator,Excavator,Hitachi
2026-08-23,Aug,8,KUMAI,PLANTATION,RUTIN,ENGINE SYSTEM,EXCAVATOR HITACHI ZX 210 LC 332-054,330308-010207-0018,4616545,PRIMARY FUEL FILTER,1.0,PCS,181384.67,Excavator,Excavator,Hitachi
2026-08-03,Aug,8,KUMAI,PLANTATION,RUTIN,ENGINE SYSTEM,EXCAVATOR HITACHI ZX 210 LC 332-054,350201-000200-0024,,ENGINE OIL 15W-40,2.0,LTR,64600.0,Pelumas,Pelumas,Oli
2026-08-23,Aug,8,KUMAI,PLANTATION,RUTIN,ENGINE SYSTEM,EXCAVATOR HITACHI ZX 210 LC 332-054,350201-000200-0024,,ENGINE OIL 15W-40,28.0,LTR,904400.0,Pelumas,Pelumas,Oli
2026-08-10,Aug,8,KUMAI,PLANTATION,RUTIN,HYDRAULIC SYSTEM,EXCAVATOR HITACHI ZX 210 LC 332-054,330308-010211-0001,4630525,FILTER OIL HYDRAULIC,1.0,PCS,480051.18,Excavator,Excavator,Hitachi
2026-08-03,Aug,8,KUMAI,PLANTATION,RUTIN,UNDERCARRIAGE SYSTEM,EXCAVATOR HITACHI ZX 210 LC 332-054,370502-000300-0290,,GREASE COUPLER 0 LUAR 15 MM,1.0,PCS,10000.0,Barang & Alat Bengkel,Barang & Alat Bengkel,Work Shop
2026-08-24,Aug,8,KUMAI,PLANTATION,RUTIN,UNDERCARRIAGE SYSTEM,EXCAVATOR HITACHI ZX 210 LC 332-054,370502-000300-0290,,GREASE COUPLER 0 LUAR 15 MM,1.0,PCS,10000.0,Barang & Alat Bengkel,Barang & Alat Bengkel,Work Shop
2026-08-08,Aug,8,KUMAI,PLANTATION,RUTIN,UNDERCARRIAGE SYSTEM,EXCAVATOR HITACHI ZX 210 LC 332-054,370502-000300-0316,60815-19071,HOSE GREASE GUN,1.0,PCS,28750.0,Barang & Alat Bengkel,Barang & Alat Bengkel,Work Shop
2026-08-16,Aug,8,KUMAI,PLANTATION,RUTIN,ATTACHMENT SYSTEM,EXCAVATOR HITACHI ZX 210 332-057,370502-000300-0292,,GREASE NEEPLE M10 - 90Â°,4.0,PCS,20000.0,Barang & Alat Bengkel,Barang & Alat Bengkel,Work Shop
2026-08-08,Aug,8,KUMAI,PLANTATION,RUTIN,ENGINE SYSTEM,EXCAVATOR HITACHI ZX 210 332-057,330308-010207-0008,4616544,FUEL FILTER,1.0,PCS,332746.0,Excavator,Excavator,Hitachi
2026-08-07,Aug,8,KUMAI,PLANTATION,RUTIN,ENGINE SYSTEM,EXCAVATOR HITACHI ZX 210 332-057,330308-010207-0010,4658521,OIL FILTER,1.0,PCS,316888.82,Excavator,Excavator,Hitachi
2026-08-08,Aug,8,KUMAI,PLANTATION,RUTIN,ENGINE SYSTEM,EXCAVATOR HITACHI ZX 210 332-057,330308-010207-0010,4658521,OIL FILTER,1.0,PCS,316888.82,Excavator,Excavator,Hitachi
2026-08-08,Aug,8,KUMAI,PLANTATION,RUTIN,ENGINE SYSTEM,EXCAVATOR HITACHI ZX 210 332-057,330308-010207-0018,4616545,PRIMARY FUEL FILTER,1.0,PCS,181384.67,Excavator,Excavator,Hitachi
2026-08-08,Aug,8,KUMAI,PLANTATION,RUTIN,ENGINE SYSTEM,EXCAVATOR HITACHI ZX 210 332-057,330308-010207-0021,HTCDH1P,ENGINE OIL DH-1,1.0,PIL,2033184.0,Excavator,Excavator,Hitachi
2026-08-08,Aug,8,KUMAI,PLANTATION,RUTIN,ENGINE SYSTEM,EXCAVATOR HITACHI ZX 210 332-057,350201-000200-0036,HTCDH1C,ENGINE OILDH1,1.0,CAN,591600.0,Pelumas,Pelumas,Oli
2026-08-25,Aug,8,KUMAI,PLANTATION,RUTIN,ENGINE SYSTEM,EXCAVATOR HITACHI ZX 210 332-057,370502-000300-0597,62301-20035,WATER COOLANT @5LTR,1.0,Gln,75000.0,Barang & Alat Bengkel,Barang & Alat Bengkel,Work Shop
2026-08-04,Aug,8,KUMAI,PLANTATION,RUTIN,UNDERCARRIAGE SYSTEM,EXCAVATOR HITACHI ZX 210 332-057,350202-000200-0001,3207-1602,GREASE,15.0,Kg,725025.0,Pelumas,Pelumas,Grease
2026-08-16,Aug,8,KUMAI,PLANTATION,RUTIN,UNDERCARRIAGE SYSTEM,EXCAVATOR HITACHI ZX 210 332-057,370502-000300-0290,,GREASE COUPLER 0 LUAR 15 MM,1.0,PCS,10000.0,Barang & Alat Bengkel,Barang & Alat Bengkel,Work Shop
2026-08-07,Aug,8,KUMAI,PLANTATION,RUTIN,ENGINE SYSTEM,EXCAVATOR HITACHI ZX 210 332-058,330308-010207-0010,4658521,OIL FILTER,1.0,PCS,316888.82,Excavator,Excavator,Hitachi
2026-08-07,Aug,8,KUMAI,PLANTATION,RUTIN,ENGINE SYSTEM,EXCAVATOR HITACHI ZX 210 332-058,330308-010207-0018,4616545,PRIMARY FUEL FILTER,1.0,PCS,181384.67,Excavator,Excavator,Hitachi
2026-08-07,Aug,8,KUMAI,PLANTATION,RUTIN,ENGINE SYSTEM,EXCAVATOR HITACHI ZX 210 332-058,330308-010207-0021,HTCDH1P,ENGINE OIL DH-1,1.0,PIL,2033184.0,Excavator,Excavator,Hitachi
2026-08-07,Aug,8,KUMAI,PLANTATION,RUTIN,ENGINE SYSTEM,EXCAVATOR HITACHI ZX 210 332-058,350201-000200-0036,HTCDH1C,ENGINE OILDH1,1.0,CAN,591600.0,Pelumas,Pelumas,Oli
2026-08-23,Aug,8,KUMAI,PLANTATION,RUTIN,UNDERCARRIAGE SYSTEM,EXCAVATOR HITACHI ZX 210 332-058,370502-000300-0316,60815-19071,HOSE GREASE GUN,1.0,PCS,28750.0,Barang & Alat Bengkel,Barang & Alat Bengkel,Work Shop
2026-08-01,Aug,8,KUMAI,PLANTATION,RUTIN,ENGINE SYSTEM,BULLDOZER KOMATSU D31P-20 341-001,330716-010307-0020,6208-81-8110,TURBO PC130F-7,1.0,PCS,3500000.0,Bulldozer,Bulldozer,Komatsu
2026-08-06,Aug,8,KUMAI,PLANTATION,RUTIN,ENGINE SYSTEM,BULLDOZER KOMATSU D31P-20 341-001,350201-000200-0024,,ENGINE OIL 15W-40,2.0,LTR,64600.0,Pelumas,Pelumas,Oli
2026-08-07,Aug,8,KUMAI,PLANTATION,RUTIN,HYDRAULIC SYSTEM,BULLDOZER KOMATSU D31P-20 341-001,350201-000200-0071,,HYDRAULIC OIL MEDITRAN SAE 10W,2.0,LTR,54167.96,Pelumas,Pelumas,Oli
2026-08-01,Aug,8,KUMAI,PLANTATION,RUTIN,ENGINE SYSTEM,BULLDOZER WEA B 165 YS 342-015,330439-010307-0010,1001171867,TURBOCHARGER,1.0,PCS,8050000.0,Motor Grader,Motor Grader,XCMG
2026-08-28,Aug,8,KUMAI,PLANTATION,RUTIN,UNDERCARRIAGE SYSTEM,BULLDOZER WEA B 165 YS 342-015,330740-010315-0014,16Y-40-11300,LUBLICATOR,1.0,PCS,1640000.0,Bulldozer,Bulldozer,WEA World Equipment
2026-08-28,Aug,8,KUMAI,PLANTATION,RUTIN,UNDERCARRIAGE SYSTEM,BULLDOZER WEA B 165 YS 342-015,330740-010315-0015,16Y-40-11005,PISTON,1.0,PCS,3537000.0,Bulldozer,Bulldozer,WEA World Equipment
2026-08-28,Aug,8,KUMAI,PLANTATION,RUTIN,UNDERCARRIAGE SYSTEM,BULLDOZER WEA B 165 YS 342-015,330740-010315-0016,16Y-40-11003,OIL SEAL,1.0,PCS,1350000.0,Bulldozer,Bulldozer,WEA World Equipment
2026-08-28,Aug,8,KUMAI,PLANTATION,RUTIN,UNDERCARRIAGE SYSTEM,BULLDOZER WEA B 165 YS 342-015,330740-010315-0017,16Y-40-11500,OIL SEAL,1.0,PCS,1827000.0,Bulldozer,Bulldozer,WEA World Equipment
2026-08-27,Aug,8,KUMAI,PLANTATION,RUTIN,ATTACHMENT SYSTEM,GRADER XCMG GR-100 351-012,370502-000300-0291,61405-16110,GREASE NEEPLE M10,3.0,Pcs,9499.98,Barang & Alat Bengkel,Barang & Alat Bengkel,Work Shop
2026-08-27,Aug,8,KUMAI,PLANTATION,RUTIN,ATTACHMENT SYSTEM,GRADER XCMG GR-100 351-012,370502-000300-0419,,"NEEPLE GREASE 3/8""",4.0,PCS,12000.0,Barang & Alat Bengkel,Barang & Alat Bengkel,Work Shop
2026-08-01,Aug,8,KUMAI,PLANTATION,RUTIN,ENGINE SYSTEM,GRADER XCMG GR-100 351-012,330439-010307-0010,1001171867,TURBOCHARGER,1.0,PCS,8050000.0,Motor Grader,Motor Grader,XCMG
2026-08-04,Aug,8,KUMAI,PLANTATION,RUTIN,ENGINE SYSTEM,GRADER XCMG GR-100 351-012,350201-000200-0024,,ENGINE OIL 15W-40,5.0,LTR,161500.0,Pelumas,Pelumas,Oli
2026-08-04,Aug,8,KUMAI,PLANTATION,RUTIN,ENGINE SYSTEM,GRADER XCMG GR-100 351-012,350201-000200-0024,,ENGINE OIL 15W-40,5.0,LTR,161500.0,Pelumas,Pelumas,Oli
2026-08-07,Aug,8,KUMAI,PLANTATION,RUTIN,ENGINE SYSTEM,GRADER XCMG GR-100 351-012,350201-000200-0024,,ENGINE OIL 15W-40,5.0,LTR,161500.0,Pelumas,Pelumas,Oli
2026-08-11,Aug,8,KUMAI,PLANTATION,RUTIN,ENGINE SYSTEM,GRADER XCMG GR-100 351-012,350201-000200-0024,,ENGINE OIL 15W-40,5.0,LTR,161500.0,Pelumas,Pelumas,Oli
2026-08-14,Aug,8,KUMAI,PLANTATION,RUTIN,ENGINE SYSTEM,GRADER XCMG GR-100 351-012,350201-000200-0024,,ENGINE OIL 15W-40,5.0,LTR,161500.0,Pelumas,Pelumas,Oli
2026-08-18,Aug,8,KUMAI,PLANTATION,RUTIN,ENGINE SYSTEM,GRADER XCMG GR-100 351-012,350201-000200-0024,,ENGINE OIL 15W-40,5.0,LTR,161500.0,Pelumas,Pelumas,Oli
2026-08-22,Aug,8,KUMAI,PLANTATION,RUTIN,ENGINE SYSTEM,GRADER XCMG GR-100 351-012,350201-000200-0024,,ENGINE OIL 15W-40,5.0,LTR,161500.0,Pelumas,Pelumas,Oli
2026-08-25,Aug,8,KUMAI,PLANTATION,RUTIN,ENGINE SYSTEM,GRADER XCMG GR-100 351-012,350201-000200-0024,,ENGINE OIL 15W-40,5.0,LTR,161500.0,Pelumas,Pelumas,Oli
2026-08-28,Aug,8,KUMAI,PLANTATION,RUTIN,ENGINE SYSTEM,GRADER XCMG GR-100 351-012,350201-000200-0024,,ENGINE OIL 15W-40,5.0,LTR,161500.0,Pelumas,Pelumas,Oli
2026-08-29,Aug,8,KUMAI,PLANTATION,RUTIN,ENGINE SYSTEM,GRADER XCMG GR-100 351-012,350201-000200-0024,,ENGINE OIL 15W-40,5.0,LTR,161500.0,Pelumas,Pelumas,Oli
2026-08-31,Aug,8,KUMAI,PLANTATION,RUTIN,ENGINE SYSTEM,GRADER XCMG GR-100 351-012,350201-000200-0024,,ENGINE OIL 15W-40,15.0,LTR,484500.0,Pelumas,Pelumas,Oli
2026-08-21,Aug,8,KUMAI,PLANTATION,RUTIN,ENGINE SYSTEM,GRADER XCMG GR-100 351-012,370502-000300-0597,62301-20035,WATER COOLANT @5LTR,1.0,Gln,75000.0,Barang & Alat Bengkel,Barang & Alat Bengkel,Work Shop
2026-08-25,Aug,8,KUMAI,PLANTATION,RUTIN,ENGINE SYSTEM,GRADER XCMG GR-100 351-012,370502-000300-0597,62301-20035,WATER COOLANT @5LTR,1.0,Gln,75000.0,Barang & Alat Bengkel,Barang & Alat Bengkel,Work Shop
2026-08-09,Aug,8,KUMAI,PLANTATION,RUTIN,UNDERCARRIAGE SYSTEM,GRADER XCMG GR-100 351-012,350202-000200-0001,3207-1602,GREASE,15.0,Kg,725025.0,Pelumas,Pelumas,Grease
2026-08-20,Aug,8,KUMAI,PLANTATION,RUTIN,ATTACHMENT SYSTEM,BACKHOE LOADER CAT 416 F2 361-008,350202-000200-0001,3207-1602,GREASE,15.0,Kg,725025.0,Pelumas,Pelumas,Grease
2026-08-13,Aug,8,KUMAI,PLANTATION,RUTIN,ATTACHMENT SYSTEM,BACKHOE LOADER CAT 416 F2 361-008,370502-000300-0290,,GREASE COUPLER 0 LUAR 15 MM,1.0,PCS,10000.0,Barang & Alat Bengkel,Barang & Alat Bengkel,Work Shop
2026-08-19,Aug,8,KUMAI,PLANTATION,RUTIN,ELECTRICAL SYSTEM,BACKHOE LOADER CAT 416 F2 361-008,330502-020306-0001,18W UNI-DIONE 12VDC,COIL VALVE GP-SOLENOID,1.0,PCS,2462000.0,B/H Loader,B/H Loader,Caterpillar
2026-08-19,Aug,8,KUMAI,PLANTATION,RUTIN,ENGINE SYSTEM,BACKHOE LOADER CAT 416 F2 361-008,330502-010207-0001,346-6687,ELEMENT AIR PRIMARY,1.0,Pcs,765243.62,B/H Loader,B/H Loader,Caterpillar
2026-08-19,Aug,8,KUMAI,PLANTATION,RUTIN,ENGINE SYSTEM,BACKHOE LOADER CAT 416 F2 361-008,330502-010207-0002,346-6688,ELEMENT AIR SCONDERY,1.0,Pcs,435534.68,B/H Loader,B/H Loader,Caterpillar
2026-08-13,Aug,8,KUMAI,PLANTATION,RUTIN,ENGINE SYSTEM,BACKHOE LOADER CAT 416 F2 361-008,330502-010207-0004,7W-2326,OIL FILTER,1.0,PCS,134024.0,B/H Loader,B/H Loader,Caterpillar
2026-08-10,Aug,8,KUMAI,PLANTATION,RUTIN,ENGINE SYSTEM,BACKHOE LOADER CAT 416 F2 361-008,330502-010207-0007,284-1026,PULLEY 18 GROVE,1.0,PCS,2157936.7,B/H Loader,B/H Loader,Caterpillar
2026-08-10,Aug,8,KUMAI,PLANTATION,RUTIN,ENGINE SYSTEM,BACKHOE LOADER CAT 416 F2 361-008,330502-010307-0077,377-9081,BELT TENSIONER,1.0,PCS,321521.37,B/H Loader,B/H Loader,Caterpillar
2026-08-15,Aug,8,KUMAI,PLANTATION,RUTIN,ENGINE SYSTEM,BACKHOE LOADER CAT 416 F2 361-008,350201-000200-0024,,ENGINE OIL 15W-40,9.0,LTR,290700.0,Pelumas,Pelumas,Oli
2026-08-28,Aug,8,KUMAI,PLANTATION,RUTIN,FINAL DRIVE SYSTEM,BACKHOE LOADER CAT 416 F2 361-008,350201-000200-0041,,GEAR OIL RORED HDA-90,10.0,Ltr,454628.2,Pelumas,Pelumas,Oli
2026-08-21,Aug,8,KUMAI,PLANTATION,RUTIN,HYDRAULIC SYSTEM,BACKHOE LOADER CAT 416 F2 361-008,330502-010211-0001,362-1163,HYDRAULIC FILTER,1.0,Pcs,507000.0,B/H Loader,B/H Loader,Caterpillar
2026-08-15,Aug,8,KUMAI,PLANTATION,RUTIN,HYDRAULIC SYSTEM,BACKHOE LOADER CAT 416 F2 361-008,350201-000200-0071,,HYDRAULIC OIL MEDITRAN SAE 10W,35.0,LTR,947939.3,Pelumas,Pelumas,Oli
2026-08-20,Aug,8,KUMAI,PLANTATION,RUTIN,HYDRAULIC SYSTEM,BACKHOE LOADER CAT 416 F2 361-008,350201-000200-0071,,HYDRAULIC OIL MEDITRAN SAE 10W,8.0,LTR,216671.84,Pelumas,Pelumas,Oli
2026-08-22,Aug,8,KUMAI,PLANTATION,RUTIN,HYDRAULIC SYSTEM,BACKHOE LOADER CAT 416 F2 361-008,350201-000200-0071,,HYDRAULIC OIL MEDITRAN SAE 10W,35.0,LTR,947939.3,Pelumas,Pelumas,Oli
2026-08-26,Aug,8,KUMAI,PLANTATION,RUTIN,HYDRAULIC SYSTEM,BACKHOE LOADER CAT 416 F2 361-008,350201-000200-0071,,HYDRAULIC OIL MEDITRAN SAE 10W,15.0,LTR,406259.7,Pelumas,Pelumas,Oli
2026-08-29,Aug,8,KUMAI,PLANTATION,RUTIN,HYDRAULIC SYSTEM,BACKHOE LOADER CAT 416 F2 361-008,350201-000200-0071,,HYDRAULIC OIL MEDITRAN SAE 10W,10.0,LTR,270839.8,Pelumas,Pelumas,Oli
2026-08-15,Aug,8,KUMAI,PLANTATION,RUTIN,TRANSMISSION SYSTEM,BACKHOE LOADER CAT 416 F2 361-008,350201-000200-0028,,ENGINE OIL MEDITRAN S SAE 30,5.0,LTR,175665.55,Pelumas,Pelumas,Oli
2026-08-18,Aug,8,KUMAI,PLANTATION,RUTIN,TRANSMISSION SYSTEM,BACKHOE LOADER CAT 416 F2 361-008,350201-000200-0028,,ENGINE OIL MEDITRAN S SAE 30,35.0,LTR,1229658.85,Pelumas,Pelumas,Oli
2026-08-11,Aug,8,KUMAI,PLANTATION,NON RUTIN,ENGINE SYSTEM,BACKHOE LOADER CAT 416 F2 361-008,330502-010307-0010,225-5437,PISTON AS,4.0,SET,5700000.0,B/H Loader,B/H Loader,Caterpillar
2026-08-13,Aug,8,KUMAI,PLANTATION,RUTIN,ATTACHMENT SYSTEM,BACKHOE LOADER CATTERPILLAR 426F2 361-011,370502-000300-0290,,GREASE COUPLER 0 LUAR 15 MM,1.0,PCS,10000.0,Barang & Alat Bengkel,Barang & Alat Bengkel,Work Shop
2026-08-13,Aug,8,KUMAI,PLANTATION,RUTIN,ENGINE SYSTEM,BACKHOE LOADER CATTERPILLAR 426F2 361-011,330502-010207-0004,7W-2326,OIL FILTER,1.0,PCS,134024.0,B/H Loader,B/H Loader,Caterpillar
2026-08-13,Aug,8,KUMAI,PLANTATION,RUTIN,ENGINE SYSTEM,BACKHOE LOADER CATTERPILLAR 426F2 361-011,330625-020207-0005,26560201,FUEL FILTER,1.0,Pcs,205000.0,Compactor,Compactor,Sakai
2026-08-07,Aug,8,KUMAI,PLANTATION,RUTIN,ENGINE SYSTEM,BACKHOE LOADER CATTERPILLAR 426F2 361-011,350201-000200-0024,,ENGINE OIL 15W-40,2.0,LTR,64600.0,Pelumas,Pelumas,Oli
2026-08-15,Aug,8,KUMAI,PLANTATION,RUTIN,ENGINE SYSTEM,BACKHOE LOADER CATTERPILLAR 426F2 361-011,350201-000200-0024,,ENGINE OIL 15W-40,10.0,LTR,323000.0,Pelumas,Pelumas,Oli
2026-08-27,Aug,8,KUMAI,PLANTATION,RUTIN,ENGINE SYSTEM,BACKHOE LOADER CATTERPILLAR 426F2 361-011,370502-000300-0597,62301-20035,WATER COOLANT @5LTR,4.0,Gln,300000.0,Barang & Alat Bengkel,Barang & Alat Bengkel,Work Shop
2026-08-20,Aug,8,KUMAI,PLANTATION,RUTIN,HYDRAULIC SYSTEM,BACKHOE LOADER CATTERPILLAR 426F2 361-011,330502-010211-0001,362-1163,HYDRAULIC FILTER,1.0,Pcs,507000.0,B/H Loader,B/H Loader,Caterpillar
2026-08-22,Aug,8,KUMAI,PLANTATION,RUTIN,HYDRAULIC SYSTEM,BACKHOE LOADER CATTERPILLAR 426F2 361-011,350201-000200-0071,,HYDRAULIC OIL MEDITRAN SAE 10W,2.0,LTR,54167.96,Pelumas,Pelumas,Oli
2026-08-20,Aug,8,KUMAI,PLANTATION,RUTIN,TRANSMISSION SYSTEM,BACKHOE LOADER CATTERPILLAR 426F2 361-011,330502-020214-0001,471-7003,FILTER TRANSMISI,1.0,PCS,532130.67,B/H Loader,B/H Loader,Caterpillar
2026-08-04,Aug,8,KUMAI,PLANTATION,RUTIN,TRANSMISSION SYSTEM,BACKHOE LOADER CATTERPILLAR 426F2 361-011,350201-000200-0028,,ENGINE OIL MEDITRAN S SAE 30,5.0,LTR,175665.55,Pelumas,Pelumas,Oli
2026-08-07,Aug,8,KUMAI,PLANTATION,RUTIN,TRANSMISSION SYSTEM,BACKHOE LOADER CATTERPILLAR 426F2 361-011,350201-000200-0028,,ENGINE OIL MEDITRAN S SAE 30,5.0,LTR,175665.55,Pelumas,Pelumas,Oli
2026-08-10,Aug,8,KUMAI,PLANTATION,RUTIN,TRANSMISSION SYSTEM,BACKHOE LOADER CATTERPILLAR 426F2 361-011,350201-000200-0028,,ENGINE OIL MEDITRAN S SAE 30,15.0,LTR,526996.65,Pelumas,Pelumas,Oli
2026-08-11,Aug,8,KUMAI,PLANTATION,RUTIN,TRANSMISSION SYSTEM,BACKHOE LOADER CATTERPILLAR 426F2 361-011,350201-000200-0028,,ENGINE OIL MEDITRAN S SAE 30,5.0,LTR,175665.55,Pelumas,Pelumas,Oli
2026-08-12,Aug,8,KUMAI,PLANTATION,RUTIN,TRANSMISSION SYSTEM,BACKHOE LOADER CATTERPILLAR 426F2 361-011,350201-000200-0028,,ENGINE OIL MEDITRAN S SAE 30,5.0,LTR,175665.55,Pelumas,Pelumas,Oli
2026-08-18,Aug,8,KUMAI,PLANTATION,RUTIN,TRANSMISSION SYSTEM,BACKHOE LOADER CATTERPILLAR 426F2 361-011,350201-000200-0028,,ENGINE OIL MEDITRAN S SAE 30,25.0,LTR,878327.75,Pelumas,Pelumas,Oli
2026-08-22,Aug,8,KUMAI,PLANTATION,RUTIN,TRANSMISSION SYSTEM,BACKHOE LOADER CATTERPILLAR 426F2 361-011,350201-000200-0028,,ENGINE OIL MEDITRAN S SAE 30,5.0,LTR,175665.55,Pelumas,Pelumas,Oli
2026-08-18,Aug,8,KUMAI,PLANTATION,RUTIN,WHEEL & TYRE SYSTEM,BACKHOE LOADER CATTERPILLAR 426F2 361-011,370601-000216-0059,48228-1690,BAN LUAR 16.9 * 28,1.0,Pcs,8500000.0,Suku Cadang Umum,Suku Cadang Umum,Ban
2026-08-12,Aug,8,KUMAI,PLANTATION,RUTIN,ATTACHMENT SYSTEM,BACKHOE LOADER CATERPILLAR 416 F 361-012,330502-010303-0076,213-6696,PIN,1.0,PCS,3215428.0,B/H Loader,B/H Loader,Caterpillar
2026-08-14,Aug,8,KUMAI,PLANTATION,RUTIN,ATTACHMENT SYSTEM,BACKHOE LOADER CATERPILLAR 416 F 361-012,350202-000200-0001,3207-1602,GREASE,15.0,Kg,725025.0,Pelumas,Pelumas,Grease
2026-08-08,Aug,8,KUMAI,PLANTATION,RUTIN,ENGINE SYSTEM,BACKHOE LOADER CATERPILLAR 416 F 361-012,330502-010207-0004,7W-2326,OIL FILTER,1.0,PCS,134024.0,B/H Loader,B/H Loader,Caterpillar
2026-08-08,Aug,8,KUMAI,PLANTATION,RUTIN,ENGINE SYSTEM,BACKHOE LOADER CATERPILLAR 416 F 361-012,330625-020207-0005,26560201,FUEL FILTER,1.0,Pcs,205000.0,Compactor,Compactor,Sakai
2026-08-08,Aug,8,KUMAI,PLANTATION,RUTIN,ENGINE SYSTEM,BACKHOE LOADER CATERPILLAR 416 F 361-012,350201-000200-0024,,ENGINE OIL 15W-40,13.0,LTR,419900.0,Pelumas,Pelumas,Oli
2026-08-13,Aug,8,KUMAI,PLANTATION,RUTIN,FRAME BODY & GUARD SYSTEM,BACKHOE LOADER CATERPILLAR 416 F 361-012,330502-010309-0012,278-5454,BUSHING,1.0,PCS,482842.67,B/H Loader,B/H Loader,Caterpillar
2026-08-14,Aug,8,KUMAI,PLANTATION,RUTIN,HYDRAULIC SYSTEM,BACKHOE LOADER CATERPILLAR 416 F 361-012,330502-010311-0089,363-0579,HOSE AS,1.0,PCS,2990803.0,B/H Loader,B/H Loader,Caterpillar
2026-08-15,Aug,8,KUMAI,PLANTATION,RUTIN,HYDRAULIC SYSTEM,BACKHOE LOADER CATERPILLAR 416 F 361-012,350201-000200-0071,,HYDRAULIC OIL MEDITRAN SAE 10W,5.0,LTR,135419.9,Pelumas,Pelumas,Oli
2026-08-05,Aug,8,KUMAI,PLANTATION,RUTIN,WHEEL & TYRE SYSTEM,BACKHOE LOADER CATERPILLAR 416 F 361-012,370601-000216-0057,48218-1250,BAN LUAR 12.5 * 18,2.0,Pcs,10360000.0,Suku Cadang Umum,Suku Cadang Umum,Ban
2026-08-28,Aug,8,KUMAI,PLANTATION,RUTIN,AIR CONDITIONING SYSTEM,COMPACTOR SAKAI SV 526-D 371-012,330716-010301-0001,600-185-2500,ELEMENT ASSEMBLY,1.0,PCS,593500.0,Bulldozer,Bulldozer,Komatsu
2026-08-07,Aug,8,KUMAI,PLANTATION,RUTIN,ATTACHMENT SYSTEM,COMPACTOR SAKAI SV 526-D 371-012,370502-000300-0291,61405-16110,GREASE NEEPLE M10,2.0,Pcs,6333.32,Barang & Alat Bengkel,Barang & Alat Bengkel,Work Shop
2026-08-07,Aug,8,KUMAI,PLANTATION,RUTIN,ATTACHMENT SYSTEM,COMPACTOR SAKAI SV 526-D 371-012,370502-000300-0292,,GREASE NEEPLE M10 - 90Â°,2.0,PCS,10000.0,Barang & Alat Bengkel,Barang & Alat Bengkel,Work Shop
2026-08-07,Aug,8,KUMAI,PLANTATION,RUTIN,ATTACHMENT SYSTEM,COMPACTOR SAKAI SV 526-D 371-012,370502-000300-0316,60815-19071,HOSE GREASE GUN,1.0,PCS,28750.0,Barang & Alat Bengkel,Barang & Alat Bengkel,Work Shop
2026-08-28,Aug,8,KUMAI,PLANTATION,RUTIN,DIFFENTTIAL & REAR AXLE SYSTEM,COMPACTOR SAKAI SV 526-D 371-012,350201-000200-0041,,GEAR OIL RORED HDA-90,60.0,Ltr,2727769.2,Pelumas,Pelumas,Oli
2026-08-28,Aug,8,KUMAI,PLANTATION,RUTIN,ENGINE SYSTEM,COMPACTOR SAKAI SV 526-D 371-012,330315-010307-0049,VH23390E0020D1,FUEL FILTER,1.0,PCS,259563.45,Excavator,Excavator,Kobelco
2026-08-28,Aug,8,KUMAI,PLANTATION,RUTIN,ENGINE SYSTEM,COMPACTOR SAKAI SV 526-D 371-012,330625-040207-0001,4032-09002-0,FUEL FILTER ELEMENT,1.0,PCS,62000.0,Compactor,Compactor,Sakai
2026-08-28,Aug,8,KUMAI,PLANTATION,RUTIN,ENGINE SYSTEM,COMPACTOR SAKAI SV 526-D 371-012,330625-040207-0002,4032-64005-0,OIL FILTER,1.0,PCS,274000.0,Compactor,Compactor,Sakai
2026-08-26,Aug,8,KUMAI,PLANTATION,RUTIN,ENGINE SYSTEM,COMPACTOR SAKAI SV 526-D 371-012,330625-050207-0006,4032-64010-0,V-BELT,1.0,PCS,274000.0,Compactor,Compactor,Sakai
2026-08-28,Aug,8,KUMAI,PLANTATION,RUTIN,ENGINE SYSTEM,COMPACTOR SAKAI SV 526-D 371-012,350201-000200-0024,,ENGINE OIL 15W-40,15.0,LTR,484500.0,Pelumas,Pelumas,Oli
2026-08-25,Aug,8,KUMAI,PLANTATION,RUTIN,ENGINE SYSTEM,COMPACTOR SAKAI SV 526-D 371-012,370502-000300-0597,62301-20035,WATER COOLANT @5LTR,1.0,Gln,75000.0,Barang & Alat Bengkel,Barang & Alat Bengkel,Work Shop
2026-08-24,Aug,8,KUMAI,PLANTATION,RUTIN,HYDRAULIC SYSTEM,COMPACTOR SAKAI SV 526-D 371-012,350201-000200-0071,,HYDRAULIC OIL MEDITRAN SAE 10W,5.0,LTR,135419.9,Pelumas,Pelumas,Oli
2026-08-28,Aug,8,KUMAI,PLANTATION,RUTIN,HYDRAULIC SYSTEM,COMPACTOR SAKAI SV 526-D 371-012,350201-000200-0071,,HYDRAULIC OIL MEDITRAN SAE 10W,15.0,LTR,406259.7,Pelumas,Pelumas,Oli
2026-08-16,Aug,8,KUMAI,PLANTATION,RUTIN,ATTACHMENT SYSTEM,COMPACTOR SAKAI SV 526-D 371-013,350202-000200-0001,3207-1602,GREASE,15.0,Kg,725025.0,Pelumas,Pelumas,Grease
2026-08-16,Aug,8,KUMAI,PLANTATION,RUTIN,ATTACHMENT SYSTEM,COMPACTOR SAKAI SV 526-D 371-013,370502-000300-0292,,GREASE NEEPLE M10 - 90Â°,4.0,PCS,20000.0,Barang & Alat Bengkel,Barang & Alat Bengkel,Work Shop
2026-08-24,Aug,8,KUMAI,PLANTATION,RUTIN,ENGINE SYSTEM,COMPACTOR SAKAI SV 526-D 371-013,330625-040207-0001,4032-09002-0,FUEL FILTER ELEMENT,1.0,PCS,62000.0,Compactor,Compactor,Sakai
2026-08-24,Aug,8,KUMAI,PLANTATION,RUTIN,ENGINE SYSTEM,COMPACTOR SAKAI SV 526-D 371-013,330625-040207-0002,4032-64005-0,OIL FILTER,1.0,PCS,274000.0,Compactor,Compactor,Sakai
2026-08-24,Aug,8,KUMAI,PLANTATION,RUTIN,ENGINE SYSTEM,COMPACTOR SAKAI SV 526-D 371-013,330625-040207-0005,4421-39001-0,FUEL WATER SEPARATOR ELEMENT,1.0,PCS,260000.0,Compactor,Compactor,Sakai
2026-08-26,Aug,8,KUMAI,PLANTATION,RUTIN,ENGINE SYSTEM,COMPACTOR SAKAI SV 526-D 371-013,330625-050207-0006,4032-64010-0,V-BELT,2.0,PCS,548000.0,Compactor,Compactor,Sakai
2026-08-26,Aug,8,KUMAI,PLANTATION,RUTIN,ENGINE SYSTEM,COMPACTOR SAKAI SV 526-D 371-013,350201-000200-0024,,ENGINE OIL 15W-40,23.0,LTR,742900.0,Pelumas,Pelumas,Oli
2026-08-25,Aug,8,KUMAI,PLANTATION,RUTIN,ENGINE SYSTEM,COMPACTOR SAKAI SV 526-D 371-013,370502-000300-0597,62301-20035,WATER COOLANT @5LTR,1.0,Gln,75000.0,Barang & Alat Bengkel,Barang & Alat Bengkel,Work Shop
2026-08-26,Aug,8,KUMAI,PLANTATION,RUTIN,FINAL DRIVE SYSTEM,COMPACTOR SAKAI SV 526-D 371-013,350201-000200-0041,,GEAR OIL RORED HDA-90,40.0,Ltr,1818512.8,Pelumas,Pelumas,Oli
2026-08-07,Aug,8,KUMAI,PLANTATION,RUTIN,HYDRAULIC SYSTEM,COMPACTOR SAKAI SV 526-D 371-013,350201-000200-0071,,HYDRAULIC OIL MEDITRAN SAE 10W,3.0,LTR,81251.94,Pelumas,Pelumas,Oli
2026-08-26,Aug,8,KUMAI,PLANTATION,RUTIN,HYDRAULIC SYSTEM,COMPACTOR SAKAI SV 526-D 371-013,350201-000200-0071,,HYDRAULIC OIL MEDITRAN SAE 10W,45.0,LTR,1218779.1,Pelumas,Pelumas,Oli
2026-08-26,Aug,8,KUMAI,PLANTATION,RUTIN,ELECTRICAL SYSTEM,POMPA EBARA 422-002,340501-000300-0075,,BATTERY 12V-70A,2.0,PCS,2079307.6,Umum Kendaraan,Umum Kendaraan,Umum Kendaraan
2026-08-10,Aug,8,KUMAI,PLANTATION,RUTIN,ENGINE SYSTEM,POMPA EBARA 422-002,370302-000300-0361,,"HOSE CLAMP 3""",2.0,Pcs,8000.0,Barang Konstruksi,Barang Konstruksi,Bahan Bangunan
2026-08-10,Aug,8,KUMAI,PLANTATION,RUTIN,ENGINE SYSTEM,POMPA EBARA 422-002,370502-000300-0620,,"HOSE CLAMP 1""",4.0,Pcs,7000.0,Barang & Alat Bengkel,Barang & Alat Bengkel,Work Shop
2026-08-15,Aug,8,KUMAI,PLANTATION,RUTIN,ENGINE SYSTEM,POMPA EBARA 422-002,370502-000300-0620,,"HOSE CLAMP 1""",4.0,Pcs,7000.0,Barang & Alat Bengkel,Barang & Alat Bengkel,Work Shop
2026-08-27,Aug,8,KUMAI,PLANTATION,RUTIN,ENGINE SYSTEM,POMPA EBARA 422-002,370502-000300-0620,,"HOSE CLAMP 1""",2.0,Pcs,3500.0,Barang & Alat Bengkel,Barang & Alat Bengkel,Work Shop
2026-08-03,Aug,8,KUMAI,PLANTATION,RUTIN,ENGINE SYSTEM,POMPA MITSUBISHI 5D 422-003,350201-000200-0024,,ENGINE OIL 15W-40,25.0,LTR,807500.0,Pelumas,Pelumas,Oli
2026-08-28,Aug,8,KUMAI,PLANTATION,RUTIN,ENGINE SYSTEM,POMPA MITSUBISHI 5D 422-003,350201-000200-0024,,ENGINE OIL 15W-40,10.0,LTR,323000.0,Pelumas,Pelumas,Oli
2026-08-03,Aug,8,KUMAI,PLANTATION,RUTIN,ENGINE SYSTEM,POMPA MITSUBISHI 5D 422-003,370502-000300-0620,,"HOSE CLAMP 1""",6.0,Pcs,10500.0,Barang & Alat Bengkel,Barang & Alat Bengkel,Work Shop
2026-08-15,Aug,8,KUMAI,PLANTATION,RUTIN,ENGINE SYSTEM,POMPA MITSUBISHI 5D 422-003,370502-000300-0620,,"HOSE CLAMP 1""",5.0,Pcs,8750.0,Barang & Alat Bengkel,Barang & Alat Bengkel,Work Shop
2026-08-28,Aug,8,KUMAI,PLANTATION,RUTIN,ENGINE SYSTEM,POMPA MITSUBISHI 5D 422-003,370502-000300-0620,,"HOSE CLAMP 1""",3.0,Pcs,5250.0,Barang & Alat Bengkel,Barang & Alat Bengkel,Work Shop
2026-08-05,Aug,8,KUMAI,PLANTATION,RUTIN,ENGINE SYSTEM,POMPA MITSUBISHI 6D1 422-004,350201-000200-0024,,ENGINE OIL 15W-40,1.0,LTR,32300.0,Pelumas,Pelumas,Oli
2026-08-18,Aug,8,KUMAI,PLANTATION,RUTIN,ENGINE SYSTEM,POMPA MITSUBISHI 6D1 422-004,350201-000200-0024,,ENGINE OIL 15W-40,1.0,LTR,32300.0,Pelumas,Pelumas,Oli
2026-08-28,Aug,8,KUMAI,PLANTATION,RUTIN,ENGINE SYSTEM,POMPA MITSUBISHI 6D1 422-004,350201-000200-0024,,ENGINE OIL 15W-40,10.0,LTR,323000.0,Pelumas,Pelumas,Oli
2026-08-11,Aug,8,KUMAI,PLANTATION,RUTIN,ENGINE SYSTEM,"POMPA ISUZU EGINE 8""/6"" 422-006",330625-050207-0006,4032-64010-0,V-BELT,2.0,PCS,548000.0,Compactor,Compactor,Sakai
2026-08-31,Aug,8,KUMAI,PLANTATION,RUTIN,ENGINE SYSTEM,"POMPA ISUZU EGINE 8""/6"" 422-006",350201-000200-0024,,ENGINE OIL 15W-40,25.0,LTR,807500.0,Pelumas,Pelumas,Oli
2026-08-10,Aug,8,KUMAI,PLANTATION,RUTIN,ENGINE SYSTEM,"POMPA ISUZU EGINE 8""/6"" 422-006",370502-000300-0620,,"HOSE CLAMP 1""",4.0,Pcs,7000.0,Barang & Alat Bengkel,Barang & Alat Bengkel,Work Shop
2026-08-11,Aug,8,KUMAI,PLANTATION,RUTIN,ENGINE SYSTEM,"POMPA ISUZU EGINE 8""/6"" 422-006",370502-000300-0620,,"HOSE CLAMP 1""",2.0,Pcs,3500.0,Barang & Alat Bengkel,Barang & Alat Bengkel,Work Shop
2026-08-14,Aug,8,KUMAI,PLANTATION,RUTIN,ENGINE SYSTEM,"POMPA ISUZU EGINE 8""/6"" 422-006",370502-000300-0620,,"HOSE CLAMP 1""",2.0,Pcs,3500.0,Barang & Alat Bengkel,Barang & Alat Bengkel,Work Shop
2026-08-15,Aug,8,KUMAI,PLANTATION,RUTIN,ENGINE SYSTEM,"POMPA ISUZU EGINE 8""/6"" 422-006",370502-000300-0620,,"HOSE CLAMP 1""",5.0,Pcs,8750.0,Barang & Alat Bengkel,Barang & Alat Bengkel,Work Shop
2026-08-24,Aug,8,KUMAI,PLANTATION,RUTIN,ENGINE SYSTEM,"POMPA ISUZU EGINE 8""/6"" 422-006",370502-000300-0620,,"HOSE CLAMP 1""",2.0,Pcs,3500.0,Barang & Alat Bengkel,Barang & Alat Bengkel,Work Shop
2026-08-21,Aug,8,KUMAI,PLANTATION,RUTIN,ELECTRICAL SYSTEM,POMPA MITSUBISHI 6D14 422-007,340501-000300-0075,,BATTERY 12V-70A,2.0,PCS,2079307.6,Umum Kendaraan,Umum Kendaraan,Umum Kendaraan
2026-08-10,Aug,8,KUMAI,PLANTATION,RUTIN,ENGINE SYSTEM,POMPA MITSUBISHI 6D14 422-007,350201-000200-0024,,ENGINE OIL 15W-40,10.0,LTR,323000.0,Pelumas,Pelumas,Oli
2026-08-11,Aug,8,KUMAI,PLANTATION,RUTIN,ENGINE SYSTEM,POMPA MITSUBISHI 6D14 422-007,350201-000200-0024,,ENGINE OIL 15W-40,5.0,LTR,161500.0,Pelumas,Pelumas,Oli
2026-08-15,Aug,8,KUMAI,PLANTATION,RUTIN,ENGINE SYSTEM,POMPA MITSUBISHI 6D14 422-007,370502-000300-0620,,"HOSE CLAMP 1""",4.0,Pcs,7000.0,Barang & Alat Bengkel,Barang & Alat Bengkel,Work Shop
2026-08-24,Aug,8,KUMAI,PLANTATION,RUTIN,ENGINE SYSTEM,POMPA MITSUBISHI 6D14 422-007,370502-000300-0620,,"HOSE CLAMP 1""",2.0,Pcs,3500.0,Barang & Alat Bengkel,Barang & Alat Bengkel,Work Shop
2026-08-05,Aug,8,KUMAI,PLANTATION,RUTIN,ENGINE SYSTEM,POMPA MITSUBISHI 6D14 422-008,350201-000200-0024,,ENGINE OIL 15W-40,1.0,LTR,32300.0,Pelumas,Pelumas,Oli
2026-08-18,Aug,8,KUMAI,PLANTATION,RUTIN,ENGINE SYSTEM,POMPA MITSUBISHI 6D14 422-008,350201-000200-0024,,ENGINE OIL 15W-40,1.0,LTR,32300.0,Pelumas,Pelumas,Oli
2026-08-27,Aug,8,KUMAI,PLANTATION,RUTIN,ENGINE SYSTEM,POMPA MITSUBISHI 6D14 422-009,370502-000300-0620,,"HOSE CLAMP 1""",2.0,Pcs,3500.0,Barang & Alat Bengkel,Barang & Alat Bengkel,Work Shop
2026-08-01,Aug,8,TANJUNG,MINING,RUTIN,ENGINE SYSTEM,TRUCK TANGKI HINO FG235 DA 1853 Z /DA 8705 ZE 262-001,340307-010207-0011,23414-LAA10,FUEL FILTER,1.0,PCS,54980.77,Truck /Bus,Truck /Bus,Hino
2026-08-28,Aug,8,TANJUNG,MINING,RUTIN,ENGINE SYSTEM,TRUCK TANGKI HINO FG235 DA 1853 Z /DA 8705 ZE 262-001,340307-010207-0011,23414-LAA10,FUEL FILTER,1.0,PCS,54980.77,Truck /Bus,Truck /Bus,Hino
2026-08-28,Aug,8,TANJUNG,MINING,RUTIN,ENGINE SYSTEM,TRUCK TANGKI HINO FG235 DA 1853 Z /DA 8705 ZE 262-001,340307-040207-0005,15613-EW010,"ELEMENT,OIL FILTER",1.0,PCS,170535.71,Truck /Bus,Truck /Bus,Hino
2026-08-01,Aug,8,TANJUNG,MINING,RUTIN,ENGINE SYSTEM,TRUCK TANGKI HINO FG235 DA 1853 Z /DA 8705 ZE 262-001,340307-040207-0010,23304-JAC70,ELEMENT FILTER,1.0,PCS,85027.35,Truck /Bus,Truck /Bus,Hino
2026-08-28,Aug,8,TANJUNG,MINING,RUTIN,ENGINE SYSTEM,TRUCK TANGKI HINO FG235 DA 1853 Z /DA 8705 ZE 262-001,340307-040207-0010,23304-JAC70,ELEMENT FILTER,1.0,PCS,85027.35,Truck /Bus,Truck /Bus,Hino
2026-08-01,Aug,8,TANJUNG,MINING,RUTIN,ENGINE SYSTEM,TRUCK TANGKI HINO FG235 DA 1853 Z /DA 8705 ZE 262-001,350201-000200-0024,,ENGINE OIL 15W-40,20.0,LTR,636000.0,Pelumas,Pelumas,Oli
2026-08-28,Aug,8,TANJUNG,MINING,RUTIN,ENGINE SYSTEM,TRUCK TANGKI HINO FG235 DA 1853 Z /DA 8705 ZE 262-001,350201-000200-0024,,ENGINE OIL 15W-40,20.0,LTR,636000.0,Pelumas,Pelumas,Oli
2026-08-22,Aug,8,TANJUNG,MINING,RUTIN,HYDRAULIC SYSTEM,TRUCK TANGKI HINO FG235 DA 1853 Z /DA 8705 ZE 262-001,340307-050311-0002,33820-EW032,CABLE TRANSMISI,1.0,PCS,416407.4,Truck /Bus,Truck /Bus,Hino
2026-08-14,Aug,8,TANJUNG,MINING,NON RUTIN,BRAKE SYSTEM,TRUCK TANGKI HINO FG235 DA 1853 Z /DA 8705 ZE 262-001,340307-040304-0002,31420-E0020,"CYLINDER ASSY,MASTER",1.0,SET,1281312.5,Truck /Bus,Truck /Bus,Hino
2026-08-07,Aug,8,TANJUNG,MINING,NON RUTIN,DIFFENTTIAL & REAR AXLE SYSTEM,TRUCK TANGKI HINO FG235 DA 1853 Z /DA 8705 ZE 262-001,340307-050305-0015,GUM-88,CROSS JOINT,1.0,PCS,112857.14,Truck /Bus,Truck /Bus,Hino
2026-08-08,Aug,8,TANJUNG,MINING,NON RUTIN,DIFFENTTIAL & REAR AXLE SYSTEM,TRUCK TANGKI HINO FG235 DA 1853 Z /DA 8705 ZE 262-001,340307-050305-0015,GUM-88,CROSS JOINT,1.0,PCS,112857.14,Truck /Bus,Truck /Bus,Hino
2026-08-11,Aug,8,TANJUNG,MINING,NON RUTIN,DIFFENTTIAL & REAR AXLE SYSTEM,TRUCK TANGKI HINO FG235 DA 1853 Z /DA 8705 ZE 262-001,340307-050305-0015,GUM-88,CROSS JOINT,1.0,PCS,112857.14,Truck /Bus,Truck /Bus,Hino
2026-08-29,Aug,8,TANJUNG,MINING,NON RUTIN,ELECTRICAL SYSTEM,TRUCK TANGKI HINO FG235 DA 1853 Z /DA 8705 ZE 262-001,370502-000306-0001,MMT-017,BACK HORN 12V-24V,1.0,PCS,500000.0,Barang & Alat Bengkel,Barang & Alat Bengkel,Work Shop
2026-08-10,Aug,8,TANJUNG,MINING,NON RUTIN,GROUND ENGAGING SYSTEM,TRUCK TANGKI HINO FG235 DA 1853 Z /DA 8705 ZE 262-001,330308-010310-0003,J951022,NUT,4.0,PCS,40000.0,Excavator,Excavator,Hitachi
2026-08-10,Aug,8,TANJUNG,MINING,NON RUTIN,GROUND ENGAGING SYSTEM,TRUCK TANGKI HINO FG235 DA 1853 Z /DA 8705 ZE 262-001,330308-010310-0021,J932270,BOLT,4.0,PCS,152000.0,Excavator,Excavator,Hitachi
2026-08-14,Aug,8,TANJUNG,MINING,NON RUTIN,HYDRAULIC SYSTEM,TRUCK TANGKI HINO FG235 DA 1853 Z /DA 8705 ZE 262-001,340307-050311-0002,33820-EW032,CABLE TRANSMISI,1.0,PCS,416407.4,Truck /Bus,Truck /Bus,Hino
2026-08-07,Aug,8,TANJUNG,MINING,NON RUTIN,STEERING SYSTEM,TRUCK TANGKI HINO FG235 DA 1853 Z /DA 8705 ZE 262-001,340307-050312-0021,S4523-02100,JOINT STEERING SHAFT,1.0,PCS,920000.0,Truck /Bus,Truck /Bus,Hino
2026-08-15,Aug,8,TANJUNG,MINING,NON RUTIN,TRANSMISSION SYSTEM,TRUCK TANGKI HINO FG235 DA 1853 Z /DA 8705 ZE 262-001,340307-010314-0012,31250-E0490,CLUTCH DISC,1.0,PCS,2617000.0,Truck /Bus,Truck /Bus,Hino
2026-08-15,Aug,8,TANJUNG,MINING,NON RUTIN,TRANSMISSION SYSTEM,TRUCK TANGKI HINO FG235 DA 1853 Z /DA 8705 ZE 262-001,340307-040314-0007,S3124-21060,BEARING RELEASE,1.0,PCS,321128.18,Truck /Bus,Truck /Bus,Hino
2026-08-15,Aug,8,TANJUNG,MINING,NON RUTIN,TRANSMISSION SYSTEM,TRUCK TANGKI HINO FG235 DA 1853 Z /DA 8705 ZE 262-001,340307-050314-0016,S3129-01040,"LEVER ASSY, RELEASE",1.0,PCS,627228.36,Truck /Bus,Truck /Bus,Hino
2026-08-27,Aug,8,TANJUNG,MINING,RUTIN,AIR CONDITIONING SYSTEM,DUMP TRUCK HINO FM 260 JD 312-015,340330-010301-0001,88440-0B070,PULLY AC,1.0,PCS,453833.33,Truck /Bus,Truck /Bus,Toyota
2026-08-30,Aug,8,TANJUNG,MINING,RUTIN,AIR CONDITIONING SYSTEM,DUMP TRUCK HINO FM 260 JD 312-015,370502-000300-0263,HFC-134a,FREON,2.0,CAN,117589.94,Barang & Alat Bengkel,Barang & Alat Bengkel,Work Shop
2026-08-28,Aug,8,TANJUNG,MINING,RUTIN,ELECTRICAL SYSTEM,DUMP TRUCK HINO FM 260 JD 312-015,340501-000300-0044,60201-20065,BATTERY 12V-65A,1.0,Pcs,928955.0,Umum Kendaraan,Umum Kendaraan,Umum Kendaraan
2026-08-28,Aug,8,TANJUNG,MINING,RUTIN,ELECTRICAL SYSTEM,DUMP TRUCK HINO FM 260 JD 312-015,370502-000300-0583,,TERMINAL BATTERY,1.0,Psg,21375.0,Barang & Alat Bengkel,Barang & Alat Bengkel,Work Shop
2026-08-12,Aug,8,TANJUNG,MINING,RUTIN,ENGINE SYSTEM,DUMP TRUCK HINO FM 260 JD 312-015,340307-040207-0005,15613-EW010,"ELEMENT,OIL FILTER",1.0,PCS,170535.71,Truck /Bus,Truck /Bus,Hino
2026-08-30,Aug,8,TANJUNG,MINING,RUTIN,FRAME BODY & GUARD SYSTEM,DUMP TRUCK HINO FM 260 JD 312-015,370502-000300-0694,,BOLT & NUT M17 X 150MM,1.0,PCS,11961.54,Barang & Alat Bengkel,Barang & Alat Bengkel,Work Shop
2026-08-30,Aug,8,TANJUNG,MINING,RUTIN,FRAME BODY & GUARD SYSTEM,DUMP TRUCK HINO FM 260 JD 312-015,370502-000300-0695,,BOLT & NUT M14 X 150MM,1.0,PCS,6250.0,Barang & Alat Bengkel,Barang & Alat Bengkel,Work Shop
2026-08-18,Aug,8,TANJUNG,MINING,RUTIN,TRANSMISSION SYSTEM,DUMP TRUCK HINO FM 260 JD 312-015,340307-040314-0004,S1206-EW030,TRANSMISI MOUNTING,2.0,PCS,1409588.28,Truck /Bus,Truck /Bus,Hino
2026-08-12,Aug,8,TANJUNG,MINING,NON RUTIN,ELECTRICAL SYSTEM,DUMP TRUCK HINO FM 260 JD 312-015,340307-010315-0008,85212-YX010,WIPER BLADE RH.,1.0,Pcs,80000.0,Truck /Bus,Truck /Bus,Hino
2026-08-05,Aug,8,TANJUNG,MINING,NON RUTIN,ELECTRICAL SYSTEM,DUMP TRUCK HINO FM 260 JD 312-015,340307-050306-0037,27060-EW061,ALTERNATOR,1.0,PCS,2830000.0,Truck /Bus,Truck /Bus,Hino
2026-08-12,Aug,8,TANJUNG,MINING,NON RUTIN,ENGINE SYSTEM,DUMP TRUCK HINO FM 260 JD 312-015,340307-050307-0091,11115-E0200,GASKET HEAD KIT,1.0,SET,1450000.0,Truck /Bus,Truck /Bus,Hino
2026-08-18,Aug,8,TANJUNG,MINING,RUTIN,AIR CONDITIONING SYSTEM,DUMP TRUCK HINO FM 260 JD 312-019,340330-010301-0001,88440-0B070,PULLY AC,1.0,PCS,453833.33,Truck /Bus,Truck /Bus,Toyota
2026-08-21,Aug,8,TANJUNG,MINING,RUTIN,AIR CONDITIONING SYSTEM,DUMP TRUCK HINO FM 260 JD 312-019,370604-000300-0076,,VEE BELT B-46,2.0,PCS,156400.0,Suku Cadang Umum,Suku Cadang Umum,V- Belt
2026-08-30,Aug,8,TANJUNG,MINING,RUTIN,BRAKE SYSTEM,DUMP TRUCK HINO FM 260 JD 312-019,370502-000300-0186,,BRAKE FLUID,2.0,Btl,150788.8,Barang & Alat Bengkel,Barang & Alat Bengkel,Work Shop
2026-08-28,Aug,8,TANJUNG,MINING,RUTIN,ELECTRICAL SYSTEM,DUMP TRUCK HINO FM 260 JD 312-019,340501-000300-0044,60201-20065,BATTERY 12V-65A,1.0,Pcs,928955.0,Umum Kendaraan,Umum Kendaraan,Umum Kendaraan
2026-08-26,Aug,8,TANJUNG,MINING,RUTIN,ELECTRICAL SYSTEM,DUMP TRUCK HINO FM 260 JD 312-019,340501-000300-0079,,BLADE FUSE KECIL 10A,1.0,pcs,1500.0,Umum Kendaraan,Umum Kendaraan,Umum Kendaraan
2026-08-28,Aug,8,TANJUNG,MINING,RUTIN,ELECTRICAL SYSTEM,DUMP TRUCK HINO FM 260 JD 312-019,370502-000300-0583,,TERMINAL BATTERY,1.0,Psg,21375.0,Barang & Alat Bengkel,Barang & Alat Bengkel,Work Shop
2026-08-26,Aug,8,TANJUNG,MINING,RUTIN,ELECTRICAL SYSTEM,DUMP TRUCK HINO FM 260 JD 312-019,370502-000300-0673,,FUSE BOX,1.0,PCS,10638.89,Barang & Alat Bengkel,Barang & Alat Bengkel,Work Shop
2026-08-12,Aug,8,TANJUNG,MINING,RUTIN,ENGINE SYSTEM,DUMP TRUCK HINO FM 260 JD 312-019,340307-040207-0005,15613-EW010,"ELEMENT,OIL FILTER",1.0,PCS,170535.71,Truck /Bus,Truck /Bus,Hino
2026-08-16,Aug,8,TANJUNG,MINING,NON RUTIN,BRAKE SYSTEM,DUMP TRUCK HINO FM 260 JD 312-019,340307-050304-0038,S49U0-EW060,"CHAMBER ASSY,BRAKE W/SPRING RR",1.0,SET,2000000.0,Truck /Bus,Truck /Bus,Hino
2026-08-12,Aug,8,TANJUNG,MINING,NON RUTIN,BRAKE SYSTEM,DUMP TRUCK HINO FM 260 JD 312-019,340307-050304-0047,S31A0-E0071,"BOOSTER ASSY, CLUTCH",1.0,PCS,580000.0,Truck /Bus,Truck /Bus,Hino
2026-08-12,Aug,8,TANJUNG,MINING,NON RUTIN,ENGINE SYSTEM,DUMP TRUCK HINO FM 260 JD 312-019,340307-040307-0001,11463-E0050,LINER CYLINDER O/S,6.0,PCS,5449999.98,Truck /Bus,Truck /Bus,Hino
2026-08-31,Aug,8,TANJUNG,MINING,NON RUTIN,ENGINE SYSTEM,DUMP TRUCK HINO FM 260 JD 312-019,340307-050307-0062,13041-E0700,METAL JALAN STD,1.0,SET,495496.0,Truck /Bus,Truck /Bus,Hino
2026-08-31,Aug,8,TANJUNG,MINING,NON RUTIN,ENGINE SYSTEM,DUMP TRUCK HINO FM 260 JD 312-019,340307-050307-0063,S1170-12140,METAL DUDUK STD,1.0,SET,985500.0,Truck /Bus,Truck /Bus,Hino
2026-08-31,Aug,8,TANJUNG,MINING,NON RUTIN,ENGINE SYSTEM,DUMP TRUCK HINO FM 260 JD 312-019,340307-050307-0065,S1301-92080,RING PISTON SET,6.0,SET,3312240.0,Truck /Bus,Truck /Bus,Hino
2026-08-12,Aug,8,TANJUNG,MINING,NON RUTIN,ENGINE SYSTEM,DUMP TRUCK HINO FM 260 JD 312-019,340307-050307-0091,11115-E0200,GASKET HEAD KIT,1.0,SET,1450000.0,Truck /Bus,Truck /Bus,Hino
2026-08-25,Aug,8,TANJUNG,MINING,NON RUTIN,TRANSMISSION SYSTEM,DUMP TRUCK HINO FM 260 JD 312-019,340307-010314-0012,31250-E0490,CLUTCH DISC,1.0,PCS,2617000.0,Truck /Bus,Truck /Bus,Hino
2026-08-25,Aug,8,TANJUNG,MINING,NON RUTIN,TRANSMISSION SYSTEM,DUMP TRUCK HINO FM 260 JD 312-019,340307-040314-0007,S3124-21060,BEARING RELEASE,1.0,PCS,321128.18,Truck /Bus,Truck /Bus,Hino
2026-08-25,Aug,8,TANJUNG,MINING,NON RUTIN,TRANSMISSION SYSTEM,DUMP TRUCK HINO FM 260 JD 312-019,340307-050314-0016,S3129-01040,"LEVER ASSY, RELEASE",1.0,PCS,627228.36,Truck /Bus,Truck /Bus,Hino
2026-08-12,Aug,8,TANJUNG,MINING,RUTIN,AIR CONDITIONING SYSTEM,DUMP TRUCK HINO FM 260 JD 312-021,340330-010301-0001,88440-0B070,PULLY AC,1.0,PCS,453833.33,Truck /Bus,Truck /Bus,Toyota
2026-08-25,Aug,8,TANJUNG,MINING,RUTIN,AIR CONDITIONING SYSTEM,DUMP TRUCK HINO FM 260 JD 312-021,370502-000300-0263,HFC-134a,FREON,3.0,CAN,176384.91,Barang & Alat Bengkel,Barang & Alat Bengkel,Work Shop
2026-08-28,Aug,8,TANJUNG,MINING,RUTIN,ELECTRICAL SYSTEM,DUMP TRUCK HINO FM 260 JD 312-021,340501-000300-0044,60201-20065,BATTERY 12V-65A,1.0,Pcs,928955.0,Umum Kendaraan,Umum Kendaraan,Umum Kendaraan
2026-08-28,Aug,8,TANJUNG,MINING,RUTIN,ELECTRICAL SYSTEM,DUMP TRUCK HINO FM 260 JD 312-021,370502-000300-0583,,TERMINAL BATTERY,1.0,Psg,21375.0,Barang & Alat Bengkel,Barang & Alat Bengkel,Work Shop
2026-08-17,Aug,8,TANJUNG,MINING,RUTIN,ENGINE SYSTEM,DUMP TRUCK HINO FM 260 JD 312-021,340307-010207-0011,23414-LAA10,FUEL FILTER,1.0,PCS,54980.77,Truck /Bus,Truck /Bus,Hino
2026-08-12,Aug,8,TANJUNG,MINING,RUTIN,ENGINE SYSTEM,DUMP TRUCK HINO FM 260 JD 312-021,340307-040207-0005,15613-EW010,"ELEMENT,OIL FILTER",1.0,PCS,170535.71,Truck /Bus,Truck /Bus,Hino
2026-08-17,Aug,8,TANJUNG,MINING,RUTIN,ENGINE SYSTEM,DUMP TRUCK HINO FM 260 JD 312-021,340307-040207-0005,15613-EW010,"ELEMENT,OIL FILTER",1.0,PCS,170535.71,Truck /Bus,Truck /Bus,Hino
2026-08-17,Aug,8,TANJUNG,MINING,RUTIN,ENGINE SYSTEM,DUMP TRUCK HINO FM 260 JD 312-021,340307-040207-0010,23304-JAC70,ELEMENT FILTER,1.0,PCS,85027.35,Truck /Bus,Truck /Bus,Hino
2026-08-17,Aug,8,TANJUNG,MINING,RUTIN,ENGINE SYSTEM,DUMP TRUCK HINO FM 260 JD 312-021,350201-000200-0024,,ENGINE OIL 15W-40,20.0,LTR,636000.0,Pelumas,Pelumas,Oli
2026-08-26,Aug,8,TANJUNG,MINING,RUTIN,ENGINE SYSTEM,DUMP TRUCK HINO FM 260 JD 312-021,370502-000300-0597,62301-20035,WATER COOLANT @5LTR,2.0,Gln,75087.34,Barang & Alat Bengkel,Barang & Alat Bengkel,Work Shop
2026-08-15,Aug,8,TANJUNG,MINING,RUTIN,FRAME BODY & GUARD SYSTEM,DUMP TRUCK HINO FM 260 JD 312-021,370502-000300-0114,,BOLT & NUT M6 X 1.0 X 50MM,5.0,PCS,2250.0,Barang & Alat Bengkel,Barang & Alat Bengkel,Work Shop
2026-08-15,Aug,8,TANJUNG,MINING,RUTIN,FRAME BODY & GUARD SYSTEM,DUMP TRUCK HINO FM 260 JD 312-021,370502-000300-0123,58008-10060,BOLT & NUT M8 X 60MM - 1.0,3.0,Pcs,2700.0,Barang & Alat Bengkel,Barang & Alat Bengkel,Work Shop
2026-08-16,Aug,8,TANJUNG,MINING,RUTIN,HYDRAULIC SYSTEM,DUMP TRUCK HINO FM 260 JD 312-021,350201-000200-0071,,HYDRAULIC OIL MEDITRAN SAE 10W,20.0,LTR,741669.0,Pelumas,Pelumas,Oli
2026-08-20,Aug,8,TANJUNG,MINING,RUTIN,STEERING SYSTEM,DUMP TRUCK HINO FM 260 JD 312-021,350201-000200-0069,,STEERING OIL @1 LTR,2.0,Btl,81428.58,Pelumas,Pelumas,Oli
2026-08-20,Aug,8,TANJUNG,MINING,NON RUTIN,ELECTRICAL SYSTEM,DUMP TRUCK HINO FM 260 JD 312-021,340307-040206-0001,84220-E0150,SWITCH ASSY T/M POSITION,1.0,PCS,421000.0,Truck /Bus,Truck /Bus,Hino
2026-08-30,Aug,8,TANJUNG,MINING,NON RUTIN,ENGINE SYSTEM,DUMP TRUCK HINO FM 260 JD 312-021,340307-050307-0010,16701-EW021,SHROUD,1.0,PCS,362250.0,Truck /Bus,Truck /Bus,Hino
2026-08-20,Aug,8,TANJUNG,MINING,NON RUTIN,TRANSMISSION SYSTEM,DUMP TRUCK HINO FM 260 JD 312-021,340307-040314-0007,S3124-21060,BEARING RELEASE,1.0,PCS,321128.18,Truck /Bus,Truck /Bus,Hino
2026-08-20,Aug,8,TANJUNG,MINING,NON RUTIN,TRANSMISSION SYSTEM,DUMP TRUCK HINO FM 260 JD 312-021,340307-050314-0016,S3129-01040,"LEVER ASSY, RELEASE",1.0,PCS,627228.36,Truck /Bus,Truck /Bus,Hino
2026-08-12,Aug,8,TANJUNG,MINING,RUTIN,AIR CONDITIONING SYSTEM,DUMP TRUCK HINO FM 260 JD 312-022,340330-010301-0001,88440-0B070,PULLY AC,1.0,PCS,453833.33,Truck /Bus,Truck /Bus,Toyota
2026-08-13,Aug,8,TANJUNG,MINING,RUTIN,AIR CONDITIONING SYSTEM,DUMP TRUCK HINO FM 260 JD 312-022,340330-010301-0001,88440-0B070,PULLY AC,1.0,PCS,453833.33,Truck /Bus,Truck /Bus,Toyota
2026-08-23,Aug,8,TANJUNG,MINING,RUTIN,AIR CONDITIONING SYSTEM,DUMP TRUCK HINO FM 260 JD 312-022,340330-010301-0001,88440-0B070,PULLY AC,1.0,PCS,453833.33,Truck /Bus,Truck /Bus,Toyota
2026-08-31,Aug,8,TANJUNG,MINING,RUTIN,AIR CONDITIONING SYSTEM,DUMP TRUCK HINO FM 260 JD 312-022,340330-010301-0001,88440-0B070,PULLY AC,1.0,PCS,453833.33,Truck /Bus,Truck /Bus,Toyota
2026-08-31,Aug,8,TANJUNG,MINING,RUTIN,AIR CONDITIONING SYSTEM,DUMP TRUCK HINO FM 260 JD 312-022,370604-000300-0011,,VEE BELT A39,1.0,PCS,42900.0,Suku Cadang Umum,Suku Cadang Umum,V- Belt
2026-08-23,Aug,8,TANJUNG,MINING,RUTIN,ATTACHMENT SYSTEM,DUMP TRUCK HINO FM 260 JD 312-022,370502-000300-0114,,BOLT & NUT M6 X 1.0 X 50MM,5.0,PCS,2250.0,Barang & Alat Bengkel,Barang & Alat Bengkel,Work Shop
2026-08-28,Aug,8,TANJUNG,MINING,RUTIN,ELECTRICAL SYSTEM,DUMP TRUCK HINO FM 260 JD 312-022,340501-000300-0044,60201-20065,BATTERY 12V-65A,1.0,Pcs,928955.0,Umum Kendaraan,Umum Kendaraan,Umum Kendaraan
2026-08-31,Aug,8,TANJUNG,MINING,RUTIN,ELECTRICAL SYSTEM,DUMP TRUCK HINO FM 260 JD 312-022,340501-000300-0044,60201-20065,BATTERY 12V-65A,1.0,Pcs,928955.0,Umum Kendaraan,Umum Kendaraan,Umum Kendaraan
2026-08-28,Aug,8,TANJUNG,MINING,RUTIN,ELECTRICAL SYSTEM,DUMP TRUCK HINO FM 260 JD 312-022,370502-000300-0583,,TERMINAL BATTERY,1.0,Psg,21375.0,Barang & Alat Bengkel,Barang & Alat Bengkel,Work Shop
2026-08-16,Aug,8,TANJUNG,MINING,RUTIN,ENGINE SYSTEM,DUMP TRUCK HINO FM 260 JD 312-022,340307-010207-0011,23414-LAA10,FUEL FILTER,1.0,PCS,54980.77,Truck /Bus,Truck /Bus,Hino
2026-08-18,Aug,8,TANJUNG,MINING,RUTIN,ENGINE SYSTEM,DUMP TRUCK HINO FM 260 JD 312-022,340307-010207-0011,23414-LAA10,FUEL FILTER,1.0,PCS,54980.77,Truck /Bus,Truck /Bus,Hino
2026-08-12,Aug,8,TANJUNG,MINING,RUTIN,ENGINE SYSTEM,DUMP TRUCK HINO FM 260 JD 312-022,340307-040207-0005,15613-EW010,"ELEMENT,OIL FILTER",1.0,PCS,170535.71,Truck /Bus,Truck /Bus,Hino
2026-08-18,Aug,8,TANJUNG,MINING,RUTIN,ENGINE SYSTEM,DUMP TRUCK HINO FM 260 JD 312-022,340307-040207-0005,15613-EW010,"ELEMENT,OIL FILTER",1.0,PCS,170535.71,Truck /Bus,Truck /Bus,Hino
2026-08-18,Aug,8,TANJUNG,MINING,RUTIN,ENGINE SYSTEM,DUMP TRUCK HINO FM 260 JD 312-022,340307-040207-0010,23304-JAC70,ELEMENT FILTER,1.0,PCS,85027.35,Truck /Bus,Truck /Bus,Hino
2026-08-18,Aug,8,TANJUNG,MINING,RUTIN,ENGINE SYSTEM,DUMP TRUCK HINO FM 260 JD 312-022,350201-000200-0024,,ENGINE OIL 15W-40,20.0,LTR,636000.0,Pelumas,Pelumas,Oli
2026-08-04,Aug,8,TANJUNG,MINING,RUTIN,ENGINE SYSTEM,DUMP TRUCK HINO FM 260 JD 312-022,370502-000300-0597,62301-20035,WATER COOLANT @5LTR,2.0,Gln,75087.34,Barang & Alat Bengkel,Barang & Alat Bengkel,Work Shop
2026-08-16,Aug,8,TANJUNG,MINING,RUTIN,ENGINE SYSTEM,DUMP TRUCK HINO FM 260 JD 312-022,370502-000300-0597,62301-20035,WATER COOLANT @5LTR,2.0,Gln,75087.34,Barang & Alat Bengkel,Barang & Alat Bengkel,Work Shop
2026-08-04,Aug,8,TANJUNG,MINING,RUTIN,FRAME BODY & GUARD SYSTEM,DUMP TRUCK HINO FM 260 JD 312-022,370502-000300-0099,5905-1405,BOLT & NUT M14 X 50MM - 1.75,4.0,Pcs,13075.0,Barang & Alat Bengkel,Barang & Alat Bengkel,Work Shop
2026-08-09,Aug,8,TANJUNG,MINING,RUTIN,HYDRAULIC SYSTEM,DUMP TRUCK HINO FM 260 JD 312-022,340307-050311-0001,,CABLE PTO 6M,1.0,PCS,312500.0,Truck /Bus,Truck /Bus,Hino
2026-08-16,Aug,8,TANJUNG,MINING,RUTIN,HYDRAULIC SYSTEM,DUMP TRUCK HINO FM 260 JD 312-022,350201-000200-0071,,HYDRAULIC OIL MEDITRAN SAE 10W,15.0,LTR,556251.75,Pelumas,Pelumas,Oli
2026-08-12,Aug,8,TANJUNG,MINING,NON RUTIN,ELECTRICAL SYSTEM,DUMP TRUCK HINO FM 260 JD 312-022,340307-010315-0010,85222-YX101,WIPER BLADE LH.,1.0,Pcs,75000.0,Truck /Bus,Truck /Bus,Hino
2026-08-13,Aug,8,TANJUNG,MINING,NON RUTIN,ELECTRICAL SYSTEM,DUMP TRUCK HINO FM 260 JD 312-022,371109-000300-0002,,AIR HORN 24V,1.0,SET,183865.39,Barang Umum,Barang Umum,Barang Umum
2026-08-12,Aug,8,TANJUNG,MINING,NON RUTIN,ENGINE SYSTEM,DUMP TRUCK HINO FM 260 JD 312-022,340307-050307-0095,S407W-EV040,REPAIR KIT,1.0,SET,617333.33,Truck /Bus,Truck /Bus,Hino
2026-08-16,Aug,8,TANJUNG,MINING,NON RUTIN,STEERING SYSTEM,DUMP TRUCK HINO FM 260 JD 312-022,340307-050312-0011,S2260-11200,PLAT SUB-ASSY,2.0,PCS,1062436.14,Truck /Bus,Truck /Bus,Hino
2026-08-21,Aug,8,TANJUNG,MINING,NON RUTIN,SUSPENSION SYSTEM,DUMP TRUCK HINO FM 260 JD 312-022,340307-050313-0056,49305-1110L,BANTALAN KARET,2.0,PCS,392207.0,Truck /Bus,Truck /Bus,Hino
2026-08-11,Aug,8,TANJUNG,MINING,RUTIN,AIR CONDITIONING SYSTEM,DUMP TRUCK HINO FM 260 JD 312-023,340330-010301-0001,88440-0B070,PULLY AC,1.0,PCS,453833.33,Truck /Bus,Truck /Bus,Toyota
2026-08-12,Aug,8,TANJUNG,MINING,RUTIN,AIR CONDITIONING SYSTEM,DUMP TRUCK HINO FM 260 JD 312-023,340330-010301-0001,88440-0B070,PULLY AC,1.0,PCS,453833.33,Truck /Bus,Truck /Bus,Toyota
2026-08-04,Aug,8,TANJUNG,MINING,RUTIN,ENGINE SYSTEM,DUMP TRUCK HINO FM 260 JD 312-023,340307-010207-0011,23414-LAA10,FUEL FILTER,1.0,PCS,54980.77,Truck /Bus,Truck /Bus,Hino
2026-08-22,Aug,8,TANJUNG,MINING,RUTIN,ENGINE SYSTEM,DUMP TRUCK HINO FM 260 JD 312-023,340307-010207-0011,23414-LAA10,FUEL FILTER,1.0,PCS,54980.77,Truck /Bus,Truck /Bus,Hino
2026-08-12,Aug,8,TANJUNG,MINING,RUTIN,ENGINE SYSTEM,DUMP TRUCK HINO FM 260 JD 312-023,340307-040207-0005,15613-EW010,"ELEMENT,OIL FILTER",1.0,PCS,170535.71,Truck /Bus,Truck /Bus,Hino
2026-08-22,Aug,8,TANJUNG,MINING,RUTIN,ENGINE SYSTEM,DUMP TRUCK HINO FM 260 JD 312-023,340307-040207-0005,15613-EW010,"ELEMENT,OIL FILTER",1.0,PCS,170535.71,Truck /Bus,Truck /Bus,Hino
2026-08-04,Aug,8,TANJUNG,MINING,RUTIN,ENGINE SYSTEM,DUMP TRUCK HINO FM 260 JD 312-023,340307-040207-0010,23304-JAC70,ELEMENT FILTER,1.0,PCS,85027.35,Truck /Bus,Truck /Bus,Hino
2026-08-22,Aug,8,TANJUNG,MINING,RUTIN,ENGINE SYSTEM,DUMP TRUCK HINO FM 260 JD 312-023,340307-040207-0010,23304-JAC70,ELEMENT FILTER,1.0,PCS,85027.35,Truck /Bus,Truck /Bus,Hino
2026-08-04,Aug,8,TANJUNG,MINING,RUTIN,ENGINE SYSTEM,DUMP TRUCK HINO FM 260 JD 312-023,350201-000200-0024,,ENGINE OIL 15W-40,20.0,LTR,636000.0,Pelumas,Pelumas,Oli
2026-08-22,Aug,8,TANJUNG,MINING,RUTIN,ENGINE SYSTEM,DUMP TRUCK HINO FM 260 JD 312-023,350201-000200-0024,,ENGINE OIL 15W-40,20.0,LTR,636000.0,Pelumas,Pelumas,Oli
2026-08-25,Aug,8,TANJUNG,MINING,RUTIN,ENGINE SYSTEM,DUMP TRUCK HINO FM 260 JD 312-023,370502-000300-0597,62301-20035,WATER COOLANT @5LTR,2.0,Gln,75087.34,Barang & Alat Bengkel,Barang & Alat Bengkel,Work Shop
2026-08-08,Aug,8,TANJUNG,MINING,NON RUTIN,AIR CONDITIONING SYSTEM,DUMP TRUCK HINO FM 260 JD 312-023,340307-040301-0003,EF-12-24V-80W,EXTRA FAN AC 24 VOLT,1.0,PCS,345000.0,Truck /Bus,Truck /Bus,Hino
2026-08-18,Aug,8,TANJUNG,MINING,NON RUTIN,ELECTRICAL SYSTEM,DUMP TRUCK HINO FM 260 JD 312-023,370402-000306-0004,S8346-01510,SWITCH ASSY,1.0,PCS,225225.23,Barang Elektrik,Barang Elektrik,Panel Kontrol
2026-08-12,Aug,8,TANJUNG,MINING,NON RUTIN,ENGINE SYSTEM,DUMP TRUCK HINO FM 260 JD 312-023,340307-060307-0001,SZ119-08042,BOLT,6.0,PCS,1650000.0,Truck /Bus,Truck /Bus,Hino
2026-08-12,Aug,8,TANJUNG,MINING,RUTIN,AIR CONDITIONING SYSTEM,DUMP TRUCK HINO FM 280 JD 312-027,340330-010301-0001,88440-0B070,PULLY AC,1.0,PCS,453833.33,Truck /Bus,Truck /Bus,Toyota
2026-08-19,Aug,8,TANJUNG,MINING,RUTIN,ATTACHMENT SYSTEM,DUMP TRUCK HINO FM 280 JD 312-027,370502-000300-0079,5905-1010,BOLT & NUT M10 X 100MM - 1.5,1.0,Pcs,2100.0,Barang & Alat Bengkel,Barang & Alat Bengkel,Work Shop
2026-08-18,Aug,8,TANJUNG,MINING,RUTIN,ATTACHMENT SYSTEM,DUMP TRUCK HINO FM 280 JD 312-027,370502-000300-0618,,BOLT & NUT M8 X 50MM,8.0,PCS,9050.0,Barang & Alat Bengkel,Barang & Alat Bengkel,Work Shop
2026-08-31,Aug,8,TANJUNG,MINING,RUTIN,ELECTRICAL SYSTEM,DUMP TRUCK HINO FM 280 JD 312-027,340501-000300-0044,60201-20065,BATTERY 12V-65A,1.0,Pcs,928955.0,Umum Kendaraan,Umum Kendaraan,Umum Kendaraan
2026-08-03,Aug,8,TANJUNG,MINING,RUTIN,ENGINE SYSTEM,DUMP TRUCK HINO FM 280 JD 312-027,340307-010207-0006,23304-JAE51,FUEL FILTER,1.0,PCS,76017.57,Truck /Bus,Truck /Bus,Hino
2026-08-27,Aug,8,TANJUNG,MINING,RUTIN,ENGINE SYSTEM,DUMP TRUCK HINO FM 280 JD 312-027,340307-010207-0006,23304-JAE51,FUEL FILTER,1.0,PCS,76017.57,Truck /Bus,Truck /Bus,Hino
2026-08-12,Aug,8,TANJUNG,MINING,RUTIN,ENGINE SYSTEM,DUMP TRUCK HINO FM 280 JD 312-027,340307-010207-0008,23304-JAF40,FUEL FILTER,1.0,PCS,235000.0,Truck /Bus,Truck /Bus,Hino
2026-08-12,Aug,8,TANJUNG,MINING,RUTIN,ENGINE SYSTEM,DUMP TRUCK HINO FM 280 JD 312-027,340307-040207-0005,15613-EW010,"ELEMENT,OIL FILTER",1.0,PCS,170535.71,Truck /Bus,Truck /Bus,Hino
2026-08-27,Aug,8,TANJUNG,MINING,RUTIN,ENGINE SYSTEM,DUMP TRUCK HINO FM 280 JD 312-027,340307-040207-0005,15613-EW010,"ELEMENT,OIL FILTER",1.0,PCS,170535.71,Truck /Bus,Truck /Bus,Hino
2026-08-03,Aug,8,TANJUNG,MINING,RUTIN,ENGINE SYSTEM,DUMP TRUCK HINO FM 280 JD 312-027,340307-040207-0010,23304-JAC70,ELEMENT FILTER,1.0,PCS,85027.35,Truck /Bus,Truck /Bus,Hino
2026-08-27,Aug,8,TANJUNG,MINING,RUTIN,ENGINE SYSTEM,DUMP TRUCK HINO FM 280 JD 312-027,340307-040207-0010,23304-JAC70,ELEMENT FILTER,1.0,PCS,85027.35,Truck /Bus,Truck /Bus,Hino
2026-08-15,Aug,8,TANJUNG,MINING,RUTIN,ENGINE SYSTEM,DUMP TRUCK HINO FM 280 JD 312-027,340307-040207-0013,32915-LVA10,OIL FILTER T/M,1.0,PCS,46739.13,Truck /Bus,Truck /Bus,Hino
2026-08-03,Aug,8,TANJUNG,MINING,RUTIN,ENGINE SYSTEM,DUMP TRUCK HINO FM 280 JD 312-027,350201-000200-0024,,ENGINE OIL 15W-40,20.0,LTR,636000.0,Pelumas,Pelumas,Oli
2026-08-27,Aug,8,TANJUNG,MINING,RUTIN,ENGINE SYSTEM,DUMP TRUCK HINO FM 280 JD 312-027,350201-000200-0024,,ENGINE OIL 15W-40,20.0,LTR,636000.0,Pelumas,Pelumas,Oli
2026-08-14,Aug,8,TANJUNG,MINING,RUTIN,ENGINE SYSTEM,DUMP TRUCK HINO FM 280 JD 312-027,370502-000300-0597,62301-20035,WATER COOLANT @5LTR,1.0,Gln,37543.67,Barang & Alat Bengkel,Barang & Alat Bengkel,Work Shop
2026-08-19,Aug,8,TANJUNG,MINING,RUTIN,ENGINE SYSTEM,DUMP TRUCK HINO FM 280 JD 312-027,370502-000300-0597,62301-20035,WATER COOLANT @5LTR,2.0,Gln,75087.34,Barang & Alat Bengkel,Barang & Alat Bengkel,Work Shop
2026-08-23,Aug,8,TANJUNG,MINING,RUTIN,ENGINE SYSTEM,DUMP TRUCK HINO FM 280 JD 312-027,370502-000300-0597,62301-20035,WATER COOLANT @5LTR,3.0,Gln,112631.01,Barang & Alat Bengkel,Barang & Alat Bengkel,Work Shop
2026-08-30,Aug,8,TANJUNG,MINING,RUTIN,ENGINE SYSTEM,DUMP TRUCK HINO FM 280 JD 312-027,370502-000300-0597,62301-20035,WATER COOLANT @5LTR,2.0,Gln,75087.34,Barang & Alat Bengkel,Barang & Alat Bengkel,Work Shop
2026-08-28,Aug,8,TANJUNG,MINING,RUTIN,HYDRAULIC SYSTEM,DUMP TRUCK HINO FM 280 JD 312-027,350201-000200-0071,,HYDRAULIC OIL MEDITRAN SAE 10W,20.0,LTR,741669.0,Pelumas,Pelumas,Oli
2026-08-20,Aug,8,TANJUNG,MINING,RUTIN,STEERING SYSTEM,DUMP TRUCK HINO FM 280 JD 312-027,350201-000200-0069,,STEERING OIL @1 LTR,3.0,Btl,122142.87,Pelumas,Pelumas,Oli
2026-08-21,Aug,8,TANJUNG,MINING,NON RUTIN,AIR CONDITIONING SYSTEM,DUMP TRUCK HINO FM 280 JD 312-027,340307-050301-0003,10PA17C-JK447220-7780,COMPRESSOR AC,1.0,PCS,3970000.0,Truck /Bus,Truck /Bus,Hino
2026-08-17,Aug,8,TANJUNG,MINING,NON RUTIN,BRAKE SYSTEM,DUMP TRUCK HINO FM 280 JD 312-027,340307-030304-0005,S49U0-EW030,CHAMBER ASSY BRAKE RR LH,1.0,PCS,2000000.0,Truck /Bus,Truck /Bus,Hino
2026-08-16,Aug,8,TANJUNG,MINING,NON RUTIN,DIFFENTTIAL & REAR AXLE SYSTEM,DUMP TRUCK HINO FM 280 JD 312-027,340307-050305-0015,GUM-88,CROSS JOINT,1.0,PCS,112857.14,Truck /Bus,Truck /Bus,Hino
2026-08-07,Aug,8,TANJUNG,MINING,NON RUTIN,ENGINE SYSTEM,DUMP TRUCK HINO FM 280 JD 312-027,340307-050307-0097,15301-E0C81,STICK OIL HINO 500,1.0,PCS,564000.0,Truck /Bus,Truck /Bus,Hino
2026-08-14,Aug,8,TANJUNG,MINING,NON RUTIN,TRANSMISSION SYSTEM,DUMP TRUCK HINO FM 280 JD 312-027,340307-010314-0012,31250-E0490,CLUTCH DISC,1.0,PCS,2617000.0,Truck /Bus,Truck /Bus,Hino
2026-08-20,Aug,8,TANJUNG,MINING,NON RUTIN,TRANSMISSION SYSTEM,DUMP TRUCK HINO FM 280 JD 312-027,340307-010314-0012,31250-E0490,CLUTCH DISC,1.0,PCS,2617000.0,Truck /Bus,Truck /Bus,Hino
2026-08-14,Aug,8,TANJUNG,MINING,NON RUTIN,TRANSMISSION SYSTEM,DUMP TRUCK HINO FM 280 JD 312-027,340307-040314-0007,S3124-21060,BEARING RELEASE,1.0,PCS,321128.18,Truck /Bus,Truck /Bus,Hino
2026-08-18,Aug,8,TANJUNG,MINING,NON RUTIN,TRANSMISSION SYSTEM,DUMP TRUCK HINO FM 280 JD 312-027,340307-040314-0007,S3124-21060,BEARING RELEASE,1.0,PCS,321128.18,Truck /Bus,Truck /Bus,Hino
2026-08-16,Aug,8,TANJUNG,MINING,NON RUTIN,TRANSMISSION SYSTEM,DUMP TRUCK HINO FM 280 JD 312-027,340307-050314-0018,SZ311-01045,SEAL OIL,1.0,PCS,218846.16,Truck /Bus,Truck /Bus,Hino
2026-08-12,Aug,8,TANJUNG,MINING,RUTIN,AIR CONDITIONING SYSTEM,DUMP TRUCK HINO FM 280 JD 312-028,340330-010301-0001,88440-0B070,PULLY AC,1.0,PCS,453833.33,Truck /Bus,Truck /Bus,Toyota
2026-08-18,Aug,8,TANJUNG,MINING,RUTIN,AIR CONDITIONING SYSTEM,DUMP TRUCK HINO FM 280 JD 312-028,340330-010301-0001,88440-0B070,PULLY AC,1.0,PCS,453833.33,Truck /Bus,Truck /Bus,Toyota
2026-08-27,Aug,8,TANJUNG,MINING,RUTIN,AIR CONDITIONING SYSTEM,DUMP TRUCK HINO FM 280 JD 312-028,340330-010301-0001,88440-0B070,PULLY AC,1.0,PCS,453833.33,Truck /Bus,Truck /Bus,Toyota
2026-08-08,Aug,8,TANJUNG,MINING,RUTIN,ELECTRICAL SYSTEM,DUMP TRUCK HINO FM 280 JD 312-028,340501-000300-0092,,"LED WORK LIGHT, FLOOD 48W 10-30VDC",1.0,PCS,73707.69,Umum Kendaraan,Umum Kendaraan,Umum Kendaraan
2026-08-06,Aug,8,TANJUNG,MINING,RUTIN,ENGINE SYSTEM,DUMP TRUCK HINO FM 280 JD 312-028,340307-010207-0006,23304-JAE51,FUEL FILTER,1.0,PCS,76017.57,Truck /Bus,Truck /Bus,Hino
2026-08-12,Aug,8,TANJUNG,MINING,RUTIN,ENGINE SYSTEM,DUMP TRUCK HINO FM 280 JD 312-028,340307-010207-0008,23304-JAF40,FUEL FILTER,1.0,PCS,235000.0,Truck /Bus,Truck /Bus,Hino
2026-08-12,Aug,8,TANJUNG,MINING,RUTIN,ENGINE SYSTEM,DUMP TRUCK HINO FM 280 JD 312-028,340307-040207-0005,15613-EW010,"ELEMENT,OIL FILTER",1.0,PCS,170535.71,Truck /Bus,Truck /Bus,Hino
2026-08-28,Aug,8,TANJUNG,MINING,RUTIN,ENGINE SYSTEM,DUMP TRUCK HINO FM 280 JD 312-028,340307-040207-0005,15613-EW010,"ELEMENT,OIL FILTER",1.0,PCS,170535.71,Truck /Bus,Truck /Bus,Hino
2026-08-06,Aug,8,TANJUNG,MINING,RUTIN,ENGINE SYSTEM,DUMP TRUCK HINO FM 280 JD 312-028,340307-040207-0010,23304-JAC70,ELEMENT FILTER,1.0,PCS,85027.35,Truck /Bus,Truck /Bus,Hino
2026-08-28,Aug,8,TANJUNG,MINING,RUTIN,ENGINE SYSTEM,DUMP TRUCK HINO FM 280 JD 312-028,340307-040207-0010,23304-JAC70,ELEMENT FILTER,1.0,PCS,85027.35,Truck /Bus,Truck /Bus,Hino
2026-08-06,Aug,8,TANJUNG,MINING,RUTIN,ENGINE SYSTEM,DUMP TRUCK HINO FM 280 JD 312-028,350201-000200-0024,,ENGINE OIL 15W-40,20.0,LTR,636000.0,Pelumas,Pelumas,Oli
2026-08-28,Aug,8,TANJUNG,MINING,RUTIN,ENGINE SYSTEM,DUMP TRUCK HINO FM 280 JD 312-028,350201-000200-0024,,ENGINE OIL 15W-40,20.0,LTR,636000.0,Pelumas,Pelumas,Oli
2026-08-04,Aug,8,TANJUNG,MINING,RUTIN,ENGINE SYSTEM,DUMP TRUCK HINO FM 280 JD 312-028,370502-000300-0597,62301-20035,WATER COOLANT @5LTR,2.0,Gln,75087.34,Barang & Alat Bengkel,Barang & Alat Bengkel,Work Shop
2026-08-21,Aug,8,TANJUNG,MINING,NON RUTIN,ELECTRICAL SYSTEM,DUMP TRUCK HINO FM 280 JD 312-028,340307-050306-0018,84220-E0120,SWITCH ASSY T/M POSITION,1.0,PCS,778978.81,Truck /Bus,Truck /Bus,Hino
2026-08-21,Aug,8,TANJUNG,MINING,NON RUTIN,ELECTRICAL SYSTEM,DUMP TRUCK HINO FM 280 JD 312-028,340307-050306-0019,84220-E0140,SWITCH ASSY T/M POSITION,1.0,PCS,732547.37,Truck /Bus,Truck /Bus,Hino
2026-08-18,Aug,8,TANJUNG,MINING,NON RUTIN,ENGINE SYSTEM,DUMP TRUCK HINO FM 280 JD 312-028,340307-050307-0067,XI447280-2320,COMPRESSOR AC,1.0,SET,4728031.43,Truck /Bus,Truck /Bus,Hino
2026-08-17,Aug,8,TANJUNG,MINING,NON RUTIN,TRANSMISSION SYSTEM,DUMP TRUCK HINO FM 280 JD 312-028,340307-010314-0012,31250-E0490,CLUTCH DISC,1.0,PCS,2617000.0,Truck /Bus,Truck /Bus,Hino
2026-08-17,Aug,8,TANJUNG,MINING,NON RUTIN,TRANSMISSION SYSTEM,DUMP TRUCK HINO FM 280 JD 312-028,340307-040314-0007,S3124-21060,BEARING RELEASE,1.0,PCS,321128.18,Truck /Bus,Truck /Bus,Hino
2026-08-10,Aug,8,TANJUNG,MINING,RUTIN,AIR CONDITIONING SYSTEM,DUMP TRUCK HINO FM 280 JD 312-030,340330-010301-0001,88440-0B070,PULLY AC,1.0,PCS,453833.33,Truck /Bus,Truck /Bus,Toyota
2026-08-23,Aug,8,TANJUNG,MINING,RUTIN,ATTACHMENT SYSTEM,DUMP TRUCK HINO FM 280 JD 312-030,370502-000300-0114,,BOLT & NUT M6 X 1.0 X 50MM,5.0,PCS,2250.0,Barang & Alat Bengkel,Barang & Alat Bengkel,Work Shop
2026-08-12,Aug,8,TANJUNG,MINING,RUTIN,ENGINE SYSTEM,DUMP TRUCK HINO FM 280 JD 312-030,340307-010207-0008,23304-JAF40,FUEL FILTER,1.0,PCS,235000.0,Truck /Bus,Truck /Bus,Hino
2026-08-12,Aug,8,TANJUNG,MINING,RUTIN,ENGINE SYSTEM,DUMP TRUCK HINO FM 280 JD 312-030,340307-040207-0005,15613-EW010,"ELEMENT,OIL FILTER",1.0,PCS,170535.71,Truck /Bus,Truck /Bus,Hino
2026-08-13,Aug,8,TANJUNG,MINING,RUTIN,ENGINE SYSTEM,DUMP TRUCK HINO FM 280 JD 312-030,340307-040207-0005,15613-EW010,"ELEMENT,OIL FILTER",1.0,PCS,170535.71,Truck /Bus,Truck /Bus,Hino
2026-08-13,Aug,8,TANJUNG,MINING,RUTIN,ENGINE SYSTEM,DUMP TRUCK HINO FM 280 JD 312-030,340307-040207-0010,23304-JAC70,ELEMENT FILTER,1.0,PCS,85027.35,Truck /Bus,Truck /Bus,Hino
2026-08-13,Aug,8,TANJUNG,MINING,RUTIN,ENGINE SYSTEM,DUMP TRUCK HINO FM 280 JD 312-030,350201-000200-0024,,ENGINE OIL 15W-40,20.0,LTR,636000.0,Pelumas,Pelumas,Oli
2026-08-11,Aug,8,TANJUNG,MINING,RUTIN,ENGINE SYSTEM,DUMP TRUCK HINO FM 280 JD 312-030,370502-000300-0597,62301-20035,WATER COOLANT @5LTR,2.0,Gln,75087.34,Barang & Alat Bengkel,Barang & Alat Bengkel,Work Shop
2026-08-14,Aug,8,TANJUNG,MINING,RUTIN,ENGINE SYSTEM,DUMP TRUCK HINO FM 280 JD 312-030,370502-000300-0597,62301-20035,WATER COOLANT @5LTR,2.0,Gln,75087.34,Barang & Alat Bengkel,Barang & Alat Bengkel,Work Shop
2026-08-10,Aug,8,TANJUNG,MINING,RUTIN,SUSPENSION SYSTEM,DUMP TRUCK HINO FM 280 JD 312-030,340307-050213-0003,4804E-LAA40,"LEAF,FR SPG NO.4",1.0,PCS,506454.54,Truck /Bus,Truck /Bus,Hino
2026-08-10,Aug,8,TANJUNG,MINING,RUTIN,SUSPENSION SYSTEM,DUMP TRUCK HINO FM 280 JD 312-030,340307-050213-0008,48118-LAA40,"LEAF , FR SPG NO 8",1.0,PCS,150920.48,Truck /Bus,Truck /Bus,Hino
2026-08-12,Aug,8,TANJUNG,MINING,NON RUTIN,ELECTRICAL SYSTEM,DUMP TRUCK HINO FM 280 JD 312-030,340307-040306-0004,81560-E0011,"LAMP ASSY,RR COMBINATION",2.0,PCS,250000.0,Truck /Bus,Truck /Bus,Hino
2026-08-10,Aug,8,TANJUNG,MINING,NON RUTIN,ENGINE SYSTEM,DUMP TRUCK HINO FM 280 JD 312-030,340307-050307-0095,S407W-EV040,REPAIR KIT,1.0,SET,617333.33,Truck /Bus,Truck /Bus,Hino
2026-08-21,Aug,8,TANJUNG,MINING,NON RUTIN,SUSPENSION SYSTEM,DUMP TRUCK HINO FM 280 JD 312-030,340307-050313-0056,49305-1110L,BANTALAN KARET,2.0,PCS,392207.0,Truck /Bus,Truck /Bus,Hino
2026-08-09,Aug,8,TANJUNG,MINING,RUTIN,AIR CONDITIONING SYSTEM,DUMP TRUCK HINO FM 280 JD 312-031,340330-010301-0001,88440-0B070,PULLY AC,1.0,PCS,453833.33,Truck /Bus,Truck /Bus,Toyota
2026-08-28,Aug,8,TANJUNG,MINING,RUTIN,ELECTRICAL SYSTEM,DUMP TRUCK HINO FM 280 JD 312-031,340501-000300-0044,60201-20065,BATTERY 12V-65A,1.0,Pcs,928955.0,Umum Kendaraan,Umum Kendaraan,Umum Kendaraan
2026-08-30,Aug,8,TANJUNG,MINING,RUTIN,ELECTRICAL SYSTEM,DUMP TRUCK HINO FM 280 JD 312-031,340501-000300-0079,,BLADE FUSE KECIL 10A,4.0,pcs,6000.0,Umum Kendaraan,Umum Kendaraan,Umum Kendaraan
2026-08-28,Aug,8,TANJUNG,MINING,RUTIN,ELECTRICAL SYSTEM,DUMP TRUCK HINO FM 280 JD 312-031,370502-000300-0583,,TERMINAL BATTERY,1.0,Psg,21375.0,Barang & Alat Bengkel,Barang & Alat Bengkel,Work Shop
2026-08-07,Aug,8,TANJUNG,MINING,RUTIN,ENGINE SYSTEM,DUMP TRUCK HINO FM 280 JD 312-031,340307-010207-0006,23304-JAE51,FUEL FILTER,1.0,PCS,76017.57,Truck /Bus,Truck /Bus,Hino
2026-08-26,Aug,8,TANJUNG,MINING,RUTIN,ENGINE SYSTEM,DUMP TRUCK HINO FM 280 JD 312-031,340307-010207-0006,23304-JAE51,FUEL FILTER,1.0,PCS,76017.57,Truck /Bus,Truck /Bus,Hino
2026-08-12,Aug,8,TANJUNG,MINING,RUTIN,ENGINE SYSTEM,DUMP TRUCK HINO FM 280 JD 312-031,340307-010207-0008,23304-JAF40,FUEL FILTER,1.0,PCS,235000.0,Truck /Bus,Truck /Bus,Hino
2026-08-07,Aug,8,TANJUNG,MINING,RUTIN,ENGINE SYSTEM,DUMP TRUCK HINO FM 280 JD 312-031,340307-040207-0005,15613-EW010,"ELEMENT,OIL FILTER",1.0,PCS,170535.71,Truck /Bus,Truck /Bus,Hino
2026-08-26,Aug,8,TANJUNG,MINING,RUTIN,ENGINE SYSTEM,DUMP TRUCK HINO FM 280 JD 312-031,340307-040207-0005,15613-EW010,"ELEMENT,OIL FILTER",1.0,PCS,170535.71,Truck /Bus,Truck /Bus,Hino
2026-08-07,Aug,8,TANJUNG,MINING,RUTIN,ENGINE SYSTEM,DUMP TRUCK HINO FM 280 JD 312-031,340307-040207-0010,23304-JAC70,ELEMENT FILTER,1.0,PCS,85027.35,Truck /Bus,Truck /Bus,Hino
2026-08-26,Aug,8,TANJUNG,MINING,RUTIN,ENGINE SYSTEM,DUMP TRUCK HINO FM 280 JD 312-031,340307-040207-0010,23304-JAC70,ELEMENT FILTER,1.0,PCS,85027.35,Truck /Bus,Truck /Bus,Hino
2026-08-07,Aug,8,TANJUNG,MINING,RUTIN,ENGINE SYSTEM,DUMP TRUCK HINO FM 280 JD 312-031,350201-000200-0024,,ENGINE OIL 15W-40,20.0,LTR,636000.0,Pelumas,Pelumas,Oli
2026-08-26,Aug,8,TANJUNG,MINING,RUTIN,ENGINE SYSTEM,DUMP TRUCK HINO FM 280 JD 312-031,350201-000200-0024,,ENGINE OIL 15W-40,20.0,LTR,636000.0,Pelumas,Pelumas,Oli
2026-08-11,Aug,8,TANJUNG,MINING,RUTIN,ENGINE SYSTEM,DUMP TRUCK HINO FM 280 JD 312-031,370502-000300-0597,62301-20035,WATER COOLANT @5LTR,1.0,Gln,37543.67,Barang & Alat Bengkel,Barang & Alat Bengkel,Work Shop
2026-08-14,Aug,8,TANJUNG,MINING,RUTIN,ENGINE SYSTEM,DUMP TRUCK HINO FM 280 JD 312-031,370502-000300-0597,62301-20035,WATER COOLANT @5LTR,1.0,Gln,37543.67,Barang & Alat Bengkel,Barang & Alat Bengkel,Work Shop
2026-08-30,Aug,8,TANJUNG,MINING,RUTIN,ENGINE SYSTEM,DUMP TRUCK HINO FM 280 JD 312-031,370502-000300-0597,62301-20035,WATER COOLANT @5LTR,2.0,Gln,75087.34,Barang & Alat Bengkel,Barang & Alat Bengkel,Work Shop
2026-08-22,Aug,8,TANJUNG,MINING,RUTIN,FRAME BODY & GUARD SYSTEM,DUMP TRUCK HINO FM 280 JD 312-031,370502-000300-0311,,"HOSE CLAMP 2""",2.0,Pcs,5029.42,Barang & Alat Bengkel,Barang & Alat Bengkel,Work Shop
2026-08-28,Aug,8,TANJUNG,MINING,RUTIN,FRAME BODY & GUARD SYSTEM,DUMP TRUCK HINO FM 280 JD 312-031,370502-000300-0619,,BOLT & NUT M18 X 120MM,5.0,PCS,90394.75,Barang & Alat Bengkel,Barang & Alat Bengkel,Work Shop
2026-08-09,Aug,8,TANJUNG,MINING,RUTIN,HYDRAULIC SYSTEM,DUMP TRUCK HINO FM 280 JD 312-031,340307-050311-0001,,CABLE PTO 6M,1.0,PCS,312500.0,Truck /Bus,Truck /Bus,Hino
2026-08-29,Aug,8,TANJUNG,MINING,RUTIN,STEERING SYSTEM,DUMP TRUCK HINO FM 280 JD 312-031,350201-000200-0069,,STEERING OIL @1 LTR,2.0,Btl,81428.58,Pelumas,Pelumas,Oli
2026-08-11,Aug,8,TANJUNG,MINING,RUTIN,WHEEL & TYRE SYSTEM,DUMP TRUCK HINO FM 280 JD 312-031,370601-000216-0003,48120-1100,BAN DALAM 11.00 * 20,1.0,Pcs,421613.82,Suku Cadang Umum,Suku Cadang Umum,Ban
2026-08-11,Aug,8,TANJUNG,MINING,RUTIN,WHEEL & TYRE SYSTEM,DUMP TRUCK HINO FM 280 JD 312-031,370601-000216-0053,48220-1100,BAN LUAR 11.00 * 20,1.0,Pcs,4540814.46,Suku Cadang Umum,Suku Cadang Umum,Ban
2026-08-11,Aug,8,TANJUNG,MINING,RUTIN,WHEEL & TYRE SYSTEM,DUMP TRUCK HINO FM 280 JD 312-031,370601-000216-0136,48320-1100,MARSED BAN 11.00 * 20,1.0,Pcs,101239.22,Suku Cadang Umum,Suku Cadang Umum,Ban
2026-08-12,Aug,8,TANJUNG,MINING,NON RUTIN,ELECTRICAL SYSTEM,DUMP TRUCK HINO FM 280 JD 312-031,340307-040306-0004,81560-E0011,"LAMP ASSY,RR COMBINATION",2.0,PCS,250000.0,Truck /Bus,Truck /Bus,Hino
2026-08-12,Aug,8,TANJUNG,MINING,NON RUTIN,ELECTRICAL SYSTEM,DUMP TRUCK HINO FM 280 JD 312-031,340307-050306-0026,89551-E0070,ECU TURBO,1.0,PCS,4365500.0,Truck /Bus,Truck /Bus,Hino
2026-08-30,Aug,8,TANJUNG,MINING,NON RUTIN,ELECTRICAL SYSTEM,DUMP TRUCK HINO FM 280 JD 312-031,340307-050306-0026,89551-E0070,ECU TURBO,1.0,PCS,4365500.0,Truck /Bus,Truck /Bus,Hino
2026-08-12,Aug,8,TANJUNG,MINING,NON RUTIN,ENGINE SYSTEM,DUMP TRUCK HINO FM 280 JD 312-031,340307-050307-0083,04111-E0K76,GASKET KIT,1.0,SET,1845000.0,Truck /Bus,Truck /Bus,Hino
2026-08-03,Aug,8,TANJUNG,MINING,NON RUTIN,SUSPENSION SYSTEM,DUMP TRUCK HINO FM 280 JD 312-031,340307-050313-0056,49305-1110L,BANTALAN KARET,4.0,PCS,784414.0,Truck /Bus,Truck /Bus,Hino
2026-08-07,Aug,8,TANJUNG,MINING,RUTIN,AIR CONDITIONING SYSTEM,DUMP TRUCK HINO FM 280 JD 312-032,340330-010301-0001,88440-0B070,PULLY AC,1.0,PCS,453833.33,Truck /Bus,Truck /Bus,Toyota
2026-08-11,Aug,8,TANJUNG,MINING,RUTIN,AIR CONDITIONING SYSTEM,DUMP TRUCK HINO FM 280 JD 312-032,340330-010301-0001,88440-0B070,PULLY AC,1.0,PCS,453833.33,Truck /Bus,Truck /Bus,Toyota
2026-08-07,Aug,8,TANJUNG,MINING,RUTIN,AIR CONDITIONING SYSTEM,DUMP TRUCK HINO FM 280 JD 312-032,370604-050301-0001,3400,V-BELT A40,1.0,PCS,44000.0,Suku Cadang Umum,Suku Cadang Umum,V- Belt
2026-08-28,Aug,8,TANJUNG,MINING,RUTIN,ELECTRICAL SYSTEM,DUMP TRUCK HINO FM 280 JD 312-032,340501-000300-0044,60201-20065,BATTERY 12V-65A,1.0,Pcs,928955.0,Umum Kendaraan,Umum Kendaraan,Umum Kendaraan
2026-08-28,Aug,8,TANJUNG,MINING,RUTIN,ELECTRICAL SYSTEM,DUMP TRUCK HINO FM 280 JD 312-032,370502-000300-0583,,TERMINAL BATTERY,1.0,Psg,21375.0,Barang & Alat Bengkel,Barang & Alat Bengkel,Work Shop
2026-08-12,Aug,8,TANJUNG,MINING,RUTIN,ENGINE SYSTEM,DUMP TRUCK HINO FM 280 JD 312-032,340307-010207-0008,23304-JAF40,FUEL FILTER,1.0,PCS,235000.0,Truck /Bus,Truck /Bus,Hino
2026-08-12,Aug,8,TANJUNG,MINING,RUTIN,ENGINE SYSTEM,DUMP TRUCK HINO FM 280 JD 312-032,340307-010207-0008,23304-JAF40,FUEL FILTER,1.0,PCS,235000.0,Truck /Bus,Truck /Bus,Hino
2026-08-21,Aug,8,TANJUNG,MINING,RUTIN,ENGINE SYSTEM,DUMP TRUCK HINO FM 280 JD 312-032,340307-040207-0005,15613-EW010,"ELEMENT,OIL FILTER",1.0,PCS,170535.71,Truck /Bus,Truck /Bus,Hino
2026-08-21,Aug,8,TANJUNG,MINING,RUTIN,ENGINE SYSTEM,DUMP TRUCK HINO FM 280 JD 312-032,340307-040207-0010,23304-JAC70,ELEMENT FILTER,1.0,PCS,85027.35,Truck /Bus,Truck /Bus,Hino
2026-08-21,Aug,8,TANJUNG,MINING,RUTIN,ENGINE SYSTEM,DUMP TRUCK HINO FM 280 JD 312-032,350201-000200-0024,,ENGINE OIL 15W-40,20.0,LTR,636000.0,Pelumas,Pelumas,Oli
2026-08-11,Aug,8,TANJUNG,MINING,RUTIN,ENGINE SYSTEM,DUMP TRUCK HINO FM 280 JD 312-032,370502-000300-0597,62301-20035,WATER COOLANT @5LTR,1.0,Gln,37543.67,Barang & Alat Bengkel,Barang & Alat Bengkel,Work Shop
2026-08-22,Aug,8,TANJUNG,MINING,RUTIN,SUSPENSION SYSTEM,DUMP TRUCK HINO FM 280 JD 312-032,340307-040313-0001,48101-EV030,LEAF SUB ASSY FR SPRING NO 1,1.0,PCS,1063840.58,Truck /Bus,Truck /Bus,Hino
2026-08-31,Aug,8,TANJUNG,MINING,RUTIN,SUSPENSION SYSTEM,DUMP TRUCK HINO FM 280 JD 312-032,340307-040313-0001,48101-EV030,LEAF SUB ASSY FR SPRING NO 1,1.0,PCS,1063840.58,Truck /Bus,Truck /Bus,Hino
2026-08-31,Aug,8,TANJUNG,MINING,RUTIN,SUSPENSION SYSTEM,DUMP TRUCK HINO FM 280 JD 312-032,340307-040313-0030,48423-EW010,PIN SPRING BRAKET,1.0,PCS,63347.2,Truck /Bus,Truck /Bus,Hino
2026-08-31,Aug,8,TANJUNG,MINING,RUTIN,SUSPENSION SYSTEM,DUMP TRUCK HINO FM 280 JD 312-032,340307-040313-0031,48423-EW020,PIN SPRING BRAKET,1.0,PCS,52270.57,Truck /Bus,Truck /Bus,Hino
2026-08-22,Aug,8,TANJUNG,MINING,RUTIN,SUSPENSION SYSTEM,DUMP TRUCK HINO FM 280 JD 312-032,340307-050213-0007,48116-LAA20,"LEAF, FR SPG NO.6",1.0,PCS,364704.2,Truck /Bus,Truck /Bus,Hino
2026-08-22,Aug,8,TANJUNG,MINING,RUTIN,SUSPENSION SYSTEM,DUMP TRUCK HINO FM 280 JD 312-032,340307-050213-0008,48118-LAA40,"LEAF , FR SPG NO 8",1.0,PCS,150920.48,Truck /Bus,Truck /Bus,Hino
2026-08-13,Aug,8,TANJUNG,MINING,NON RUTIN,DIFFENTTIAL & REAR AXLE SYSTEM,DUMP TRUCK HINO FM 280 JD 312-032,340307-050305-0015,GUM-88,CROSS JOINT,1.0,PCS,112857.14,Truck /Bus,Truck /Bus,Hino
2026-08-12,Aug,8,TANJUNG,MINING,NON RUTIN,ELECTRICAL SYSTEM,DUMP TRUCK HINO FM 280 JD 312-032,340307-040306-0004,81560-E0011,"LAMP ASSY,RR COMBINATION",2.0,PCS,250000.0,Truck /Bus,Truck /Bus,Hino
2026-08-05,Aug,8,TANJUNG,MINING,NON RUTIN,ENGINE SYSTEM,DUMP TRUCK HINO FM 280 JD 312-032,340307-050307-0095,S407W-EV040,REPAIR KIT,1.0,SET,617333.33,Truck /Bus,Truck /Bus,Hino
2026-08-12,Aug,8,TANJUNG,MINING,NON RUTIN,ENGINE SYSTEM,DUMP TRUCK HINO FM 280 JD 312-032,370501-000300-0121,,"DEEP STICK SS JIS 304, 19MM X 2000MM",1.0,SET,340000.0,Barang & Alat Bengkel,Barang & Alat Bengkel,Alat-alat Bengkel
2026-08-22,Aug,8,TANJUNG,MINING,NON RUTIN,SUSPENSION SYSTEM,DUMP TRUCK HINO FM 280 JD 312-032,340307-040313-0030,48423-EW010,PIN SPRING BRAKET,1.0,PCS,63347.2,Truck /Bus,Truck /Bus,Hino
2026-08-22,Aug,8,TANJUNG,MINING,NON RUTIN,SUSPENSION SYSTEM,DUMP TRUCK HINO FM 280 JD 312-032,340307-040313-0031,48423-EW020,PIN SPRING BRAKET,1.0,PCS,52270.57,Truck /Bus,Truck /Bus,Hino
2026-08-21,Aug,8,TANJUNG,MINING,NON RUTIN,SUSPENSION SYSTEM,DUMP TRUCK HINO FM 280 JD 312-032,340307-050313-0056,49305-1110L,BANTALAN KARET,2.0,PCS,392207.0,Truck /Bus,Truck /Bus,Hino
2026-08-18,Aug,8,TANJUNG,MINING,RUTIN,BRAKE SYSTEM,DUMP TRUCK HINO FM 280 JD 312-034,370502-000300-0186,,BRAKE FLUID,2.0,Btl,150788.8,Barang & Alat Bengkel,Barang & Alat Bengkel,Work Shop
2026-08-28,Aug,8,TANJUNG,MINING,RUTIN,ELECTRICAL SYSTEM,DUMP TRUCK HINO FM 280 JD 312-034,340501-000300-0044,60201-20065,BATTERY 12V-65A,1.0,Pcs,928955.0,Umum Kendaraan,Umum Kendaraan,Umum Kendaraan
2026-08-12,Aug,8,TANJUNG,MINING,RUTIN,ENGINE SYSTEM,DUMP TRUCK HINO FM 280 JD 312-034,340307-010207-0008,23304-JAF40,FUEL FILTER,1.0,PCS,235000.0,Truck /Bus,Truck /Bus,Hino
2026-08-19,Aug,8,TANJUNG,MINING,RUTIN,ENGINE SYSTEM,DUMP TRUCK HINO FM 280 JD 312-034,350201-000200-0024,,ENGINE OIL 15W-40,20.0,LTR,636000.0,Pelumas,Pelumas,Oli
2026-08-26,Aug,8,TANJUNG,MINING,RUTIN,ENGINE SYSTEM,DUMP TRUCK HINO FM 280 JD 312-034,350201-000200-0024,,ENGINE OIL 15W-40,20.0,LTR,636000.0,Pelumas,Pelumas,Oli
2026-08-08,Aug,8,TANJUNG,MINING,RUTIN,ENGINE SYSTEM,DUMP TRUCK HINO FM 280 JD 312-034,350201-000200-0041,,GEAR OIL RORED HDA-90,20.0,Ltr,690295.4,Pelumas,Pelumas,Oli
2026-08-08,Aug,8,TANJUNG,MINING,RUTIN,ENGINE SYSTEM,DUMP TRUCK HINO FM 280 JD 312-034,370502-000300-0597,62301-20035,WATER COOLANT @5LTR,3.0,Gln,112631.01,Barang & Alat Bengkel,Barang & Alat Bengkel,Work Shop
2026-08-19,Aug,8,TANJUNG,MINING,RUTIN,ENGINE SYSTEM,DUMP TRUCK HINO FM 280 JD 312-034,370502-000300-0597,62301-20035,WATER COOLANT @5LTR,2.0,Gln,75087.34,Barang & Alat Bengkel,Barang & Alat Bengkel,Work Shop
2026-08-17,Aug,8,TANJUNG,MINING,RUTIN,FINAL DRIVE SYSTEM,DUMP TRUCK HINO FM 280 JD 312-034,350201-000200-0041,,GEAR OIL RORED HDA-90,20.0,Ltr,690295.4,Pelumas,Pelumas,Oli
2026-08-08,Aug,8,TANJUNG,MINING,RUTIN,STEERING SYSTEM,DUMP TRUCK HINO FM 280 JD 312-034,350201-000200-0069,,STEERING OIL @1 LTR,2.0,Btl,81428.58,Pelumas,Pelumas,Oli
2026-08-17,Aug,8,TANJUNG,MINING,NON RUTIN,BRAKE SYSTEM,DUMP TRUCK HINO FM 280 JD 312-034,340307-040304-0002,31420-E0020,"CYLINDER ASSY,MASTER",1.0,SET,1281312.5,Truck /Bus,Truck /Bus,Hino
2026-08-18,Aug,8,TANJUNG,MINING,NON RUTIN,BRAKE SYSTEM,DUMP TRUCK HINO FM 280 JD 312-034,340307-050304-0026,S3480-13090,CONNECTOR SUB-ASSY,1.0,PCS,272600.0,Truck /Bus,Truck /Bus,Hino
2026-08-31,Aug,8,TANJUNG,MINING,NON RUTIN,DIFFENTTIAL & REAR AXLE SYSTEM,DUMP TRUCK HINO FM 280 JD 312-034,340307-050305-0015,GUM-88,CROSS JOINT,1.0,PCS,112857.14,Truck /Bus,Truck /Bus,Hino
2026-08-06,Aug,8,TANJUNG,MINING,NON RUTIN,FINAL DRIVE SYSTEM,DUMP TRUCK HINO FM 280 JD 312-034,340307-040308-0008,SZ371-25045,BEARING BALL,1.0,PCS,119865.0,Truck /Bus,Truck /Bus,Hino
2026-08-05,Aug,8,TANJUNG,MINING,NON RUTIN,STEERING SYSTEM,DUMP TRUCK HINO FM 280 JD 312-034,340307-040312-0006,44110-EW012,GEARBOX STEERING ,1.0,PCS,7207207.21,Truck /Bus,Truck /Bus,Hino
2026-08-07,Aug,8,TANJUNG,MINING,NON RUTIN,TRANSMISSION SYSTEM,DUMP TRUCK HINO FM 280 JD 312-034,340307-010314-0012,31250-E0490,CLUTCH DISC,1.0,PCS,2617000.0,Truck /Bus,Truck /Bus,Hino
2026-08-07,Aug,8,TANJUNG,MINING,NON RUTIN,TRANSMISSION SYSTEM,DUMP TRUCK HINO FM 280 JD 312-034,340307-040314-0007,S3124-21060,BEARING RELEASE,1.0,PCS,321128.18,Truck /Bus,Truck /Bus,Hino
2026-08-03,Aug,8,TANJUNG,MINING,RUTIN,ATTACHMENT SYSTEM,EXCAVATOR HITACHI ZX210F-5G 332-026,350202-000200-0001,3207-1602,GREASE,14.0,Kg,783288.94,Pelumas,Pelumas,Grease
2026-08-14,Aug,8,TANJUNG,MINING,RUTIN,ATTACHMENT SYSTEM,EXCAVATOR HITACHI ZX210F-5G 332-026,350202-000200-0001,3207-1602,GREASE,14.0,Kg,783288.94,Pelumas,Pelumas,Grease
2026-08-30,Aug,8,TANJUNG,MINING,RUTIN,ATTACHMENT SYSTEM,EXCAVATOR HITACHI ZX210F-5G 332-026,350202-000200-0001,3207-1602,GREASE,14.0,Kg,783288.94,Pelumas,Pelumas,Grease
2026-08-10,Aug,8,TANJUNG,MINING,RUTIN,ENGINE SYSTEM,EXCAVATOR HITACHI ZX210F-5G 332-026,330308-010207-0007,4448336,FILTER OIL,1.0,Pcs,222016.1,Excavator,Excavator,Hitachi
2026-08-10,Aug,8,TANJUNG,MINING,RUTIN,ENGINE SYSTEM,EXCAVATOR HITACHI ZX210F-5G 332-026,330308-010207-0018,4616545,PRIMARY FUEL FILTER,1.0,PCS,103083.64,Excavator,Excavator,Hitachi
2026-08-10,Aug,8,TANJUNG,MINING,RUTIN,ENGINE SYSTEM,EXCAVATOR HITACHI ZX210F-5G 332-026,330308-010207-0022,P550391,FUEL FILTER,1.0,PCS,103000.0,Excavator,Excavator,Hitachi
2026-08-10,Aug,8,TANJUNG,MINING,RUTIN,ENGINE SYSTEM,EXCAVATOR HITACHI ZX210F-5G 332-026,350201-000200-0024,,ENGINE OIL 15W-40,35.0,LTR,1113000.0,Pelumas,Pelumas,Oli
2026-08-30,Aug,8,TANJUNG,MINING,RUTIN,ATTACHMENT SYSTEM,EXCAVATOR HITACHI ZX350H-5G 332-027,350202-000200-0001,3207-1602,GREASE,14.0,Kg,783288.94,Pelumas,Pelumas,Grease
2026-08-18,Aug,8,TANJUNG,MINING,RUTIN,ENGINE SYSTEM,EXCAVATOR HITACHI ZX350H-5G 332-027,330308-010207-0007,4448336,FILTER OIL,1.0,Pcs,222016.1,Excavator,Excavator,Hitachi
2026-08-18,Aug,8,TANJUNG,MINING,RUTIN,ENGINE SYSTEM,EXCAVATOR HITACHI ZX350H-5G 332-027,330308-010207-0009,4616864,FUEL FILTER,1.0,PCS,120859.3,Excavator,Excavator,Hitachi
2026-08-18,Aug,8,TANJUNG,MINING,RUTIN,ENGINE SYSTEM,EXCAVATOR HITACHI ZX350H-5G 332-027,330308-010207-0022,P550391,FUEL FILTER,2.0,PCS,206000.0,Excavator,Excavator,Hitachi
2026-08-18,Aug,8,TANJUNG,MINING,RUTIN,ENGINE SYSTEM,EXCAVATOR HITACHI ZX350H-5G 332-027,350201-000200-0024,,ENGINE OIL 15W-40,35.0,LTR,1113000.0,Pelumas,Pelumas,Oli
2026-08-13,Aug,8,TANJUNG,MINING,RUTIN,HYDRAULIC SYSTEM,EXCAVATOR HITACHI ZX350H-5G 332-027,350201-000200-0071,,HYDRAULIC OIL MEDITRAN SAE 10W,15.0,LTR,556251.75,Pelumas,Pelumas,Oli
2026-08-31,Aug,8,TANJUNG,MINING,RUTIN,HYDRAULIC SYSTEM,EXCAVATOR HITACHI ZX350H-5G 332-027,350201-000200-0071,,HYDRAULIC OIL MEDITRAN SAE 10W,35.0,LTR,1297920.75,Pelumas,Pelumas,Oli
2026-08-17,Aug,8,TANJUNG,MINING,NON RUTIN,AIR CONDITIONING SYSTEM,EXCAVATOR HITACHI ZX350H-5G 332-027,340307-050301-0005,DI261411-0260,EXPANSION VALVE,1.0,PCS,308000.0,Truck /Bus,Truck /Bus,Hino
2026-08-17,Aug,8,TANJUNG,MINING,NON RUTIN,ENGINE SYSTEM,EXCAVATOR HITACHI ZX350H-5G 332-027,340307-010307-0075,22509-1160L,"PUMP SUB ASSY, PRIMING",1.0,PCS,126666.66,Truck /Bus,Truck /Bus,Hino
2026-08-10,Aug,8,TANJUNG,MINING,NON RUTIN,HYDRAULIC SYSTEM,EXCAVATOR HITACHI ZX350H-5G 332-027,330308-010311-0053,4201993,ORING,5.0,PCS,174465.7,Excavator,Excavator,Hitachi
2026-08-03,Aug,8,TANJUNG,MINING,RUTIN,ATTACHMENT SYSTEM,EXCAVATOR KOMATSU PC-200-8M1 332-032,350202-000200-0001,3207-1602,GREASE,14.0,Kg,783288.94,Pelumas,Pelumas,Grease
2026-08-16,Aug,8,TANJUNG,MINING,RUTIN,ATTACHMENT SYSTEM,EXCAVATOR KOMATSU PC-200-8M1 332-032,350202-000200-0001,3207-1602,GREASE,14.0,Kg,783288.94,Pelumas,Pelumas,Grease
2026-08-07,Aug,8,TANJUNG,MINING,RUTIN,ATTACHMENT SYSTEM,EXCAVATOR HITACHI ZX350H-5G 332-036,350202-000200-0001,3207-1602,GREASE,14.0,Kg,783288.94,Pelumas,Pelumas,Grease
2026-08-20,Aug,8,TANJUNG,MINING,RUTIN,ATTACHMENT SYSTEM,EXCAVATOR HITACHI ZX350H-5G 332-036,350202-000200-0001,3207-1602,GREASE,14.0,Kg,783288.94,Pelumas,Pelumas,Grease
2026-08-08,Aug,8,TANJUNG,MINING,RUTIN,ELECTRICAL SYSTEM,EXCAVATOR HITACHI ZX350H-5G 332-036,340501-000300-0092,,"LED WORK LIGHT, FLOOD 48W 10-30VDC",2.0,PCS,147415.38,Umum Kendaraan,Umum Kendaraan,Umum Kendaraan
2026-08-01,Aug,8,TANJUNG,MINING,RUTIN,ENGINE SYSTEM,EXCAVATOR HITACHI ZX350H-5G 332-036,330308-010207-0006,4326739,FILTER FUEL,2.0,Pcs,217357.14,Excavator,Excavator,Hitachi
2026-08-22,Aug,8,TANJUNG,MINING,RUTIN,ENGINE SYSTEM,EXCAVATOR HITACHI ZX350H-5G 332-036,330308-010207-0006,4326739,FILTER FUEL,2.0,Pcs,217357.14,Excavator,Excavator,Hitachi
2026-08-01,Aug,8,TANJUNG,MINING,RUTIN,ENGINE SYSTEM,EXCAVATOR HITACHI ZX350H-5G 332-036,330308-010207-0007,4448336,FILTER OIL,1.0,Pcs,222016.1,Excavator,Excavator,Hitachi
2026-08-22,Aug,8,TANJUNG,MINING,RUTIN,ENGINE SYSTEM,EXCAVATOR HITACHI ZX350H-5G 332-036,330308-010207-0007,4448336,FILTER OIL,1.0,Pcs,222016.1,Excavator,Excavator,Hitachi
2026-08-01,Aug,8,TANJUNG,MINING,RUTIN,ENGINE SYSTEM,EXCAVATOR HITACHI ZX350H-5G 332-036,330308-010207-0009,4616864,FUEL FILTER,1.0,PCS,120859.3,Excavator,Excavator,Hitachi
2026-08-22,Aug,8,TANJUNG,MINING,RUTIN,ENGINE SYSTEM,EXCAVATOR HITACHI ZX350H-5G 332-036,330308-010207-0009,4616864,FUEL FILTER,1.0,PCS,120859.3,Excavator,Excavator,Hitachi
2026-08-01,Aug,8,TANJUNG,MINING,RUTIN,ENGINE SYSTEM,EXCAVATOR HITACHI ZX350H-5G 332-036,350201-000200-0024,,ENGINE OIL 15W-40,35.0,LTR,1113000.0,Pelumas,Pelumas,Oli
2026-08-22,Aug,8,TANJUNG,MINING,RUTIN,ENGINE SYSTEM,EXCAVATOR HITACHI ZX350H-5G 332-036,350201-000200-0024,,ENGINE OIL 15W-40,35.0,LTR,1113000.0,Pelumas,Pelumas,Oli
2026-08-13,Aug,8,TANJUNG,MINING,RUTIN,HYDRAULIC SYSTEM,EXCAVATOR HITACHI ZX350H-5G 332-036,350201-000200-0071,,HYDRAULIC OIL MEDITRAN SAE 10W,20.0,LTR,741669.0,Pelumas,Pelumas,Oli
2026-08-11,Aug,8,TANJUNG,MINING,RUTIN,ATTACHMENT SYSTEM,EXCAVATOR HITACHI ZX350H-5G 332-037,350202-000200-0001,3207-1602,GREASE,14.0,Kg,783288.94,Pelumas,Pelumas,Grease
2026-08-20,Aug,8,TANJUNG,MINING,RUTIN,ATTACHMENT SYSTEM,EXCAVATOR HITACHI ZX350H-5G 332-037,350202-000200-0001,3207-1602,GREASE,14.0,Kg,783288.94,Pelumas,Pelumas,Grease
2026-08-27,Aug,8,TANJUNG,MINING,RUTIN,ATTACHMENT SYSTEM,EXCAVATOR HITACHI ZX350H-5G 332-037,350202-000200-0001,3207-1602,GREASE,14.0,Kg,783288.94,Pelumas,Pelumas,Grease
2026-08-17,Aug,8,TANJUNG,MINING,RUTIN,ATTACHMENT SYSTEM,EXCAVATOR HITACHI ZX350H-5G 332-037,370502-000300-0110,,BOLT & NUT M22 X 130 MM,2.0,PCS,57350.84,Barang & Alat Bengkel,Barang & Alat Bengkel,Work Shop
2026-08-09,Aug,8,TANJUNG,MINING,RUTIN,ELECTRICAL SYSTEM,EXCAVATOR HITACHI ZX350H-5G 332-037,340501-000300-0092,,"LED WORK LIGHT, FLOOD 48W 10-30VDC",2.0,PCS,147415.38,Umum Kendaraan,Umum Kendaraan,Umum Kendaraan
2026-08-02,Aug,8,TANJUNG,MINING,RUTIN,ENGINE SYSTEM,EXCAVATOR HITACHI ZX350H-5G 332-037,330308-010207-0006,4326739,FILTER FUEL,2.0,Pcs,217357.14,Excavator,Excavator,Hitachi
2026-08-19,Aug,8,TANJUNG,MINING,RUTIN,ENGINE SYSTEM,EXCAVATOR HITACHI ZX350H-5G 332-037,330308-010207-0006,4326739,FILTER FUEL,2.0,Pcs,217357.14,Excavator,Excavator,Hitachi
2026-08-02,Aug,8,TANJUNG,MINING,RUTIN,ENGINE SYSTEM,EXCAVATOR HITACHI ZX350H-5G 332-037,330308-010207-0007,4448336,FILTER OIL,1.0,Pcs,222016.1,Excavator,Excavator,Hitachi
2026-08-19,Aug,8,TANJUNG,MINING,RUTIN,ENGINE SYSTEM,EXCAVATOR HITACHI ZX350H-5G 332-037,330308-010207-0007,4448336,FILTER OIL,1.0,Pcs,222016.1,Excavator,Excavator,Hitachi
2026-08-02,Aug,8,TANJUNG,MINING,RUTIN,ENGINE SYSTEM,EXCAVATOR HITACHI ZX350H-5G 332-037,330308-010207-0009,4616864,FUEL FILTER,1.0,PCS,120859.3,Excavator,Excavator,Hitachi
2026-08-19,Aug,8,TANJUNG,MINING,RUTIN,ENGINE SYSTEM,EXCAVATOR HITACHI ZX350H-5G 332-037,330308-010207-0009,4616864,FUEL FILTER,1.0,PCS,120859.3,Excavator,Excavator,Hitachi
2026-08-02,Aug,8,TANJUNG,MINING,RUTIN,ENGINE SYSTEM,EXCAVATOR HITACHI ZX350H-5G 332-037,350201-000200-0024,,ENGINE OIL 15W-40,40.0,LTR,1272000.0,Pelumas,Pelumas,Oli
2026-08-19,Aug,8,TANJUNG,MINING,RUTIN,ENGINE SYSTEM,EXCAVATOR HITACHI ZX350H-5G 332-037,350201-000200-0024,,ENGINE OIL 15W-40,40.0,LTR,1272000.0,Pelumas,Pelumas,Oli
2026-08-17,Aug,8,TANJUNG,MINING,NON RUTIN,GROUND ENGAGING SYSTEM,EXCAVATOR HITACHI ZX350H-5G 332-037,330308-050210-0001,4380343,POINT TOOTH,1.0,PCS,1202212.75,Excavator,Excavator,Hitachi
2026-08-11,Aug,8,TANJUNG,MINING,RUTIN,ATTACHMENT SYSTEM,EXCAVATOR SHANTUI SE 215 W 332-049,350202-000200-0001,3207-1602,GREASE,14.0,Kg,783288.94,Pelumas,Pelumas,Grease
2026-08-13,Aug,8,TANJUNG,MINING,RUTIN,HYDRAULIC SYSTEM,EXCAVATOR SHANTUI SE 215 W 332-049,350201-000200-0071,,HYDRAULIC OIL MEDITRAN SAE 10W,35.0,LTR,1297920.75,Pelumas,Pelumas,Oli
2026-08-19,Aug,8,TANJUNG,MINING,NON RUTIN,AIR CONDITIONING SYSTEM,EXCAVATOR SHANTUI SE 215 W 332-049,340307-050301-0005,DI261411-0260,EXPANSION VALVE,1.0,PCS,308000.0,Truck /Bus,Truck /Bus,Hino
2026-08-24,Aug,8,TANJUNG,MINING,RUTIN,ATTACHMENT SYSTEM,BULLDOZER WEA B 220 342-012,350202-000200-0001,3207-1602,GREASE,14.0,Kg,783288.94,Pelumas,Pelumas,Grease
2026-08-26,Aug,8,TANJUNG,MINING,RUTIN,ENGINE SYSTEM,BULLDOZER WEA B 220 342-012,350201-000200-0028,,ENGINE OIL MEDITRAN S SAE 30,30.0,LTR,760054.8,Pelumas,Pelumas,Oli
2026-08-01,Aug,8,TANJUNG,MINING,NON RUTIN,ELECTRICAL SYSTEM,BULLDOZER WEA B 220 342-012,340501-000300-0047,60201-20120,BATTERY 12V-120A,1.0,Pcs,1465864.0,Umum Kendaraan,Umum Kendaraan,Umum Kendaraan
2026-08-24,Aug,8,TANJUNG,MINING,RUTIN,ATTACHMENT SYSTEM,BULLDOZER KOMATSU D85E 342-017,350202-000200-0001,3207-1602,GREASE,14.0,Kg,783288.94,Pelumas,Pelumas,Grease
2026-08-29,Aug,8,TANJUNG,MINING,RUTIN,ELECTRICAL SYSTEM,BULLDOZER KOMATSU D85E 342-017,340501-000300-0092,,"LED WORK LIGHT, FLOOD 48W 10-30VDC",3.0,PCS,221123.07,Umum Kendaraan,Umum Kendaraan,Umum Kendaraan
2026-08-27,Aug,8,TANJUNG,MINING,RUTIN,ENGINE SYSTEM,BULLDOZER KOMATSU D85E 342-017,330716-020207-0002,600-181-4300,AIR CLEANER OUTER,1.0,PCS,550000.0,Bulldozer,Bulldozer,Komatsu
2026-08-03,Aug,8,TANJUNG,MINING,RUTIN,ENGINE SYSTEM,BULLDOZER KOMATSU D85E 342-017,330716-020207-0003,600-211-1231,ENGINE OIL FILTER,1.0,PCS,184000.0,Bulldozer,Bulldozer,Komatsu
2026-08-03,Aug,8,TANJUNG,MINING,RUTIN,ENGINE SYSTEM,BULLDOZER KOMATSU D85E 342-017,330716-020207-0004,600-311-8321,MAIN FUEL FILTER,1.0,PCS,100000.0,Bulldozer,Bulldozer,Komatsu
2026-08-28,Aug,8,TANJUNG,MINING,RUTIN,ENGINE SYSTEM,BULLDOZER KOMATSU D85E 342-017,330716-020207-0004,600-311-8321,MAIN FUEL FILTER,1.0,PCS,100000.0,Bulldozer,Bulldozer,Komatsu
2026-08-03,Aug,8,TANJUNG,MINING,RUTIN,ENGINE SYSTEM,BULLDOZER KOMATSU D85E 342-017,330716-020214-0002,07063-01054,TRANSMISSION FILTER,1.0,PCS,125500.0,Bulldozer,Bulldozer,Komatsu
2026-08-15,Aug,8,TANJUNG,MINING,RUTIN,ENGINE SYSTEM,BULLDOZER KOMATSU D85E 342-017,330716-020311-0001,423-60-45461,ELEMENT HYD,1.0,PCS,530000.0,Bulldozer,Bulldozer,Komatsu
2026-08-03,Aug,8,TANJUNG,MINING,RUTIN,ENGINE SYSTEM,BULLDOZER KOMATSU D85E 342-017,350201-000200-0024,,ENGINE OIL 15W-40,40.0,LTR,1272000.0,Pelumas,Pelumas,Oli
2026-08-17,Aug,8,TANJUNG,MINING,NON RUTIN,UNDERCARRIAGE SYSTEM,BULLDOZER KOMATSU D85E 342-017,330740-020315-0009,155-27-12181,BOLT,8.0,PCS,302311.12,Bulldozer,Bulldozer,WEA World Equipment
2026-08-22,Aug,8,TANJUNG,MINING,RUTIN,ATTACHMENT SYSTEM,GRADER CATERPILLAR 120 NG 351-011,370502-000300-0092,,BOLT & NUT M12 X 50MM  - 1.75,4.0,PCS,11571.44,Barang & Alat Bengkel,Barang & Alat Bengkel,Work Shop
2026-08-26,Aug,8,TANJUNG,MINING,RUTIN,FRAME BODY & GUARD SYSTEM,GRADER CATERPILLAR 120 NG 351-011,370502-000300-0111,,BOLT & NUT M24 X 150 MM,4.0,PCS,152000.0,Barang & Alat Bengkel,Barang & Alat Bengkel,Work Shop
2026-08-04,Aug,8,TANJUNG,MINING,RUTIN,WHEEL & TYRE SYSTEM,GRADER CATERPILLAR 120 NG 351-011,370601-000216-0007,48124-1300,BAN DALAM 13.00 * 24,1.0,Pcs,720000.0,Suku Cadang Umum,Suku Cadang Umum,Ban
2026-08-04,Aug,8,TANJUNG,MINING,RUTIN,WHEEL & TYRE SYSTEM,GRADER CATERPILLAR 120 NG 351-011,370601-000216-0058,48224-1300,BAN LUAR 13.00 * 24,1.0,Pcs,6292928.0,Suku Cadang Umum,Suku Cadang Umum,Ban
2026-08-05,Aug,8,TANJUNG,MINING,NON RUTIN,ELECTRICAL SYSTEM,GRADER CATERPILLAR 120 NG 351-011,330402-010306-0005,197-8820,ALTERNATOR GP,1.0,PCS,13594717.0,Motor Grader,Motor Grader,Caterpillar
2026-08-20,Aug,8,BUHUT,MINING,RUTIN,HYDRAULIC SYSTEM,DUMP TRUCK HINO FM 280 JD 312-029,350201-000200-0071,,HYDRAULIC OIL MEDITRAN SAE 10W,20.0,LTR,732810.8,Pelumas,Pelumas,Oli
2026-08-15,Aug,8,BUHUT,MINING,RUTIN,AIR SYSTEM,DUMP TRUCK HINO FM 280 JD 312-035,340307-010202-0002,17801-JAB60,AIR FILTER,1.0,PCS,284900.0,Truck /Bus,Truck /Bus,Hino
2026-08-23,Aug,8,BUHUT,MINING,RUTIN,ATTACHMENT SYSTEM,DUMP TRUCK HINO FM 280 JD 312-035,370502-000300-0311,,"HOSE CLAMP 2""",2.0,Pcs,5029.42,Barang & Alat Bengkel,Barang & Alat Bengkel,Work Shop
2026-08-15,Aug,8,BUHUT,MINING,RUTIN,ENGINE SYSTEM,DUMP TRUCK HINO FM 280 JD 312-035,340307-040207-0010,23304-JAC70,ELEMENT FILTER,1.0,PCS,117783.62,Truck /Bus,Truck /Bus,Hino
2026-08-12,Aug,8,BUHUT,MINING,RUTIN,ENGINE SYSTEM,DUMP TRUCK HINO FM 280 JD 312-035,370502-000300-0597,62301-20035,WATER COOLANT @5LTR,2.0,Gln,74766.46,Barang & Alat Bengkel,Barang & Alat Bengkel,Work Shop
2026-08-23,Aug,8,BUHUT,MINING,RUTIN,HYDRAULIC SYSTEM,DUMP TRUCK HINO FM 280 JD 312-035,350201-000200-0071,,HYDRAULIC OIL MEDITRAN SAE 10W,20.0,LTR,732810.8,Pelumas,Pelumas,Oli
2026-08-14,Aug,8,BUHUT,MINING,RUTIN,WHEEL & TYRE SYSTEM,DUMP TRUCK HINO FM 280 JD 312-035,370601-000216-0003,48120-1100,BAN DALAM 11.00 * 20,1.0,Pcs,421049.44,Suku Cadang Umum,Suku Cadang Umum,Ban
2026-08-14,Aug,8,BUHUT,MINING,RUTIN,WHEEL & TYRE SYSTEM,DUMP TRUCK HINO FM 280 JD 312-035,370601-000216-0053,48220-1100,BAN LUAR 11.00 * 20,1.0,Pcs,4538131.46,Suku Cadang Umum,Suku Cadang Umum,Ban
2026-08-14,Aug,8,BUHUT,MINING,RUTIN,WHEEL & TYRE SYSTEM,DUMP TRUCK HINO FM 280 JD 312-035,370601-000216-0136,48320-1100,MARSED BAN 11.00 * 20,1.0,Pcs,101239.22,Suku Cadang Umum,Suku Cadang Umum,Ban
2026-08-22,Aug,8,BUHUT,MINING,RUTIN,AIR CONDITIONING SYSTEM,DUMP TRUCK HINO FM 280 JD 312-036,340330-010301-0001,88440-0B070,PULLY AC,1.0,PCS,543575.79,Truck /Bus,Truck /Bus,Toyota
2026-08-14,Aug,8,BUHUT,MINING,RUTIN,AIR CONDITIONING SYSTEM,DUMP TRUCK HINO FM 280 JD 312-036,370604-000300-0011,,VEE BELT A39,1.0,PCS,42900.0,Suku Cadang Umum,Suku Cadang Umum,V- Belt
2026-08-15,Aug,8,BUHUT,MINING,RUTIN,AIR CONDITIONING SYSTEM,DUMP TRUCK HINO FM 280 JD 312-036,370604-000300-0073,3410,V-BELT A41,1.0,PCS,51428.57,Suku Cadang Umum,Suku Cadang Umum,V- Belt
2026-08-22,Aug,8,BUHUT,MINING,RUTIN,AIR CONDITIONING SYSTEM,DUMP TRUCK HINO FM 280 JD 312-036,370604-000300-0073,3410,V-BELT A41,1.0,PCS,51428.57,Suku Cadang Umum,Suku Cadang Umum,V- Belt
2026-08-22,Aug,8,BUHUT,MINING,RUTIN,ENGINE SYSTEM,DUMP TRUCK HINO FM 280 JD 312-036,340307-040207-0010,23304-JAC70,ELEMENT FILTER,1.0,PCS,117783.62,Truck /Bus,Truck /Bus,Hino
2026-08-22,Aug,8,BUHUT,MINING,RUTIN,ENGINE SYSTEM,DUMP TRUCK HINO FM 280 JD 312-036,350201-000200-0024,,ENGINE OIL 15W-40,20.0,LTR,636000.0,Pelumas,Pelumas,Oli
2026-08-23,Aug,8,BUHUT,MINING,RUTIN,ENGINE SYSTEM,DUMP TRUCK HINO FM 280 JD 312-036,370502-000300-0597,62301-20035,WATER COOLANT @5LTR,3.0,Gln,112149.69,Barang & Alat Bengkel,Barang & Alat Bengkel,Work Shop
2026-08-28,Aug,8,BUHUT,MINING,RUTIN,ENGINE SYSTEM,DUMP TRUCK HINO FM 280 JD 312-036,370502-000300-0597,62301-20035,WATER COOLANT @5LTR,1.0,Gln,37383.23,Barang & Alat Bengkel,Barang & Alat Bengkel,Work Shop
2026-08-22,Aug,8,BUHUT,MINING,RUTIN,HYDRAULIC SYSTEM,DUMP TRUCK HINO FM 280 JD 312-036,350201-000200-0071,,HYDRAULIC OIL MEDITRAN SAE 10W,20.0,LTR,732810.8,Pelumas,Pelumas,Oli
2026-08-03,Aug,8,BUHUT,MINING,RUTIN,WHEEL & TYRE SYSTEM,DUMP TRUCK HINO FM 280 JD 312-036,370601-000216-0003,48120-1100,BAN DALAM 11.00 * 20,1.0,Pcs,421049.44,Suku Cadang Umum,Suku Cadang Umum,Ban
2026-08-03,Aug,8,BUHUT,MINING,RUTIN,WHEEL & TYRE SYSTEM,DUMP TRUCK HINO FM 280 JD 312-036,370601-000216-0053,48220-1100,BAN LUAR 11.00 * 20,1.0,Pcs,4538131.46,Suku Cadang Umum,Suku Cadang Umum,Ban
2026-08-03,Aug,8,BUHUT,MINING,RUTIN,WHEEL & TYRE SYSTEM,DUMP TRUCK HINO FM 280 JD 312-036,370601-000216-0136,48320-1100,MARSED BAN 11.00 * 20,1.0,Pcs,101239.22,Suku Cadang Umum,Suku Cadang Umum,Ban
2026-08-12,Aug,8,BUHUT,MINING,RUTIN,GROUND ENGAGING SYSTEM,EXCAVATOR HITACHI ZX 210 F-5G 332-038,331101-000311-0016,JW1400-HAL31-NO61,SEAL DIAFRAGHMA JW1400,1.0,PCS,650000.0,Hydraulic Breaker,Hydraulic Breaker,Soosan
2026-08-26,Aug,8,BUHUT,MINING,RUTIN,HYDRAULIC SYSTEM,EXCAVATOR HITACHI ZX 210 F-5G 332-038,330308-010307-0066,182410-1701,SWITCH OIL,1.0,PCS,245000.0,Excavator,Excavator,Hitachi
2026-08-26,Aug,8,BUHUT,MINING,RUTIN,HYDRAULIC SYSTEM,EXCAVATOR HITACHI ZX 210 F-5G 332-038,330308-050307-0029,183161-0330,SWITCH THERMOSTAT,1.0,PCS,149000.0,Excavator,Excavator,Hitachi
2026-08-18,Aug,8,BUHUT,MINING,RUTIN,HYDRAULIC SYSTEM,EXCAVATOR HITACHI ZX 210 F-5G 332-038,350201-000200-0071,,HYDRAULIC OIL MEDITRAN SAE 10W,10.0,LTR,366405.4,Pelumas,Pelumas,Oli
2026-08-26,Aug,8,BUHUT,MINING,RUTIN,HYDRAULIC SYSTEM,EXCAVATOR HITACHI ZX 210 F-5G 332-038,350201-000200-0071,,HYDRAULIC OIL MEDITRAN SAE 10W,20.0,LTR,732810.8,Pelumas,Pelumas,Oli
2026-08-10,Aug,8,BUHUT,MINING,RUTIN,AIR CONDITIONING SYSTEM,EXCAVATOR HITACHI ZX 210 F-5G 332-045,370604-050301-0001,3400,V-BELT A40,1.0,PCS,41341.27,Suku Cadang Umum,Suku Cadang Umum,V- Belt
2026-08-19,Aug,8,BUHUT,MINING,RUTIN,ATTACHMENT SYSTEM,EXCAVATOR HITACHI ZX 210 F-5G 332-045,350202-000200-0001,3207-1602,GREASE,14.0,Kg,698661.18,Pelumas,Pelumas,Grease
2026-08-22,Aug,8,BUHUT,MINING,RUTIN,ATTACHMENT SYSTEM,EXCAVATOR HITACHI ZX 210 F-5G 332-045,350202-000200-0001,3207-1602,GREASE,14.0,Kg,698661.18,Pelumas,Pelumas,Grease
2026-08-23,Aug,8,BUHUT,MINING,RUTIN,ATTACHMENT SYSTEM,EXCAVATOR HITACHI ZX 210 F-5G 332-045,370502-000300-0110,,BOLT & NUT M22 X 130 MM,2.0,PCS,49236.36,Barang & Alat Bengkel,Barang & Alat Bengkel,Work Shop
2026-08-21,Aug,8,BUHUT,MINING,RUTIN,ENGINE SYSTEM,EXCAVATOR HITACHI ZX 210 F-5G 332-045,350201-000200-0024,,ENGINE OIL 15W-40,5.0,LTR,159000.0,Pelumas,Pelumas,Oli
2026-08-03,Aug,8,BUHUT,MINING,RUTIN,GROUND ENGAGING SYSTEM,EXCAVATOR HITACHI ZX 210 F-5G 332-045,331101-020210-0003,SSC31214,CHISEL MIN,1.0,PCS,7000000.0,Hydraulic Breaker,Hydraulic Breaker,Soosan
2026-08-12,Aug,8,BUHUT,MINING,RUTIN,GROUND ENGAGING SYSTEM,EXCAVATOR HITACHI ZX 210 F-5G 332-045,331101-020303-0012,C31 246,RUBBER PLUG,1.0,PCS,214016.0,Hydraulic Breaker,Hydraulic Breaker,Soosan
2026-08-12,Aug,8,BUHUT,MINING,RUTIN,GROUND ENGAGING SYSTEM,EXCAVATOR HITACHI ZX 210 F-5G 332-045,331101-020303-0014,C3X 005,SEAL KIT BREAKER,1.0,SET,4545821.66,Hydraulic Breaker,Hydraulic Breaker,Soosan
2026-08-14,Aug,8,BUHUT,MINING,RUTIN,GROUND ENGAGING SYSTEM,EXCAVATOR HITACHI ZX 210 F-5G 332-045,331101-020303-0018,C34 608,ARM PIPE 1(INCI. STOP VALVE),1.0,PCS,5743621.0,Hydraulic Breaker,Hydraulic Breaker,Soosan
2026-08-12,Aug,8,BUHUT,MINING,RUTIN,GROUND ENGAGING SYSTEM,EXCAVATOR HITACHI ZX 210 F-5G 332-045,331101-020303-0022,C33 350,UPPER CUSHION,1.0,PCS,7197428.0,Hydraulic Breaker,Hydraulic Breaker,Soosan
2026-08-16,Aug,8,BUHUT,MINING,NON RUTIN,ATTACHMENT SYSTEM,EXCAVATOR HITACHI ZX 210 F-5G 332-045,370502-000300-0738,,SAKLAR PEDAL,1.0,SET,225000.0,Barang & Alat Bengkel,Barang & Alat Bengkel,Work Shop
2026-08-20,Aug,8,BUHUT,MINING,NON RUTIN,HYDRAULIC SYSTEM,EXCAVATOR HITACHI ZX 210 F-5G 332-045,331101-020303-0019,C34 609,ARM 1-1 PIPE,1.0,PCS,5743621.0,Hydraulic Breaker,Hydraulic Breaker,Soosan
2026-08-20,Aug,8,BUHUT,MINING,NON RUTIN,HYDRAULIC SYSTEM,EXCAVATOR HITACHI ZX 210 F-5G 332-045,350201-000200-0071,,HYDRAULIC OIL MEDITRAN SAE 10W,10.0,LTR,366405.4,Pelumas,Pelumas,Oli
2026-08-04,Aug,8,BUHUT,MINING,NON RUTIN,ATTACHMENT SYSTEM,EXCAVATOR SHANTUI SE 215 W 332-051,330308-010303-0049,ZD00000030,ADAPTOR TOOTH 25 MM,5.0,PCS,2395833.35,Excavator,Excavator,Hitachi
2026-08-14,Aug,8,BUHUT,MINING,RUTIN,AIR CONDITIONING SYSTEM,EXCAVATOR HITACHI ZX 210G-5G 332-052,330308-010301-0004,447500-9092,EXPANSION VALVE,1.0,PCS,448533.0,Excavator,Excavator,Hitachi
2026-08-14,Aug,8,BUHUT,MINING,RUTIN,AIR CONDITIONING SYSTEM,EXCAVATOR HITACHI ZX 210G-5G 332-052,370502-000300-0263,HFC-134a,FREON,4.0,CAN,235179.84,Barang & Alat Bengkel,Barang & Alat Bengkel,Work Shop
2026-08-16,Aug,8,BUHUT,MINING,RUTIN,ATTACHMENT SYSTEM,EXCAVATOR HITACHI ZX 210G-5G 332-052,350202-000100-0001,,GREASE BEARING,15.0,KG,1522335.6,Pelumas,Pelumas,Grease
2026-08-21,Aug,8,BUHUT,MINING,RUTIN,ATTACHMENT SYSTEM,EXCAVATOR HITACHI ZX 210G-5G 332-052,350202-000200-0001,3207-1602,GREASE,14.0,Kg,698661.18,Pelumas,Pelumas,Grease
2026-08-27,Aug,8,BUHUT,MINING,RUTIN,ENGINE SYSTEM,EXCAVATOR HITACHI ZX 210G-5G 332-052,330308-010207-0007,4448336,FILTER OIL,1.0,Pcs,210712.08,Excavator,Excavator,Hitachi
2026-08-27,Aug,8,BUHUT,MINING,RUTIN,ENGINE SYSTEM,EXCAVATOR HITACHI ZX 210G-5G 332-052,330308-010207-0018,4616545,PRIMARY FUEL FILTER,1.0,PCS,105010.91,Excavator,Excavator,Hitachi
2026-08-27,Aug,8,BUHUT,MINING,RUTIN,ENGINE SYSTEM,EXCAVATOR HITACHI ZX 210G-5G 332-052,330308-010207-0022,P550391,FUEL FILTER,1.0,PCS,103000.0,Excavator,Excavator,Hitachi
2026-08-27,Aug,8,BUHUT,MINING,RUTIN,ENGINE SYSTEM,EXCAVATOR HITACHI ZX 210G-5G 332-052,350201-000200-0024,,ENGINE OIL 15W-40,25.0,LTR,795000.0,Pelumas,Pelumas,Oli
2026-08-03,Aug,8,BUHUT,MINING,RUTIN,GROUND ENGAGING SYSTEM,EXCAVATOR HITACHI ZX 210G-5G 332-052,331101-020303-0006,C31 272,HEX NUT,1.0,PCS,1078744.0,Hydraulic Breaker,Hydraulic Breaker,Soosan
2026-08-03,Aug,8,BUHUT,MINING,RUTIN,GROUND ENGAGING SYSTEM,EXCAVATOR HITACHI ZX 210G-5G 332-052,331101-020303-0029,C32 211,SIDE BOLT,2.0,PCS,2939584.0,Hydraulic Breaker,Hydraulic Breaker,Soosan
2026-08-03,Aug,8,BUHUT,MINING,RUTIN,GROUND ENGAGING SYSTEM,EXCAVATOR HITACHI ZX 210G-5G 332-052,331101-020303-0030,C33 114,WASHER,2.0,PCS,161172.0,Hydraulic Breaker,Hydraulic Breaker,Soosan
2026-08-03,Aug,8,BUHUT,MINING,RUTIN,GROUND ENGAGING SYSTEM,EXCAVATOR HITACHI ZX 210G-5G 332-052,331101-020303-0031,C32 212,SIDE NUT,2.0,PCS,1292670.0,Hydraulic Breaker,Hydraulic Breaker,Soosan
2026-08-27,Aug,8,BUHUT,MINING,RUTIN,HYDRAULIC SYSTEM,EXCAVATOR HITACHI ZX 210G-5G 332-052,330308-010211-0001,4630525,FILTER OIL HYDRAULIC,1.0,PCS,485289.82,Excavator,Excavator,Hitachi
2026-08-22,Aug,8,BUHUT,MINING,RUTIN,HYDRAULIC SYSTEM,EXCAVATOR HITACHI ZX 210G-5G 332-052,350201-000200-0071,,HYDRAULIC OIL MEDITRAN SAE 10W,5.0,LTR,183202.7,Pelumas,Pelumas,Oli
2026-08-19,Aug,8,BUHUT,MINING,NON RUTIN,AIR CONDITIONING SYSTEM,EXCAVATOR HITACHI ZX 210G-5G 332-052,340330-010301-0001,88440-0B070,PULLY AC,1.0,PCS,543575.79,Truck /Bus,Truck /Bus,Toyota
2026-08-19,Aug,8,BUHUT,MINING,NON RUTIN,AIR CONDITIONING SYSTEM,EXCAVATOR HITACHI ZX 210G-5G 332-052,370502-000300-0263,HFC-134a,FREON,6.0,CAN,352769.76,Barang & Alat Bengkel,Barang & Alat Bengkel,Work Shop
2026-08-19,Aug,8,BUHUT,MINING,NON RUTIN,AIR CONDITIONING SYSTEM,EXCAVATOR HITACHI ZX 210G-5G 332-052,370604-000300-0073,3410,V-BELT A41,1.0,PCS,51428.57,Suku Cadang Umum,Suku Cadang Umum,V- Belt
2026-08-09,Aug,8,BUHUT,MINING,RUTIN,ENGINE SYSTEM,EXCAVATOR HITACHI ZX350H-5G 332-055,330308-010207-0023,YA00007394,AIR FILTER OUTER,1.0,PCS,652640.85,Excavator,Excavator,Hitachi
2026-08-09,Aug,8,BUHUT,MINING,RUTIN,ENGINE SYSTEM,EXCAVATOR HITACHI ZX350H-5G 332-055,330308-010207-0024,YA00007606,AIR FILTER INNER,1.0,PCS,327387.83,Excavator,Excavator,Hitachi
2026-08-09,Aug,8,BUHUT,MINING,RUTIN,ENGINE SYSTEM,EXCAVATOR HITACHI ZX350H-5G 332-055,330308-050207-0002,YA00058283,ENGINE OIL FILTER,1.0,PCS,244447.86,Excavator,Excavator,Hitachi
2026-08-09,Aug,8,BUHUT,MINING,RUTIN,ENGINE SYSTEM,EXCAVATOR HITACHI ZX350H-5G 332-055,330308-050207-0004,YA00037134,SECONDARY FUEL FILTER,1.0,PCS,315000.0,Excavator,Excavator,Hitachi
2026-08-05,Aug,8,BUHUT,MINING,RUTIN,FRAME BODY & GUARD SYSTEM,EXCAVATOR HITACHI ZX350H-5G 332-055,350202-000100-0001,,GREASE BEARING,15.0,KG,1522335.6,Pelumas,Pelumas,Grease
2026-08-05,Aug,8,BUHUT,MINING,RUTIN,FRAME BODY & GUARD SYSTEM,EXCAVATOR HITACHI ZX350H-5G 332-055,370502-000300-0099,5905-1405,BOLT & NUT M14 X 50MM - 1.75,2.0,Pcs,6578.64,Barang & Alat Bengkel,Barang & Alat Bengkel,Work Shop
2026-08-05,Aug,8,BUHUT,MINING,RUTIN,GROUND ENGAGING SYSTEM,EXCAVATOR HITACHI ZX350H-5G 332-055,331101-030210-0003,SSC61230,CHISEL MIN,1.0,PCS,10000000.0,Hydraulic Breaker,Hydraulic Breaker,Soosan
2026-08-29,Aug,8,BUHUT,MINING,RUTIN,GROUND ENGAGING SYSTEM,EXCAVATOR HITACHI ZX350H-5G 332-055,331101-030303-0001,C6X 001,SEAL KIT BREAKER,1.0,SET,4316235.21,Hydraulic Breaker,Hydraulic Breaker,Soosan
2026-08-31,Aug,8,BUHUT,MINING,RUTIN,GROUND ENGAGING SYSTEM,EXCAVATOR HITACHI ZX350H-5G 332-055,331101-030303-0029,C63390,UPPER CUSHION,1.0,PCS,9108878.0,Hydraulic Breaker,Hydraulic Breaker,Soosan
2026-08-31,Aug,8,BUHUT,MINING,RUTIN,GROUND ENGAGING SYSTEM,EXCAVATOR HITACHI ZX350H-5G 332-055,331103-020303-0002,JW1550-HAL41-NO34,THROUGH BOLT,1.0,PCS,625000.0,Hydraulic Breaker,Hydraulic Breaker,Jea Wen
2026-08-31,Aug,8,BUHUT,MINING,RUTIN,GROUND ENGAGING SYSTEM,EXCAVATOR HITACHI ZX350H-5G 332-055,331103-020303-0003,JW1550-HAL41-NO35,THROUGH BOLY HEX NUT,1.0,PCS,625000.0,Hydraulic Breaker,Hydraulic Breaker,Jea Wen
2026-08-31,Aug,8,BUHUT,MINING,RUTIN,GROUND ENGAGING SYSTEM,EXCAVATOR HITACHI ZX350H-5G 332-055,331103-020303-0004,JW1550-HAL41-NO43,ROUND NUT,1.0,PCS,625000.0,Hydraulic Breaker,Hydraulic Breaker,Jea Wen
2026-08-20,Aug,8,BUHUT,MINING,RUTIN,HYDRAULIC SYSTEM,EXCAVATOR HITACHI ZX350H-5G 332-055,331101-030303-0026,2610571,HOSE SPRING,1.0,PCS,3564810.0,Hydraulic Breaker,Hydraulic Breaker,Soosan
2026-08-20,Aug,8,BUHUT,MINING,RUTIN,HYDRAULIC SYSTEM,EXCAVATOR HITACHI ZX350H-5G 332-055,350201-000200-0071,,HYDRAULIC OIL MEDITRAN SAE 10W,10.0,LTR,366405.4,Pelumas,Pelumas,Oli
2026-08-22,Aug,8,BUHUT,MINING,RUTIN,HYDRAULIC SYSTEM,EXCAVATOR HITACHI ZX350H-5G 332-055,350201-000200-0071,,HYDRAULIC OIL MEDITRAN SAE 10W,5.0,LTR,183202.7,Pelumas,Pelumas,Oli
2026-08-31,Aug,8,BUHUT,MINING,RUTIN,HYDRAULIC SYSTEM,EXCAVATOR HITACHI ZX350H-5G 332-055,350201-000200-0071,,HYDRAULIC OIL MEDITRAN SAE 10W,10.0,LTR,366405.4,Pelumas,Pelumas,Oli
2026-08-10,Aug,8,BUHUT,MINING,RUTIN,UNDERCARRIAGE SYSTEM,EXCAVATOR HITACHI ZX350H-5G 332-055,330308-010307-0108,4659287HS,BOLT SET ZX2-5G,5.0,PCS,95000.0,Excavator,Excavator,Hitachi
2026-08-05,Aug,8,BUHUT,MINING,RUTIN,FRAME BODY & GUARD SYSTEM,EXCAVATOR KOMATSU PC210 332-059,330308-010203-0001,ZD00000032,PIN TOOTH,5.0,PCS,239166.65,Excavator,Excavator,Hitachi
2026-08-05,Aug,8,BUHUT,MINING,RUTIN,FRAME BODY & GUARD SYSTEM,EXCAVATOR KOMATSU PC210 332-059,330308-050310-0001,ZD00000031,POINT TOOTH,5.0,PCS,1690000.0,Excavator,Excavator,Hitachi
2026-08-27,Aug,8,BUHUT,MINING,RUTIN,ATTACHMENT SYSTEM,GRADER XCMG GR-135 351-014,350202-000200-0001,3207-1602,GREASE,14.0,Kg,698661.18,Pelumas,Pelumas,Grease
2026-08-26,Aug,8,BUHUT,MINING,RUTIN,WHEEL & TYRE SYSTEM,GRADER XCMG GR-135 351-014,370601-000200-0005,,MARSED 13.00 X 24,1.0,PCS,216000.0,Suku Cadang Umum,Suku Cadang Umum,Ban
2026-08-26,Aug,8,BUHUT,MINING,RUTIN,WHEEL & TYRE SYSTEM,GRADER XCMG GR-135 351-014,370601-000216-0007,48124-1300,BAN DALAM 13.00 * 24,1.0,Pcs,536732.7,Suku Cadang Umum,Suku Cadang Umum,Ban
2026-08-10,Aug,8,BUHUT,MINING,RUTIN,ELECTRICAL SYSTEM,WHEEL LOADER XCMG ZL50GN 362-002,340501-000300-0046,60201-20100,BATTERY 12V-100A,1.0,Pcs,1198344.0,Umum Kendaraan,Umum Kendaraan,Umum Kendaraan
2026-08-06,Aug,8,BUHUT,MINING,RUTIN,ELECTRICAL SYSTEM,WHEEL LOADER XCMG ZL50GN 362-002,370502-000300-0006,,AIR ACCU TAMBAH,2.0,Ltr,14151.1,Barang & Alat Bengkel,Barang & Alat Bengkel,Work Shop
2026-08-10,Aug,8,BUHUT,MINING,RUTIN,ELECTRICAL SYSTEM,WHEEL LOADER XCMG ZL50GN 362-002,370502-000300-0006,,AIR ACCU TAMBAH,3.0,Ltr,21226.65,Barang & Alat Bengkel,Barang & Alat Bengkel,Work Shop
2026-08-26,Aug,8,BUHUT,MINING,RUTIN,ENGINE SYSTEM,WHEEL LOADER XCMG ZL50GN 362-002,350201-000200-0024,,ENGINE OIL 15W-40,5.0,LTR,159000.0,Pelumas,Pelumas,Oli
2026-08-07,Aug,8,BUHUT,MINING,RUTIN,FRAME BODY & GUARD SYSTEM,WHEEL LOADER XCMG ZL50GN 362-002,330308-010307-0108,4659287HS,BOLT SET ZX2-5G,8.0,PCS,152000.0,Excavator,Excavator,Hitachi
2026-08-07,Aug,8,BUHUT,MINING,RUTIN,FRAME BODY & GUARD SYSTEM,WHEEL LOADER XCMG ZL50GN 362-002,330939-020307-0005,252916975,CUTTING PLATE,1.0,PCS,10972500.0,Wheel Loader,Wheel Loader,XCMG
2026-08-26,Aug,8,BUHUT,MINING,RUTIN,ENGINE SYSTEM,COMPACTOR SAKAI SV 526-D 371-014,350201-000200-0024,,ENGINE OIL 15W-40,5.0,LTR,159000.0,Pelumas,Pelumas,Oli
2026-08-25,Aug,8,AMPAH,MINING,RUTIN,AIR CONDITIONING SYSTEM,DUMP TRUCK HINO FM 260 JD 312-012,340330-010301-0001,88440-0B070,PULLY AC,1.0,PCS,453833.33,Truck /Bus,Truck /Bus,Toyota
2026-08-31,Aug,8,AMPAH,MINING,RUTIN,AIR CONDITIONING SYSTEM,DUMP TRUCK HINO FM 260 JD 312-012,370604-000300-0011,,VEE BELT A39,1.0,PCS,42900.0,Suku Cadang Umum,Suku Cadang Umum,V- Belt
2026-08-25,Aug,8,AMPAH,MINING,RUTIN,ATTACHMENT SYSTEM,DUMP TRUCK HINO FM 260 JD 312-012,370502-000300-0114,,BOLT & NUT M6 X 1.0 X 50MM,2.0,PCS,900.0,Barang & Alat Bengkel,Barang & Alat Bengkel,Work Shop
2026-08-28,Aug,8,AMPAH,MINING,RUTIN,ELECTRICAL SYSTEM,DUMP TRUCK HINO FM 260 JD 312-012,340307-050306-0018,84220-E0120,SWITCH ASSY T/M POSITION,1.0,PCS,778978.81,Truck /Bus,Truck /Bus,Hino
2026-08-28,Aug,8,AMPAH,MINING,RUTIN,ELECTRICAL SYSTEM,DUMP TRUCK HINO FM 260 JD 312-012,340307-050306-0019,84220-E0140,SWITCH ASSY T/M POSITION,1.0,PCS,732547.37,Truck /Bus,Truck /Bus,Hino
2026-08-22,Aug,8,AMPAH,MINING,RUTIN,ELECTRICAL SYSTEM,DUMP TRUCK HINO FM 260 JD 312-012,370502-000300-0583,,TERMINAL BATTERY,1.0,Psg,21375.0,Barang & Alat Bengkel,Barang & Alat Bengkel,Work Shop
2026-08-28,Aug,8,AMPAH,MINING,RUTIN,ELECTRICAL SYSTEM,DUMP TRUCK HINO FM 260 JD 312-012,371109-000300-0146,,RADIO RIG,1.0,UNT,4685109.89,Barang Umum,Barang Umum,Barang Umum
2026-08-31,Aug,8,AMPAH,MINING,RUTIN,HYDRAULIC SYSTEM,DUMP TRUCK HINO FM 260 JD 312-012,350201-000200-0071,,HYDRAULIC OIL MEDITRAN SAE 10W,20.0,LTR,741669.0,Pelumas,Pelumas,Oli
2026-08-24,Aug,8,AMPAH,MINING,RUTIN,STEERING SYSTEM,DUMP TRUCK HINO FM 260 JD 312-012,350201-000200-0069,,STEERING OIL @1 LTR,2.0,Btl,81428.58,Pelumas,Pelumas,Oli
2026-08-22,Aug,8,AMPAH,MINING,RUTIN,WHEEL & TYRE SYSTEM,DUMP TRUCK HINO FM 260 JD 312-012,370601-000216-0003,48120-1100,BAN DALAM 11.00 * 20,1.0,Pcs,421613.82,Suku Cadang Umum,Suku Cadang Umum,Ban
2026-08-24,Aug,8,AMPAH,MINING,RUTIN,WHEEL & TYRE SYSTEM,DUMP TRUCK HINO FM 260 JD 312-012,370601-000216-0003,48120-1100,BAN DALAM 11.00 * 20,1.0,Pcs,421613.82,Suku Cadang Umum,Suku Cadang Umum,Ban
2026-08-22,Aug,8,AMPAH,MINING,RUTIN,WHEEL & TYRE SYSTEM,DUMP TRUCK HINO FM 260 JD 312-012,370601-000216-0053,48220-1100,BAN LUAR 11.00 * 20,1.0,Pcs,4540814.46,Suku Cadang Umum,Suku Cadang Umum,Ban
2026-08-22,Aug,8,AMPAH,MINING,RUTIN,WHEEL & TYRE SYSTEM,DUMP TRUCK HINO FM 260 JD 312-012,370601-000216-0136,48320-1100,MARSED BAN 11.00 * 20,1.0,Pcs,101239.22,Suku Cadang Umum,Suku Cadang Umum,Ban
2026-08-24,Aug,8,AMPAH,MINING,NON RUTIN,DIFFENTTIAL & REAR AXLE SYSTEM,DUMP TRUCK HINO FM 260 JD 312-012,340307-050305-0012,SZ940-T1001,NUT HUB RH,3.0,PCS,105000.0,Truck /Bus,Truck /Bus,Hino
2026-08-25,Aug,8,AMPAH,MINING,RUTIN,AIR CONDITIONING SYSTEM,DUMP TRUCK HINO FM 260 JD 312-013,340330-010301-0001,88440-0B070,PULLY AC,1.0,PCS,453833.33,Truck /Bus,Truck /Bus,Toyota
2026-08-31,Aug,8,AMPAH,MINING,RUTIN,AIR CONDITIONING SYSTEM,DUMP TRUCK HINO FM 260 JD 312-013,370604-000300-0011,,VEE BELT A39,1.0,PCS,42900.0,Suku Cadang Umum,Suku Cadang Umum,V- Belt
2026-08-28,Aug,8,AMPAH,MINING,RUTIN,ELECTRICAL SYSTEM,DUMP TRUCK HINO FM 260 JD 312-013,340307-050306-0018,84220-E0120,SWITCH ASSY T/M POSITION,1.0,PCS,778978.81,Truck /Bus,Truck /Bus,Hino
2026-08-28,Aug,8,AMPAH,MINING,RUTIN,ELECTRICAL SYSTEM,DUMP TRUCK HINO FM 260 JD 312-013,340307-050306-0019,84220-E0140,SWITCH ASSY T/M POSITION,1.0,PCS,732547.37,Truck /Bus,Truck /Bus,Hino
2026-08-31,Aug,8,AMPAH,MINING,RUTIN,HYDRAULIC SYSTEM,DUMP TRUCK HINO FM 260 JD 312-013,350201-000200-0071,,HYDRAULIC OIL MEDITRAN SAE 10W,35.0,LTR,1297920.75,Pelumas,Pelumas,Oli
2026-08-25,Aug,8,AMPAH,MINING,RUTIN,AIR CONDITIONING SYSTEM,DUMP TRUCK HINO FM 260 JD 312-014,340330-010301-0001,88440-0B070,PULLY AC,1.0,PCS,453833.33,Truck /Bus,Truck /Bus,Toyota
2026-08-31,Aug,8,AMPAH,MINING,RUTIN,AIR CONDITIONING SYSTEM,DUMP TRUCK HINO FM 260 JD 312-016,370604-000300-0011,,VEE BELT A39,1.0,PCS,42900.0,Suku Cadang Umum,Suku Cadang Umum,V- Belt
2026-08-22,Aug,8,AMPAH,MINING,RUTIN,WHEEL & TYRE SYSTEM,DUMP TRUCK HINO FM 260 JD 312-016,370601-000216-0003,48120-1100,BAN DALAM 11.00 * 20,1.0,Pcs,421613.82,Suku Cadang Umum,Suku Cadang Umum,Ban
2026-08-24,Aug,8,AMPAH,MINING,RUTIN,WHEEL & TYRE SYSTEM,DUMP TRUCK HINO FM 260 JD 312-016,370601-000216-0003,48120-1100,BAN DALAM 11.00 * 20,1.0,Pcs,421613.82,Suku Cadang Umum,Suku Cadang Umum,Ban
2026-08-22,Aug,8,AMPAH,MINING,RUTIN,WHEEL & TYRE SYSTEM,DUMP TRUCK HINO FM 260 JD 312-016,370601-000216-0053,48220-1100,BAN LUAR 11.00 * 20,1.0,Pcs,4540814.46,Suku Cadang Umum,Suku Cadang Umum,Ban
2026-08-22,Aug,8,AMPAH,MINING,RUTIN,WHEEL & TYRE SYSTEM,DUMP TRUCK HINO FM 260 JD 312-016,370601-000216-0136,48320-1100,MARSED BAN 11.00 * 20,1.0,Pcs,101239.22,Suku Cadang Umum,Suku Cadang Umum,Ban
2026-08-25,Aug,8,AMPAH,MINING,NON RUTIN,ENGINE SYSTEM,DUMP TRUCK HINO FM 260 JD 312-020,340307-050307-0067,XI447280-2320,COMPRESSOR AC,1.0,SET,4728031.43,Truck /Bus,Truck /Bus,Hino
2026-08-25,Aug,8,AMPAH,MINING,RUTIN,AIR CONDITIONING SYSTEM,DUMP TRUCK HINO FM 260 JD 312-025,340330-010301-0001,88440-0B070,PULLY AC,1.0,PCS,453833.33,Truck /Bus,Truck /Bus,Toyota
