tanggal,bulan,bulan_no,lokasi,kelompok,jenis_pemeliharaan,kategori_sparepart,tipe_biaya,nama_unit,biaya,keterangan
2026-08-03,Aug,8,TANJUNG,MINING,NON RUTIN,ENGINE SYSTEM,SERVICE LUAR,DUMP TRUCK HINO FM 280 JD 312-032,700000.0,"By. Repair radiator untuk unit 312-032, tgl 02 Agust 2026"
2026-08-01,Aug,8,TANJUNG,MINING,NON RUTIN,ATTACHMENT SYSTEM,SERVICE LUAR,TRUCK TANGKI HINO 130 HD DA 8678 CV 261-018,750000.0,"By. Repair drat pipa untuk unit 261-018, tgl 01 Agust 2026"
2026-08-01,Aug,8,TANJUNG,MINING,NON RUTIN,ELECTRICAL SYSTEM,SPAREPART,DUMP TRUCK HINO FM 260 JD 312-022,675000.0,"By. Pembelian sparepart untuk 222-012, 261-018, 281-001,312-022,"
2026-08-01,Aug,8,TANJUNG,MINING,NON RUTIN,ELECTRICAL SYSTEM,SPAREPART,DUMP TRUCK HINO FM 280 JD 312-030,675000.0,"By. Pembelian sparepart untuk 222-012, 261-018, 281-001,312-022,"
2026-08-01,Aug,8,TANJUNG,MINING,NON RUTIN,ELECTRICAL SYSTEM,SPAREPART,DUMP TRUCK HINO FM 280 JD 312-032,200000.0,"By. Pembelian sparepart untuk 222-012, 261-018, 281-001,312-022,"
2026-08-01,Aug,8,TANJUNG,MINING,NON RUTIN,ELECTRICAL SYSTEM,SPAREPART,TRUCK TANGKI HINO 130 HD DA 8678 CV 261-018,675000.0,"By. Pembelian sparepart untuk 222-012, 261-018, 281-001,312-022,"
2026-08-01,Aug,8,TANJUNG,MINING,NON RUTIN,AIR CONDITIONING SYSTEM,SPAREPART,EXCAVATOR HITACHI ZX350H-5G 332-027,160000.0,"By. Pembelian sparepart untuk 332-027, tgl 01 Agust 2026"
2026-08-04,Aug,8,BUHUT,MINING,NON RUTIN,HYDRAULIC SYSTEM,SERVICE LUAR,EXCAVATOR HITACHI ZX 210 F-5G 332-038,1557411.0,"By. Pembuatan hose untuk unit 332-038, tgl 04 Agust 2026"
2026-08-05,Aug,8,SUNGAI DANAU,PLANTATION,NON RUTIN,WHEEL & TYRE SYSTEM,SERVICE LUAR,BACKHOE LOADER CATERPILLAR 416F2 361-014,900000.0,"By. Tagihan maintenance vulkanisir Saryono, periode bulan Juli 2026"
2026-08-05,Aug,8,SUNGAI DANAU,PLANTATION,NON RUTIN,WHEEL & TYRE SYSTEM,SERVICE LUAR,BACKHOE LOADER CATTERPILLAR 426F2 361-010,1650000.0,"By. Tagihan maintenance vulkanisir Saryono, periode bulan Juli 2026"
2026-08-05,Aug,8,SUNGAI DANAU,PLANTATION,NON RUTIN,WHEEL & TYRE SYSTEM,SERVICE LUAR,GRADER CATERPILAR 120 K 351-004,800000.0,"By. Tagihan maintenance vulkanisir Saryono, periode bulan Juli 2026"
2026-08-05,Aug,8,SUNGAI DANAU,PLANTATION,NON RUTIN,WHEEL & TYRE SYSTEM,SERVICE LUAR,COMPACTOR DYNAPAC CA30D 371-015,700000.0,"By. Tagihan maintenance vulkanisir Saryono, periode bulan Juli 2026"
2026-08-05,Aug,8,SUNGAI DANAU,PLANTATION,NON RUTIN,WHEEL & TYRE SYSTEM,SERVICE LUAR,GRADER XCMG GR-135 351-015,1200000.0,"By. Tagihan maintenance vulkanisir Saryono, periode bulan Juli 2026"
2026-08-05,Aug,8,SUNGAI DANAU,PLANTATION,NON RUTIN,WHEEL & TYRE SYSTEM,SERVICE LUAR,GRADER XCMG GR-135 351-016,850000.0,"By. Tagihan maintenance vulkanisir Saryono, periode bulan Juli 2026"
2026-08-05,Aug,8,SUNGAI DANAU,PLANTATION,NON RUTIN,WHEEL & TYRE SYSTEM,SERVICE LUAR,BACKHOE LOADER CATTERPILLAR 426F2 361-009,600000.0,"By. Tagihan maintenance vulkanisir Saryono, periode bulan Juli 2026"
2026-08-05,Aug,8,SUNGAI DANAU,PLANTATION,NON RUTIN,WHEEL & TYRE SYSTEM,SERVICE LUAR,BACKHOE LOADER CATERPILLAR 416F 361-013,850000.0,"By. Tagihan maintenance vulkanisir Saryono, periode bulan Juli 2026"
2026-08-05,Aug,8,SUNGAI DANAU,PLANTATION,NON RUTIN,WHEEL & TYRE SYSTEM,SERVICE LUAR,GRADER XCMG GR-135 351-015,400000.0,"By. Tagihan maintenance vulkanisir Saryono, periode bulan Juli 2026"
2026-08-05,Aug,8,SUNGAI DANAU,PLANTATION,NON RUTIN,WHEEL & TYRE SYSTEM,SERVICE LUAR,GRADER CATERPILLAR 120 K 351-010,400000.0,"By. Tagihan maintenance vulkanisir Saryono, periode bulan Juli 2026"
2026-08-05,Aug,8,SUNGAI DANAU,PLANTATION,NON RUTIN,WHEEL & TYRE SYSTEM,SERVICE LUAR,TRUCK TANGKI HINO FM 260 DA 8112 JI 262-010,20000.0,"By. Tagihan maintenance vulkanisir Saryono, periode bulan Juli 2026"
2026-08-05,Aug,8,SUNGAI DANAU,PLANTATION,NON RUTIN,WHEEL & TYRE SYSTEM,SERVICE LUAR,TRUCK TANGKI HINO FG260JK DA 8381 GB 262-011,20000.0,"By. Tagihan maintenance vulkanisir Saryono, periode bulan Juli 2026"
2026-08-05,Aug,8,SUNGAI DANAU,PLANTATION,NON RUTIN,ATTACHMENT SYSTEM,SPAREPART,EXCAVATOR HITACHI ZX 210 F-5G 332-039,32000.0,Mitra Gunawan
2026-08-05,Aug,8,SUNGAI DANAU,PLANTATION,NON RUTIN,UNDERCARRIAGE SYSTEM,SPAREPART,EXCAVATOR HITACHI ZX 210 F-5G 332-039,7200000.0,Mitra Gunawan
2026-08-05,Aug,8,SUNGAI DANAU,PLANTATION,NON RUTIN,WHEEL & TYRE SYSTEM,SPAREPART,GRADER CATERPILLAR 120K 351-007,50000.0,Mitra Gunawan
2026-08-05,Aug,8,SUNGAI DANAU,PLANTATION,NON RUTIN,ENGINE SYSTEM,SPAREPART,COMPACTOR SAKAI SV512D371-005,100000.0,Mitra Gunawan
2026-08-05,Aug,8,SUNGAI DANAU,PLANTATION,NON RUTIN,ENGINE SYSTEM,SPAREPART,COMPACTOR SAKAI SV512D371-005,900000.0,Mitra Gunawan
2026-08-05,Aug,8,SUNGAI DANAU,PLANTATION,NON RUTIN,ATTACHMENT SYSTEM,SPAREPART,EXCAVATOR HITACHI ZX 210 F-5G 332-039,440000.0,Mitra Gunawan
2026-08-05,Aug,8,SUNGAI DANAU,PLANTATION,NON RUTIN,ELECTRICAL SYSTEM,SPAREPART,COMPACTOR SAKAI SV512D371-005,900000.0,Mitra Gunawan
2026-08-05,Aug,8,SUNGAI DANAU,PLANTATION,NON RUTIN,HYDRAULIC SYSTEM,SPAREPART,GRADER CATERPILAR 120 K 351-004,20000.0,Mitra Gunawan
2026-08-05,Aug,8,SUNGAI DANAU,PLANTATION,NON RUTIN,ELECTRICAL SYSTEM,SPAREPART,GRADER XCMG GR-135 351-016,500000.0,Mitra Gunawan
2026-08-05,Aug,8,SUNGAI DANAU,PLANTATION,NON RUTIN,ELECTRICAL SYSTEM,SPAREPART,GRADER CATERPILLAR 120K 351-007,250000.0,Mitra Gunawan
2026-08-05,Aug,8,SUNGAI DANAU,PLANTATION,NON RUTIN,UNDERCARRIAGE SYSTEM,SPAREPART,EXCAVATOR HITACHI ZX 210 F-5G 332-048,190000.0,Mitra Gunawan
2026-08-05,Aug,8,SUNGAI DANAU,PLANTATION,NON RUTIN,ATTACHMENT SYSTEM,SPAREPART,EXCAVATOR HITACHI ZX 210 F-5G 332-039,1519000.0,Mitra Gunawan
2026-08-05,Aug,8,SUNGAI DANAU,PLANTATION,NON RUTIN,ATTACHMENT SYSTEM,SPAREPART,EXCAVATOR HITACHI ZX 210 F-5G 332-041,444000.0,Mitra Gunawan
2026-08-05,Aug,8,SUNGAI DANAU,PLANTATION,NON RUTIN,UNDERCARRIAGE SYSTEM,SPAREPART,EXCAVATOR HITACHI ZX 210 F-5G 332-039,779000.0,Mitra Gunawan
2026-08-05,Aug,8,SUNGAI DANAU,PLANTATION,NON RUTIN,HYDRAULIC SYSTEM,SPAREPART,BACKHOE LOADER CATERPILLAR 416F2 361-014,510000.0,Mitra Gunawan
2026-08-05,Aug,8,SUNGAI DANAU,PLANTATION,NON RUTIN,ATTACHMENT SYSTEM,SPAREPART,EXCAVATOR HITACHI ZX210F-5G 332-034,498000.0,Mitra Gunawan
2026-08-05,Aug,8,SUNGAI DANAU,PLANTATION,NON RUTIN,ATTACHMENT SYSTEM,SPAREPART,EXCAVATOR HITACHI ZX 210 F-5G 332-048,156000.0,Mitra Gunawan
2026-08-05,Aug,8,SUNGAI DANAU,PLANTATION,NON RUTIN,ENGINE SYSTEM,SPAREPART,COMPACTOR SAKAI SV512D371-005,178000.0,Mitra Gunawan
2026-08-05,Aug,8,SUNGAI DANAU,PLANTATION,NON RUTIN,ENGINE SYSTEM,SPAREPART,EXCAVATOR HITACHI ZX 48U-5A 331-003,40000.0,Mitra Gunawan
2026-08-05,Aug,8,SUNGAI DANAU,PLANTATION,NON RUTIN,ENGINE SYSTEM,SPAREPART,TRUCK TANGKI HINO FG 235 DA 8171 CR 262-006,42000.0,Mitra Gunawan
2026-08-05,Aug,8,SUNGAI DANAU,PLANTATION,NON RUTIN,ENGINE SYSTEM,SPAREPART,BUS ISUZU MINI BUS F 7120 AB/DA 7026 TAJ 231-003,42000.0,Mitra Gunawan
2026-08-05,Aug,8,SUNGAI DANAU,PLANTATION,NON RUTIN,ATTACHMENT SYSTEM,SPAREPART,EXCAVATOR HITACHI ZX 210 F-5G 332-039,576576.0,CV. Mitra Gunawan Partindo
2026-08-05,Aug,8,SUNGAI DANAU,PLANTATION,NON RUTIN,HYDRAULIC SYSTEM,SPAREPART,BULLDOZER WEA B 165 YS 342-014,288288.0,CV. Mitra Gunawan Partindo
2026-08-05,Aug,8,SUNGAI DANAU,PLANTATION,NON RUTIN,HYDRAULIC SYSTEM,SPAREPART,EXCAVATOR HITACHI ZX48U-5A-CST 331-001,418919.0,CV. Mitra Gunawan Partindo
2026-08-05,Aug,8,SUNGAI DANAU,PLANTATION,NON RUTIN,ATTACHMENT SYSTEM,SPAREPART,EXCAVATOR HITACHI ZX 210 F-5G 332-039,360360.0,CV. Mitra Gunawan Partindo
2026-08-05,Aug,8,SUNGAI DANAU,PLANTATION,NON RUTIN,HYDRAULIC SYSTEM,SPAREPART,GRADER CATERPILLAR 120K 351-007,923423.0,CV. Mitra Gunawan Partindo
2026-08-05,Aug,8,SUNGAI DANAU,PLANTATION,NON RUTIN,HYDRAULIC SYSTEM,SPAREPART,EXCAVATOR HITACHI ZX33U-5A 331-002,572072.0,CV. Mitra Gunawan Partindo
2026-08-05,Aug,8,SUNGAI DANAU,PLANTATION,NON RUTIN,HYDRAULIC SYSTEM,SPAREPART,COMPACTOR SAKAI SV512D371-005,162162.0,CV. Mitra Gunawan Partindo
2026-08-05,Aug,8,SUNGAI DANAU,PLANTATION,NON RUTIN,ENGINE SYSTEM,SPAREPART,COMPACTOR DYNAPAC CA30D 371-015,270270.0,CV. Mitra Gunawan Partindo
2026-08-05,Aug,8,SUNGAI DANAU,PLANTATION,NON RUTIN,HYDRAULIC SYSTEM,SPAREPART,EXCAVATOR HITACHI ZX33U-5A 331-002,378378.0,CV. Mitra Gunawan Partindo
2026-08-05,Aug,8,SUNGAI DANAU,PLANTATION,NON RUTIN,HYDRAULIC SYSTEM,SPAREPART,EXCAVATOR HITACHI ZX48U-5A-CST 331-001,783784.0,CV. Mitra Gunawan Partindo
2026-08-05,Aug,8,SUNGAI DANAU,PLANTATION,NON RUTIN,ENGINE SYSTEM,SPAREPART,EXCAVATOR HITACHI ZX 210 F-5G 332-040,495496.0,CV. Mitra Gunawan Partindo
2026-08-05,Aug,8,SUNGAI DANAU,PLANTATION,NON RUTIN,ATTACHMENT SYSTEM,SPAREPART,EXCAVATOR HITACHI ZX 210 F-5G 332-040,157658.0,CV. Mitra Gunawan Partindo
2026-08-05,Aug,8,SUNGAI DANAU,PLANTATION,NON RUTIN,HYDRAULIC SYSTEM,SPAREPART,EXCAVATOR HITACHI ZX33U-5A 331-002,1081081.0,CV. Mitra Gunawan Partindo
2026-08-05,Aug,8,SUNGAI DANAU,PLANTATION,NON RUTIN,HYDRAULIC SYSTEM,SPAREPART,GRADER CATERPILAR 120 K 351-004,378378.0,CV. Mitra Gunawan Partindo
2026-08-05,Aug,8,SUNGAI DANAU,PLANTATION,NON RUTIN,HYDRAULIC SYSTEM,SPAREPART,BACKHOE LOADER CATTERPILLAR 426F2 361-009,1036036.0,CV. Mitra Gunawan Partindo
2026-08-05,Aug,8,SUNGAI DANAU,PLANTATION,NON RUTIN,HYDRAULIC SYSTEM,SPAREPART,GRADER XCMG GR-135 351-015,1315315.0,CV. Mitra Gunawan Partindo
2026-08-05,Aug,8,SUNGAI DANAU,PLANTATION,NON RUTIN,HYDRAULIC SYSTEM,SPAREPART,EXCAVATOR HITACHI ZX210F-5G 332-034,1036036.0,CV. Mitra Gunawan Partindo
2026-08-05,Aug,8,SUNGAI DANAU,PLANTATION,NON RUTIN,HYDRAULIC SYSTEM,SPAREPART,EXCAVATOR HITACHI ZX 210 F-5G 332-048,279279.0,CV. Mitra Gunawan Partindo
2026-08-05,Aug,8,SUNGAI DANAU,PLANTATION,NON RUTIN,BRAKE SYSTEM,SPAREPART,DUMP TRUCK HINO 130 HD DA 8921 CV 251-048,54054.0,CV. Mitra Gunawan Partindo
2026-08-05,Aug,8,SUNGAI DANAU,PLANTATION,NON RUTIN,BRAKE SYSTEM,SPAREPART,DUMP TRUCK HINO 130 HD DA 8924 CV 251-049,54054.0,CV. Mitra Gunawan Partindo
2026-08-05,Aug,8,SUNGAI DANAU,PLANTATION,NON RUTIN,BRAKE SYSTEM,SPAREPART,TRUCK TANGKI HINO 130 HD DA 8597 CN 261-013,54054.0,CV. Mitra Gunawan Partindo
2026-08-05,Aug,8,SUNGAI DANAU,PLANTATION,NON RUTIN,BRAKE SYSTEM,SPAREPART,TRUCK TANGKI HINO 130 HD DA 8598 CN 261-014,54054.0,CV. Mitra Gunawan Partindo
2026-08-05,Aug,8,SUNGAI DANAU,PLANTATION,NON RUTIN,BRAKE SYSTEM,SPAREPART,TRUCK TANGKI HINO FG 235 DA 8343 JD 262-008,54054.0,CV. Mitra Gunawan Partindo
2026-08-05,Aug,8,SUNGAI DANAU,PLANTATION,NON RUTIN,BRAKE SYSTEM,SPAREPART,TRUCK TANGKI HINO 130 HD DA 8569 CP 262-003,54054.0,CV. Mitra Gunawan Partindo
2026-08-05,Aug,8,SUNGAI DANAU,PLANTATION,NON RUTIN,BRAKE SYSTEM,SPAREPART,TRUCK TANGKI HINO FM 260 DA 8112 JI 262-010,54054.0,CV. Mitra Gunawan Partindo
2026-08-05,Aug,8,SUNGAI DANAU,PLANTATION,NON RUTIN,BRAKE SYSTEM,SPAREPART,TRUCK HINO 136 HDX 242-005,54054.0,CV. Mitra Gunawan Partindo
2026-08-05,Aug,8,SUNGAI DANAU,PLANTATION,NON RUTIN,ENGINE SYSTEM,SPAREPART,EXCAVATOR HITACHI ZX210F-5G 332-029,202703.0,CV. Bilven Pratama Perkasa
2026-08-05,Aug,8,SUNGAI DANAU,PLANTATION,NON RUTIN,ENGINE SYSTEM,SPAREPART,EXCAVATOR HITACHI ZX 210 F-5G 332-041,135135.0,CV. Bilven Pratama Perkasa
2026-08-05,Aug,8,SUNGAI DANAU,PLANTATION,NON RUTIN,ATTACHMENT SYSTEM,SPAREPART,EXCAVATOR HITACHI ZX 210 F-5G 332-039,115316.0,CV. Bilven Pratama Perkasa
2026-08-05,Aug,8,SUNGAI DANAU,PLANTATION,NON RUTIN,ENGINE SYSTEM,SPAREPART,COMPACTOR SAKAI SV512D371-005,720721.0,CV. Bilven Pratama Perkasa
2026-08-05,Aug,8,SUNGAI DANAU,PLANTATION,NON RUTIN,ATTACHMENT SYSTEM,SPAREPART,EXCAVATOR HITACHI ZX 210 F-5G 332-040,72072.0,CV. Bilven Pratama Perkasa
2026-08-05,Aug,8,SUNGAI DANAU,PLANTATION,NON RUTIN,FRAME BODY & GUARD SYSTEM,SPAREPART,EXCAVATOR HITACHI ZX210F-5G 332-029,237839.0,CV. Bilven Pratama Perkasa
2026-08-05,Aug,8,SUNGAI DANAU,PLANTATION,NON RUTIN,FRAME BODY & GUARD SYSTEM,SPAREPART,EXCAVATOR HITACHI ZX 210 F-5G 332-039,237840.0,CV. Bilven Pratama Perkasa
2026-08-05,Aug,8,SUNGAI DANAU,PLANTATION,NON RUTIN,FRAME BODY & GUARD SYSTEM,SPAREPART,DUMP TRUCK HINO 130HD DA 8571 CP 251-044,180180.0,CV. Bilven Pratama Perkasa
2026-08-05,Aug,8,SUNGAI DANAU,PLANTATION,NON RUTIN,ELECTRICAL SYSTEM,SPAREPART,DUMP TRUCK HINO 130HD DA 8475 JJ 251-059,40540.0,CV. Bilven Pratama Perkasa
2026-08-05,Aug,8,SUNGAI DANAU,PLANTATION,NON RUTIN,ELECTRICAL SYSTEM,SPAREPART,DUMP TRUCK HINO 130HD DA 8571 CP 251-044,40540.0,CV. Bilven Pratama Perkasa
2026-08-05,Aug,8,SUNGAI DANAU,PLANTATION,NON RUTIN,ELECTRICAL SYSTEM,SPAREPART,DUMP TRUCK HINO 130 HD DA 8681 CO 251-042,81080.0,CV. Bilven Pratama Perkasa
2026-08-05,Aug,8,SUNGAI DANAU,PLANTATION,NON RUTIN,ELECTRICAL SYSTEM,SPAREPART,TRAILER MITSUBISHI FV 419P DA 9295 CC 311-002,81083.0,CV. Bilven Pratama Perkasa
2026-08-05,Aug,8,SUNGAI DANAU,PLANTATION,NON RUTIN,DIFFENTTIAL & REAR AXLE SYSTEM,SPAREPART,DUMP TRUCK HINO 130 HD DA 8012 CZ 251-051,34234.0,CV. Bilven Pratama Perkasa
2026-08-05,Aug,8,SUNGAI DANAU,PLANTATION,NON RUTIN,DIFFENTTIAL & REAR AXLE SYSTEM,SPAREPART,DUMP TRUCK HINO 130 HD DA 8643 CQ 251-045,34234.0,CV. Bilven Pratama Perkasa
2026-08-05,Aug,8,SUNGAI DANAU,PLANTATION,NON RUTIN,DIFFENTTIAL & REAR AXLE SYSTEM,SPAREPART,DUMP TRUCK HINO 130HD DA 8571 CP 251-044,34235.0,CV. Bilven Pratama Perkasa
2026-08-05,Aug,8,SUNGAI DANAU,PLANTATION,NON RUTIN,FRAME BODY & GUARD SYSTEM,SERVICE LUAR,BACKHOE LOADER CATTERPILLAR 426F2 361-009,900000.0,Via Sdr. Rona Qusyairi.
2026-08-31,Aug,8,KUMAI,PLANTATION,NON RUTIN,HYDRAULIC SYSTEM,SERVICE LUAR,ARM ROLL HINO 136 HDX 272-004,19500000.0,"BUDI LUHUR SENTOSA, CV"
2026-08-31,Aug,8,KUMAI,PLANTATION,NON RUTIN,HYDRAULIC SYSTEM,SERVICE LUAR,ARM ROLL HINO 130 HD DA 8589 CQ 271-002,3450000.0,"BUDI LUHUR SENTOSA, CV"
2026-08-08,Aug,8,TANJUNG,MINING,NON RUTIN,FRAME BODY & GUARD SYSTEM,SPAREPART,TRUCK TANGKI HINO 130 HD DA 1521 Z 262-002,996000.0,Via Sdr Mulyo Sugiharto
2026-08-08,Aug,8,SUNGAI DANAU,PLANTATION,NON RUTIN,ENGINE SYSTEM,SERVICE LUAR,BACKHOE LOADER CAT 416 F 361-007,870000.0,Via Sdr. Ananda Wahyu.
2026-08-08,Aug,8,SUNGAI DANAU,PLANTATION,NON RUTIN,ELECTRICAL SYSTEM,SERVICE LUAR,BUS HINO 130 MDBL DA 9592 CL/ DA 7223 CD 231-002,300000.0,By. Pembayaran service serta keperluan WS BKMS Angkutan Site Satui.
2026-08-08,Aug,8,SUNGAI DANAU,PLANTATION,NON RUTIN,DIFFENTTIAL & REAR AXLE SYSTEM,LAIN-LAIN,BUS HINO 130 MDBL DA 9577 CL/ DA 7219 CD 231-001,25000.0,By. Pembayaran service serta keperluan WS BKMS Angkutan Site Satui.
2026-08-08,Aug,8,SUNGAI DANAU,PLANTATION,NON RUTIN,DIFFENTTIAL & REAR AXLE SYSTEM,LAIN-LAIN,DUMP TRUCK HINO 130 HD DA 8921 CV 251-048,25000.0,By. Pembayaran service serta keperluan WS BKMS Angkutan Site Satui.
2026-08-08,Aug,8,SUNGAI DANAU,PLANTATION,NON RUTIN,DIFFENTTIAL & REAR AXLE SYSTEM,LAIN-LAIN,TRUCK TANGKI HINO 130 HD DA 8607 CL 261-012,25000.0,By. Pembayaran service serta keperluan WS BKMS Angkutan Site Satui.
2026-08-08,Aug,8,SUNGAI DANAU,PLANTATION,NON RUTIN,DIFFENTTIAL & REAR AXLE SYSTEM,LAIN-LAIN,BUS HINO 130 MDBL DA 9592 CL/ DA 7223 CD 231-002,25000.0,By. Pembayaran service serta keperluan WS BKMS Angkutan Site Satui.
2026-08-08,Aug,8,SUNGAI DANAU,PLANTATION,NON RUTIN,ENGINE SYSTEM,SERVICE LUAR,TRUCK TANGKI HINO 130 HD DA 8569 CP 262-003,380000.0,By. Pembayaran service serta keperluan WS BKMS Angkutan Site Satui.
2026-08-06,Aug,8,TANJUNG,MINING,NON RUTIN,FRAME BODY & GUARD SYSTEM,SPAREPART,TRUCK TANGKI HINO 130 HD DA 8678 CV 261-018,450000.0,"By. Pembelian sparepart untuk 261-018, tgl 06 Agust 2026"
2026-08-07,Aug,8,BUHUT,MINING,NON RUTIN,AIR SYSTEM,SERVICE LUAR,COMPACTOR SAKAI SV 526-D 371-014,568229.0,"By. Pembuatan hose untuk unit 371-014, tgl 07 Agust 2026"
2026-08-12,Aug,8,SUNGAI DANAU,PLANTATION,NON RUTIN,FRAME BODY & GUARD SYSTEM,LAIN-LAIN,BUS ISUZU NQR 231-006,40000.0,By pembelian spare part unit BKMS dan pembelian keperluan workshop
2026-08-12,Aug,8,SUNGAI DANAU,PLANTATION,NON RUTIN,FRAME BODY & GUARD SYSTEM,LAIN-LAIN,BUS ISUZU NQR 231-006,120000.0,By pembelian spare part unit BKMS dan pembelian keperluan workshop
2026-08-12,Aug,8,SUNGAI DANAU,PLANTATION,NON RUTIN,STEERING SYSTEM,SPAREPART,BUS ISUZU MINI BUS F 7120 AB/DA 7026 TAJ 231-003,44000.0,By pembelian spare part unit BKMS dan pembelian keperluan workshop
2026-08-10,Aug,8,TANJUNG,MINING,NON RUTIN,ENGINE SYSTEM,SPAREPART,TRUCK TANGKI HINO FG235 DA 1853 Z /DA 8705 ZE 262-001,60000.0,Via Sdr Hadliani
2026-08-10,Aug,8,TANJUNG,MINING,NON RUTIN,ENGINE SYSTEM,SPAREPART,TRUCK TANGKI HINO FG235 DA 1853 Z /DA 8705 ZE 262-001,550000.0,Via Sdr Rizky
2026-08-12,Aug,8,SUNGAI DANAU,PLANTATION,NON RUTIN,FRAME BODY & GUARD SYSTEM,LAIN-LAIN,BUS ISUZU MINI BUS F 7120 AB/DA 7026 TAJ 231-003,80000.0,By pembelian spare part unit BKMS dan pembelian keperluan workshop
2026-08-12,Aug,8,SUNGAI DANAU,PLANTATION,NON RUTIN,ENGINE SYSTEM,SPAREPART,TRAILER MITSUBISHI FV 419P DA 9295 CC 311-002,335000.0,By pembelian spare part unit BKMS dan pembelian keperluan workshop
2026-08-12,Aug,8,SUNGAI DANAU,PLANTATION,NON RUTIN,FRAME BODY & GUARD SYSTEM,SPAREPART,BUS ISUZU MINI BUS F 7120 AB/DA 7026 TAJ 231-003,480000.0,By pembelian spare part unit BKMS dan pembelian keperluan workshop
2026-08-12,Aug,8,SUNGAI DANAU,PLANTATION,NON RUTIN,ENGINE SYSTEM,SPAREPART,BUS ISUZU MINI BUS F 7120 AB/DA 7026 TAJ 231-003,86000.0,By pembelian spare part unit BKMS dan pembelian keperluan workshop
2026-08-12,Aug,8,SUNGAI DANAU,PLANTATION,NON RUTIN,FRAME BODY & GUARD SYSTEM,SPAREPART,BUS ISUZU NQR 231-006,640000.0,By pembelian spare part unit BKMS dan pembelian keperluan workshop
2026-08-12,Aug,8,SUNGAI DANAU,PLANTATION,NON RUTIN,ENGINE SYSTEM,SPAREPART,BUS ISUZU NQR 231-006,75000.0,By pembelian spare part unit BKMS dan pembelian keperluan workshop
2026-08-12,Aug,8,SUNGAI DANAU,PLANTATION,NON RUTIN,WHEEL & TYRE SYSTEM,SPAREPART,DUMP TRUCK HINO 130 HD DA 8674 CO 251-037,54000.0,By pembelian spare part unit BKMS dan pembelian keperluan workshop
2026-08-12,Aug,8,SUNGAI DANAU,PLANTATION,NON RUTIN,FRAME BODY & GUARD SYSTEM,LAIN-LAIN,BUS ISUZU NQR 231-006,52000.0,By pembelian spare part unit BKMS dan pembelian keperluan workshop
2026-08-12,Aug,8,SUNGAI DANAU,PLANTATION,NON RUTIN,ELECTRICAL SYSTEM,SPAREPART,BUS ISUZU NQR 231-006,80000.0,By pembelian spare part unit BKMS dan pembelian keperluan workshop
2026-08-10,Aug,8,TANJUNG,MINING,NON RUTIN,FRAME BODY & GUARD SYSTEM,SERVICE LUAR,DUMP TRUCK HINO FM 280 JD 312-034,250000.0,"By. Pengelasan aluminium braket untuk unit 312-034, tgl 09 Aguts 2026"
2026-08-10,Aug,8,TANJUNG,MINING,NON RUTIN,FRAME BODY & GUARD SYSTEM,LAIN-LAIN,DUMP TRUCK HINO FM 260 JD 312-015,50000.0,"By. Pembuatan no lambung untuk unit 312-015, 332-026, 332-027, 332-032"
2026-08-10,Aug,8,TANJUNG,MINING,NON RUTIN,FRAME BODY & GUARD SYSTEM,LAIN-LAIN,EXCAVATOR HITACHI ZX210F-5G 332-026,175000.0,"By. Pembuatan no lambung untuk unit 312-015, 332-026, 332-027, 332-032"
2026-08-10,Aug,8,TANJUNG,MINING,NON RUTIN,FRAME BODY & GUARD SYSTEM,LAIN-LAIN,EXCAVATOR HITACHI ZX350H-5G 332-027,175000.0,"By. Pembuatan no lambung untuk unit 312-015, 332-026, 332-027, 332-032"
2026-08-10,Aug,8,TANJUNG,MINING,NON RUTIN,FRAME BODY & GUARD SYSTEM,LAIN-LAIN,EXCAVATOR KOMATSU PC-200-8M1 332-032,175000.0,"By. Pembuatan no lambung untuk unit 312-015, 332-026, 332-027, 332-032"
2026-08-10,Aug,8,TANJUNG,MINING,NON RUTIN,FRAME BODY & GUARD SYSTEM,LAIN-LAIN,EXCAVATOR HITACHI ZX350H-5G 332-033,175000.0,"By. Pembuatan no lambung untuk unit 312-015, 332-026, 332-027, 332-032"
2026-08-10,Aug,8,TANJUNG,MINING,NON RUTIN,FRAME BODY & GUARD SYSTEM,LAIN-LAIN,EXCAVATOR HITACHI ZX350H-5G 332-036,175000.0,"By. Pembuatan no lambung untuk unit 312-015, 332-026, 332-027, 332-032"
2026-08-10,Aug,8,TANJUNG,MINING,NON RUTIN,FRAME BODY & GUARD SYSTEM,LAIN-LAIN,EXCAVATOR HITACHI ZX350H-5G 332-037,175000.0,"By. Pembuatan no lambung untuk unit 312-015, 332-026, 332-027, 332-032"
2026-08-10,Aug,8,TANJUNG,MINING,NON RUTIN,FRAME BODY & GUARD SYSTEM,LAIN-LAIN,EXCAVATOR SHANTUI SE 215 W 332-049,175000.0,"By. Pembuatan no lambung untuk unit 312-015, 332-026, 332-027, 332-032"
2026-08-11,Aug,8,TANJUNG,MINING,NON RUTIN,ENGINE SYSTEM,SPAREPART,DUMP TRUCK HINO FM 280 JD 312-032,96000.0,Via Sdr Rizky
2026-08-31,Aug,8,SUNGAI DANAU,PLANTATION,NON RUTIN,UNDERCARRIAGE SYSTEM,SERVICE LUAR,EXCAVATOR HITACHI ZX 210 F-5G 332-039,1200000.0,"BUDI LUHUR SENTOSA, CV"
2026-08-31,Aug,8,SUNGAI DANAU,PLANTATION,NON RUTIN,UNDERCARRIAGE SYSTEM,SPAREPART,EXCAVATOR HITACHI ZX 210 F-5G 332-039,500000.0,"BUDI LUHUR SENTOSA, CV"
2026-08-13,Aug,8,TANJUNG,MINING,NON RUTIN,TRANSMISSION SYSTEM,SPAREPART,DUMP TRUCK HINO FM 280 JD 312-034,875000.0,Via Sdr M. Rizfani Nasir
2026-08-13,Aug,8,TANJUNG,MINING,NON RUTIN,TRANSMISSION SYSTEM,SPAREPART,DUMP TRUCK HINO FM 280 JD 312-034,679100.0,"By. Pembelian sparepart untuk unit 312-034, tgl 13 Agust 2026"
2026-08-13,Aug,8,TANJUNG,MINING,NON RUTIN,FRAME BODY & GUARD SYSTEM,SPAREPART,TRUCK TANGKI HINO 130 HD DA 1521 Z 262-002,375000.0,"By.Pembelian sparepart untuk unit 262-002, WS Tanjung, tgl 13 Agust 2026"
2026-08-14,Aug,8,TANJUNG,MINING,NON RUTIN,FRAME BODY & GUARD SYSTEM,SPAREPART,TRUCK TANGKI HINO 130 HD DA 1521 Z 262-002,185000.0,Via Sdr Rizky
2026-08-14,Aug,8,TANJUNG,MINING,NON RUTIN,ATTACHMENT SYSTEM,SERVICE LUAR,TRUCK TANGKI HINO FG235 DA 1853 Z /DA 8705 ZE 262-001,1700000.0,"By. Repair bubut as untuk unit 262-001, tgl 14 Agust 2026"
2026-08-14,Aug,8,SUNGAI DANAU,PLANTATION,NON RUTIN,ELECTRICAL SYSTEM,SERVICE LUAR,DUMP TRUCK HINO 130 HD DA 8678 CO 251-039,250000.0,By. Pembelian sparepart untuk unit angkutan BKMS Site Satui dan
2026-08-14,Aug,8,SUNGAI DANAU,PLANTATION,NON RUTIN,ELECTRICAL SYSTEM,SPAREPART,DUMP TRUCK HINO 130 HD DA 8678 CO 251-039,450000.0,By. Pembelian sparepart untuk unit angkutan BKMS Site Satui dan
2026-08-14,Aug,8,SUNGAI DANAU,PLANTATION,NON RUTIN,ELECTRICAL SYSTEM,SERVICE LUAR,DUMP TRUCK HINO 130 HD DA 8923 CV 251-047,250000.0,By. Pembelian sparepart untuk unit angkutan BKMS Site Satui dan
2026-08-14,Aug,8,SUNGAI DANAU,PLANTATION,NON RUTIN,ELECTRICAL SYSTEM,SPAREPART,DUMP TRUCK HINO 130 HD DA 8923 CV 251-047,530000.0,By. Pembelian sparepart untuk unit angkutan BKMS Site Satui dan
2026-08-14,Aug,8,SUNGAI DANAU,PLANTATION,NON RUTIN,FRAME BODY & GUARD SYSTEM,LAIN-LAIN,DUMP TRUCK HINO 130 HD DA 8675 CO 251-038,85000.0,By. Pembelian sparepart untuk unit angkutan BKMS Site Satui dan
2026-08-14,Aug,8,SUNGAI DANAU,PLANTATION,NON RUTIN,STEERING SYSTEM,SPAREPART,BUS ISUZU MINI BUS F 7120 AB/DA 7026 TAJ 231-003,310000.0,By. Pembelian sparepart untuk unit angkutan BKMS Site Satui dan
2026-08-14,Aug,8,SUNGAI DANAU,PLANTATION,NON RUTIN,ENGINE SYSTEM,SPAREPART,DUMP TRUCK HINO 130 HD DA 8679 CO 251-040,60000.0,By. Pembelian sparepart untuk unit angkutan BKMS Site Satui dan
2026-08-15,Aug,8,TANJUNG,MINING,NON RUTIN,ATTACHMENT SYSTEM,SPAREPART,TRUCK TANGKI HINO FG235 DA 1853 Z /DA 8705 ZE 262-001,158000.0,Via Sdr Rizky
2026-08-15,Aug,8,KUMAI,PLANTATION,RUTIN,ENGINE SYSTEM,SPAREPART,CRAWLER DUMPER PD5000TA 322-011,30000.0,Via Rizqi Maulana
2026-08-15,Aug,8,KUMAI,PLANTATION,RUTIN,FRAME BODY & GUARD SYSTEM,LAIN-LAIN,CRAWLER DUMPER PD-5000 322-030,45000.0,Via Kevin S
2026-08-15,Aug,8,KUMAI,PLANTATION,RUTIN,ENGINE SYSTEM,LAIN-LAIN,FARM TRACTOR KUBOTA M9540 321-007,85000.0,Via Bayu Eka
2026-08-15,Aug,8,KUMAI,PLANTATION,RUTIN,ENGINE SYSTEM,LAIN-LAIN,POMPA MITSUBISHI 6D14 422-007,65000.0,Via Bayu Eka
2026-08-15,Aug,8,KUMAI,PLANTATION,RUTIN,ENGINE SYSTEM,LAIN-LAIN,ARM ROLL ISUZU NPS 81 272-002,55000.0,Via Azidan
2026-08-15,Aug,8,KUMAI,PLANTATION,RUTIN,ENGINE SYSTEM,LAIN-LAIN,EXCAVATOR HITACHI ZX 210 332-058,21000.0,Via Bakri
2026-08-15,Aug,8,KUMAI,PLANTATION,RUTIN,TRANSMISSION SYSTEM,SPAREPART,ARMROLL HINO 136 HDX 272-003,7900000.0,Via Dwi Amalia A
2026-08-15,Aug,8,KUMAI,PLANTATION,RUTIN,BRAKE SYSTEM,SPAREPART,DUMP TRUCK HINO 130HD 251-058,50000.0,Via Dwi Amalia A
2026-08-15,Aug,8,KUMAI,PLANTATION,RUTIN,BRAKE SYSTEM,SPAREPART,DUMP TRUCK HINO 136 HDX DA 8707 JL 251-061,50000.0,Via Dwi Amalia A
2026-08-15,Aug,8,KUMAI,PLANTATION,RUTIN,BRAKE SYSTEM,SPAREPART,DUMP TRUCK HINO 136 HDX 251-062,50000.0,Via Dwi Amalia A
2026-08-15,Aug,8,KUMAI,PLANTATION,RUTIN,BRAKE SYSTEM,SPAREPART,DUMP TRUCK ISUZU NPS 254-002,50000.0,Via Dwi Amalia A
2026-08-15,Aug,8,KUMAI,PLANTATION,RUTIN,BRAKE SYSTEM,SPAREPART,DUMP TRUCK ISUZU NPS 254-003,50000.0,Via Dwi Amalia A
2026-08-15,Aug,8,KUMAI,PLANTATION,RUTIN,WHEEL & TYRE SYSTEM,SPAREPART,DUMP TRUCK HINO 136 HDX DA 8707 JL 251-061,750000.0,Via Dwi Amalia A
2026-08-15,Aug,8,KUMAI,PLANTATION,RUTIN,WHEEL & TYRE SYSTEM,SPAREPART,DUMP TRUCK HINO 136 HDX 251-062,750000.0,Via Dwi Amalia A
2026-08-15,Aug,8,KUMAI,PLANTATION,RUTIN,DIFFENTTIAL & REAR AXLE SYSTEM,SPAREPART,DUMP TRUCK HINO 130 HD 4X4 254-008,350000.0,Via Dwi Amalia A
2026-08-15,Aug,8,KUMAI,PLANTATION,RUTIN,ELECTRICAL SYSTEM,SPAREPART,CROWN KD 5000 HZL 322-009,270000.0,Via Dwi Amalia A
2026-08-15,Aug,8,KUMAI,PLANTATION,RUTIN,ELECTRICAL SYSTEM,SPAREPART,CARWLER DUMPER PD5000TA 322-013,270000.0,Via Dwi Amalia A
2026-08-15,Aug,8,KUMAI,PLANTATION,RUTIN,ELECTRICAL SYSTEM,SPAREPART,CRAWLER DUMPER PD5000TA 322-016,270000.0,Via Dwi Amalia A
2026-08-15,Aug,8,KUMAI,PLANTATION,RUTIN,ELECTRICAL SYSTEM,SERVICE LUAR,CRAWLER DUMPER PD-5000 TA 322-019,270000.0,Via Dwi Amalia A
2026-08-15,Aug,8,KUMAI,PLANTATION,RUTIN,ELECTRICAL SYSTEM,SPAREPART,CRAWLER DUMPER PD - 5000TA 322-021,270000.0,Via Dwi Amalia A
2026-08-15,Aug,8,KUMAI,PLANTATION,RUTIN,ENGINE SYSTEM,SPAREPART,ARM ROLL HINO 136 HDX 272-005,75000.0,Via Dwi Amalia A
2026-08-15,Aug,8,KUMAI,PLANTATION,RUTIN,ENGINE SYSTEM,SPAREPART,DUMP TRUCK ISUZU NKR 71  B 9853 BDG 254-009,75000.0,Via Dwi Amalia A
2026-08-15,Aug,8,KUMAI,PLANTATION,RUTIN,TRANSMISSION SYSTEM,SERVICE LUAR,BACKHOE LOADER CAT 416 F2 361-008,400000.0,Via Dwi Amalia A
2026-08-15,Aug,8,KUMAI,PLANTATION,RUTIN,ELECTRICAL SYSTEM,SERVICE LUAR,DUMP TRUCK ISUZU NPS 81 254-005,1062500.0,Via Dwi Amalia A
2026-08-15,Aug,8,KUMAI,PLANTATION,RUTIN,ELECTRICAL SYSTEM,SERVICE LUAR,DUMP TRUCK ISUZU NPS 81 254-006,1062500.0,Via Dwi Amalia A
2026-08-15,Aug,8,KUMAI,PLANTATION,RUTIN,ELECTRICAL SYSTEM,SERVICE LUAR,DUMP TRUCK ISUZU NPS 254-003,1062500.0,Via Dwi Amalia A
2026-08-15,Aug,8,KUMAI,PLANTATION,RUTIN,ELECTRICAL SYSTEM,SERVICE LUAR,DUMP TRUCK ISUZU NPS 81 254-004,1062500.0,Via Dwi Amalia A
2026-08-15,Aug,8,KUMAI,PLANTATION,RUTIN,ELECTRICAL SYSTEM,SPAREPART,CARWLER DUMPER PD5000TA 322-013,70000.0,Via Dwi Amalia A
2026-08-15,Aug,8,KUMAI,PLANTATION,RUTIN,ELECTRICAL SYSTEM,SPAREPART,CRAWLER DUMPER PD5000TA 322-016,70000.0,Via Dwi Amalia A
2026-08-15,Aug,8,KUMAI,PLANTATION,RUTIN,ELECTRICAL SYSTEM,SPAREPART,CRAWLER DUMPER PD-5000 TA 322-019,70000.0,Via Dwi Amalia A
2026-08-15,Aug,8,KUMAI,PLANTATION,RUTIN,ELECTRICAL SYSTEM,SPAREPART,CRAWLER DUMPER PD - 5000TA 322-021,70000.0,Via Dwi Amalia A
2026-08-15,Aug,8,KUMAI,PLANTATION,RUTIN,ELECTRICAL SYSTEM,SPAREPART,DUMP TRUCK ISUZU NPS 81 254-005,70000.0,Via Dwi Amalia A
2026-08-15,Aug,8,KUMAI,PLANTATION,RUTIN,ELECTRICAL SYSTEM,SPAREPART,POMPA MITSUBISHI 6D1 422-004,20000.0,Via Dwi Amalia A
2026-08-15,Aug,8,KUMAI,PLANTATION,RUTIN,ELECTRICAL SYSTEM,SPAREPART,POMPA MITSUBISHI 6D14 422-008,20000.0,Via Dwi Amalia A
2026-08-15,Aug,8,KUMAI,PLANTATION,RUTIN,ENGINE SYSTEM,SPAREPART,CROWN KD 5000 HZL 322-009,50000.0,Via Dwi Amalia A
2026-08-15,Aug,8,KUMAI,PLANTATION,RUTIN,ENGINE SYSTEM,SPAREPART,CARWLER DUMPER PD5000TA 322-013,50000.0,Via Dwi Amalia A
2026-08-15,Aug,8,KUMAI,PLANTATION,RUTIN,ENGINE SYSTEM,SPAREPART,CRAWLER DUMPER PD5000TA 322-016,50000.0,Via Dwi Amalia A
2026-08-15,Aug,8,KUMAI,PLANTATION,RUTIN,ELECTRICAL SYSTEM,SPAREPART,DUMP TRUCK HINO 130HD 251-058,40000.0,Via Dwi Amalia A
2026-08-15,Aug,8,KUMAI,PLANTATION,RUTIN,ELECTRICAL SYSTEM,SPAREPART,DUMP TRUCK HINO 136 HDX DA 8707 JL 251-061,40000.0,Via Dwi Amalia A
2026-08-15,Aug,8,KUMAI,PLANTATION,RUTIN,ELECTRICAL SYSTEM,SPAREPART,DUMP TRUCK HINO 136 HDX 251-062,40000.0,Via Dwi Amalia A
2026-08-15,Aug,8,KUMAI,PLANTATION,RUTIN,ELECTRICAL SYSTEM,SPAREPART,POMPA MITSUBISHI 5D 422-003,335000.0,Via Dwi Amalia A
2026-08-15,Aug,8,KUMAI,PLANTATION,RUTIN,ELECTRICAL SYSTEM,SPAREPART,"POMPA ISUZU EGINE 8""/6"" 422-006",335000.0,Via Dwi Amalia A
2026-08-15,Aug,8,KUMAI,PLANTATION,RUTIN,ELECTRICAL SYSTEM,SPAREPART,POMPA MITSUBISHI 6D14 422-007,335000.0,Via Dwi Amalia A
2026-08-15,Aug,8,KUMAI,PLANTATION,RUTIN,ELECTRICAL SYSTEM,SPAREPART,POMPA EBARA 422-002,335000.0,Via Dwi Amalia A
2026-08-15,Aug,8,KUMAI,PLANTATION,RUTIN,WHEEL & TYRE SYSTEM,SPAREPART,DUMP TRUCK HINO 136 HDX DA 8707 JL 251-061,1375000.0,Via Dwi Amalia A
2026-08-15,Aug,8,KUMAI,PLANTATION,RUTIN,AIR CONDITIONING SYSTEM,SPAREPART,CRAWLER DUMPER PD5000TA 322-012,200000.0,Via Dwi Amalia A
2026-08-15,Aug,8,KUMAI,PLANTATION,RUTIN,AIR CONDITIONING SYSTEM,SPAREPART,CRAWLER DUMPER PD5000TA 322-014,200000.0,Via Dwi Amalia A
2026-08-15,Aug,8,KUMAI,PLANTATION,RUTIN,AIR CONDITIONING SYSTEM,SPAREPART,CRAWLER DUMPER PD - 5000TA 322-022,200000.0,Via Dwi Amalia A
2026-08-15,Aug,8,KUMAI,PLANTATION,RUTIN,AIR CONDITIONING SYSTEM,SPAREPART,CRAWLER DUMPER PD-5000 322-027,200000.0,Via Dwi Amalia A
2026-08-15,Aug,8,KUMAI,PLANTATION,RUTIN,WHEEL & TYRE SYSTEM,SPAREPART,POMPA MITSUBISHI 6D14 422-001,1400000.0,Via Dwi Amalia A
2026-08-15,Aug,8,KUMAI,PLANTATION,RUTIN,TRANSMISSION SYSTEM,SPAREPART,DUMP TRUCK ISUZU NPS 81 254-005,300000.0,Via Dwi Amalia A
2026-08-15,Aug,8,KUMAI,PLANTATION,RUTIN,WHEEL & TYRE SYSTEM,SPAREPART,DUMP TRUCK ISUZU NPS 254-003,1870000.0,Via Dwi Amalia A
2026-08-15,Aug,8,KUMAI,PLANTATION,RUTIN,WHEEL & TYRE SYSTEM,SPAREPART,DUMP TRUCK ISUZU NPS 81 254-005,1870000.0,Via Dwi Amalia A
2026-08-15,Aug,8,KUMAI,PLANTATION,RUTIN,ELECTRICAL SYSTEM,SPAREPART,POMPA MITSUBISHI 6D1 422-004,1487500.0,Via Dwi Amalia A
2026-08-15,Aug,8,KUMAI,PLANTATION,RUTIN,ELECTRICAL SYSTEM,SPAREPART,POMPA MITSUBISHI 6D14 422-008,1487500.0,Via Dwi Amalia A
2026-08-15,Aug,8,KUMAI,PLANTATION,RUTIN,ENGINE SYSTEM,SERVICE LUAR,ARM ROLL ISUZU NPS 81 272-002,1500000.0,Via Dwi Amalia A
2026-08-15,Aug,8,KUMAI,PLANTATION,RUTIN,ENGINE SYSTEM,SPAREPART,DUMP TRUCK ISUZU NPS 81 254-004,5400000.0,Via M Elmi R F
2026-08-15,Aug,8,KUMAI,PLANTATION,RUTIN,ENGINE SYSTEM,SERVICE LUAR,ARM ROLL ISUZU NPS 81 272-002,1650000.0,Via M Elmi R F
2026-08-15,Aug,8,KUMAI,PLANTATION,RUTIN,ELECTRICAL SYSTEM,SPAREPART,DUMP TRUCK HINO 130 HD 4X4 254-008,1563150.0,Via Danang S A
2026-08-15,Aug,8,KUMAI,PLANTATION,RUTIN,HYDRAULIC SYSTEM,SPAREPART,CRAWLER DUMPER PD-5000 322-029,900000.0,Via Dwi Amalia A
2026-08-15,Aug,8,KUMAI,PLANTATION,RUTIN,HYDRAULIC SYSTEM,SPAREPART,CRAWLER DUMPER PD - 5000TA 322-024,900000.0,Via Dwi Amalia A
2026-08-18,Aug,8,SUNGAI DANAU,PLANTATION,NON RUTIN,FRAME BODY & GUARD SYSTEM,LAIN-LAIN,BUS ISUZU NQR 231-006,700000.0,By Pembayaran Sticker untuk Bus 231-006 tgl 14 Agustus 2026
2026-08-18,Aug,8,SUNGAI DANAU,PLANTATION,NON RUTIN,ELECTRICAL SYSTEM,SPAREPART,COMPACTOR SAKAI SV 526-D 371-011,657000.0,Via Sdr. Rona Qusyairi.
2026-08-18,Aug,8,TANJUNG,MINING,NON RUTIN,FRAME BODY & GUARD SYSTEM,LAIN-LAIN,DUMP TRUCK HINO FM 280 JD 312-027,45000.0,"By. Pembelian sparepart untuk unit 222-011, 222-006, 312-027, 028,"
2026-08-18,Aug,8,TANJUNG,MINING,NON RUTIN,FRAME BODY & GUARD SYSTEM,LAIN-LAIN,DUMP TRUCK HINO FM 280 JD 312-028,45000.0,"By. Pembelian sparepart untuk unit 222-011, 222-006, 312-027, 028,"
2026-08-18,Aug,8,TANJUNG,MINING,NON RUTIN,FRAME BODY & GUARD SYSTEM,LAIN-LAIN,EXCAVATOR SHANTUI SE 215 W 332-049,45000.0,"By. Pembelian sparepart untuk unit 222-011, 222-006, 312-027, 028,"
2026-08-18,Aug,8,TANJUNG,MINING,NON RUTIN,FRAME BODY & GUARD SYSTEM,LAIN-LAIN,BULLDOZER WEA B 220 342-012,45000.0,"By. Pembelian sparepart untuk unit 222-011, 222-006, 312-027, 028,"
2026-08-18,Aug,8,TANJUNG,MINING,NON RUTIN,FRAME BODY & GUARD SYSTEM,LAIN-LAIN,BULLDOZER KOMATSU D85E 342-017,45000.0,"By. Pembelian sparepart untuk unit 222-011, 222-006, 312-027, 028,"
2026-08-18,Aug,8,TANJUNG,MINING,NON RUTIN,ENGINE SYSTEM,SPAREPART,DUMP TRUCK HINO FM 280 JD 312-034,225000.0,"By. Pembelian sparepart untuk unit 312-034, tgl 18 Agust 2026"
2026-08-18,Aug,8,SUNGAI DANAU,PLANTATION,NON RUTIN,ELECTRICAL SYSTEM,SERVICE LUAR,BACKHOE LOADER CATERPILLAR 416F2 361-014,350000.0,Via Sdr. Alfian Raka.
2026-08-18,Aug,8,SUNGAI DANAU,PLANTATION,NON RUTIN,DIFFENTTIAL & REAR AXLE SYSTEM,SPAREPART,DUMP TRUCK HINO 130 HD DA 8207 CF 251-035,70000.0,Via sdr. M. Riduan
2026-08-18,Aug,8,SUNGAI DANAU,PLANTATION,NON RUTIN,DIFFENTTIAL & REAR AXLE SYSTEM,SPAREPART,DUMP TRUCK HINO 130 HD DA 8643 CQ 251-045,105000.0,Via sdr. M. Riduan
2026-08-18,Aug,8,SUNGAI DANAU,PLANTATION,NON RUTIN,AIR CONDITIONING SYSTEM,SPAREPART,BUS HINO 130 MDBL DA 7445 CD 231-004,100000.0,Via sdr. M. Riduan
2026-08-19,Aug,8,TANJUNG,MINING,RUTIN,FRAME BODY & GUARD SYSTEM,LAIN-LAIN,DUMP TRUCK HINO FM 280 JD 312-030,226500.0,"By. Reffil apar untuk unit 312-030, 312-027, 332-026,332-049, 342-012,"
2026-08-19,Aug,8,TANJUNG,MINING,RUTIN,FRAME BODY & GUARD SYSTEM,LAIN-LAIN,DUMP TRUCK HINO FM 280 JD 312-027,226500.0,"By. Reffil apar untuk unit 312-030, 312-027, 332-026,332-049, 342-012,"
2026-08-19,Aug,8,TANJUNG,MINING,RUTIN,FRAME BODY & GUARD SYSTEM,LAIN-LAIN,EXCAVATOR HITACHI ZX210F-5G 332-026,226500.0,"By. Reffil apar untuk unit 312-030, 312-027, 332-026,332-049, 342-012,"
2026-08-19,Aug,8,TANJUNG,MINING,RUTIN,FRAME BODY & GUARD SYSTEM,LAIN-LAIN,EXCAVATOR SHANTUI SE 215 W 332-049,226500.0,"By. Reffil apar untuk unit 312-030, 312-027, 332-026,332-049, 342-012,"
2026-08-19,Aug,8,TANJUNG,MINING,RUTIN,FRAME BODY & GUARD SYSTEM,LAIN-LAIN,BULLDOZER WEA B 220 342-012,226500.0,"By. Reffil apar untuk unit 312-030, 312-027, 332-026,332-049, 342-012,"
2026-08-19,Aug,8,TANJUNG,MINING,RUTIN,FRAME BODY & GUARD SYSTEM,LAIN-LAIN,BULLDOZER KOMATSU D85E 342-017,226500.0,"By. Reffil apar untuk unit 312-030, 312-027, 332-026,332-049, 342-012,"
2026-08-19,Aug,8,BUHUT,MINING,RUTIN,FRAME BODY & GUARD SYSTEM,LAIN-LAIN,EXCAVATOR HITACHI ZX 210G-5G 332-052,226500.0,"By. Reffil apar untuk unit 312-030, 312-027, 332-026,332-049, 342-012,"
2026-08-19,Aug,8,BUHUT,MINING,RUTIN,FRAME BODY & GUARD SYSTEM,LAIN-LAIN,EXCAVATOR HITACHI ZX 210 F-5G 332-038,226500.0,"By. Reffil apar untuk unit 312-030, 312-027, 332-026,332-049, 342-012,"
2026-08-19,Aug,8,BUHUT,MINING,RUTIN,FRAME BODY & GUARD SYSTEM,LAIN-LAIN,EXCAVATOR HITACHI ZX350H-5G 332-055,226500.0,"By. Reffil apar untuk unit 312-030, 312-027, 332-026,332-049, 342-012,"
2026-08-19,Aug,8,BUHUT,MINING,RUTIN,FRAME BODY & GUARD SYSTEM,LAIN-LAIN,EXCAVATOR KOMATSU PC210 332-059,226500.0,"By. Reffil apar untuk unit 312-030, 312-027, 332-026,332-049, 342-012,"
2026-08-19,Aug,8,TANJUNG,MINING,NON RUTIN,ELECTRICAL SYSTEM,SERVICE LUAR,TRUCK TANGKI HINO FG235 DA 1853 Z /DA 8705 ZE 262-001,950000.0,"By. Repair dinamo stater untuk unit 262-001, tgl 19 Aguts 2026"
2026-08-19,Aug,8,TANJUNG,MINING,RUTIN,FRAME BODY & GUARD SYSTEM,LAIN-LAIN,EXCAVATOR HITACHI ZX210F-5G 332-026,20000.0,"By. Pembuatan stiker & spanduk  untuk unit 332-026, 332-027, 332-032,"
2026-08-19,Aug,8,TANJUNG,MINING,RUTIN,FRAME BODY & GUARD SYSTEM,LAIN-LAIN,EXCAVATOR HITACHI ZX350H-5G 332-027,20000.0,"By. Pembuatan stiker & spanduk  untuk unit 332-026, 332-027, 332-032,"
2026-08-19,Aug,8,TANJUNG,MINING,RUTIN,FRAME BODY & GUARD SYSTEM,LAIN-LAIN,EXCAVATOR KOMATSU PC-200-8M1 332-032,20000.0,"By. Pembuatan stiker & spanduk  untuk unit 332-026, 332-027, 332-032,"
2026-08-19,Aug,8,TANJUNG,MINING,RUTIN,FRAME BODY & GUARD SYSTEM,LAIN-LAIN,EXCAVATOR HITACHI ZX350H-5G 332-033,20000.0,"By. Pembuatan stiker & spanduk  untuk unit 332-026, 332-027, 332-032,"
2026-08-19,Aug,8,TANJUNG,MINING,RUTIN,FRAME BODY & GUARD SYSTEM,LAIN-LAIN,EXCAVATOR HITACHI ZX350H-5G 332-036,20000.0,"By. Pembuatan stiker & spanduk  untuk unit 332-026, 332-027, 332-032,"
2026-08-19,Aug,8,TANJUNG,MINING,RUTIN,FRAME BODY & GUARD SYSTEM,LAIN-LAIN,EXCAVATOR HITACHI ZX350H-5G 332-037,20000.0,"By. Pembuatan stiker & spanduk  untuk unit 332-026, 332-027, 332-032,"
2026-08-19,Aug,8,TANJUNG,MINING,RUTIN,FRAME BODY & GUARD SYSTEM,LAIN-LAIN,EXCAVATOR SHANTUI SE 215 W 332-049,20000.0,"By. Pembuatan stiker & spanduk  untuk unit 332-026, 332-027, 332-032,"
2026-08-19,Aug,8,TANJUNG,MINING,RUTIN,FRAME BODY & GUARD SYSTEM,LAIN-LAIN,BULLDOZER WEA B 220 342-012,20000.0,"By. Pembuatan stiker & spanduk  untuk unit 332-026, 332-027, 332-032,"
2026-08-19,Aug,8,TANJUNG,MINING,RUTIN,FRAME BODY & GUARD SYSTEM,LAIN-LAIN,BULLDOZER KOMATSU D85E 342-017,20000.0,"By. Pembuatan stiker & spanduk  untuk unit 332-026, 332-027, 332-032,"
2026-08-19,Aug,8,TANJUNG,MINING,RUTIN,FRAME BODY & GUARD SYSTEM,LAIN-LAIN,GRADER CATERPILLAR 120 NG 351-011,20000.0,"By. Pembuatan stiker & spanduk  untuk unit 332-026, 332-027, 332-032,"
2026-08-19,Aug,8,SUNGAI DANAU,PLANTATION,NON RUTIN,ENGINE SYSTEM,SPAREPART,COMPACTOR SAKAI SV512D371-005,100000.0,Via Sdr. Rona Qusyairi.
2026-08-20,Aug,8,TANJUNG,MINING,NON RUTIN,TRANSMISSION SYSTEM,SPAREPART,DUMP TRUCK HINO FM 280 JD 312-034,566000.0,Via Sdr Rizky
2026-08-20,Aug,8,BUHUT,MINING,NON RUTIN,ELECTRICAL SYSTEM,SERVICE LUAR,WHEEL LOADER XCMG ZL50GN 362-002,900000.0,"By. Repair alternator untuk unit 362-002, tgl 20 Agust 2026"
2026-08-20,Aug,8,TANJUNG,MINING,NON RUTIN,ENGINE SYSTEM,SERVICE LUAR,DUMP TRUCK HINO FM 260 JD 312-021,900000.0,"By. Repair radiator untuk unit 312-021, tgl 20 Agust 2026"
2026-08-21,Aug,8,TANJUNG,MINING,NON RUTIN,HYDRAULIC SYSTEM,SERVICE LUAR,EXCAVATOR HITACHI ZX350H-5G 332-033,3374000.0,"By. Pembuatan hose untuk unit 332-033, tgl 20 Agust 2026"
2026-08-21,Aug,8,KUMAI,PLANTATION,RUTIN,ELECTRICAL SYSTEM,SERVICE LUAR,POMPA MITSUBISHI 6D1 422-004,550000.0,Via Dwi Amalia A
2026-08-21,Aug,8,KUMAI,PLANTATION,RUTIN,ELECTRICAL SYSTEM,SERVICE LUAR,CRAWLER DUMPER PD - 5000TA 322-024,300000.0,Via Dwi Amalia A
2026-08-22,Aug,8,SUNGAI DANAU,PLANTATION,RUTIN,AIR SYSTEM,LAIN-LAIN,EXCAVATOR HITACHI ZX48U-5A-CST 331-001,450000.0,via sdr Agus Triyono
2026-08-22,Aug,8,SUNGAI DANAU,PLANTATION,NON RUTIN,AIR SYSTEM,SPAREPART,BUS ISUZU MINI BUS F 7120 AB/DA 7026 TAJ 231-003,150000.0,via sdr Agus Triyono
2026-08-22,Aug,8,SUNGAI DANAU,PLANTATION,RUTIN,ENGINE SYSTEM,LAIN-LAIN,EXCAVATOR HITACHI ZX48U-5A-CST 331-001,150000.0,Via sdr. Yudi Darmawan
2026-08-22,Aug,8,SUNGAI DANAU,PLANTATION,RUTIN,HYDRAULIC SYSTEM,LAIN-LAIN,BACKHOE LOADER CAT 416 F 361-007,225000.0,Via Sdr. M. Junaidi.
2026-08-22,Aug,8,SUNGAI DANAU,PLANTATION,RUTIN,ENGINE SYSTEM,LAIN-LAIN,BACKHOE LOADER CAT 416 F 361-007,275000.0,Via Sdr. M. Junaidi.
2026-08-24,Aug,8,TANJUNG,MINING,NON RUTIN,ELECTRICAL SYSTEM,SPAREPART,DUMP TRUCK HINO FM 280 JD 312-028,367000.0,Via Sdr M. Rizfani Nasir
2026-08-24,Aug,8,BUHUT,MINING,NON RUTIN,ENGINE SYSTEM,SERVICE LUAR,DUMP TRUCK HINO FM 280 JD 312-035,900000.0,"By. Repair radiator untuk unit 312-035, tgl 22 Agust 2026"
2026-08-26,Aug,8,TANJUNG,MINING,NON RUTIN,ENGINE SYSTEM,SPAREPART,EXCAVATOR HITACHI ZX350H-5G 332-033,900000.0,Via Sdr M.Rizfani Nasir
2026-08-26,Aug,8,TANJUNG,MINING,NON RUTIN,AIR CONDITIONING SYSTEM,SERVICE LUAR,DUMP TRUCK HINO FM 280 JD 312-027,450000.0,"By. Repair condensor AC untuk unit 312-027, tgl 26 Agust 2026"
2026-08-26,Aug,8,TANJUNG,MINING,NON RUTIN,ATTACHMENT SYSTEM,SPAREPART,TRUCK TANGKI HINO FG235 DA 1853 Z /DA 8705 ZE 262-001,160000.0,Via Sdr Andy Kinanjar S
2026-08-26,Aug,8,AMPAH,MINING,NON RUTIN,FRAME BODY & GUARD SYSTEM,SPAREPART,DUMP TRUCK HINO FM 260 JD 312-012,50000.0,Via Sdr Andy Kinanjar S
2026-08-26,Aug,8,AMPAH,MINING,NON RUTIN,FRAME BODY & GUARD SYSTEM,SPAREPART,DUMP TRUCK HINO FM 260 JD 312-013,50000.0,Via Sdr Andy Kinanjar S
2026-08-26,Aug,8,AMPAH,MINING,NON RUTIN,FRAME BODY & GUARD SYSTEM,SPAREPART,DUMP TRUCK HINO FM 260 JD 312-014,50000.0,Via Sdr Andy Kinanjar S
2026-08-26,Aug,8,AMPAH,MINING,NON RUTIN,FRAME BODY & GUARD SYSTEM,SPAREPART,DUMP TRUCK HINO FM 260 JD 312-016,50000.0,Via Sdr Andy Kinanjar S
2026-08-26,Aug,8,AMPAH,MINING,NON RUTIN,FRAME BODY & GUARD SYSTEM,SPAREPART,DUMP TRUCK HINO FM 260 JD 312-020,50000.0,Via Sdr Andy Kinanjar S
2026-08-26,Aug,8,AMPAH,MINING,NON RUTIN,FRAME BODY & GUARD SYSTEM,SPAREPART,DUMP TRUCK HINO FM 260 JD 312-024,50000.0,Via Sdr Andy Kinanjar S
2026-08-26,Aug,8,AMPAH,MINING,NON RUTIN,FRAME BODY & GUARD SYSTEM,SPAREPART,DUMP TRUCK HINO FM 260 JD 312-025,50000.0,Via Sdr Andy Kinanjar S
2026-08-26,Aug,8,TANJUNG,MINING,NON RUTIN,ENGINE SYSTEM,SPAREPART,EXCAVATOR HITACHI ZX350H-5G 332-033,25000.0,Via Sdr M.Rizal H
2026-08-26,Aug,8,TANJUNG,MINING,NON RUTIN,FRAME BODY & GUARD SYSTEM,SPAREPART,DUMP TRUCK HINO FM 260 JD 312-015,400000.0,Via Sdr M.Rizfani Nasir
2026-08-26,Aug,8,SUNGAI DANAU,PLANTATION,NON RUTIN,FRAME BODY & GUARD SYSTEM,LAIN-LAIN,BUS ISUZU MINI BUS F 7120 AB/DA 7026 TAJ 231-003,1070000.0,"By Pembelian keperluan cat unit bus 231-003, sparepart DT & keperluan"
2026-08-26,Aug,8,SUNGAI DANAU,PLANTATION,NON RUTIN,HYDRAULIC SYSTEM,LAIN-LAIN,DUMP TRUCK HINO 130 HD DA 8678 CO 251-039,250000.0,"By Pembelian keperluan cat unit bus 231-003, sparepart DT & keperluan"
2026-08-26,Aug,8,SUNGAI DANAU,PLANTATION,RUTIN,HYDRAULIC SYSTEM,LAIN-LAIN,TRUCK TANGKI HINO 130 HD DA 8569 CP 262-003,116000.0,"By Pembelian keperluan cat unit bus 231-003, sparepart DT & keperluan"
2026-08-26,Aug,8,SUNGAI DANAU,PLANTATION,RUTIN,HYDRAULIC SYSTEM,LAIN-LAIN,TRUCK TANGKI HINO 130 HD DA 8567 CP 262-004,116000.0,"By Pembelian keperluan cat unit bus 231-003, sparepart DT & keperluan"
2026-08-26,Aug,8,SUNGAI DANAU,PLANTATION,RUTIN,HYDRAULIC SYSTEM,LAIN-LAIN,TRUCK TANGKI HINO FG235 DA 8170 CR 262-005,118000.0,"By Pembelian keperluan cat unit bus 231-003, sparepart DT & keperluan"
2026-08-27,Aug,8,SUNGAI DANAU,PLANTATION,RUTIN,FRAME BODY & GUARD SYSTEM,LAIN-LAIN,BUS ISUZU MINI BUS F 7120 AB/DA 7026 TAJ 231-003,945000.0,By pembelian spare part unit BKMS dan pembelian keperluan workshop
2026-08-27,Aug,8,KUMAI,PLANTATION,RUTIN,ATTACHMENT SYSTEM,SPAREPART,DUMP TRUCK ISUZU NPS 254-003,300000.0,Via Dwi Amalia A
2026-08-27,Aug,8,KUMAI,PLANTATION,RUTIN,ATTACHMENT SYSTEM,SPAREPART,DUMP TRUCK ISUZU NPS 81 254-004,300000.0,Via Dwi Amalia A
2026-08-27,Aug,8,KUMAI,PLANTATION,RUTIN,ATTACHMENT SYSTEM,SPAREPART,DUMP TRUCK ISUZU NPS 81 254-006,300000.0,Via Dwi Amalia A
2026-08-27,Aug,8,KUMAI,PLANTATION,RUTIN,ATTACHMENT SYSTEM,SPAREPART,ARM ROLL ISUZU NPS 81 272-002,300000.0,Via Dwi Amalia A
2026-08-27,Aug,8,KUMAI,PLANTATION,RUTIN,ATTACHMENT SYSTEM,SPAREPART,ARM ROLL ISUZU NPS 81 272-001,300000.0,Via Dwi Amalia A
2026-08-27,Aug,8,KUMAI,PLANTATION,RUTIN,ENGINE SYSTEM,SPAREPART,POMPA MITSUBISHI 6D14 422-007,3100000.0,Via Syahrani
2026-08-27,Aug,8,KUMAI,PLANTATION,RUTIN,ATTACHMENT SYSTEM,SPAREPART,POMPA MITSUBISHI 6D14 422-007,120000.0,Via Syahrani
2026-08-27,Aug,8,KUMAI,PLANTATION,RUTIN,ATTACHMENT SYSTEM,SPAREPART,CROWN KD 5000 HZL 322-009,25000.0,Via Syahrani
2026-08-27,Aug,8,KUMAI,PLANTATION,RUTIN,ATTACHMENT SYSTEM,SPAREPART,CARWLER DUMPER PD5000TA 322-013,25000.0,Via Syahrani
2026-08-27,Aug,8,KUMAI,PLANTATION,RUTIN,ATTACHMENT SYSTEM,SPAREPART,CRAWLER DUMPER PD5000TA 322-016,25000.0,Via Syahrani
2026-08-27,Aug,8,KUMAI,PLANTATION,RUTIN,ATTACHMENT SYSTEM,SPAREPART,EXCAVATOR HITACHI ZX138 M-F 332-043,25000.0,Via Syahrani
2026-08-27,Aug,8,KUMAI,PLANTATION,RUTIN,ELECTRICAL SYSTEM,SPAREPART,DUMP TRUCK HINO 130HD 251-058,150000.0,Via Syahrani
2026-08-27,Aug,8,KUMAI,PLANTATION,RUTIN,ELECTRICAL SYSTEM,SPAREPART,DUMP TRUCK HINO 136 HDX DA 8707 JL 251-061,150000.0,Via Syahrani
2026-08-27,Aug,8,KUMAI,PLANTATION,RUTIN,ELECTRICAL SYSTEM,SPAREPART,DUMP TRUCK HINO 136 HDX 251-062,150000.0,Via Syahrani
2026-08-27,Aug,8,KUMAI,PLANTATION,RUTIN,ELECTRICAL SYSTEM,SPAREPART,CROWN KD 5000 HZL 322-009,150000.0,Via Syahrani
2026-08-27,Aug,8,KUMAI,PLANTATION,RUTIN,ELECTRICAL SYSTEM,SPAREPART,CARWLER DUMPER PD5000TA 322-013,150000.0,Via Syahrani
2026-08-27,Aug,8,KUMAI,PLANTATION,RUTIN,ENGINE SYSTEM,SPAREPART,CRAWLER DUMPER PD5000TA 322-016,350000.0,Via Syahrani
2026-08-27,Aug,8,KUMAI,PLANTATION,RUTIN,ELECTRICAL SYSTEM,SPAREPART,DUMP TRUCK HINO 130HD 251-058,70000.0,Via Syahrani
2026-08-27,Aug,8,KUMAI,PLANTATION,RUTIN,ELECTRICAL SYSTEM,SPAREPART,DUMP TRUCK HINO 136 HDX DA 8707 JL 251-061,70000.0,Via Syahrani
2026-08-27,Aug,8,KUMAI,PLANTATION,RUTIN,ELECTRICAL SYSTEM,SPAREPART,DUMP TRUCK HINO 136 HDX 251-062,70000.0,Via Syahrani
2026-08-27,Aug,8,KUMAI,PLANTATION,RUTIN,ELECTRICAL SYSTEM,SPAREPART,CROWN KD 5000 HZL 322-009,70000.0,Via Syahrani
2026-08-27,Aug,8,KUMAI,PLANTATION,RUTIN,ELECTRICAL SYSTEM,SPAREPART,CARWLER DUMPER PD5000TA 322-013,70000.0,Via Syahrani
2026-08-27,Aug,8,SUNGAI DANAU,PLANTATION,RUTIN,FRAME BODY & GUARD SYSTEM,LAIN-LAIN,BUS ISUZU MINI BUS F 7120 AB/DA 7026 TAJ 231-003,606000.0,By pembelian spare part unit BKMS dan pembelian keperluan workshop
2026-08-27,Aug,8,SUNGAI DANAU,PLANTATION,RUTIN,ENGINE SYSTEM,LAIN-LAIN,ARM ROLL HINO 130 HD DA 8590 CQ 271-001,15000.0,By pembelian spare part unit BKMS dan pembelian keperluan workshop
2026-08-27,Aug,8,SUNGAI DANAU,PLANTATION,RUTIN,STEERING SYSTEM,LAIN-LAIN,BUS HINO 130 MDBL DA 7445 CD 231-004,45000.0,By pembelian spare part unit BKMS dan pembelian keperluan workshop
2026-08-27,Aug,8,SUNGAI DANAU,PLANTATION,RUTIN,BRAKE SYSTEM,LAIN-LAIN,DUMP TRUCK HINO 130 HD DA 8675 CO 251-038,153000.0,By pembelian spare part unit BKMS dan pembelian keperluan workshop
2026-08-27,Aug,8,SUNGAI DANAU,PLANTATION,RUTIN,ENGINE SYSTEM,LAIN-LAIN,TRUCK TANGKI HINO 130 HD DA 8606 CL 261-011,38000.0,By pembelian spare part unit BKMS dan pembelian keperluan workshop
2026-08-28,Aug,8,TANJUNG,MINING,NON RUTIN,ELECTRICAL SYSTEM,SERVICE LUAR,DUMP TRUCK HINO FM 280 JD 312-027,550000.0,Via Sdr Andy Kinanjar S
2026-08-29,Aug,8,SUNGAI DANAU,PLANTATION,NON RUTIN,FRAME BODY & GUARD SYSTEM,LAIN-LAIN,BUS HINO 130 MDBL DA 9592 CL/ DA 7223 CD 231-002,158000.0,Via Bapak Narimo
2026-08-31,Aug,8,KUMAI,PLANTATION,RUTIN,ATTACHMENT SYSTEM,SPAREPART,POMPA EBARA 422-002,160000.0,Via Syahrani
2026-08-31,Aug,8,KUMAI,PLANTATION,RUTIN,ATTACHMENT SYSTEM,SPAREPART,POMPA MITSUBISHI 5D 422-003,160000.0,Via Syahrani
2026-08-31,Aug,8,KUMAI,PLANTATION,RUTIN,ATTACHMENT SYSTEM,SPAREPART,"POMPA ISUZU EGINE 8""/6"" 422-006",160000.0,Via Syahrani
2026-08-31,Aug,8,KUMAI,PLANTATION,RUTIN,ATTACHMENT SYSTEM,SPAREPART,POMPA MITSUBISHI 6D14 422-007,160000.0,Via Syahrani
2026-08-31,Aug,8,KUMAI,PLANTATION,RUTIN,ATTACHMENT SYSTEM,SPAREPART,POMPA MITSUBISHI 6D14 422-009,160000.0,Via Syahrani
2026-08-31,Aug,8,KUMAI,PLANTATION,RUTIN,ENGINE SYSTEM,SERVICE LUAR,DUMP TRUCK HINO 130HD 251-058,333334.0,Via Syahrani
2026-08-31,Aug,8,KUMAI,PLANTATION,RUTIN,ENGINE SYSTEM,SERVICE LUAR,DUMP TRUCK HINO 136 HDX DA 8707 JL 251-061,333334.0,Via Syahrani
2026-08-31,Aug,8,KUMAI,PLANTATION,RUTIN,ENGINE SYSTEM,SERVICE LUAR,DUMP TRUCK HINO 136 HDX 251-062,333333.0,Via Syahrani
2026-08-31,Aug,8,KUMAI,PLANTATION,RUTIN,ENGINE SYSTEM,SERVICE LUAR,DUMP TRUCK HINO 130 HD 4X4 254-007,333333.0,Via Syahrani
2026-08-31,Aug,8,KUMAI,PLANTATION,RUTIN,ENGINE SYSTEM,SERVICE LUAR,DUMP TRUCK HINO 130 HD 4X4 254-008,333333.0,Via Syahrani
2026-08-31,Aug,8,KUMAI,PLANTATION,RUTIN,ENGINE SYSTEM,SERVICE LUAR,DUMP TRUCK 4X4 254-010,333333.0,Via Syahrani
2026-08-31,Aug,8,KUMAI,PLANTATION,RUTIN,ATTACHMENT SYSTEM,SPAREPART,DUMP TRUCK ISUZU NPS 81 254-005,960000.0,Via Syahrani
2026-08-31,Aug,8,KUMAI,PLANTATION,RUTIN,ATTACHMENT SYSTEM,SPAREPART,DUMP TRUCK ISUZU NPS 81 254-006,960000.0,Via Syahrani
2026-08-31,Aug,8,KUMAI,PLANTATION,RUTIN,ATTACHMENT SYSTEM,SPAREPART,ARM ROLL ISUZU NPS 81 272-001,197500.0,Via Syahrani
2026-08-31,Aug,8,KUMAI,PLANTATION,RUTIN,ATTACHMENT SYSTEM,SPAREPART,ARM ROLL ISUZU NPS 81 272-002,197500.0,Via Syahrani
2026-08-31,Aug,8,KUMAI,PLANTATION,RUTIN,ENGINE SYSTEM,SPAREPART,EXCAVATOR HITACHI ZX138 M-F 332-042,1100000.0,Via Syahrani
2026-08-31,Aug,8,KUMAI,PLANTATION,RUTIN,HYDRAULIC SYSTEM,SPAREPART,EXCAVATOR HITACHI ZX138 M-F 332-043,1850000.0,Via Syahrani
2026-08-31,Aug,8,KUMAI,PLANTATION,RUTIN,TRANSMISSION SYSTEM,SPAREPART,EXCAVATOR HITACHI ZX138 M-F 332-043,872000.0,Via Syahrani
2026-08-31,Aug,8,KUMAI,PLANTATION,RUTIN,ENGINE SYSTEM,SPAREPART,ARM ROLL ISUZU NPS 81 272-001,85000.0,Via Januardi S
2026-08-31,Aug,8,AMPAH,MINING,NON RUTIN,ELECTRICAL SYSTEM,SPAREPART,DUMP TRUCK HINO FM 260 JD 312-012,153000.0,Via Sdr Safiudin
2026-08-31,Aug,8,AMPAH,MINING,NON RUTIN,ELECTRICAL SYSTEM,SPAREPART,DUMP TRUCK HINO FM 260 JD 312-013,153000.0,Via Sdr Safiudin
2026-08-31,Aug,8,AMPAH,MINING,NON RUTIN,ELECTRICAL SYSTEM,SPAREPART,DUMP TRUCK HINO FM 260 JD 312-016,153000.0,Via Sdr Safiudin
2026-08-31,Aug,8,AMPAH,MINING,NON RUTIN,ELECTRICAL SYSTEM,SPAREPART,DUMP TRUCK HINO FM 260 JD 312-020,153000.0,Via Sdr Safiudin
2026-08-31,Aug,8,AMPAH,MINING,NON RUTIN,ELECTRICAL SYSTEM,SPAREPART,DUMP TRUCK HINO FM 260 JD 312-024,153000.0,Via Sdr Safiudin
2026-08-31,Aug,8,AMPAH,MINING,NON RUTIN,ELECTRICAL SYSTEM,SPAREPART,DUMP TRUCK HINO FM 260 JD 312-025,153000.0,Via Sdr Safiudin
2026-08-31,Aug,8,SUNGAI DANAU,PLANTATION,NON RUTIN,ENGINE SYSTEM,SERVICE LUAR,DUMP TRUCK HINO 130 HD DA 8923 CV 251-047,320000.0,By pembelian spare part unit BKMS dan pembelian keperluan workshop
2026-08-31,Aug,8,SUNGAI DANAU,PLANTATION,NON RUTIN,SUSPENSION SYSTEM,SPAREPART,DUMP TRUCK HINO 130 HD DA 8016 CZ 251-054,75000.0,By pembelian spare part unit BKMS dan pembelian keperluan workshop
2026-08-31,Aug,8,SUNGAI DANAU,PLANTATION,NON RUTIN,SUSPENSION SYSTEM,SPAREPART,DUMP TRUCK HINO 130 HD DA 8207 CF 251-035,75000.0,By pembelian spare part unit BKMS dan pembelian keperluan workshop
2026-08-31,Aug,8,SUNGAI DANAU,PLANTATION,NON RUTIN,FRAME BODY & GUARD SYSTEM,LAIN-LAIN,BUS ISUZU MINI BUS F 7120 AB/DA 7026 TAJ 231-003,700000.0,By pembelian spare part unit BKMS dan pembelian keperluan workshop
2026-08-31,Aug,8,KUMAI,PLANTATION,RUTIN,ENGINE SYSTEM,SERVICE LUAR,POMPA MITSUBISHI 6D14 422-007,1200000.0,Via Dwi Amalia A
2026-08-31,Aug,8,KUMAI,PLANTATION,RUTIN,ENGINE SYSTEM,SERVICE LUAR,ARM ROLL ISUZU NPS 81 272-002,200000.0,Via Dwi Amalia A
2026-08-31,Aug,8,KUMAI,PLANTATION,RUTIN,TRANSMISSION SYSTEM,SPAREPART,ARM ROLL HINO 130 HD DA 8589 CQ 271-002,202500.0,Via Dwi Amalia A
2026-08-31,Aug,8,KUMAI,PLANTATION,RUTIN,TRANSMISSION SYSTEM,SPAREPART,ARMROLL HINO 136 HDX 272-003,202500.0,Via Dwi Amalia A
2026-08-31,Aug,8,KUMAI,PLANTATION,RUTIN,TRANSMISSION SYSTEM,SPAREPART,ARM ROLL HINO 136 HDX 272-004,202500.0,Via Dwi Amalia A
2026-08-31,Aug,8,KUMAI,PLANTATION,RUTIN,TRANSMISSION SYSTEM,SPAREPART,ARM ROLL HINO 136 HDX 272-005,202500.0,Via Dwi Amalia A
2026-08-31,Aug,8,KUMAI,PLANTATION,RUTIN,BRAKE SYSTEM,SPAREPART,DUMP TRUCK ISUZU NPS 254-002,261667.0,Via Dwi Amalia A
2026-08-31,Aug,8,KUMAI,PLANTATION,RUTIN,BRAKE SYSTEM,SPAREPART,DUMP TRUCK ISUZU NPS 254-003,261667.0,Via Dwi Amalia A
2026-08-31,Aug,8,KUMAI,PLANTATION,RUTIN,BRAKE SYSTEM,SPAREPART,DUMP TRUCK ISUZU NPS 81 254-004,261667.0,Via Dwi Amalia A
2026-08-31,Aug,8,KUMAI,PLANTATION,RUTIN,BRAKE SYSTEM,SPAREPART,DUMP TRUCK ISUZU NPS 81 254-005,261667.0,Via Dwi Amalia A
2026-08-31,Aug,8,KUMAI,PLANTATION,RUTIN,BRAKE SYSTEM,SPAREPART,DUMP TRUCK ISUZU NPS 81 254-006,261666.0,Via Dwi Amalia A
2026-08-31,Aug,8,KUMAI,PLANTATION,RUTIN,BRAKE SYSTEM,SPAREPART,DUMP TRUCK HINO 130 HD 4X4 254-008,261666.0,Via Dwi Amalia A
2026-08-31,Aug,8,KUMAI,PLANTATION,RUTIN,FRAME BODY & GUARD SYSTEM,SPAREPART,ARMROLL HINO 136 HDX 272-003,1913350.0,Via Syahrani
2026-08-31,Aug,8,KUMAI,PLANTATION,RUTIN,FRAME BODY & GUARD SYSTEM,SPAREPART,ARM ROLL HINO 136 HDX 272-005,1913350.0,Via Syahrani
2026-08-31,Aug,8,KUMAI,PLANTATION,RUTIN,ENGINE SYSTEM,SPAREPART,DUMP TRUCK HINO 130HD 251-058,1247800.0,Via Syahrani
2026-08-31,Aug,8,KUMAI,PLANTATION,RUTIN,TRANSMISSION SYSTEM,SPAREPART,EXCAVATOR HITACHI ZX138 M-F 332-043,10150000.0,Via Syahrani
2026-08-31,Aug,8,KUMAI,PLANTATION,RUTIN,BRAKE SYSTEM,SPAREPART,DUMP TRUCK HINO 130HD 251-058,185000.0,Via Dwi Amalia A
2026-08-31,Aug,8,KUMAI,PLANTATION,RUTIN,BRAKE SYSTEM,SPAREPART,DUMP TRUCK HINO 136 HDX DA 8707 JL 251-061,185000.0,Via Dwi Amalia A
2026-08-31,Aug,8,KUMAI,PLANTATION,RUTIN,BRAKE SYSTEM,SPAREPART,DUMP TRUCK HINO 136 HDX 251-062,185000.0,Via Dwi Amalia A
2026-08-31,Aug,8,KUMAI,PLANTATION,RUTIN,BRAKE SYSTEM,SPAREPART,ARM ROLL HINO 130 HD DA 8589 CQ 271-002,185000.0,Via Dwi Amalia A
2026-08-31,Aug,8,KUMAI,PLANTATION,RUTIN,BRAKE SYSTEM,SPAREPART,ARMROLL HINO 136 HDX 272-003,185000.0,Via Dwi Amalia A
2026-08-31,Aug,8,KUMAI,PLANTATION,RUTIN,BRAKE SYSTEM,SPAREPART,ARM ROLL HINO 136 HDX 272-004,185000.0,Via Dwi Amalia A
2026-08-31,Aug,8,KUMAI,PLANTATION,RUTIN,BRAKE SYSTEM,SPAREPART,ARM ROLL HINO 136 HDX 272-005,185000.0,Via Dwi Amalia A
2026-08-31,Aug,8,KUMAI,PLANTATION,RUTIN,ELECTRICAL SYSTEM,SPAREPART,EXCAVATOR KOBELCO SK200-10 332-020,90000.0,Via Dwi Amalia A
2026-08-31,Aug,8,KUMAI,PLANTATION,RUTIN,ELECTRICAL SYSTEM,SPAREPART,EXCAVATOR KOBELCO SK200-10 332-028,90000.0,Via Dwi Amalia A
2026-08-31,Aug,8,KUMAI,PLANTATION,RUTIN,ELECTRICAL SYSTEM,SPAREPART,EXCAVATOR HITACHI ZX210LC-5G LONGARM 332-030,90000.0,Via Dwi Amalia A
2026-08-31,Aug,8,KUMAI,PLANTATION,RUTIN,ELECTRICAL SYSTEM,SPAREPART,EXCAVATOR HITACHI ZX138 M-F 332-042,90000.0,Via Dwi Amalia A
2026-08-31,Aug,8,KUMAI,PLANTATION,RUTIN,ELECTRICAL SYSTEM,SPAREPART,EXCAVATOR HITACHI ZX 210 LC-5G 332-044,90000.0,Via Dwi Amalia A
2026-08-31,Aug,8,KUMAI,PLANTATION,RUTIN,ELECTRICAL SYSTEM,SPAREPART,EXCAVATOR HITACHI ZX 138 MF-5G 332-046,90000.0,Via Dwi Amalia A
2026-08-31,Aug,8,KUMAI,PLANTATION,RUTIN,ELECTRICAL SYSTEM,SPAREPART,EXCAVATOR HITACHI ZX 210G-5G 332-053,90000.0,Via Dwi Amalia A
2026-08-31,Aug,8,KUMAI,PLANTATION,RUTIN,ELECTRICAL SYSTEM,SPAREPART,EXCAVATOR HITACHI ZX 210 LC 332-054,90000.0,Via Dwi Amalia A
2026-08-31,Aug,8,KUMAI,PLANTATION,RUTIN,ELECTRICAL SYSTEM,SPAREPART,EXCAVATOR HITACHI ZX 210 332-057,90000.0,Via Dwi Amalia A
2026-08-31,Aug,8,KUMAI,PLANTATION,RUTIN,ELECTRICAL SYSTEM,SPAREPART,EXCAVATOR HITACHI ZX 210 332-058,90000.0,Via Dwi Amalia A
2026-08-31,Aug,8,KUMAI,PLANTATION,RUTIN,ELECTRICAL SYSTEM,SPAREPART,DUMP TRUCK HINO 130HD 251-058,90000.0,Via Dwi Amalia A
2026-08-31,Aug,8,KUMAI,PLANTATION,RUTIN,ELECTRICAL SYSTEM,SPAREPART,DUMP TRUCK HINO 136 HDX DA 8707 JL 251-061,90000.0,Via Dwi Amalia A
2026-08-31,Aug,8,KUMAI,PLANTATION,RUTIN,ELECTRICAL SYSTEM,SPAREPART,DUMP TRUCK HINO 136 HDX 251-062,90000.0,Via Dwi Amalia A
2026-08-31,Aug,8,KUMAI,PLANTATION,RUTIN,ELECTRICAL SYSTEM,SPAREPART,DUMP TRUCK ISUZU NPS 254-002,90000.0,Via Dwi Amalia A
2026-08-31,Aug,8,KUMAI,PLANTATION,RUTIN,ELECTRICAL SYSTEM,SPAREPART,DUMP TRUCK ISUZU NPS 254-003,90000.0,Via Dwi Amalia A
2026-08-31,Aug,8,KUMAI,PLANTATION,RUTIN,ELECTRICAL SYSTEM,SPAREPART,DUMP TRUCK ISUZU NPS 81 254-005,90000.0,Via Dwi Amalia A
2026-08-31,Aug,8,KUMAI,PLANTATION,RUTIN,ELECTRICAL SYSTEM,SPAREPART,DUMP TRUCK HINO 130 HD 4X4 254-007,90000.0,Via Dwi Amalia A
2026-08-31,Aug,8,KUMAI,PLANTATION,RUTIN,ELECTRICAL SYSTEM,SPAREPART,DUMP TRUCK HINO 130 HD 4X4 254-008,90000.0,Via Dwi Amalia A
2026-08-31,Aug,8,KUMAI,PLANTATION,RUTIN,ELECTRICAL SYSTEM,SPAREPART,DUMP TRUCK ISUZU NKR 71  B 9853 BDG 254-009,90000.0,Via Dwi Amalia A
2026-08-31,Aug,8,KUMAI,PLANTATION,RUTIN,ELECTRICAL SYSTEM,SPAREPART,DUMP TRUCK 4X4 254-010,90000.0,Via Dwi Amalia A
2026-08-31,Aug,8,SUNGAI DANAU,PLANTATION,NON RUTIN,ENGINE SYSTEM,SERVICE LUAR,BACKHOE LOADER CATTERPILLAR 426F2 361-010,1850000.0,"BUDI LUHUR SENTOSA, CV"
2026-08-31,Aug,8,TANJUNG,MINING,NON RUTIN,ENGINE SYSTEM,SPAREPART,EXCAVATOR HITACHI ZX350H-5G 332-033,2300000.0,"JAGAT TEKNIK DIGDAYA, PT"
2026-08-31,Aug,8,TANJUNG,MINING,NON RUTIN,ENGINE SYSTEM,SERVICE LUAR,EXCAVATOR HITACHI ZX350H-5G 332-033,900000.0,"JAGAT TEKNIK DIGDAYA, PT"
2026-08-31,Aug,8,TANJUNG,MINING,NON RUTIN,ENGINE SYSTEM,SPAREPART,EXCAVATOR HITACHI ZX350H-5G 332-033,13313000.0,"JAGAT TEKNIK DIGDAYA, PT"
2026-08-31,Aug,8,TANJUNG,MINING,NON RUTIN,ENGINE SYSTEM,SERVICE LUAR,EXCAVATOR HITACHI ZX350H-5G 332-033,4550000.0,"JAGAT TEKNIK DIGDAYA, PT"
2026-08-31,Aug,8,SUNGAI DANAU,PLANTATION,NON RUTIN,ENGINE SYSTEM,SPAREPART,TRUCK HINO 130 HD DA 8587 CQ 241-008,1705000.0,"DELTA PRIMA MOBILPERKASA, PT"
2026-08-31,Aug,8,SUNGAI DANAU,PLANTATION,NON RUTIN,ENGINE SYSTEM,SERVICE LUAR,MITSUBISHI TRITON DA 8827 JK 222-016,3892738.0,"SUMBER BERLIAN MOTOR, PT"
2026-08-31,Aug,8,TANJUNG,MINING,RUTIN,UNDERCARRIAGE SYSTEM,SPAREPART,BULLDOZER KOMATSU D85E 342-017,8267272.73,BY. AMORTISASI PEMBEBANAN PERBAIKAN UNIT
2026-08-31,Aug,8,BUHUT,MINING,RUTIN,UNDERCARRIAGE SYSTEM,SPAREPART,EXCAVATOR SHANTUI SE 215 W 332-051,7742181.82,BY. AMORTISASI PEMBEBANAN PERBAIKAN UNIT
2026-08-31,Aug,8,SUNGAI DANAU,PLANTATION,RUTIN,UNDERCARRIAGE SYSTEM,SPAREPART,EXCAVATOR HITACHI ZX210F-5G 332-029,9536000.0,BY. AMORTISASI PEMBEBANAN PERBAIKAN UNIT
2026-08-31,Aug,8,SUNGAI DANAU,PLANTATION,RUTIN,UNDERCARRIAGE SYSTEM,SPAREPART,BULLDOZER CAT D7G2 342-006,8694000.0,BY. AMORTISASI PEMBEBANAN PERBAIKAN UNIT
2026-08-31,Aug,8,SUNGAI DANAU,PLANTATION,RUTIN,FINAL DRIVE SYSTEM,SPAREPART,BACKHOE LOADER CAT 416 F 361-007,12615436.89,BY. AMORTISASI PEMBEBANAN PERBAIKAN UNIT
2026-08-31,Aug,8,SUNGAI DANAU,PLANTATION,RUTIN,DIFFENTTIAL & REAR AXLE SYSTEM,SPAREPART,BUS HINO 130 MDBL DA 9577 CL/ DA 7219 CD 231-001,110565.0,PEMAKAIAN PERSEDIAAN Aug 2026
2026-08-31,Aug,8,SUNGAI DANAU,PLANTATION,RUTIN,ENGINE SYSTEM,SPAREPART,BUS HINO 130 MDBL DA 9577 CL/ DA 7219 CD 231-001,360155.04,PEMAKAIAN PERSEDIAAN Aug 2026
2026-08-31,Aug,8,SUNGAI DANAU,PLANTATION,RUTIN,WHEEL & TYRE SYSTEM,SPAREPART,BUS HINO 130 MDBL DA 9577 CL/ DA 7219 CD 231-001,9716929.48,PEMAKAIAN PERSEDIAAN Aug 2026
2026-08-31,Aug,8,SUNGAI DANAU,PLANTATION,NON RUTIN,BRAKE SYSTEM,SPAREPART,BUS HINO 130 MDBL DA 9577 CL/ DA 7219 CD 231-001,278400.0,PEMAKAIAN PERSEDIAAN Aug 2026
2026-08-31,Aug,8,SUNGAI DANAU,PLANTATION,NON RUTIN,DIFFENTTIAL & REAR AXLE SYSTEM,SPAREPART,BUS HINO 130 MDBL DA 9577 CL/ DA 7219 CD 231-001,59586.85,PEMAKAIAN PERSEDIAAN Aug 2026
2026-08-31,Aug,8,SUNGAI DANAU,PLANTATION,NON RUTIN,ELECTRICAL SYSTEM,SPAREPART,BUS HINO 130 MDBL DA 9577 CL/ DA 7219 CD 231-001,1000300.0,PEMAKAIAN PERSEDIAAN Aug 2026
2026-08-31,Aug,8,SUNGAI DANAU,PLANTATION,NON RUTIN,ENGINE SYSTEM,SPAREPART,BUS HINO 130 MDBL DA 9577 CL/ DA 7219 CD 231-001,150000.0,PEMAKAIAN PERSEDIAAN Aug 2026
2026-08-31,Aug,8,SUNGAI DANAU,PLANTATION,NON RUTIN,FRAME BODY & GUARD SYSTEM,SPAREPART,BUS HINO 130 MDBL DA 9577 CL/ DA 7219 CD 231-001,10500.0,PEMAKAIAN PERSEDIAAN Aug 2026
2026-08-31,Aug,8,SUNGAI DANAU,PLANTATION,NON RUTIN,STEERING SYSTEM,SPAREPART,BUS HINO 130 MDBL DA 9577 CL/ DA 7219 CD 231-001,61806.3,PEMAKAIAN PERSEDIAAN Aug 2026
2026-08-31,Aug,8,SUNGAI DANAU,PLANTATION,NON RUTIN,SUSPENSION SYSTEM,SPAREPART,BUS HINO 130 MDBL DA 9577 CL/ DA 7219 CD 231-001,33750.0,PEMAKAIAN PERSEDIAAN Aug 2026
2026-08-31,Aug,8,SUNGAI DANAU,PLANTATION,NON RUTIN,TRANSMISSION SYSTEM,SPAREPART,BUS HINO 130 MDBL DA 9577 CL/ DA 7219 CD 231-001,75537.12,PEMAKAIAN PERSEDIAAN Aug 2026
2026-08-31,Aug,8,SUNGAI DANAU,PLANTATION,NON RUTIN,ENGINE SYSTEM,SPAREPART,BUS HINO 130 MDBL DA 9592 CL/ DA 7223 CD 231-002,312475.0,PEMAKAIAN PERSEDIAAN Aug 2026
2026-08-31,Aug,8,SUNGAI DANAU,PLANTATION,NON RUTIN,FRAME BODY & GUARD SYSTEM,SPAREPART,BUS HINO 130 MDBL DA 9592 CL/ DA 7223 CD 231-002,8000.0,PEMAKAIAN PERSEDIAAN Aug 2026
2026-08-31,Aug,8,SUNGAI DANAU,PLANTATION,NON RUTIN,TRANSMISSION SYSTEM,SPAREPART,BUS HINO 130 MDBL DA 9592 CL/ DA 7223 CD 231-002,375170.95,PEMAKAIAN PERSEDIAAN Aug 2026
2026-08-31,Aug,8,SUNGAI DANAU,PLANTATION,RUTIN,SUSPENSION SYSTEM,SPAREPART,BUS ISUZU MINI BUS F 7120 AB/DA 7026 TAJ 231-003,80645.58,PEMAKAIAN PERSEDIAAN Aug 2026
2026-08-31,Aug,8,SUNGAI DANAU,PLANTATION,NON RUTIN,ELECTRICAL SYSTEM,SPAREPART,BUS ISUZU MINI BUS F 7120 AB/DA 7026 TAJ 231-003,34457.8,PEMAKAIAN PERSEDIAAN Aug 2026
2026-08-31,Aug,8,SUNGAI DANAU,PLANTATION,NON RUTIN,FRAME BODY & GUARD SYSTEM,SPAREPART,BUS ISUZU MINI BUS F 7120 AB/DA 7026 TAJ 231-003,815359.2,PEMAKAIAN PERSEDIAAN Aug 2026
2026-08-31,Aug,8,SUNGAI DANAU,PLANTATION,RUTIN,ENGINE SYSTEM,SPAREPART,BUS HINO 130 MDBL DA 7445 CD 231-004,91974.17,PEMAKAIAN PERSEDIAAN Aug 2026
2026-08-31,Aug,8,SUNGAI DANAU,PLANTATION,RUTIN,SUSPENSION SYSTEM,SPAREPART,BUS HINO 130 MDBL DA 7445 CD 231-004,80645.58,PEMAKAIAN PERSEDIAAN Aug 2026
2026-08-31,Aug,8,SUNGAI DANAU,PLANTATION,NON RUTIN,FRAME BODY & GUARD SYSTEM,SPAREPART,BUS HINO 130 MDBL DA 7445 CD 231-004,5500.0,PEMAKAIAN PERSEDIAAN Aug 2026
2026-08-31,Aug,8,SUNGAI DANAU,PLANTATION,RUTIN,SUSPENSION SYSTEM,SPAREPART,BUS HINO 130 MDBL DA 8705 CO 231-005,80645.58,PEMAKAIAN PERSEDIAAN Aug 2026
2026-08-31,Aug,8,SUNGAI DANAU,PLANTATION,NON RUTIN,AIR CONDITIONING SYSTEM,SPAREPART,BUS HINO 130 MDBL DA 8705 CO 231-005,35000.0,PEMAKAIAN PERSEDIAAN Aug 2026
2026-08-31,Aug,8,SUNGAI DANAU,PLANTATION,RUTIN,DIFFENTTIAL & REAR AXLE SYSTEM,SPAREPART,BUS ISUZU NQR 231-006,110565.0,PEMAKAIAN PERSEDIAAN Aug 2026
2026-08-31,Aug,8,SUNGAI DANAU,PLANTATION,RUTIN,ENGINE SYSTEM,SPAREPART,BUS ISUZU NQR 231-006,286205.04,PEMAKAIAN PERSEDIAAN Aug 2026
2026-08-31,Aug,8,SUNGAI DANAU,PLANTATION,RUTIN,TRANSMISSION SYSTEM,SPAREPART,BUS ISUZU NQR 231-006,104183.13,PEMAKAIAN PERSEDIAAN Aug 2026
2026-08-31,Aug,8,SUNGAI DANAU,PLANTATION,NON RUTIN,ELECTRICAL SYSTEM,SPAREPART,BUS ISUZU NQR 231-006,775641.14,PEMAKAIAN PERSEDIAAN Aug 2026
2026-08-31,Aug,8,SUNGAI DANAU,PLANTATION,NON RUTIN,FRAME BODY & GUARD SYSTEM,SPAREPART,BUS ISUZU NQR 231-006,60019.94,PEMAKAIAN PERSEDIAAN Aug 2026
2026-08-31,Aug,8,SUNGAI DANAU,PLANTATION,RUTIN,SUSPENSION SYSTEM,SPAREPART,TRUCK HINO 136 HDX 242-004,80645.58,PEMAKAIAN PERSEDIAAN Aug 2026
2026-08-31,Aug,8,SUNGAI DANAU,PLANTATION,RUTIN,WHEEL & TYRE SYSTEM,SPAREPART,TRUCK HINO 136 HDX 242-004,4858464.74,PEMAKAIAN PERSEDIAAN Aug 2026
2026-08-31,Aug,8,SUNGAI DANAU,PLANTATION,NON RUTIN,ELECTRICAL SYSTEM,SPAREPART,TRUCK HINO 136 HDX 242-004,12852.55,PEMAKAIAN PERSEDIAAN Aug 2026
2026-08-31,Aug,8,SUNGAI DANAU,PLANTATION,RUTIN,SUSPENSION SYSTEM,SPAREPART,TRUCK HINO 136 HDX 242-005,80645.58,PEMAKAIAN PERSEDIAAN Aug 2026
2026-08-31,Aug,8,SUNGAI DANAU,PLANTATION,NON RUTIN,FRAME BODY & GUARD SYSTEM,SPAREPART,TRUCK HINO 136 HDX 242-005,289071.23,PEMAKAIAN PERSEDIAAN Aug 2026
2026-08-31,Aug,8,SUNGAI DANAU,PLANTATION,RUTIN,DIFFENTTIAL & REAR AXLE SYSTEM,SPAREPART,DUMP TRUCK HINO 130 HD DA 8206 CF 251-034,110565.0,PEMAKAIAN PERSEDIAAN Aug 2026
2026-08-31,Aug,8,SUNGAI DANAU,PLANTATION,RUTIN,ENGINE SYSTEM,SPAREPART,DUMP TRUCK HINO 130 HD DA 8206 CF 251-034,328354.48,PEMAKAIAN PERSEDIAAN Aug 2026
2026-08-31,Aug,8,SUNGAI DANAU,PLANTATION,RUTIN,SUSPENSION SYSTEM,SPAREPART,DUMP TRUCK HINO 130 HD DA 8206 CF 251-034,80645.58,PEMAKAIAN PERSEDIAAN Aug 2026
2026-08-31,Aug,8,SUNGAI DANAU,PLANTATION,RUTIN,WHEEL & TYRE SYSTEM,SPAREPART,DUMP TRUCK HINO 130 HD DA 8206 CF 251-034,2228380.18,PEMAKAIAN PERSEDIAAN Aug 2026
2026-08-31,Aug,8,SUNGAI DANAU,PLANTATION,NON RUTIN,BRAKE SYSTEM,SPAREPART,DUMP TRUCK HINO 130 HD DA 8206 CF 251-034,5244531.74,PEMAKAIAN PERSEDIAAN Aug 2026
2026-08-31,Aug,8,SUNGAI DANAU,PLANTATION,NON RUTIN,DIFFENTTIAL & REAR AXLE SYSTEM,SPAREPART,DUMP TRUCK HINO 130 HD DA 8206 CF 251-034,90000.0,PEMAKAIAN PERSEDIAAN Aug 2026
2026-08-31,Aug,8,SUNGAI DANAU,PLANTATION,NON RUTIN,ENGINE SYSTEM,SPAREPART,DUMP TRUCK HINO 130 HD DA 8206 CF 251-034,1125000.0,PEMAKAIAN PERSEDIAAN Aug 2026
2026-08-31,Aug,8,SUNGAI DANAU,PLANTATION,NON RUTIN,FINAL DRIVE SYSTEM,SPAREPART,DUMP TRUCK HINO 130 HD DA 8206 CF 251-034,240000.0,PEMAKAIAN PERSEDIAAN Aug 2026
2026-08-31,Aug,8,SUNGAI DANAU,PLANTATION,NON RUTIN,FRAME BODY & GUARD SYSTEM,SPAREPART,DUMP TRUCK HINO 130 HD DA 8206 CF 251-034,242118.76,PEMAKAIAN PERSEDIAAN Aug 2026
2026-08-31,Aug,8,SUNGAI DANAU,PLANTATION,NON RUTIN,HYDRAULIC SYSTEM,SPAREPART,DUMP TRUCK HINO 130 HD DA 8206 CF 251-034,52714.86,PEMAKAIAN PERSEDIAAN Aug 2026
2026-08-31,Aug,8,SUNGAI DANAU,PLANTATION,NON RUTIN,STEERING SYSTEM,SPAREPART,DUMP TRUCK HINO 130 HD DA 8206 CF 251-034,488077.73,PEMAKAIAN PERSEDIAAN Aug 2026
2026-08-31,Aug,8,SUNGAI DANAU,PLANTATION,NON RUTIN,SUSPENSION SYSTEM,SPAREPART,DUMP TRUCK HINO 130 HD DA 8206 CF 251-034,349549.67,PEMAKAIAN PERSEDIAAN Aug 2026
2026-08-31,Aug,8,SUNGAI DANAU,PLANTATION,RUTIN,SUSPENSION SYSTEM,SPAREPART,DUMP TRUCK HINO 130 HD DA 8207 CF 251-035,80645.58,PEMAKAIAN PERSEDIAAN Aug 2026
2026-08-31,Aug,8,SUNGAI DANAU,PLANTATION,NON RUTIN,DIFFENTTIAL & REAR AXLE SYSTEM,SPAREPART,DUMP TRUCK HINO 130 HD DA 8207 CF 251-035,129940.53,PEMAKAIAN PERSEDIAAN Aug 2026
2026-08-31,Aug,8,SUNGAI DANAU,PLANTATION,NON RUTIN,FRAME BODY & GUARD SYSTEM,SPAREPART,DUMP TRUCK HINO 130 HD DA 8207 CF 251-035,300000.0,PEMAKAIAN PERSEDIAAN Aug 2026
2026-08-31,Aug,8,SUNGAI DANAU,PLANTATION,NON RUTIN,SUSPENSION SYSTEM,SPAREPART,DUMP TRUCK HINO 130 HD DA 8207 CF 251-035,2398403.1,PEMAKAIAN PERSEDIAAN Aug 2026
2026-08-31,Aug,8,SUNGAI DANAU,PLANTATION,RUTIN,AIR SYSTEM,SPAREPART,DUMP TRUCK HINO 130 HD DA 8209 CF 251-036,80554.88,PEMAKAIAN PERSEDIAAN Aug 2026
2026-08-31,Aug,8,SUNGAI DANAU,PLANTATION,RUTIN,DIFFENTTIAL & REAR AXLE SYSTEM,SPAREPART,DUMP TRUCK HINO 130 HD DA 8209 CF 251-036,110565.0,PEMAKAIAN PERSEDIAAN Aug 2026
2026-08-31,Aug,8,SUNGAI DANAU,PLANTATION,RUTIN,ENGINE SYSTEM,SPAREPART,DUMP TRUCK HINO 130 HD DA 8209 CF 251-036,468883.3,PEMAKAIAN PERSEDIAAN Aug 2026
2026-08-31,Aug,8,SUNGAI DANAU,PLANTATION,RUTIN,SUSPENSION SYSTEM,SPAREPART,DUMP TRUCK HINO 130 HD DA 8209 CF 251-036,80645.58,PEMAKAIAN PERSEDIAAN Aug 2026
2026-08-31,Aug,8,SUNGAI DANAU,PLANTATION,RUTIN,TRANSMISSION SYSTEM,SPAREPART,DUMP TRUCK HINO 130 HD DA 8209 CF 251-036,104183.13,PEMAKAIAN PERSEDIAAN Aug 2026
2026-08-31,Aug,8,SUNGAI DANAU,PLANTATION,RUTIN,WHEEL & TYRE SYSTEM,SPAREPART,DUMP TRUCK HINO 130 HD DA 8209 CF 251-036,4858464.74,PEMAKAIAN PERSEDIAAN Aug 2026
2026-08-31,Aug,8,SUNGAI DANAU,PLANTATION,NON RUTIN,ELECTRICAL SYSTEM,SPAREPART,DUMP TRUCK HINO 130 HD DA 8209 CF 251-036,5716.23,PEMAKAIAN PERSEDIAAN Aug 2026
2026-08-31,Aug,8,SUNGAI DANAU,PLANTATION,NON RUTIN,HYDRAULIC SYSTEM,SPAREPART,DUMP TRUCK HINO 130 HD DA 8209 CF 251-036,131787.15,PEMAKAIAN PERSEDIAAN Aug 2026
2026-08-31,Aug,8,SUNGAI DANAU,PLANTATION,NON RUTIN,SUSPENSION SYSTEM,SPAREPART,DUMP TRUCK HINO 130 HD DA 8209 CF 251-036,611290.9,PEMAKAIAN PERSEDIAAN Aug 2026
2026-08-31,Aug,8,SUNGAI DANAU,PLANTATION,RUTIN,ENGINE SYSTEM,SPAREPART,DUMP TRUCK HINO 130 HD DA 8674 CO 251-037,394933.3,PEMAKAIAN PERSEDIAAN Aug 2026
2026-08-31,Aug,8,SUNGAI DANAU,PLANTATION,RUTIN,SUSPENSION SYSTEM,SPAREPART,DUMP TRUCK HINO 130 HD DA 8674 CO 251-037,80645.58,PEMAKAIAN PERSEDIAAN Aug 2026
2026-08-31,Aug,8,SUNGAI DANAU,PLANTATION,RUTIN,TRANSMISSION SYSTEM,SPAREPART,DUMP TRUCK HINO 130 HD DA 8674 CO 251-037,104183.13,PEMAKAIAN PERSEDIAAN Aug 2026
2026-08-31,Aug,8,SUNGAI DANAU,PLANTATION,RUTIN,WHEEL & TYRE SYSTEM,SPAREPART,DUMP TRUCK HINO 130 HD DA 8674 CO 251-037,2228380.18,PEMAKAIAN PERSEDIAAN Aug 2026
2026-08-31,Aug,8,SUNGAI DANAU,PLANTATION,NON RUTIN,BRAKE SYSTEM,SPAREPART,DUMP TRUCK HINO 130 HD DA 8674 CO 251-037,34042.72,PEMAKAIAN PERSEDIAAN Aug 2026
2026-08-31,Aug,8,SUNGAI DANAU,PLANTATION,NON RUTIN,DIFFENTTIAL & REAR AXLE SYSTEM,SPAREPART,DUMP TRUCK HINO 130 HD DA 8674 CO 251-037,90272.91,PEMAKAIAN PERSEDIAAN Aug 2026
2026-08-31,Aug,8,SUNGAI DANAU,PLANTATION,NON RUTIN,ELECTRICAL SYSTEM,SPAREPART,DUMP TRUCK HINO 130 HD DA 8674 CO 251-037,65000.0,PEMAKAIAN PERSEDIAAN Aug 2026
2026-08-31,Aug,8,SUNGAI DANAU,PLANTATION,NON RUTIN,ENGINE SYSTEM,SPAREPART,DUMP TRUCK HINO 130 HD DA 8674 CO 251-037,92657.33,PEMAKAIAN PERSEDIAAN Aug 2026
2026-08-31,Aug,8,SUNGAI DANAU,PLANTATION,NON RUTIN,FRAME BODY & GUARD SYSTEM,SPAREPART,DUMP TRUCK HINO 130 HD DA 8674 CO 251-037,16004.18,PEMAKAIAN PERSEDIAAN Aug 2026
2026-08-31,Aug,8,SUNGAI DANAU,PLANTATION,NON RUTIN,STEERING SYSTEM,SPAREPART,DUMP TRUCK HINO 130 HD DA 8674 CO 251-037,768767.7,PEMAKAIAN PERSEDIAAN Aug 2026
2026-08-31,Aug,8,SUNGAI DANAU,PLANTATION,NON RUTIN,SUSPENSION SYSTEM,SPAREPART,DUMP TRUCK HINO 130 HD DA 8674 CO 251-037,326818.62,PEMAKAIAN PERSEDIAAN Aug 2026
2026-08-31,Aug,8,SUNGAI DANAU,PLANTATION,RUTIN,AIR SYSTEM,SPAREPART,DUMP TRUCK HINO 130 HD DA 8675 CO 251-038,80554.88,PEMAKAIAN PERSEDIAAN Aug 2026
2026-08-31,Aug,8,SUNGAI DANAU,PLANTATION,RUTIN,DIFFENTTIAL & REAR AXLE SYSTEM,SPAREPART,DUMP TRUCK HINO 130 HD DA 8675 CO 251-038,110565.0,PEMAKAIAN PERSEDIAAN Aug 2026
2026-08-31,Aug,8,SUNGAI DANAU,PLANTATION,RUTIN,ENGINE SYSTEM,SPAREPART,DUMP TRUCK HINO 130 HD DA 8675 CO 251-038,286205.04,PEMAKAIAN PERSEDIAAN Aug 2026
2026-08-31,Aug,8,SUNGAI DANAU,PLANTATION,RUTIN,SUSPENSION SYSTEM,SPAREPART,DUMP TRUCK HINO 130 HD DA 8675 CO 251-038,80645.58,PEMAKAIAN PERSEDIAAN Aug 2026
2026-08-31,Aug,8,SUNGAI DANAU,PLANTATION,NON RUTIN,BRAKE SYSTEM,SPAREPART,DUMP TRUCK HINO 130 HD DA 8675 CO 251-038,1614034.05,PEMAKAIAN PERSEDIAAN Aug 2026
2026-08-31,Aug,8,SUNGAI DANAU,PLANTATION,NON RUTIN,DIFFENTTIAL & REAR AXLE SYSTEM,SPAREPART,DUMP TRUCK HINO 130 HD DA 8675 CO 251-038,833945.36,PEMAKAIAN PERSEDIAAN Aug 2026
2026-08-31,Aug,8,SUNGAI DANAU,PLANTATION,NON RUTIN,FINAL DRIVE SYSTEM,SPAREPART,DUMP TRUCK HINO 130 HD DA 8675 CO 251-038,120000.0,PEMAKAIAN PERSEDIAAN Aug 2026
2026-08-31,Aug,8,SUNGAI DANAU,PLANTATION,NON RUTIN,FRAME BODY & GUARD SYSTEM,SPAREPART,DUMP TRUCK HINO 130 HD DA 8675 CO 251-038,6668796.85,PEMAKAIAN PERSEDIAAN Aug 2026
2026-08-31,Aug,8,SUNGAI DANAU,PLANTATION,NON RUTIN,STEERING SYSTEM,SPAREPART,DUMP TRUCK HINO 130 HD DA 8675 CO 251-038,4653099.74,PEMAKAIAN PERSEDIAAN Aug 2026
2026-08-31,Aug,8,SUNGAI DANAU,PLANTATION,NON RUTIN,SUSPENSION SYSTEM,SPAREPART,DUMP TRUCK HINO 130 HD DA 8675 CO 251-038,888961.76,PEMAKAIAN PERSEDIAAN Aug 2026
2026-08-31,Aug,8,SUNGAI DANAU,PLANTATION,RUTIN,SUSPENSION SYSTEM,SPAREPART,DUMP TRUCK HINO 130 HD DA 8678 CO 251-039,80645.58,PEMAKAIAN PERSEDIAAN Aug 2026
2026-08-31,Aug,8,SUNGAI DANAU,PLANTATION,NON RUTIN,BRAKE SYSTEM,SPAREPART,DUMP TRUCK HINO 130 HD DA 8678 CO 251-039,17021.36,PEMAKAIAN PERSEDIAAN Aug 2026
2026-08-31,Aug,8,SUNGAI DANAU,PLANTATION,NON RUTIN,FRAME BODY & GUARD SYSTEM,SPAREPART,DUMP TRUCK HINO 130 HD DA 8678 CO 251-039,1700.0,PEMAKAIAN PERSEDIAAN Aug 2026
2026-08-31,Aug,8,SUNGAI DANAU,PLANTATION,NON RUTIN,STEERING SYSTEM,SPAREPART,DUMP TRUCK HINO 130 HD DA 8678 CO 251-039,34347.82,PEMAKAIAN PERSEDIAAN Aug 2026
2026-08-31,Aug,8,SUNGAI DANAU,PLANTATION,NON RUTIN,SUSPENSION SYSTEM,SPAREPART,DUMP TRUCK HINO 130 HD DA 8678 CO 251-039,367005.55,PEMAKAIAN PERSEDIAAN Aug 2026
2026-08-31,Aug,8,SUNGAI DANAU,PLANTATION,NON RUTIN,TRANSMISSION SYSTEM,SPAREPART,DUMP TRUCK HINO 130 HD DA 8678 CO 251-039,298675.0,PEMAKAIAN PERSEDIAAN Aug 2026
2026-08-31,Aug,8,SUNGAI DANAU,PLANTATION,RUTIN,ENGINE SYSTEM,SPAREPART,DUMP TRUCK HINO 130 HD DA 8679 CO 251-040,286205.04,PEMAKAIAN PERSEDIAAN Aug 2026
2026-08-31,Aug,8,SUNGAI DANAU,PLANTATION,RUTIN,SUSPENSION SYSTEM,SPAREPART,DUMP TRUCK HINO 130 HD DA 8679 CO 251-040,80645.58,PEMAKAIAN PERSEDIAAN Aug 2026
2026-08-31,Aug,8,SUNGAI DANAU,PLANTATION,RUTIN,WHEEL & TYRE SYSTEM,SPAREPART,DUMP TRUCK HINO 130 HD DA 8679 CO 251-040,9315225.1,PEMAKAIAN PERSEDIAAN Aug 2026
2026-08-31,Aug,8,SUNGAI DANAU,PLANTATION,NON RUTIN,ELECTRICAL SYSTEM,SPAREPART,DUMP TRUCK HINO 130 HD DA 8679 CO 251-040,14650.0,PEMAKAIAN PERSEDIAAN Aug 2026
2026-08-31,Aug,8,SUNGAI DANAU,PLANTATION,NON RUTIN,ENGINE SYSTEM,SPAREPART,DUMP TRUCK HINO 130 HD DA 8679 CO 251-040,3000.0,PEMAKAIAN PERSEDIAAN Aug 2026
2026-08-31,Aug,8,SUNGAI DANAU,PLANTATION,NON RUTIN,FRAME BODY & GUARD SYSTEM,SPAREPART,DUMP TRUCK HINO 130 HD DA 8679 CO 251-040,9421.36,PEMAKAIAN PERSEDIAAN Aug 2026
2026-08-31,Aug,8,SUNGAI DANAU,PLANTATION,NON RUTIN,STEERING SYSTEM,SPAREPART,DUMP TRUCK HINO 130 HD DA 8679 CO 251-040,567580.8,PEMAKAIAN PERSEDIAAN Aug 2026
2026-08-31,Aug,8,SUNGAI DANAU,PLANTATION,NON RUTIN,SUSPENSION SYSTEM,SPAREPART,DUMP TRUCK HINO 130 HD DA 8679 CO 251-040,367005.55,PEMAKAIAN PERSEDIAAN Aug 2026
2026-08-31,Aug,8,SUNGAI DANAU,PLANTATION,RUTIN,ENGINE SYSTEM,SPAREPART,DUMP TRUCK HINO 130 HD DA 8680 CO 251-041,356508.3,PEMAKAIAN PERSEDIAAN Aug 2026
2026-08-31,Aug,8,SUNGAI DANAU,PLANTATION,RUTIN,SUSPENSION SYSTEM,SPAREPART,DUMP TRUCK HINO 130 HD DA 8680 CO 251-041,80645.58,PEMAKAIAN PERSEDIAAN Aug 2026
2026-08-31,Aug,8,SUNGAI DANAU,PLANTATION,RUTIN,TRANSMISSION SYSTEM,SPAREPART,DUMP TRUCK HINO 130 HD DA 8680 CO 251-041,104183.13,PEMAKAIAN PERSEDIAAN Aug 2026
2026-08-31,Aug,8,SUNGAI DANAU,PLANTATION,RUTIN,WHEEL & TYRE SYSTEM,SPAREPART,DUMP TRUCK HINO 130 HD DA 8680 CO 251-041,4858464.74,PEMAKAIAN PERSEDIAAN Aug 2026
2026-08-31,Aug,8,SUNGAI DANAU,PLANTATION,NON RUTIN,ATTACHMENT SYSTEM,SPAREPART,DUMP TRUCK HINO 130 HD DA 8680 CO 251-041,70000.0,PEMAKAIAN PERSEDIAAN Aug 2026
2026-08-31,Aug,8,SUNGAI DANAU,PLANTATION,NON RUTIN,BRAKE SYSTEM,SPAREPART,DUMP TRUCK HINO 130 HD DA 8680 CO 251-041,93517.31,PEMAKAIAN PERSEDIAAN Aug 2026
2026-08-31,Aug,8,SUNGAI DANAU,PLANTATION,NON RUTIN,ELECTRICAL SYSTEM,SPAREPART,DUMP TRUCK HINO 130 HD DA 8680 CO 251-041,78443.46,PEMAKAIAN PERSEDIAAN Aug 2026
2026-08-31,Aug,8,SUNGAI DANAU,PLANTATION,NON RUTIN,FRAME BODY & GUARD SYSTEM,SPAREPART,DUMP TRUCK HINO 130 HD DA 8680 CO 251-041,8850.0,PEMAKAIAN PERSEDIAAN Aug 2026
2026-08-31,Aug,8,SUNGAI DANAU,PLANTATION,NON RUTIN,HYDRAULIC SYSTEM,SPAREPART,DUMP TRUCK HINO 130 HD DA 8680 CO 251-041,52714.86,PEMAKAIAN PERSEDIAAN Aug 2026
2026-08-31,Aug,8,SUNGAI DANAU,PLANTATION,NON RUTIN,SUSPENSION SYSTEM,SPAREPART,DUMP TRUCK HINO 130 HD DA 8680 CO 251-041,123474.83,PEMAKAIAN PERSEDIAAN Aug 2026
2026-08-31,Aug,8,SUNGAI DANAU,PLANTATION,NON RUTIN,TRANSMISSION SYSTEM,SPAREPART,DUMP TRUCK HINO 130 HD DA 8680 CO 251-041,298675.0,PEMAKAIAN PERSEDIAAN Aug 2026
2026-08-31,Aug,8,SUNGAI DANAU,PLANTATION,RUTIN,ENGINE SYSTEM,SPAREPART,DUMP TRUCK HINO 130 HD DA 8681 CO 251-042,356508.3,PEMAKAIAN PERSEDIAAN Aug 2026
2026-08-31,Aug,8,SUNGAI DANAU,PLANTATION,RUTIN,SUSPENSION SYSTEM,SPAREPART,DUMP TRUCK HINO 130 HD DA 8681 CO 251-042,80645.58,PEMAKAIAN PERSEDIAAN Aug 2026
2026-08-31,Aug,8,SUNGAI DANAU,PLANTATION,RUTIN,TRANSMISSION SYSTEM,SPAREPART,DUMP TRUCK HINO 130 HD DA 8681 CO 251-042,104183.13,PEMAKAIAN PERSEDIAAN Aug 2026
2026-08-31,Aug,8,SUNGAI DANAU,PLANTATION,RUTIN,WHEEL & TYRE SYSTEM,SPAREPART,DUMP TRUCK HINO 130 HD DA 8681 CO 251-042,4456760.36,PEMAKAIAN PERSEDIAAN Aug 2026
2026-08-31,Aug,8,SUNGAI DANAU,PLANTATION,NON RUTIN,BRAKE SYSTEM,SPAREPART,DUMP TRUCK HINO 130 HD DA 8681 CO 251-042,356623.22,PEMAKAIAN PERSEDIAAN Aug 2026
2026-08-31,Aug,8,SUNGAI DANAU,PLANTATION,NON RUTIN,DIFFENTTIAL & REAR AXLE SYSTEM,SPAREPART,DUMP TRUCK HINO 130 HD DA 8681 CO 251-042,179501.43,PEMAKAIAN PERSEDIAAN Aug 2026
2026-08-31,Aug,8,SUNGAI DANAU,PLANTATION,NON RUTIN,ENGINE SYSTEM,SPAREPART,DUMP TRUCK HINO 130 HD DA 8681 CO 251-042,2218500.0,PEMAKAIAN PERSEDIAAN Aug 2026
2026-08-31,Aug,8,SUNGAI DANAU,PLANTATION,NON RUTIN,FRAME BODY & GUARD SYSTEM,SPAREPART,DUMP TRUCK HINO 130 HD DA 8681 CO 251-042,341239.06,PEMAKAIAN PERSEDIAAN Aug 2026
2026-08-31,Aug,8,SUNGAI DANAU,PLANTATION,NON RUTIN,SUSPENSION SYSTEM,SPAREPART,DUMP TRUCK HINO 130 HD DA 8681 CO 251-042,345566.01,PEMAKAIAN PERSEDIAAN Aug 2026
2026-08-31,Aug,8,SUNGAI DANAU,PLANTATION,NON RUTIN,TRANSMISSION SYSTEM,SPAREPART,DUMP TRUCK HINO 130 HD DA 8681 CO 251-042,1961537.12,PEMAKAIAN PERSEDIAAN Aug 2026
2026-08-31,Aug,8,SUNGAI DANAU,PLANTATION,RUTIN,SUSPENSION SYSTEM,SPAREPART,DUMP TRUCK HINO 130HD DA 8571 CP 251-044,80645.58,PEMAKAIAN PERSEDIAAN Aug 2026
2026-08-31,Aug,8,SUNGAI DANAU,PLANTATION,NON RUTIN,BRAKE SYSTEM,SPAREPART,DUMP TRUCK HINO 130HD DA 8571 CP 251-044,114734.49,PEMAKAIAN PERSEDIAAN Aug 2026
2026-08-31,Aug,8,SUNGAI DANAU,PLANTATION,NON RUTIN,DIFFENTTIAL & REAR AXLE SYSTEM,SPAREPART,DUMP TRUCK HINO 130HD DA 8571 CP 251-044,324848.23,PEMAKAIAN PERSEDIAAN Aug 2026
2026-08-31,Aug,8,SUNGAI DANAU,PLANTATION,NON RUTIN,FRAME BODY & GUARD SYSTEM,SPAREPART,DUMP TRUCK HINO 130HD DA 8571 CP 251-044,308923.08,PEMAKAIAN PERSEDIAAN Aug 2026
2026-08-31,Aug,8,SUNGAI DANAU,PLANTATION,NON RUTIN,STEERING SYSTEM,SPAREPART,DUMP TRUCK HINO 130HD DA 8571 CP 251-044,564080.8,PEMAKAIAN PERSEDIAAN Aug 2026
2026-08-31,Aug,8,SUNGAI DANAU,PLANTATION,NON RUTIN,SUSPENSION SYSTEM,SPAREPART,DUMP TRUCK HINO 130HD DA 8571 CP 251-044,1698952.58,PEMAKAIAN PERSEDIAAN Aug 2026
2026-08-31,Aug,8,SUNGAI DANAU,PLANTATION,NON RUTIN,WHEEL & TYRE SYSTEM,SPAREPART,DUMP TRUCK HINO 130HD DA 8571 CP 251-044,732322.62,PEMAKAIAN PERSEDIAAN Aug 2026
2026-08-31,Aug,8,SUNGAI DANAU,PLANTATION,RUTIN,AIR SYSTEM,SPAREPART,DUMP TRUCK HINO 130 HD DA 8643 CQ 251-045,80554.88,PEMAKAIAN PERSEDIAAN Aug 2026
2026-08-31,Aug,8,SUNGAI DANAU,PLANTATION,RUTIN,DIFFENTTIAL & REAR AXLE SYSTEM,SPAREPART,DUMP TRUCK HINO 130 HD DA 8643 CQ 251-045,110565.0,PEMAKAIAN PERSEDIAAN Aug 2026
2026-08-31,Aug,8,SUNGAI DANAU,PLANTATION,RUTIN,ENGINE SYSTEM,SPAREPART,DUMP TRUCK HINO 130 HD DA 8643 CQ 251-045,468883.3,PEMAKAIAN PERSEDIAAN Aug 2026
2026-08-31,Aug,8,SUNGAI DANAU,PLANTATION,RUTIN,SUSPENSION SYSTEM,SPAREPART,DUMP TRUCK HINO 130 HD DA 8643 CQ 251-045,80645.58,PEMAKAIAN PERSEDIAAN Aug 2026
2026-08-31,Aug,8,SUNGAI DANAU,PLANTATION,RUTIN,TRANSMISSION SYSTEM,SPAREPART,DUMP TRUCK HINO 130 HD DA 8643 CQ 251-045,104183.13,PEMAKAIAN PERSEDIAAN Aug 2026
2026-08-31,Aug,8,SUNGAI DANAU,PLANTATION,RUTIN,ENGINE SYSTEM,SPAREPART,DUMP TRUCK HINO 130 HD DA 8642 CQ 251-046,286205.04,PEMAKAIAN PERSEDIAAN Aug 2026
2026-08-31,Aug,8,SUNGAI DANAU,PLANTATION,RUTIN,SUSPENSION SYSTEM,SPAREPART,DUMP TRUCK HINO 130 HD DA 8642 CQ 251-046,80645.58,PEMAKAIAN PERSEDIAAN Aug 2026
2026-08-31,Aug,8,SUNGAI DANAU,PLANTATION,NON RUTIN,BRAKE SYSTEM,SPAREPART,DUMP TRUCK HINO 130 HD DA 8642 CQ 251-046,356623.22,PEMAKAIAN PERSEDIAAN Aug 2026
2026-08-31,Aug,8,SUNGAI DANAU,PLANTATION,NON RUTIN,SUSPENSION SYSTEM,SPAREPART,DUMP TRUCK HINO 130 HD DA 8642 CQ 251-046,33681.86,PEMAKAIAN PERSEDIAAN Aug 2026
2026-08-31,Aug,8,SUNGAI DANAU,PLANTATION,RUTIN,AIR SYSTEM,SPAREPART,DUMP TRUCK HINO 130 HD DA 8923 CV 251-047,80554.88,PEMAKAIAN PERSEDIAAN Aug 2026
2026-08-31,Aug,8,SUNGAI DANAU,PLANTATION,RUTIN,DIFFENTTIAL & REAR AXLE SYSTEM,SPAREPART,DUMP TRUCK HINO 130 HD DA 8923 CV 251-047,110565.0,PEMAKAIAN PERSEDIAAN Aug 2026
2026-08-31,Aug,8,SUNGAI DANAU,PLANTATION,RUTIN,ENGINE SYSTEM,SPAREPART,DUMP TRUCK HINO 130 HD DA 8923 CV 251-047,360155.04,PEMAKAIAN PERSEDIAAN Aug 2026
2026-08-31,Aug,8,SUNGAI DANAU,PLANTATION,RUTIN,SUSPENSION SYSTEM,SPAREPART,DUMP TRUCK HINO 130 HD DA 8923 CV 251-047,80645.58,PEMAKAIAN PERSEDIAAN Aug 2026
2026-08-31,Aug,8,SUNGAI DANAU,PLANTATION,RUTIN,WHEEL & TYRE SYSTEM,SPAREPART,DUMP TRUCK HINO 130 HD DA 8923 CV 251-047,2228380.18,PEMAKAIAN PERSEDIAAN Aug 2026
2026-08-31,Aug,8,SUNGAI DANAU,PLANTATION,NON RUTIN,BRAKE SYSTEM,SPAREPART,DUMP TRUCK HINO 130 HD DA 8923 CV 251-047,9103825.0,PEMAKAIAN PERSEDIAAN Aug 2026
2026-08-31,Aug,8,SUNGAI DANAU,PLANTATION,NON RUTIN,DIFFENTTIAL & REAR AXLE SYSTEM,SPAREPART,DUMP TRUCK HINO 130 HD DA 8923 CV 251-047,725427.74,PEMAKAIAN PERSEDIAAN Aug 2026
2026-08-31,Aug,8,SUNGAI DANAU,PLANTATION,NON RUTIN,ELECTRICAL SYSTEM,SPAREPART,DUMP TRUCK HINO 130 HD DA 8923 CV 251-047,161483.37,PEMAKAIAN PERSEDIAAN Aug 2026
2026-08-31,Aug,8,SUNGAI DANAU,PLANTATION,NON RUTIN,ENGINE SYSTEM,SPAREPART,DUMP TRUCK HINO 130 HD DA 8923 CV 251-047,75147.98,PEMAKAIAN PERSEDIAAN Aug 2026
2026-08-31,Aug,8,SUNGAI DANAU,PLANTATION,RUTIN,ENGINE SYSTEM,SPAREPART,DUMP TRUCK HINO 130 HD DA 8921 CV 251-048,286205.04,PEMAKAIAN PERSEDIAAN Aug 2026
2026-08-31,Aug,8,SUNGAI DANAU,PLANTATION,RUTIN,SUSPENSION SYSTEM,SPAREPART,DUMP TRUCK HINO 130 HD DA 8921 CV 251-048,80645.58,PEMAKAIAN PERSEDIAAN Aug 2026
2026-08-31,Aug,8,SUNGAI DANAU,PLANTATION,NON RUTIN,BRAKE SYSTEM,SPAREPART,DUMP TRUCK HINO 130 HD DA 8921 CV 251-048,390665.94,PEMAKAIAN PERSEDIAAN Aug 2026
2026-08-31,Aug,8,SUNGAI DANAU,PLANTATION,NON RUTIN,ENGINE SYSTEM,SPAREPART,DUMP TRUCK HINO 130 HD DA 8921 CV 251-048,58500.0,PEMAKAIAN PERSEDIAAN Aug 2026
2026-08-31,Aug,8,SUNGAI DANAU,PLANTATION,NON RUTIN,FRAME BODY & GUARD SYSTEM,SPAREPART,DUMP TRUCK HINO 130 HD DA 8921 CV 251-048,52715.84,PEMAKAIAN PERSEDIAAN Aug 2026
2026-08-31,Aug,8,SUNGAI DANAU,PLANTATION,NON RUTIN,SUSPENSION SYSTEM,SPAREPART,DUMP TRUCK HINO 130 HD DA 8921 CV 251-048,953005.55,PEMAKAIAN PERSEDIAAN Aug 2026
2026-08-31,Aug,8,SUNGAI DANAU,PLANTATION,RUTIN,SUSPENSION SYSTEM,SPAREPART,DUMP TRUCK HINO 130 HD DA 8924 CV 251-049,161291.16,PEMAKAIAN PERSEDIAAN Aug 2026
2026-08-31,Aug,8,SUNGAI DANAU,PLANTATION,NON RUTIN,BRAKE SYSTEM,SPAREPART,DUMP TRUCK HINO 130 HD DA 8924 CV 251-049,356623.22,PEMAKAIAN PERSEDIAAN Aug 2026
2026-08-31,Aug,8,SUNGAI DANAU,PLANTATION,NON RUTIN,ELECTRICAL SYSTEM,SPAREPART,DUMP TRUCK HINO 130 HD DA 8924 CV 251-049,65000.0,PEMAKAIAN PERSEDIAAN Aug 2026
2026-08-31,Aug,8,SUNGAI DANAU,PLANTATION,NON RUTIN,TRANSMISSION SYSTEM,SPAREPART,DUMP TRUCK HINO 130 HD DA 8924 CV 251-049,371366.77,PEMAKAIAN PERSEDIAAN Aug 2026
2026-08-31,Aug,8,SUNGAI DANAU,PLANTATION,RUTIN,SUSPENSION SYSTEM,SPAREPART,DUMP TRUCK HINO 130 HD DA 8925 CV 251-050,80645.58,PEMAKAIAN PERSEDIAAN Aug 2026
2026-08-31,Aug,8,SUNGAI DANAU,PLANTATION,NON RUTIN,ELECTRICAL SYSTEM,SPAREPART,DUMP TRUCK HINO 130 HD DA 8925 CV 251-050,21000.0,PEMAKAIAN PERSEDIAAN Aug 2026
2026-08-31,Aug,8,SUNGAI DANAU,PLANTATION,NON RUTIN,FRAME BODY & GUARD SYSTEM,SPAREPART,DUMP TRUCK HINO 130 HD DA 8925 CV 251-050,1331468.92,PEMAKAIAN PERSEDIAAN Aug 2026
2026-08-31,Aug,8,SUNGAI DANAU,PLANTATION,RUTIN,SUSPENSION SYSTEM,SPAREPART,DUMP TRUCK HINO 130 HD DA 8012 CZ 251-051,80645.58,PEMAKAIAN PERSEDIAAN Aug 2026
2026-08-31,Aug,8,SUNGAI DANAU,PLANTATION,RUTIN,WHEEL & TYRE SYSTEM,SPAREPART,DUMP TRUCK HINO 130 HD DA 8012 CZ 251-051,4858464.74,PEMAKAIAN PERSEDIAAN Aug 2026
2026-08-31,Aug,8,SUNGAI DANAU,PLANTATION,NON RUTIN,ELECTRICAL SYSTEM,SPAREPART,DUMP TRUCK HINO 130 HD DA 8012 CZ 251-051,150800.0,PEMAKAIAN PERSEDIAAN Aug 2026
2026-08-31,Aug,8,SUNGAI DANAU,PLANTATION,RUTIN,SUSPENSION SYSTEM,SPAREPART,DUMP TRUCK HINO 130 HD DA 8013 CZ 251-052,80645.58,PEMAKAIAN PERSEDIAAN Aug 2026
2026-08-31,Aug,8,SUNGAI DANAU,PLANTATION,NON RUTIN,FRAME BODY & GUARD SYSTEM,SPAREPART,DUMP TRUCK HINO 130 HD DA 8013 CZ 251-052,657.84,PEMAKAIAN PERSEDIAAN Aug 2026
2026-08-31,Aug,8,SUNGAI DANAU,PLANTATION,NON RUTIN,STEERING SYSTEM,SPAREPART,DUMP TRUCK HINO 130 HD DA 8013 CZ 251-052,137809.37,PEMAKAIAN PERSEDIAAN Aug 2026
2026-08-31,Aug,8,SUNGAI DANAU,PLANTATION,RUTIN,ENGINE SYSTEM,SPAREPART,DUMP TRUCK HINO 130 HD DA 8014 CZ 251-053,286205.04,PEMAKAIAN PERSEDIAAN Aug 2026
2026-08-31,Aug,8,SUNGAI DANAU,PLANTATION,RUTIN,SUSPENSION SYSTEM,SPAREPART,DUMP TRUCK HINO 130 HD DA 8014 CZ 251-053,80645.58,PEMAKAIAN PERSEDIAAN Aug 2026
2026-08-31,Aug,8,SUNGAI DANAU,PLANTATION,NON RUTIN,BRAKE SYSTEM,SPAREPART,DUMP TRUCK HINO 130 HD DA 8014 CZ 251-053,569993.72,PEMAKAIAN PERSEDIAAN Aug 2026
2026-08-31,Aug,8,SUNGAI DANAU,PLANTATION,NON RUTIN,ELECTRICAL SYSTEM,SPAREPART,DUMP TRUCK HINO 130 HD DA 8014 CZ 251-053,65000.0,PEMAKAIAN PERSEDIAAN Aug 2026
2026-08-31,Aug,8,SUNGAI DANAU,PLANTATION,NON RUTIN,FRAME BODY & GUARD SYSTEM,SPAREPART,DUMP TRUCK HINO 130 HD DA 8014 CZ 251-053,75965.84,PEMAKAIAN PERSEDIAAN Aug 2026
2026-08-31,Aug,8,SUNGAI DANAU,PLANTATION,RUTIN,SUSPENSION SYSTEM,SPAREPART,DUMP TRUCK HINO 130 HD DA 8016 CZ 251-054,80645.58,PEMAKAIAN PERSEDIAAN Aug 2026
2026-08-31,Aug,8,SUNGAI DANAU,PLANTATION,RUTIN,WHEEL & TYRE SYSTEM,SPAREPART,DUMP TRUCK HINO 130 HD DA 8016 CZ 251-054,7086844.92,PEMAKAIAN PERSEDIAAN Aug 2026
2026-08-31,Aug,8,SUNGAI DANAU,PLANTATION,NON RUTIN,BRAKE SYSTEM,SPAREPART,DUMP TRUCK HINO 130 HD DA 8016 CZ 251-054,58725.0,PEMAKAIAN PERSEDIAAN Aug 2026
2026-08-31,Aug,8,SUNGAI DANAU,PLANTATION,NON RUTIN,DIFFENTTIAL & REAR AXLE SYSTEM,SPAREPART,DUMP TRUCK HINO 130 HD DA 8016 CZ 251-054,119173.7,PEMAKAIAN PERSEDIAAN Aug 2026
2026-08-31,Aug,8,SUNGAI DANAU,PLANTATION,NON RUTIN,ELECTRICAL SYSTEM,SPAREPART,DUMP TRUCK HINO 130 HD DA 8016 CZ 251-054,6700.0,PEMAKAIAN PERSEDIAAN Aug 2026
2026-08-31,Aug,8,SUNGAI DANAU,PLANTATION,NON RUTIN,ENGINE SYSTEM,SPAREPART,DUMP TRUCK HINO 130 HD DA 8016 CZ 251-054,102026.12,PEMAKAIAN PERSEDIAAN Aug 2026
2026-08-31,Aug,8,SUNGAI DANAU,PLANTATION,NON RUTIN,FRAME BODY & GUARD SYSTEM,SPAREPART,DUMP TRUCK HINO 130 HD DA 8016 CZ 251-054,8000.0,PEMAKAIAN PERSEDIAAN Aug 2026
2026-08-31,Aug,8,SUNGAI DANAU,PLANTATION,NON RUTIN,HYDRAULIC SYSTEM,SPAREPART,DUMP TRUCK HINO 130 HD DA 8016 CZ 251-054,191048.2,PEMAKAIAN PERSEDIAAN Aug 2026
2026-08-31,Aug,8,SUNGAI DANAU,PLANTATION,NON RUTIN,SUSPENSION SYSTEM,SPAREPART,DUMP TRUCK HINO 130 HD DA 8016 CZ 251-054,1473560.97,PEMAKAIAN PERSEDIAAN Aug 2026
2026-08-31,Aug,8,SUNGAI DANAU,PLANTATION,NON RUTIN,TRANSMISSION SYSTEM,SPAREPART,DUMP TRUCK HINO 130 HD DA 8016 CZ 251-054,2223479.14,PEMAKAIAN PERSEDIAAN Aug 2026
2026-08-31,Aug,8,SUNGAI DANAU,PLANTATION,RUTIN,DIFFENTTIAL & REAR AXLE SYSTEM,SPAREPART,DUMP TRUCK HINO 130 HD DA 8015 CZ 251-055,110565.0,PEMAKAIAN PERSEDIAAN Aug 2026
2026-08-31,Aug,8,SUNGAI DANAU,PLANTATION,RUTIN,ENGINE SYSTEM,SPAREPART,DUMP TRUCK HINO 130 HD DA 8015 CZ 251-055,360155.04,PEMAKAIAN PERSEDIAAN Aug 2026
2026-08-31,Aug,8,SUNGAI DANAU,PLANTATION,RUTIN,SUSPENSION SYSTEM,SPAREPART,DUMP TRUCK HINO 130 HD DA 8015 CZ 251-055,80645.58,PEMAKAIAN PERSEDIAAN Aug 2026
2026-08-31,Aug,8,SUNGAI DANAU,PLANTATION,NON RUTIN,BRAKE SYSTEM,SPAREPART,DUMP TRUCK HINO 130 HD DA 8015 CZ 251-055,34042.72,PEMAKAIAN PERSEDIAAN Aug 2026
2026-08-31,Aug,8,SUNGAI DANAU,PLANTATION,NON RUTIN,DIFFENTTIAL & REAR AXLE SYSTEM,SPAREPART,DUMP TRUCK HINO 130 HD DA 8015 CZ 251-055,254636.55,PEMAKAIAN PERSEDIAAN Aug 2026
2026-08-31,Aug,8,SUNGAI DANAU,PLANTATION,NON RUTIN,ELECTRICAL SYSTEM,SPAREPART,DUMP TRUCK HINO 130 HD DA 8015 CZ 251-055,65000.0,PEMAKAIAN PERSEDIAAN Aug 2026
2026-08-31,Aug,8,SUNGAI DANAU,PLANTATION,NON RUTIN,FRAME BODY & GUARD SYSTEM,SPAREPART,DUMP TRUCK HINO 130 HD DA 8015 CZ 251-055,3804.18,PEMAKAIAN PERSEDIAAN Aug 2026
2026-08-31,Aug,8,SUNGAI DANAU,PLANTATION,NON RUTIN,HYDRAULIC SYSTEM,SPAREPART,DUMP TRUCK HINO 130 HD DA 8015 CZ 251-055,105000.0,PEMAKAIAN PERSEDIAAN Aug 2026
2026-08-31,Aug,8,SUNGAI DANAU,PLANTATION,NON RUTIN,SUSPENSION SYSTEM,SPAREPART,DUMP TRUCK HINO 130 HD DA 8015 CZ 251-055,243508.78,PEMAKAIAN PERSEDIAAN Aug 2026
2026-08-31,Aug,8,SUNGAI DANAU,PLANTATION,NON RUTIN,TRANSMISSION SYSTEM,SPAREPART,DUMP TRUCK HINO 130 HD DA 8015 CZ 251-055,40537.12,PEMAKAIAN PERSEDIAAN Aug 2026
2026-08-31,Aug,8,SUNGAI DANAU,PLANTATION,RUTIN,ENGINE SYSTEM,SPAREPART,DUMP TRUCK HINO 130 HD 25-85 251-056,477357.69,PEMAKAIAN PERSEDIAAN Aug 2026
2026-08-31,Aug,8,SUNGAI DANAU,PLANTATION,RUTIN,TRANSMISSION SYSTEM,SPAREPART,DUMP TRUCK HINO 130 HD 25-85 251-056,104183.13,PEMAKAIAN PERSEDIAAN Aug 2026
2026-08-31,Aug,8,SUNGAI DANAU,PLANTATION,RUTIN,WHEEL & TYRE SYSTEM,SPAREPART,DUMP TRUCK HINO 130 HD 25-85 251-056,4858464.74,PEMAKAIAN PERSEDIAAN Aug 2026
2026-08-31,Aug,8,SUNGAI DANAU,PLANTATION,NON RUTIN,ELECTRICAL SYSTEM,SPAREPART,DUMP TRUCK HINO 130 HD 25-85 251-056,354574.28,PEMAKAIAN PERSEDIAAN Aug 2026
2026-08-31,Aug,8,SUNGAI DANAU,PLANTATION,NON RUTIN,FRAME BODY & GUARD SYSTEM,SPAREPART,DUMP TRUCK HINO 130 HD 25-85 251-056,10500.0,PEMAKAIAN PERSEDIAAN Aug 2026
2026-08-31,Aug,8,SUNGAI DANAU,PLANTATION,NON RUTIN,HYDRAULIC SYSTEM,SPAREPART,DUMP TRUCK HINO 130 HD 25-85 251-056,105429.72,PEMAKAIAN PERSEDIAAN Aug 2026
2026-08-31,Aug,8,SUNGAI DANAU,PLANTATION,RUTIN,DIFFENTTIAL & REAR AXLE SYSTEM,SPAREPART,DUMP TRUCK HINO 130 HD 25-86 251-057,110565.0,PEMAKAIAN PERSEDIAAN Aug 2026
2026-08-31,Aug,8,SUNGAI DANAU,PLANTATION,RUTIN,ENGINE SYSTEM,SPAREPART,DUMP TRUCK HINO 130 HD 25-86 251-057,452491.71,PEMAKAIAN PERSEDIAAN Aug 2026
2026-08-31,Aug,8,SUNGAI DANAU,PLANTATION,RUTIN,WHEEL & TYRE SYSTEM,SPAREPART,DUMP TRUCK HINO 130 HD 25-86 251-057,4858464.74,PEMAKAIAN PERSEDIAAN Aug 2026
2026-08-31,Aug,8,SUNGAI DANAU,PLANTATION,NON RUTIN,BRAKE SYSTEM,SPAREPART,DUMP TRUCK HINO 130 HD 25-86 251-057,402470.12,PEMAKAIAN PERSEDIAAN Aug 2026
2026-08-31,Aug,8,SUNGAI DANAU,PLANTATION,NON RUTIN,DIFFENTTIAL & REAR AXLE SYSTEM,SPAREPART,DUMP TRUCK HINO 130 HD 25-86 251-057,129912.91,PEMAKAIAN PERSEDIAAN Aug 2026
2026-08-31,Aug,8,SUNGAI DANAU,PLANTATION,NON RUTIN,FRAME BODY & GUARD SYSTEM,SPAREPART,DUMP TRUCK HINO 130 HD 25-86 251-057,5000.0,PEMAKAIAN PERSEDIAAN Aug 2026
2026-08-31,Aug,8,SUNGAI DANAU,PLANTATION,NON RUTIN,TRANSMISSION SYSTEM,SPAREPART,DUMP TRUCK HINO 130 HD 25-86 251-057,371366.77,PEMAKAIAN PERSEDIAAN Aug 2026
2026-08-31,Aug,8,SUNGAI DANAU,PLANTATION,RUTIN,ENGINE SYSTEM,SPAREPART,DUMP TRUCK HINO 130HD DA 8476 JJ 251-060,286205.04,PEMAKAIAN PERSEDIAAN Aug 2026
2026-08-31,Aug,8,SUNGAI DANAU,PLANTATION,RUTIN,WHEEL & TYRE SYSTEM,SPAREPART,DUMP TRUCK HINO 130HD DA 8476 JJ 251-060,4858464.74,PEMAKAIAN PERSEDIAAN Aug 2026
2026-08-31,Aug,8,SUNGAI DANAU,PLANTATION,NON RUTIN,BRAKE SYSTEM,SPAREPART,DUMP TRUCK HINO 130HD DA 8476 JJ 251-060,34042.72,PEMAKAIAN PERSEDIAAN Aug 2026
2026-08-31,Aug,8,SUNGAI DANAU,PLANTATION,NON RUTIN,ELECTRICAL SYSTEM,SPAREPART,DUMP TRUCK HINO 130HD DA 8476 JJ 251-060,2632208.0,PEMAKAIAN PERSEDIAAN Aug 2026
2026-08-31,Aug,8,SUNGAI DANAU,PLANTATION,NON RUTIN,FRAME BODY & GUARD SYSTEM,SPAREPART,DUMP TRUCK HINO 130HD DA 8476 JJ 251-060,15204.18,PEMAKAIAN PERSEDIAAN Aug 2026
2026-08-31,Aug,8,SUNGAI DANAU,PLANTATION,RUTIN,ENGINE SYSTEM,SPAREPART,DUMPTRUCK 136 HDX 251-063,286205.04,PEMAKAIAN PERSEDIAAN Aug 2026
2026-08-31,Aug,8,SUNGAI DANAU,PLANTATION,NON RUTIN,FRAME BODY & GUARD SYSTEM,SPAREPART,DUMPTRUCK 136 HDX 251-063,668220.28,PEMAKAIAN PERSEDIAAN Aug 2026
2026-08-31,Aug,8,SUNGAI DANAU,PLANTATION,NON RUTIN,SUSPENSION SYSTEM,SPAREPART,DUMPTRUCK 136 HDX 251-063,112222.22,PEMAKAIAN PERSEDIAAN Aug 2026
2026-08-31,Aug,8,SUNGAI DANAU,PLANTATION,RUTIN,ENGINE SYSTEM,SPAREPART,DUMPTRUCK HINO 136 HDX 251-064,286205.04,PEMAKAIAN PERSEDIAAN Aug 2026
2026-08-31,Aug,8,SUNGAI DANAU,PLANTATION,NON RUTIN,ATTACHMENT SYSTEM,SPAREPART,DUMPTRUCK HINO 136 HDX 251-064,140000.0,PEMAKAIAN PERSEDIAAN Aug 2026
2026-08-31,Aug,8,SUNGAI DANAU,PLANTATION,NON RUTIN,FRAME BODY & GUARD SYSTEM,SPAREPART,DUMPTRUCK HINO 136 HDX 251-064,16000.0,PEMAKAIAN PERSEDIAAN Aug 2026
2026-08-31,Aug,8,SUNGAI DANAU,PLANTATION,NON RUTIN,ELECTRICAL SYSTEM,SPAREPART,TRUCK TANGKI HINO 130 HD DA 8606 CL 261-011,150800.0,PEMAKAIAN PERSEDIAAN Aug 2026
2026-08-31,Aug,8,SUNGAI DANAU,PLANTATION,NON RUTIN,ENGINE SYSTEM,SPAREPART,TRUCK TANGKI HINO 130 HD DA 8606 CL 261-011,63601.12,PEMAKAIAN PERSEDIAAN Aug 2026
2026-08-31,Aug,8,SUNGAI DANAU,PLANTATION,NON RUTIN,FRAME BODY & GUARD SYSTEM,SPAREPART,TRUCK TANGKI HINO 130 HD DA 8606 CL 261-011,32000.0,PEMAKAIAN PERSEDIAAN Aug 2026
2026-08-31,Aug,8,SUNGAI DANAU,PLANTATION,NON RUTIN,DIFFENTTIAL & REAR AXLE SYSTEM,SPAREPART,TRUCK TANGKI HINO 130 HD DA 8607 CL 261-012,1892378.32,PEMAKAIAN PERSEDIAAN Aug 2026
2026-08-31,Aug,8,SUNGAI DANAU,PLANTATION,NON RUTIN,FINAL DRIVE SYSTEM,SPAREPART,TRUCK TANGKI HINO 130 HD DA 8607 CL 261-012,782900.0,PEMAKAIAN PERSEDIAAN Aug 2026
2026-08-31,Aug,8,SUNGAI DANAU,PLANTATION,NON RUTIN,FRAME BODY & GUARD SYSTEM,SPAREPART,TRUCK TANGKI HINO 130 HD DA 8607 CL 261-012,32000.0,PEMAKAIAN PERSEDIAAN Aug 2026
2026-08-31,Aug,8,SUNGAI DANAU,PLANTATION,RUTIN,ENGINE SYSTEM,SPAREPART,TRUCK TANGKI HINO 130 HD DA 8597 CN 261-013,318005.6,PEMAKAIAN PERSEDIAAN Aug 2026
2026-08-31,Aug,8,SUNGAI DANAU,PLANTATION,NON RUTIN,FRAME BODY & GUARD SYSTEM,SPAREPART,TRUCK TANGKI HINO 130 HD DA 8597 CN 261-013,52550.0,PEMAKAIAN PERSEDIAAN Aug 2026
2026-08-31,Aug,8,SUNGAI DANAU,PLANTATION,RUTIN,WHEEL & TYRE SYSTEM,SPAREPART,TRUCK TANGKI HINO 130 HD DA 8598 CN 261-014,7298984.98,PEMAKAIAN PERSEDIAAN Aug 2026
2026-08-31,Aug,8,SUNGAI DANAU,PLANTATION,NON RUTIN,DIFFENTTIAL & REAR AXLE SYSTEM,SPAREPART,TRUCK TANGKI HINO 130 HD DA 8598 CN 261-014,1230997.1,PEMAKAIAN PERSEDIAAN Aug 2026
2026-08-31,Aug,8,SUNGAI DANAU,PLANTATION,NON RUTIN,ELECTRICAL SYSTEM,SPAREPART,TRUCK TANGKI HINO 130 HD DA 8598 CN 261-014,5406.76,PEMAKAIAN PERSEDIAAN Aug 2026
2026-08-31,Aug,8,SUNGAI DANAU,PLANTATION,NON RUTIN,FRAME BODY & GUARD SYSTEM,SPAREPART,TRUCK TANGKI HINO 130 HD DA 8598 CN 261-014,1053473.92,PEMAKAIAN PERSEDIAAN Aug 2026
2026-08-31,Aug,8,SUNGAI DANAU,PLANTATION,NON RUTIN,STEERING SYSTEM,SPAREPART,TRUCK TANGKI HINO 130 HD DA 8598 CN 261-014,34347.82,PEMAKAIAN PERSEDIAAN Aug 2026
2026-08-31,Aug,8,SUNGAI DANAU,PLANTATION,NON RUTIN,SUSPENSION SYSTEM,SPAREPART,TRUCK TANGKI HINO 130 HD DA 8598 CN 261-014,523195.58,PEMAKAIAN PERSEDIAAN Aug 2026
2026-08-31,Aug,8,SUNGAI DANAU,PLANTATION,NON RUTIN,ENGINE SYSTEM,SPAREPART,TRUCK TANGKI HINO 130 HD DA 8569 CP 262-003,5459722.98,PEMAKAIAN PERSEDIAAN Aug 2026
2026-08-31,Aug,8,SUNGAI DANAU,PLANTATION,NON RUTIN,FRAME BODY & GUARD SYSTEM,SPAREPART,TRUCK TANGKI HINO 130 HD DA 8569 CP 262-003,32000.0,PEMAKAIAN PERSEDIAAN Aug 2026
2026-08-31,Aug,8,SUNGAI DANAU,PLANTATION,NON RUTIN,SUSPENSION SYSTEM,SPAREPART,TRUCK TANGKI HINO 130 HD DA 8569 CP 262-003,1923854.17,PEMAKAIAN PERSEDIAAN Aug 2026
2026-08-31,Aug,8,SUNGAI DANAU,PLANTATION,NON RUTIN,ELECTRICAL SYSTEM,SPAREPART,TRUCK TANGKI HINO 130 HD DA 8567 CP 262-004,975000.0,PEMAKAIAN PERSEDIAAN Aug 2026
2026-08-31,Aug,8,SUNGAI DANAU,PLANTATION,NON RUTIN,ENGINE SYSTEM,SPAREPART,TRUCK TANGKI HINO 130 HD DA 8567 CP 262-004,5390996.36,PEMAKAIAN PERSEDIAAN Aug 2026
2026-08-31,Aug,8,SUNGAI DANAU,PLANTATION,NON RUTIN,FRAME BODY & GUARD SYSTEM,SPAREPART,TRUCK TANGKI HINO 130 HD DA 8567 CP 262-004,53274.06,PEMAKAIAN PERSEDIAAN Aug 2026
2026-08-31,Aug,8,SUNGAI DANAU,PLANTATION,NON RUTIN,ENGINE SYSTEM,SPAREPART,TRUCK TANGKI HINO FG235 DA 8170 CR 262-005,5384575.0,PEMAKAIAN PERSEDIAAN Aug 2026
2026-08-31,Aug,8,SUNGAI DANAU,PLANTATION,NON RUTIN,FRAME BODY & GUARD SYSTEM,SPAREPART,TRUCK TANGKI HINO FG235 DA 8170 CR 262-005,320916.8,PEMAKAIAN PERSEDIAAN Aug 2026
2026-08-31,Aug,8,SUNGAI DANAU,PLANTATION,NON RUTIN,SUSPENSION SYSTEM,SPAREPART,TRUCK TANGKI HINO FG235 DA 8170 CR 262-005,250525.0,PEMAKAIAN PERSEDIAAN Aug 2026
2026-08-31,Aug,8,SUNGAI DANAU,PLANTATION,RUTIN,DIFFENTTIAL & REAR AXLE SYSTEM,SPAREPART,TRUCK TANGKI HINO FG 235 DA 8171 CR 262-006,368550.0,PEMAKAIAN PERSEDIAAN Aug 2026
2026-08-31,Aug,8,SUNGAI DANAU,PLANTATION,RUTIN,ENGINE SYSTEM,SPAREPART,TRUCK TANGKI HINO FG 235 DA 8171 CR 262-006,477008.4,PEMAKAIAN PERSEDIAAN Aug 2026
2026-08-31,Aug,8,SUNGAI DANAU,PLANTATION,NON RUTIN,ELECTRICAL SYSTEM,SPAREPART,TRUCK TANGKI HINO FG 235 DA 8171 CR 262-006,7000.0,PEMAKAIAN PERSEDIAAN Aug 2026
2026-08-31,Aug,8,SUNGAI DANAU,PLANTATION,NON RUTIN,ENGINE SYSTEM,SPAREPART,TRUCK TANGKI HINO FG 235 DA 8171 CR 262-006,5384575.0,PEMAKAIAN PERSEDIAAN Aug 2026
2026-08-31,Aug,8,SUNGAI DANAU,PLANTATION,NON RUTIN,FRAME BODY & GUARD SYSTEM,SPAREPART,TRUCK TANGKI HINO FG 235 DA 8171 CR 262-006,64347.71,PEMAKAIAN PERSEDIAAN Aug 2026
2026-08-31,Aug,8,SUNGAI DANAU,PLANTATION,NON RUTIN,STEERING SYSTEM,SPAREPART,TRUCK TANGKI HINO FG 235 DA 8171 CR 262-006,31212.12,PEMAKAIAN PERSEDIAAN Aug 2026
2026-08-31,Aug,8,SUNGAI DANAU,PLANTATION,RUTIN,WHEEL & TYRE SYSTEM,SPAREPART,TRUCK TANGKI HINO FG 235 DA 8342 JD 262-007,8311520.0,PEMAKAIAN PERSEDIAAN Aug 2026
2026-08-31,Aug,8,SUNGAI DANAU,PLANTATION,NON RUTIN,DIFFENTTIAL & REAR AXLE SYSTEM,SPAREPART,TRUCK TANGKI HINO FG 235 DA 8342 JD 262-007,194300.0,PEMAKAIAN PERSEDIAAN Aug 2026
2026-08-31,Aug,8,SUNGAI DANAU,PLANTATION,NON RUTIN,ENGINE SYSTEM,SPAREPART,TRUCK TANGKI HINO FG 235 DA 8342 JD 262-007,5384575.0,PEMAKAIAN PERSEDIAAN Aug 2026
2026-08-31,Aug,8,SUNGAI DANAU,PLANTATION,NON RUTIN,FRAME BODY & GUARD SYSTEM,SPAREPART,TRUCK TANGKI HINO FG 235 DA 8342 JD 262-007,55014.86,PEMAKAIAN PERSEDIAAN Aug 2026
2026-08-31,Aug,8,SUNGAI DANAU,PLANTATION,NON RUTIN,SUSPENSION SYSTEM,SPAREPART,TRUCK TANGKI HINO FG 235 DA 8342 JD 262-007,2641463.22,PEMAKAIAN PERSEDIAAN Aug 2026
2026-08-31,Aug,8,SUNGAI DANAU,PLANTATION,RUTIN,WHEEL & TYRE SYSTEM,SPAREPART,TRUCK TANGKI HINO FG 235 DA 8343 JD 262-008,10264976.22,PEMAKAIAN PERSEDIAAN Aug 2026
2026-08-31,Aug,8,SUNGAI DANAU,PLANTATION,NON RUTIN,ENGINE SYSTEM,SPAREPART,TRUCK TANGKI HINO FG 235 DA 8343 JD 262-008,5388068.58,PEMAKAIAN PERSEDIAAN Aug 2026
2026-08-31,Aug,8,SUNGAI DANAU,PLANTATION,NON RUTIN,FRAME BODY & GUARD SYSTEM,SPAREPART,TRUCK TANGKI HINO FG 235 DA 8343 JD 262-008,53939.87,PEMAKAIAN PERSEDIAAN Aug 2026
2026-08-31,Aug,8,SUNGAI DANAU,PLANTATION,NON RUTIN,WHEEL & TYRE SYSTEM,SPAREPART,TRUCK TANGKI HINO FG 235 DA 8343 JD 262-008,93103.18,PEMAKAIAN PERSEDIAAN Aug 2026
2026-08-31,Aug,8,SUNGAI DANAU,PLANTATION,RUTIN,WHEEL & TYRE SYSTEM,SPAREPART,TRUCK TANGKI HINO FG 235 JK DA 8110 JI 262-009,4155760.0,PEMAKAIAN PERSEDIAAN Aug 2026
2026-08-31,Aug,8,SUNGAI DANAU,PLANTATION,NON RUTIN,ENGINE SYSTEM,SPAREPART,TRUCK TANGKI HINO FG 235 JK DA 8110 JI 262-009,1500.0,PEMAKAIAN PERSEDIAAN Aug 2026
2026-08-31,Aug,8,SUNGAI DANAU,PLANTATION,NON RUTIN,FRAME BODY & GUARD SYSTEM,SPAREPART,TRUCK TANGKI HINO FG 235 JK DA 8110 JI 262-009,702000.0,PEMAKAIAN PERSEDIAAN Aug 2026
2026-08-31,Aug,8,SUNGAI DANAU,PLANTATION,NON RUTIN,SUSPENSION SYSTEM,SPAREPART,TRUCK TANGKI HINO FG 235 JK DA 8110 JI 262-009,909200.0,PEMAKAIAN PERSEDIAAN Aug 2026
2026-08-31,Aug,8,SUNGAI DANAU,PLANTATION,RUTIN,ENGINE SYSTEM,SPAREPART,TRUCK TANGKI HINO FM 260 DA 8112 JI 262-010,477008.4,PEMAKAIAN PERSEDIAAN Aug 2026
2026-08-31,Aug,8,SUNGAI DANAU,PLANTATION,NON RUTIN,FRAME BODY & GUARD SYSTEM,SPAREPART,TRUCK TANGKI HINO FM 260 DA 8112 JI 262-010,48000.0,PEMAKAIAN PERSEDIAAN Aug 2026
2026-08-31,Aug,8,SUNGAI DANAU,PLANTATION,NON RUTIN,STEERING SYSTEM,SPAREPART,TRUCK TANGKI HINO FM 260 DA 8112 JI 262-010,24000.0,PEMAKAIAN PERSEDIAAN Aug 2026
2026-08-31,Aug,8,SUNGAI DANAU,PLANTATION,NON RUTIN,SUSPENSION SYSTEM,SPAREPART,TRUCK TANGKI HINO FM 260 DA 8112 JI 262-010,535416.66,PEMAKAIAN PERSEDIAAN Aug 2026
2026-08-31,Aug,8,SUNGAI DANAU,PLANTATION,NON RUTIN,ENGINE SYSTEM,SPAREPART,TRUCK TANGKI HINO FG260JK DA 8381 GB 262-011,37573.99,PEMAKAIAN PERSEDIAAN Aug 2026
2026-08-31,Aug,8,SUNGAI DANAU,PLANTATION,NON RUTIN,FRAME BODY & GUARD SYSTEM,SPAREPART,TRUCK TANGKI HINO FG260JK DA 8381 GB 262-011,16000.0,PEMAKAIAN PERSEDIAAN Aug 2026
2026-08-31,Aug,8,SUNGAI DANAU,PLANTATION,RUTIN,WHEEL & TYRE SYSTEM,SPAREPART,ARM ROLL HINO 130 HD DA 8590 CQ 271-001,4456760.36,PEMAKAIAN PERSEDIAAN Aug 2026
2026-08-31,Aug,8,SUNGAI DANAU,PLANTATION,NON RUTIN,ELECTRICAL SYSTEM,SPAREPART,ARM ROLL HINO 130 HD DA 8590 CQ 271-001,26852.55,PEMAKAIAN PERSEDIAAN Aug 2026
2026-08-31,Aug,8,SUNGAI DANAU,PLANTATION,NON RUTIN,FRAME BODY & GUARD SYSTEM,SPAREPART,ARM ROLL HINO 130 HD DA 8590 CQ 271-001,8000.0,PEMAKAIAN PERSEDIAAN Aug 2026
2026-08-31,Aug,8,SUNGAI DANAU,PLANTATION,NON RUTIN,HYDRAULIC SYSTEM,SPAREPART,ARM ROLL HINO 130 HD DA 8590 CQ 271-001,263574.3,PEMAKAIAN PERSEDIAAN Aug 2026
2026-08-31,Aug,8,SUNGAI DANAU,PLANTATION,NON RUTIN,SUSPENSION SYSTEM,SPAREPART,ARM ROLL HINO 130 HD DA 8590 CQ 271-001,325000.0,PEMAKAIAN PERSEDIAAN Aug 2026
2026-08-31,Aug,8,SUNGAI DANAU,PLANTATION,RUTIN,AIR SYSTEM,SPAREPART,ARM ROLL HINO 130 HD DA 8508 JG 271-003,80554.88,PEMAKAIAN PERSEDIAAN Aug 2026
2026-08-31,Aug,8,SUNGAI DANAU,PLANTATION,RUTIN,DIFFENTTIAL & REAR AXLE SYSTEM,SPAREPART,ARM ROLL HINO 130 HD DA 8508 JG 271-003,110565.0,PEMAKAIAN PERSEDIAAN Aug 2026
2026-08-31,Aug,8,SUNGAI DANAU,PLANTATION,RUTIN,ENGINE SYSTEM,SPAREPART,ARM ROLL HINO 130 HD DA 8508 JG 271-003,477437.75,PEMAKAIAN PERSEDIAAN Aug 2026
2026-08-31,Aug,8,SUNGAI DANAU,PLANTATION,RUTIN,TRANSMISSION SYSTEM,SPAREPART,ARM ROLL HINO 130 HD DA 8508 JG 271-003,104183.13,PEMAKAIAN PERSEDIAAN Aug 2026
2026-08-31,Aug,8,SUNGAI DANAU,PLANTATION,RUTIN,WHEEL & TYRE SYSTEM,SPAREPART,ARM ROLL HINO 130 HD DA 8508 JG 271-003,4456760.36,PEMAKAIAN PERSEDIAAN Aug 2026
2026-08-31,Aug,8,SUNGAI DANAU,PLANTATION,NON RUTIN,ENGINE SYSTEM,SPAREPART,ARM ROLL HINO 130 HD DA 8508 JG 271-003,37573.99,PEMAKAIAN PERSEDIAAN Aug 2026
2026-08-31,Aug,8,SUNGAI DANAU,PLANTATION,NON RUTIN,FRAME BODY & GUARD SYSTEM,SPAREPART,ARM ROLL HINO 130 HD DA 8508 JG 271-003,24000.0,PEMAKAIAN PERSEDIAAN Aug 2026
2026-08-31,Aug,8,SUNGAI DANAU,PLANTATION,NON RUTIN,HYDRAULIC SYSTEM,SPAREPART,ARM ROLL HINO 130 HD DA 8508 JG 271-003,131787.15,PEMAKAIAN PERSEDIAAN Aug 2026
2026-08-31,Aug,8,SUNGAI DANAU,PLANTATION,NON RUTIN,STEERING SYSTEM,SPAREPART,ARM ROLL HINO 130 HD DA 8508 JG 271-003,4653099.74,PEMAKAIAN PERSEDIAAN Aug 2026
2026-08-31,Aug,8,SUNGAI DANAU,PLANTATION,NON RUTIN,BRAKE SYSTEM,SPAREPART,ARM ROLL HINO 130 HD DA 8337 JJ 271-004,37846.9,PEMAKAIAN PERSEDIAAN Aug 2026
2026-08-31,Aug,8,SUNGAI DANAU,PLANTATION,NON RUTIN,FRAME BODY & GUARD SYSTEM,SPAREPART,ARM ROLL HINO 130 HD DA 8337 JJ 271-004,45518.27,PEMAKAIAN PERSEDIAAN Aug 2026
2026-08-31,Aug,8,SUNGAI DANAU,PLANTATION,NON RUTIN,SUSPENSION SYSTEM,SPAREPART,ARM ROLL HINO 130 HD DA 8337 JJ 271-004,745086.69,PEMAKAIAN PERSEDIAAN Aug 2026
2026-08-31,Aug,8,SUNGAI DANAU,PLANTATION,NON RUTIN,FRAME BODY & GUARD SYSTEM,SPAREPART,TRAILER MITSUBISHI FV 419P DA 9295 CC 311-002,58798.69,PEMAKAIAN PERSEDIAAN Aug 2026
2026-08-31,Aug,8,SUNGAI DANAU,PLANTATION,NON RUTIN,ELECTRICAL SYSTEM,SPAREPART,EXCAVATOR HITACHI ZX 210 F-5G 332-040,19265.31,PEMAKAIAN PERSEDIAAN Aug 2026
2026-08-31,Aug,8,SUNGAI DANAU,PLANTATION,NON RUTIN,ELECTRICAL SYSTEM,SPAREPART,EXCAVATOR HITACHI ZX48U-5A-CST 331-001,1650000.0,PEMAKAIAN PERSEDIAAN Aug 2026
2026-08-31,Aug,8,SUNGAI DANAU,PLANTATION,NON RUTIN,FRAME BODY & GUARD SYSTEM,SPAREPART,EXCAVATOR HITACHI ZX48U-5A-CST 331-001,702181.42,PEMAKAIAN PERSEDIAAN Aug 2026
2026-08-31,Aug,8,SUNGAI DANAU,PLANTATION,NON RUTIN,FRAME BODY & GUARD SYSTEM,SPAREPART,EXCAVATOR HITACHI ZX33U-5A 331-002,717936.9,PEMAKAIAN PERSEDIAAN Aug 2026
2026-08-31,Aug,8,SUNGAI DANAU,PLANTATION,NON RUTIN,HYDRAULIC SYSTEM,SPAREPART,EXCAVATOR HITACHI ZX33U-5A 331-002,1436914.4,PEMAKAIAN PERSEDIAAN Aug 2026
2026-08-31,Aug,8,SUNGAI DANAU,PLANTATION,RUTIN,ENGINE SYSTEM,SPAREPART,EXCAVATOR HITACHI ZX 48U-5A 331-003,131006.91,PEMAKAIAN PERSEDIAAN Aug 2026
2026-08-31,Aug,8,SUNGAI DANAU,PLANTATION,NON RUTIN,ENGINE SYSTEM,SPAREPART,EXCAVATOR HITACHI ZX 48U-5A 331-003,5443568.0,PEMAKAIAN PERSEDIAAN Aug 2026
2026-08-31,Aug,8,SUNGAI DANAU,PLANTATION,NON RUTIN,FRAME BODY & GUARD SYSTEM,SPAREPART,EXCAVATOR HITACHI ZX 48U-5A 331-003,697746.42,PEMAKAIAN PERSEDIAAN Aug 2026
2026-08-31,Aug,8,SUNGAI DANAU,PLANTATION,NON RUTIN,ELECTRICAL SYSTEM,SPAREPART,EXCAVATOR HITACHI ZX48U-5A (331-004),40225.41,PEMAKAIAN PERSEDIAAN Aug 2026
2026-08-31,Aug,8,SUNGAI DANAU,PLANTATION,NON RUTIN,FRAME BODY & GUARD SYSTEM,SPAREPART,EXCAVATOR HITACHI ZX48U-5A (331-004),869651.18,PEMAKAIAN PERSEDIAAN Aug 2026
2026-08-31,Aug,8,SUNGAI DANAU,PLANTATION,NON RUTIN,HYDRAULIC SYSTEM,SPAREPART,EXCAVATOR HITACHI ZX48U-5A (331-004),179614.3,PEMAKAIAN PERSEDIAAN Aug 2026
2026-08-31,Aug,8,SUNGAI DANAU,PLANTATION,RUTIN,ENGINE SYSTEM,SPAREPART,EXCAVATOR KOBELCO SK200-10 332-025,2063242.2,PEMAKAIAN PERSEDIAAN Aug 2026
2026-08-31,Aug,8,SUNGAI DANAU,PLANTATION,NON RUTIN,FRAME BODY & GUARD SYSTEM,SPAREPART,EXCAVATOR KOBELCO SK200-10 332-025,747585.45,PEMAKAIAN PERSEDIAAN Aug 2026
2026-08-31,Aug,8,SUNGAI DANAU,PLANTATION,NON RUTIN,HYDRAULIC SYSTEM,SPAREPART,EXCAVATOR KOBELCO SK200-10 332-025,4957354.68,PEMAKAIAN PERSEDIAAN Aug 2026
2026-08-31,Aug,8,SUNGAI DANAU,PLANTATION,RUTIN,DIFFENTTIAL & REAR AXLE SYSTEM,SPAREPART,EXCAVATOR HITACHI ZX210F-5G 332-029,1252225.0,PEMAKAIAN PERSEDIAAN Aug 2026
2026-08-31,Aug,8,SUNGAI DANAU,PLANTATION,RUTIN,ENGINE SYSTEM,SPAREPART,EXCAVATOR HITACHI ZX210F-5G 332-029,1385097.96,PEMAKAIAN PERSEDIAAN Aug 2026
2026-08-31,Aug,8,SUNGAI DANAU,PLANTATION,NON RUTIN,FRAME BODY & GUARD SYSTEM,SPAREPART,EXCAVATOR HITACHI ZX210F-5G 332-029,1070000.0,PEMAKAIAN PERSEDIAAN Aug 2026
2026-08-31,Aug,8,SUNGAI DANAU,PLANTATION,NON RUTIN,HYDRAULIC SYSTEM,SPAREPART,EXCAVATOR HITACHI ZX210F-5G 332-029,243100.0,PEMAKAIAN PERSEDIAAN Aug 2026
2026-08-31,Aug,8,SUNGAI DANAU,PLANTATION,NON RUTIN,UNDERCARRIAGE SYSTEM,SPAREPART,EXCAVATOR HITACHI ZX210F-5G 332-029,3953850.0,PEMAKAIAN PERSEDIAAN Aug 2026
2026-08-31,Aug,8,SUNGAI DANAU,PLANTATION,NON RUTIN,FRAME BODY & GUARD SYSTEM,SPAREPART,EXCAVATOR HITACHI ZX210F-5G 332-034,20190.48,PEMAKAIAN PERSEDIAAN Aug 2026
2026-08-31,Aug,8,SUNGAI DANAU,PLANTATION,NON RUTIN,HYDRAULIC SYSTEM,SPAREPART,EXCAVATOR HITACHI ZX210F-5G 332-034,359228.6,PEMAKAIAN PERSEDIAAN Aug 2026
2026-08-31,Aug,8,SUNGAI DANAU,PLANTATION,RUTIN,ENGINE SYSTEM,SPAREPART,EXCAVATOR HITACHI ZX210F-5G 332-035,1385097.96,PEMAKAIAN PERSEDIAAN Aug 2026
2026-08-31,Aug,8,SUNGAI DANAU,PLANTATION,NON RUTIN,FRAME BODY & GUARD SYSTEM,SPAREPART,EXCAVATOR HITACHI ZX210F-5G 332-035,722746.42,PEMAKAIAN PERSEDIAAN Aug 2026
2026-08-31,Aug,8,SUNGAI DANAU,PLANTATION,NON RUTIN,HYDRAULIC SYSTEM,SPAREPART,EXCAVATOR HITACHI ZX210F-5G 332-035,145000.0,PEMAKAIAN PERSEDIAAN Aug 2026
2026-08-31,Aug,8,SUNGAI DANAU,PLANTATION,NON RUTIN,ENGINE SYSTEM,SPAREPART,EXCAVATOR HITACHI ZX 210 F-5G 332-039,318075.0,PEMAKAIAN PERSEDIAAN Aug 2026
2026-08-31,Aug,8,SUNGAI DANAU,PLANTATION,NON RUTIN,FRAME BODY & GUARD SYSTEM,SPAREPART,EXCAVATOR HITACHI ZX 210 F-5G 332-039,722746.42,PEMAKAIAN PERSEDIAAN Aug 2026
2026-08-31,Aug,8,SUNGAI DANAU,PLANTATION,NON RUTIN,HYDRAULIC SYSTEM,SPAREPART,EXCAVATOR HITACHI ZX 210 F-5G 332-039,390000.0,PEMAKAIAN PERSEDIAAN Aug 2026
2026-08-31,Aug,8,SUNGAI DANAU,PLANTATION,NON RUTIN,UNDERCARRIAGE SYSTEM,SPAREPART,EXCAVATOR HITACHI ZX 210 F-5G 332-039,3953850.0,PEMAKAIAN PERSEDIAAN Aug 2026
2026-08-31,Aug,8,SUNGAI DANAU,PLANTATION,NON RUTIN,ENGINE SYSTEM,SPAREPART,EXCAVATOR HITACHI ZX 210 F-5G 332-040,159037.5,PEMAKAIAN PERSEDIAAN Aug 2026
2026-08-31,Aug,8,SUNGAI DANAU,PLANTATION,NON RUTIN,FRAME BODY & GUARD SYSTEM,SPAREPART,EXCAVATOR HITACHI ZX 210 F-5G 332-040,1395492.84,PEMAKAIAN PERSEDIAAN Aug 2026
2026-08-31,Aug,8,SUNGAI DANAU,PLANTATION,NON RUTIN,UNDERCARRIAGE SYSTEM,SPAREPART,EXCAVATOR HITACHI ZX 210 F-5G 332-040,3953850.0,PEMAKAIAN PERSEDIAAN Aug 2026
2026-08-31,Aug,8,SUNGAI DANAU,PLANTATION,NON RUTIN,FRAME BODY & GUARD SYSTEM,SPAREPART,EXCAVATOR HITACHI ZX 210 F-5G 332-041,907651.18,PEMAKAIAN PERSEDIAAN Aug 2026
2026-08-31,Aug,8,SUNGAI DANAU,PLANTATION,NON RUTIN,GROUND ENGAGING SYSTEM,SPAREPART,EXCAVATOR HITACHI ZX 210 F-5G 332-041,17520000.0,PEMAKAIAN PERSEDIAAN Aug 2026
2026-08-31,Aug,8,SUNGAI DANAU,PLANTATION,NON RUTIN,UNDERCARRIAGE SYSTEM,SPAREPART,EXCAVATOR HITACHI ZX 210 F-5G 332-041,100000.0,PEMAKAIAN PERSEDIAAN Aug 2026
2026-08-31,Aug,8,SUNGAI DANAU,PLANTATION,RUTIN,ENGINE SYSTEM,SPAREPART,EXCAVATOR HITACHI ZX 210 F-5G 332-047,574878.66,PEMAKAIAN PERSEDIAAN Aug 2026
2026-08-31,Aug,8,SUNGAI DANAU,PLANTATION,NON RUTIN,FRAME BODY & GUARD SYSTEM,SPAREPART,EXCAVATOR HITACHI ZX 210 F-5G 332-047,697746.42,PEMAKAIAN PERSEDIAAN Aug 2026
2026-08-31,Aug,8,SUNGAI DANAU,PLANTATION,NON RUTIN,FRAME BODY & GUARD SYSTEM,SPAREPART,EXCAVATOR HITACHI ZX 210 F-5G 332-048,1445331.87,PEMAKAIAN PERSEDIAAN Aug 2026
2026-08-31,Aug,8,SUNGAI DANAU,PLANTATION,RUTIN,ENGINE SYSTEM,SPAREPART,BULLDOZER CAT D7G2 342-008,234069.68,PEMAKAIAN PERSEDIAAN Aug 2026
2026-08-31,Aug,8,SUNGAI DANAU,PLANTATION,NON RUTIN,ENGINE SYSTEM,SPAREPART,BULLDOZER CAT D7G2 342-008,318075.0,PEMAKAIAN PERSEDIAAN Aug 2026
2026-08-31,Aug,8,SUNGAI DANAU,PLANTATION,NON RUTIN,FRAME BODY & GUARD SYSTEM,SPAREPART,BULLDOZER CAT D7G2 342-008,697746.42,PEMAKAIAN PERSEDIAAN Aug 2026
2026-08-31,Aug,8,SUNGAI DANAU,PLANTATION,NON RUTIN,GROUND ENGAGING SYSTEM,SPAREPART,BULLDOZER CAT D7G2 342-008,6100333.0,PEMAKAIAN PERSEDIAAN Aug 2026
2026-08-31,Aug,8,SUNGAI DANAU,PLANTATION,NON RUTIN,DIFFENTTIAL & REAR AXLE SYSTEM,SPAREPART,BULLDOZER WEA B 165 YS 342-014,1001780.0,PEMAKAIAN PERSEDIAAN Aug 2026
2026-08-31,Aug,8,SUNGAI DANAU,PLANTATION,NON RUTIN,ENGINE SYSTEM,SPAREPART,BULLDOZER WEA B 165 YS 342-014,1422112.5,PEMAKAIAN PERSEDIAAN Aug 2026
2026-08-31,Aug,8,SUNGAI DANAU,PLANTATION,NON RUTIN,STEERING SYSTEM,SPAREPART,BULLDOZER WEA B 165 YS 342-014,240464.29,PEMAKAIAN PERSEDIAAN Aug 2026
2026-08-31,Aug,8,SUNGAI DANAU,PLANTATION,NON RUTIN,TRANSMISSION SYSTEM,SPAREPART,BULLDOZER WEA B 165 YS 342-014,1531303.2,PEMAKAIAN PERSEDIAAN Aug 2026
2026-08-31,Aug,8,SUNGAI DANAU,PLANTATION,NON RUTIN,FRAME BODY & GUARD SYSTEM,SPAREPART,BULLDOZER KOMATSU D85E 342-018,697746.42,PEMAKAIAN PERSEDIAAN Aug 2026
2026-08-31,Aug,8,SUNGAI DANAU,PLANTATION,RUTIN,DIFFENTTIAL & REAR AXLE SYSTEM,SPAREPART,GRADER CATERPILAR 120 K 351-004,8014240.0,PEMAKAIAN PERSEDIAAN Aug 2026
2026-08-31,Aug,8,SUNGAI DANAU,PLANTATION,RUTIN,ENGINE SYSTEM,SPAREPART,GRADER CATERPILAR 120 K 351-004,1371448.95,PEMAKAIAN PERSEDIAAN Aug 2026
2026-08-31,Aug,8,SUNGAI DANAU,PLANTATION,RUTIN,HYDRAULIC SYSTEM,SPAREPART,GRADER CATERPILAR 120 K 351-004,2857178.93,PEMAKAIAN PERSEDIAAN Aug 2026
2026-08-31,Aug,8,SUNGAI DANAU,PLANTATION,RUTIN,TRANSMISSION SYSTEM,SPAREPART,GRADER CATERPILAR 120 K 351-004,2416386.34,PEMAKAIAN PERSEDIAAN Aug 2026
2026-08-31,Aug,8,SUNGAI DANAU,PLANTATION,NON RUTIN,ELECTRICAL SYSTEM,SPAREPART,GRADER CATERPILAR 120 K 351-004,78197980.64,PEMAKAIAN PERSEDIAAN Aug 2026
2026-08-31,Aug,8,SUNGAI DANAU,PLANTATION,NON RUTIN,FRAME BODY & GUARD SYSTEM,SPAREPART,GRADER CATERPILAR 120 K 351-004,699546.42,PEMAKAIAN PERSEDIAAN Aug 2026
2026-08-31,Aug,8,SUNGAI DANAU,PLANTATION,NON RUTIN,WHEEL & TYRE SYSTEM,SPAREPART,GRADER CATERPILAR 120 K 351-004,6003333.34,PEMAKAIAN PERSEDIAAN Aug 2026
2026-08-31,Aug,8,SUNGAI DANAU,PLANTATION,RUTIN,ENGINE SYSTEM,SPAREPART,GRADER CATERPILLAR 120K 351-007,2225607.37,PEMAKAIAN PERSEDIAAN Aug 2026
2026-08-31,Aug,8,SUNGAI DANAU,PLANTATION,RUTIN,HYDRAULIC SYSTEM,SPAREPART,GRADER CATERPILLAR 120K 351-007,359228.6,PEMAKAIAN PERSEDIAAN Aug 2026
2026-08-31,Aug,8,SUNGAI DANAU,PLANTATION,NON RUTIN,FRAME BODY & GUARD SYSTEM,SPAREPART,GRADER CATERPILLAR 120K 351-007,697746.42,PEMAKAIAN PERSEDIAAN Aug 2026
2026-08-31,Aug,8,SUNGAI DANAU,PLANTATION,NON RUTIN,HYDRAULIC SYSTEM,SPAREPART,GRADER CATERPILLAR 120K 351-007,718457.2,PEMAKAIAN PERSEDIAAN Aug 2026
2026-08-31,Aug,8,SUNGAI DANAU,PLANTATION,NON RUTIN,WHEEL & TYRE SYSTEM,SPAREPART,GRADER CATERPILLAR 120K 351-007,6003333.34,PEMAKAIAN PERSEDIAAN Aug 2026
2026-08-31,Aug,8,SUNGAI DANAU,PLANTATION,NON RUTIN,ENGINE SYSTEM,SPAREPART,GRADER XCMG GR-135 351-013,744900.0,PEMAKAIAN PERSEDIAAN Aug 2026
2026-08-31,Aug,8,SUNGAI DANAU,PLANTATION,NON RUTIN,FRAME BODY & GUARD SYSTEM,SPAREPART,GRADER XCMG GR-135 351-013,707746.42,PEMAKAIAN PERSEDIAAN Aug 2026
2026-08-31,Aug,8,SUNGAI DANAU,PLANTATION,NON RUTIN,HYDRAULIC SYSTEM,SPAREPART,GRADER XCMG GR-135 351-013,179614.3,PEMAKAIAN PERSEDIAAN Aug 2026
2026-08-31,Aug,8,SUNGAI DANAU,PLANTATION,NON RUTIN,WHEEL & TYRE SYSTEM,SPAREPART,GRADER XCMG GR-135 351-013,6003333.34,PEMAKAIAN PERSEDIAAN Aug 2026
2026-08-31,Aug,8,SUNGAI DANAU,PLANTATION,NON RUTIN,ATTACHMENT SYSTEM,SPAREPART,GRADER XCMG GR-135 351-015,2525600.0,PEMAKAIAN PERSEDIAAN Aug 2026
2026-08-31,Aug,8,SUNGAI DANAU,PLANTATION,NON RUTIN,ENGINE SYSTEM,SPAREPART,GRADER XCMG GR-135 351-015,900000.0,PEMAKAIAN PERSEDIAAN Aug 2026
2026-08-31,Aug,8,SUNGAI DANAU,PLANTATION,NON RUTIN,TRANSMISSION SYSTEM,SPAREPART,GRADER XCMG GR-135 351-015,571300.0,PEMAKAIAN PERSEDIAAN Aug 2026
2026-08-31,Aug,8,SUNGAI DANAU,PLANTATION,NON RUTIN,WHEEL & TYRE SYSTEM,SPAREPART,GRADER XCMG GR-135 351-015,6003333.34,PEMAKAIAN PERSEDIAAN Aug 2026
2026-08-31,Aug,8,SUNGAI DANAU,PLANTATION,NON RUTIN,ENGINE SYSTEM,SPAREPART,GRADER XCMG GR-135 351-016,2544600.0,PEMAKAIAN PERSEDIAAN Aug 2026
2026-08-31,Aug,8,SUNGAI DANAU,PLANTATION,NON RUTIN,FRAME BODY & GUARD SYSTEM,SPAREPART,GRADER XCMG GR-135 351-016,697746.42,PEMAKAIAN PERSEDIAAN Aug 2026
2026-08-31,Aug,8,SUNGAI DANAU,PLANTATION,NON RUTIN,HYDRAULIC SYSTEM,SPAREPART,GRADER XCMG GR-135 351-016,6865560.0,PEMAKAIAN PERSEDIAAN Aug 2026
2026-08-31,Aug,8,SUNGAI DANAU,PLANTATION,NON RUTIN,ATTACHMENT SYSTEM,SPAREPART,BACKHOE LOADER CAT 416 F 361-006,8759469.0,PEMAKAIAN PERSEDIAAN Aug 2026
2026-08-31,Aug,8,SUNGAI DANAU,PLANTATION,NON RUTIN,DIFFENTTIAL & REAR AXLE SYSTEM,SPAREPART,BACKHOE LOADER CAT 416 F 361-006,250445.0,PEMAKAIAN PERSEDIAAN Aug 2026
2026-08-31,Aug,8,SUNGAI DANAU,PLANTATION,NON RUTIN,ELECTRICAL SYSTEM,SPAREPART,BACKHOE LOADER CAT 416 F 361-006,75000.0,PEMAKAIAN PERSEDIAAN Aug 2026
2026-08-31,Aug,8,SUNGAI DANAU,PLANTATION,NON RUTIN,ENGINE SYSTEM,SPAREPART,BACKHOE LOADER CAT 416 F 361-006,835000.0,PEMAKAIAN PERSEDIAAN Aug 2026
2026-08-31,Aug,8,SUNGAI DANAU,PLANTATION,NON RUTIN,FRAME BODY & GUARD SYSTEM,SPAREPART,BACKHOE LOADER CAT 416 F 361-006,945811.43,PEMAKAIAN PERSEDIAAN Aug 2026
2026-08-31,Aug,8,SUNGAI DANAU,PLANTATION,NON RUTIN,HYDRAULIC SYSTEM,SPAREPART,BACKHOE LOADER CAT 416 F 361-006,1077685.8,PEMAKAIAN PERSEDIAAN Aug 2026
2026-08-31,Aug,8,SUNGAI DANAU,PLANTATION,NON RUTIN,STEERING SYSTEM,SPAREPART,BACKHOE LOADER CAT 416 F 361-006,2756541.0,PEMAKAIAN PERSEDIAAN Aug 2026
2026-08-31,Aug,8,SUNGAI DANAU,PLANTATION,NON RUTIN,ELECTRICAL SYSTEM,SPAREPART,BACKHOE LOADER CAT 416 F 361-007,59156.88,PEMAKAIAN PERSEDIAAN Aug 2026
2026-08-31,Aug,8,SUNGAI DANAU,PLANTATION,NON RUTIN,ENGINE SYSTEM,SPAREPART,BACKHOE LOADER CAT 416 F 361-007,3815000.0,PEMAKAIAN PERSEDIAAN Aug 2026
2026-08-31,Aug,8,SUNGAI DANAU,PLANTATION,NON RUTIN,FRAME BODY & GUARD SYSTEM,SPAREPART,BACKHOE LOADER CAT 416 F 361-007,46998.0,PEMAKAIAN PERSEDIAAN Aug 2026
2026-08-31,Aug,8,SUNGAI DANAU,PLANTATION,RUTIN,ENGINE SYSTEM,SPAREPART,BACKHOE LOADER CATTERPILLAR 426F2 361-009,772797.23,PEMAKAIAN PERSEDIAAN Aug 2026
2026-08-31,Aug,8,SUNGAI DANAU,PLANTATION,NON RUTIN,ENGINE SYSTEM,SPAREPART,BACKHOE LOADER CATTERPILLAR 426F2 361-009,125722.23,PEMAKAIAN PERSEDIAAN Aug 2026
2026-08-31,Aug,8,SUNGAI DANAU,PLANTATION,NON RUTIN,HYDRAULIC SYSTEM,SPAREPART,BACKHOE LOADER CATTERPILLAR 426F2 361-009,359228.6,PEMAKAIAN PERSEDIAAN Aug 2026
2026-08-31,Aug,8,SUNGAI DANAU,PLANTATION,RUTIN,ENGINE SYSTEM,SPAREPART,BACKHOE LOADER CATTERPILLAR 426F2 361-010,772797.23,PEMAKAIAN PERSEDIAAN Aug 2026
2026-08-31,Aug,8,SUNGAI DANAU,PLANTATION,NON RUTIN,ATTACHMENT SYSTEM,SPAREPART,BACKHOE LOADER CATTERPILLAR 426F2 361-010,5922403.0,PEMAKAIAN PERSEDIAAN Aug 2026
2026-08-31,Aug,8,SUNGAI DANAU,PLANTATION,NON RUTIN,DIFFENTTIAL & REAR AXLE SYSTEM,SPAREPART,BACKHOE LOADER CATTERPILLAR 426F2 361-010,5350516.8,PEMAKAIAN PERSEDIAAN Aug 2026
2026-08-31,Aug,8,SUNGAI DANAU,PLANTATION,NON RUTIN,ENGINE SYSTEM,SPAREPART,BACKHOE LOADER CATTERPILLAR 426F2 361-010,647075.0,PEMAKAIAN PERSEDIAAN Aug 2026
2026-08-31,Aug,8,SUNGAI DANAU,PLANTATION,NON RUTIN,FINAL DRIVE SYSTEM,SPAREPART,BACKHOE LOADER CATTERPILLAR 426F2 361-010,123377943.0,PEMAKAIAN PERSEDIAAN Aug 2026
2026-08-31,Aug,8,SUNGAI DANAU,PLANTATION,NON RUTIN,FRAME BODY & GUARD SYSTEM,SPAREPART,BACKHOE LOADER CATTERPILLAR 426F2 361-010,747585.45,PEMAKAIAN PERSEDIAAN Aug 2026
2026-08-31,Aug,8,SUNGAI DANAU,PLANTATION,NON RUTIN,HYDRAULIC SYSTEM,SPAREPART,BACKHOE LOADER CATTERPILLAR 426F2 361-010,179614.3,PEMAKAIAN PERSEDIAAN Aug 2026
2026-08-31,Aug,8,SUNGAI DANAU,PLANTATION,NON RUTIN,STEERING SYSTEM,SPAREPART,BACKHOE LOADER CATTERPILLAR 426F2 361-010,12123082.0,PEMAKAIAN PERSEDIAAN Aug 2026
2026-08-31,Aug,8,SUNGAI DANAU,PLANTATION,NON RUTIN,FRAME BODY & GUARD SYSTEM,SPAREPART,BACKHOE LOADER CATERPILLAR 416F 361-013,697746.42,PEMAKAIAN PERSEDIAAN Aug 2026
2026-08-31,Aug,8,SUNGAI DANAU,PLANTATION,NON RUTIN,HYDRAULIC SYSTEM,SPAREPART,BACKHOE LOADER CATERPILLAR 416F 361-013,718457.2,PEMAKAIAN PERSEDIAAN Aug 2026
2026-08-31,Aug,8,SUNGAI DANAU,PLANTATION,NON RUTIN,STEERING SYSTEM,SPAREPART,BACKHOE LOADER CATERPILLAR 416F 361-013,1457517.0,PEMAKAIAN PERSEDIAAN Aug 2026
2026-08-31,Aug,8,SUNGAI DANAU,PLANTATION,RUTIN,ENGINE SYSTEM,SPAREPART,BACKHOE LOADER CATERPILLAR 416F2 361-014,959797.23,PEMAKAIAN PERSEDIAAN Aug 2026
2026-08-31,Aug,8,SUNGAI DANAU,PLANTATION,NON RUTIN,FRAME BODY & GUARD SYSTEM,SPAREPART,BACKHOE LOADER CATERPILLAR 416F2 361-014,1395492.84,PEMAKAIAN PERSEDIAAN Aug 2026
2026-08-31,Aug,8,SUNGAI DANAU,PLANTATION,NON RUTIN,FRAME BODY & GUARD SYSTEM,SPAREPART,COMPACTOR IR 371-002,3454.56,PEMAKAIAN PERSEDIAAN Aug 2026
2026-08-31,Aug,8,SUNGAI DANAU,PLANTATION,NON RUTIN,ELECTRICAL SYSTEM,SPAREPART,COMPACTOR SAKAI SV512D371-005,835000.0,PEMAKAIAN PERSEDIAAN Aug 2026
2026-08-31,Aug,8,SUNGAI DANAU,PLANTATION,NON RUTIN,ENGINE SYSTEM,SPAREPART,COMPACTOR SAKAI SV512D371-005,2610428.57,PEMAKAIAN PERSEDIAAN Aug 2026
2026-08-31,Aug,8,SUNGAI DANAU,PLANTATION,NON RUTIN,FRAME BODY & GUARD SYSTEM,SPAREPART,COMPACTOR SAKAI SV512D371-005,697746.42,PEMAKAIAN PERSEDIAAN Aug 2026
2026-08-31,Aug,8,SUNGAI DANAU,PLANTATION,NON RUTIN,HYDRAULIC SYSTEM,SPAREPART,COMPACTOR SAKAI SV512D371-005,2966143.0,PEMAKAIAN PERSEDIAAN Aug 2026
2026-08-31,Aug,8,SUNGAI DANAU,PLANTATION,RUTIN,ENGINE SYSTEM,SPAREPART,COMPACTOR SAKAI SV 526-D 371-011,1617772.99,PEMAKAIAN PERSEDIAAN Aug 2026
2026-08-31,Aug,8,SUNGAI DANAU,PLANTATION,NON RUTIN,ELECTRICAL SYSTEM,SPAREPART,COMPACTOR SAKAI SV 526-D 371-011,66350.1,PEMAKAIAN PERSEDIAAN Aug 2026
2026-08-31,Aug,8,SUNGAI DANAU,PLANTATION,NON RUTIN,FRAME BODY & GUARD SYSTEM,SPAREPART,COMPACTOR SAKAI SV 526-D 371-011,697746.42,PEMAKAIAN PERSEDIAAN Aug 2026
2026-08-31,Aug,8,SUNGAI DANAU,PLANTATION,RUTIN,ENGINE SYSTEM,SPAREPART,COMPACTOR DYNAPAC CA30D 371-015,2073819.0,PEMAKAIAN PERSEDIAAN Aug 2026
2026-08-31,Aug,8,SUNGAI DANAU,PLANTATION,NON RUTIN,ENGINE SYSTEM,SPAREPART,COMPACTOR DYNAPAC CA30D 371-015,1665167.0,PEMAKAIAN PERSEDIAAN Aug 2026
2026-08-31,Aug,8,SUNGAI DANAU,PLANTATION,NON RUTIN,FRAME BODY & GUARD SYSTEM,SPAREPART,COMPACTOR DYNAPAC CA30D 371-015,703246.42,PEMAKAIAN PERSEDIAAN Aug 2026
2026-08-31,Aug,8,SUNGAI DANAU,PLANTATION,RUTIN,ENGINE SYSTEM,SPAREPART,COMPACTOR DYNAPAC CA30D 371-016,2073819.0,PEMAKAIAN PERSEDIAAN Aug 2026
2026-08-31,Aug,8,SUNGAI DANAU,PLANTATION,RUTIN,HYDRAULIC SYSTEM,SPAREPART,COMPACTOR DYNAPAC CA30D 371-016,718457.2,PEMAKAIAN PERSEDIAAN Aug 2026
2026-08-31,Aug,8,SUNGAI DANAU,PLANTATION,NON RUTIN,FINAL DRIVE SYSTEM,SPAREPART,COMPACTOR DYNAPAC CA30D 371-016,900000.0,PEMAKAIAN PERSEDIAAN Aug 2026
2026-08-31,Aug,8,SUNGAI DANAU,PLANTATION,NON RUTIN,FRAME BODY & GUARD SYSTEM,SPAREPART,COMPACTOR DYNAPAC CA30D 371-016,738246.42,PEMAKAIAN PERSEDIAAN Aug 2026
2026-08-31,Aug,8,SUNGAI DANAU,PLANTATION,NON RUTIN,FRAME BODY & GUARD SYSTEM,SPAREPART,COMPACTOR SAKAI SV526D 371-017,697746.42,PEMAKAIAN PERSEDIAAN Aug 2026
2026-08-31,Aug,8,KUMAI,PLANTATION,NON RUTIN,ENGINE SYSTEM,SPAREPART,BACKHOE LOADER CAT 416 F2 361-008,5700000.0,PEMAKAIAN PERSEDIAAN Aug 2026
2026-08-31,Aug,8,TANJUNG,MINING,NON RUTIN,HYDRAULIC SYSTEM,SPAREPART,EXCAVATOR HITACHI ZX350H-5G 332-027,174465.7,PEMAKAIAN PERSEDIAAN Aug 2026
2026-08-31,Aug,8,KUMAI,PLANTATION,RUTIN,BRAKE SYSTEM,SPAREPART,DUMP TRUCK HINO 130HD 251-058,60000.0,PEMAKAIAN PERSEDIAAN Aug 2026
2026-08-31,Aug,8,KUMAI,PLANTATION,RUTIN,DIFFENTTIAL & REAR AXLE SYSTEM,SPAREPART,DUMP TRUCK HINO 130HD 251-058,197331.48,PEMAKAIAN PERSEDIAAN Aug 2026
2026-08-31,Aug,8,KUMAI,PLANTATION,RUTIN,ENGINE SYSTEM,SPAREPART,DUMP TRUCK HINO 130HD 251-058,2221803.54,PEMAKAIAN PERSEDIAAN Aug 2026
2026-08-31,Aug,8,KUMAI,PLANTATION,RUTIN,HYDRAULIC SYSTEM,SPAREPART,DUMP TRUCK HINO 130HD 251-058,135419.9,PEMAKAIAN PERSEDIAAN Aug 2026
2026-08-31,Aug,8,KUMAI,PLANTATION,RUTIN,SUSPENSION SYSTEM,SPAREPART,DUMP TRUCK HINO 130HD 251-058,1631228.29,PEMAKAIAN PERSEDIAAN Aug 2026
2026-08-31,Aug,8,KUMAI,PLANTATION,RUTIN,DIFFENTTIAL & REAR AXLE SYSTEM,SPAREPART,DUMP TRUCK HINO 136 HDX DA 8707 JL 251-061,345330.09,PEMAKAIAN PERSEDIAAN Aug 2026
2026-08-31,Aug,8,KUMAI,PLANTATION,RUTIN,ENGINE SYSTEM,SPAREPART,DUMP TRUCK HINO 136 HDX DA 8707 JL 251-061,75000.0,PEMAKAIAN PERSEDIAAN Aug 2026
2026-08-31,Aug,8,KUMAI,PLANTATION,RUTIN,SUSPENSION SYSTEM,SPAREPART,DUMP TRUCK HINO 136 HDX DA 8707 JL 251-061,1044505.59,PEMAKAIAN PERSEDIAAN Aug 2026
2026-08-31,Aug,8,KUMAI,PLANTATION,RUTIN,DIFFENTTIAL & REAR AXLE SYSTEM,SPAREPART,DUMP TRUCK HINO 136 HDX 251-062,1432819.73,PEMAKAIAN PERSEDIAAN Aug 2026
2026-08-31,Aug,8,KUMAI,PLANTATION,RUTIN,ENGINE SYSTEM,SPAREPART,DUMP TRUCK HINO 136 HDX 251-062,521803.54,PEMAKAIAN PERSEDIAAN Aug 2026
2026-08-31,Aug,8,KUMAI,PLANTATION,RUTIN,HYDRAULIC SYSTEM,SPAREPART,DUMP TRUCK HINO 136 HDX 251-062,135419.9,PEMAKAIAN PERSEDIAAN Aug 2026
2026-08-31,Aug,8,KUMAI,PLANTATION,RUTIN,SUSPENSION SYSTEM,SPAREPART,DUMP TRUCK HINO 136 HDX 251-062,1093134.62,PEMAKAIAN PERSEDIAAN Aug 2026
2026-08-31,Aug,8,KUMAI,PLANTATION,RUTIN,AIR CONDITIONING SYSTEM,SPAREPART,DUMP TRUCK ISUZU NPS 254-002,201876.92,PEMAKAIAN PERSEDIAAN Aug 2026
2026-08-31,Aug,8,KUMAI,PLANTATION,RUTIN,DIFFENTTIAL & REAR AXLE SYSTEM,SPAREPART,DUMP TRUCK ISUZU NPS 254-002,1898438.81,PEMAKAIAN PERSEDIAAN Aug 2026
2026-08-31,Aug,8,KUMAI,PLANTATION,RUTIN,ENGINE SYSTEM,SPAREPART,DUMP TRUCK ISUZU NPS 254-002,14007992.71,PEMAKAIAN PERSEDIAAN Aug 2026
2026-08-31,Aug,8,KUMAI,PLANTATION,RUTIN,SUSPENSION SYSTEM,SPAREPART,DUMP TRUCK ISUZU NPS 254-002,510287.61,PEMAKAIAN PERSEDIAAN Aug 2026
2026-08-31,Aug,8,KUMAI,PLANTATION,RUTIN,DIFFENTTIAL & REAR AXLE SYSTEM,SPAREPART,DUMP TRUCK ISUZU NPS 254-003,97738.13,PEMAKAIAN PERSEDIAAN Aug 2026
2026-08-31,Aug,8,KUMAI,PLANTATION,RUTIN,ELECTRICAL SYSTEM,SPAREPART,DUMP TRUCK ISUZU NPS 254-003,2079307.6,PEMAKAIAN PERSEDIAAN Aug 2026
2026-08-31,Aug,8,KUMAI,PLANTATION,RUTIN,ENGINE SYSTEM,SPAREPART,DUMP TRUCK ISUZU NPS 254-003,1775000.0,PEMAKAIAN PERSEDIAAN Aug 2026
2026-08-31,Aug,8,KUMAI,PLANTATION,RUTIN,FRAME BODY & GUARD SYSTEM,SPAREPART,DUMP TRUCK ISUZU NPS 254-003,101863.64,PEMAKAIAN PERSEDIAAN Aug 2026
2026-08-31,Aug,8,KUMAI,PLANTATION,RUTIN,SUSPENSION SYSTEM,SPAREPART,DUMP TRUCK ISUZU NPS 254-003,3730153.95,PEMAKAIAN PERSEDIAAN Aug 2026
2026-08-31,Aug,8,KUMAI,PLANTATION,RUTIN,BRAKE SYSTEM,SPAREPART,DUMP TRUCK ISUZU NPS 81 254-004,93000.0,PEMAKAIAN PERSEDIAAN Aug 2026
2026-08-31,Aug,8,KUMAI,PLANTATION,RUTIN,DIFFENTTIAL & REAR AXLE SYSTEM,SPAREPART,DUMP TRUCK ISUZU NPS 81 254-004,97738.13,PEMAKAIAN PERSEDIAAN Aug 2026
2026-08-31,Aug,8,KUMAI,PLANTATION,RUTIN,ENGINE SYSTEM,SPAREPART,DUMP TRUCK ISUZU NPS 81 254-004,2039300.0,PEMAKAIAN PERSEDIAAN Aug 2026
2026-08-31,Aug,8,KUMAI,PLANTATION,RUTIN,FRAME BODY & GUARD SYSTEM,SPAREPART,DUMP TRUCK ISUZU NPS 81 254-004,1583863.66,PEMAKAIAN PERSEDIAAN Aug 2026
2026-08-31,Aug,8,KUMAI,PLANTATION,RUTIN,SUSPENSION SYSTEM,SPAREPART,DUMP TRUCK ISUZU NPS 81 254-004,2634999.96,PEMAKAIAN PERSEDIAAN Aug 2026
2026-08-31,Aug,8,KUMAI,PLANTATION,RUTIN,TRANSMISSION SYSTEM,SPAREPART,DUMP TRUCK ISUZU NPS 81 254-004,46000.0,PEMAKAIAN PERSEDIAAN Aug 2026
2026-08-31,Aug,8,KUMAI,PLANTATION,NON RUTIN,BRAKE SYSTEM,SPAREPART,DUMP TRUCK ISUZU NPS 81 254-004,193800.0,PEMAKAIAN PERSEDIAAN Aug 2026
2026-08-31,Aug,8,KUMAI,PLANTATION,RUTIN,DIFFENTTIAL & REAR AXLE SYSTEM,SPAREPART,DUMP TRUCK ISUZU NPS 81 254-005,21570901.7,PEMAKAIAN PERSEDIAAN Aug 2026
2026-08-31,Aug,8,KUMAI,PLANTATION,RUTIN,ENGINE SYSTEM,SPAREPART,DUMP TRUCK ISUZU NPS 81 254-005,1775000.0,PEMAKAIAN PERSEDIAAN Aug 2026
2026-08-31,Aug,8,KUMAI,PLANTATION,RUTIN,FRAME BODY & GUARD SYSTEM,SPAREPART,DUMP TRUCK ISUZU NPS 81 254-005,1103350.66,PEMAKAIAN PERSEDIAAN Aug 2026
2026-08-31,Aug,8,KUMAI,PLANTATION,RUTIN,HYDRAULIC SYSTEM,SPAREPART,DUMP TRUCK ISUZU NPS 81 254-005,2368000.0,PEMAKAIAN PERSEDIAAN Aug 2026
2026-08-31,Aug,8,KUMAI,PLANTATION,RUTIN,SUSPENSION SYSTEM,SPAREPART,DUMP TRUCK ISUZU NPS 81 254-005,5157339.71,PEMAKAIAN PERSEDIAAN Aug 2026
2026-08-31,Aug,8,KUMAI,PLANTATION,RUTIN,TRANSMISSION SYSTEM,SPAREPART,DUMP TRUCK ISUZU NPS 81 254-005,1733000.0,PEMAKAIAN PERSEDIAAN Aug 2026
2026-08-31,Aug,8,KUMAI,PLANTATION,RUTIN,BRAKE SYSTEM,SPAREPART,DUMP TRUCK ISUZU NPS 81 254-006,17337000.0,PEMAKAIAN PERSEDIAAN Aug 2026
2026-08-31,Aug,8,KUMAI,PLANTATION,RUTIN,DIFFENTTIAL & REAR AXLE SYSTEM,SPAREPART,DUMP TRUCK ISUZU NPS 81 254-006,42050362.02,PEMAKAIAN PERSEDIAAN Aug 2026
2026-08-31,Aug,8,KUMAI,PLANTATION,RUTIN,ENGINE SYSTEM,SPAREPART,DUMP TRUCK ISUZU NPS 81 254-006,19287900.0,PEMAKAIAN PERSEDIAAN Aug 2026
2026-08-31,Aug,8,KUMAI,PLANTATION,RUTIN,FRAME BODY & GUARD SYSTEM,SPAREPART,DUMP TRUCK ISUZU NPS 81 254-006,6211295.3,PEMAKAIAN PERSEDIAAN Aug 2026
2026-08-31,Aug,8,KUMAI,PLANTATION,RUTIN,SUSPENSION SYSTEM,SPAREPART,DUMP TRUCK ISUZU NPS 81 254-006,5312549.44,PEMAKAIAN PERSEDIAAN Aug 2026
2026-08-31,Aug,8,KUMAI,PLANTATION,RUTIN,TRANSMISSION SYSTEM,SPAREPART,DUMP TRUCK ISUZU NPS 81 254-006,5778328.7,PEMAKAIAN PERSEDIAAN Aug 2026
2026-08-31,Aug,8,KUMAI,PLANTATION,RUTIN,DIFFENTTIAL & REAR AXLE SYSTEM,SPAREPART,DUMP TRUCK HINO 130 HD 4X4 254-007,713026.45,PEMAKAIAN PERSEDIAAN Aug 2026
2026-08-31,Aug,8,KUMAI,PLANTATION,RUTIN,ENGINE SYSTEM,SPAREPART,DUMP TRUCK HINO 130 HD 4X4 254-007,844803.54,PEMAKAIAN PERSEDIAAN Aug 2026
2026-08-31,Aug,8,KUMAI,PLANTATION,RUTIN,SUSPENSION SYSTEM,SPAREPART,DUMP TRUCK HINO 130 HD 4X4 254-007,557620.97,PEMAKAIAN PERSEDIAAN Aug 2026
2026-08-31,Aug,8,KUMAI,PLANTATION,RUTIN,BRAKE SYSTEM,SPAREPART,DUMP TRUCK HINO 130 HD 4X4 254-008,410000.0,PEMAKAIAN PERSEDIAAN Aug 2026
2026-08-31,Aug,8,KUMAI,PLANTATION,RUTIN,DIFFENTTIAL & REAR AXLE SYSTEM,SPAREPART,DUMP TRUCK HINO 130 HD 4X4 254-008,4250507.66,PEMAKAIAN PERSEDIAAN Aug 2026
2026-08-31,Aug,8,KUMAI,PLANTATION,RUTIN,ENGINE SYSTEM,SPAREPART,DUMP TRUCK HINO 130 HD 4X4 254-008,2269000.0,PEMAKAIAN PERSEDIAAN Aug 2026
2026-08-31,Aug,8,KUMAI,PLANTATION,RUTIN,HYDRAULIC SYSTEM,SPAREPART,DUMP TRUCK HINO 130 HD 4X4 254-008,406259.7,PEMAKAIAN PERSEDIAAN Aug 2026
2026-08-31,Aug,8,KUMAI,PLANTATION,RUTIN,SUSPENSION SYSTEM,SPAREPART,DUMP TRUCK HINO 130 HD 4X4 254-008,2313794.04,PEMAKAIAN PERSEDIAAN Aug 2026
2026-08-31,Aug,8,KUMAI,PLANTATION,RUTIN,TRANSMISSION SYSTEM,SPAREPART,DUMP TRUCK HINO 130 HD 4X4 254-008,3098328.7,PEMAKAIAN PERSEDIAAN Aug 2026
2026-08-31,Aug,8,KUMAI,PLANTATION,RUTIN,DIFFENTTIAL & REAR AXLE SYSTEM,SPAREPART,DUMP TRUCK ISUZU NKR 71  B 9853 BDG 254-009,535942.86,PEMAKAIAN PERSEDIAAN Aug 2026
2026-08-31,Aug,8,KUMAI,PLANTATION,RUTIN,ENGINE SYSTEM,SPAREPART,DUMP TRUCK ISUZU NKR 71  B 9853 BDG 254-009,2312350.0,PEMAKAIAN PERSEDIAAN Aug 2026
2026-08-31,Aug,8,KUMAI,PLANTATION,RUTIN,WHEEL & TYRE SYSTEM,SPAREPART,DUMP TRUCK ISUZU NKR 71  B 9853 BDG 254-009,4200000.0,PEMAKAIAN PERSEDIAAN Aug 2026
2026-08-31,Aug,8,KUMAI,PLANTATION,RUTIN,ENGINE SYSTEM,SPAREPART,DUMP TRUCK 4X4 254-010,2299053.54,PEMAKAIAN PERSEDIAAN Aug 2026
2026-08-31,Aug,8,KUMAI,PLANTATION,RUTIN,HYDRAULIC SYSTEM,SPAREPART,DUMP TRUCK 4X4 254-010,135419.9,PEMAKAIAN PERSEDIAAN Aug 2026
2026-08-31,Aug,8,KUMAI,PLANTATION,RUTIN,TRANSMISSION SYSTEM,SPAREPART,DUMP TRUCK 4X4 254-010,454628.2,PEMAKAIAN PERSEDIAAN Aug 2026
2026-08-31,Aug,8,KUMAI,PLANTATION,RUTIN,BRAKE SYSTEM,SPAREPART,ARM ROLL HINO 130 HD DA 8589 CQ 271-002,400000.0,PEMAKAIAN PERSEDIAAN Aug 2026
2026-08-31,Aug,8,KUMAI,PLANTATION,RUTIN,DIFFENTTIAL & REAR AXLE SYSTEM,SPAREPART,ARM ROLL HINO 130 HD DA 8589 CQ 271-002,4177000.0,PEMAKAIAN PERSEDIAAN Aug 2026
2026-08-31,Aug,8,KUMAI,PLANTATION,RUTIN,ENGINE SYSTEM,SPAREPART,ARM ROLL HINO 130 HD DA 8589 CQ 271-002,164300.0,PEMAKAIAN PERSEDIAAN Aug 2026
2026-08-31,Aug,8,KUMAI,PLANTATION,RUTIN,HYDRAULIC SYSTEM,SPAREPART,ARM ROLL HINO 130 HD DA 8589 CQ 271-002,1695206.76,PEMAKAIAN PERSEDIAAN Aug 2026
2026-08-31,Aug,8,KUMAI,PLANTATION,RUTIN,SUSPENSION SYSTEM,SPAREPART,ARM ROLL HINO 130 HD DA 8589 CQ 271-002,115000.0,PEMAKAIAN PERSEDIAAN Aug 2026
2026-08-31,Aug,8,KUMAI,PLANTATION,RUTIN,TRANSMISSION SYSTEM,SPAREPART,ARM ROLL HINO 130 HD DA 8589 CQ 271-002,105000.0,PEMAKAIAN PERSEDIAAN Aug 2026
2026-08-31,Aug,8,KUMAI,PLANTATION,RUTIN,ENGINE SYSTEM,SPAREPART,ARMROLL 271-007,2363653.54,PEMAKAIAN PERSEDIAAN Aug 2026
2026-08-31,Aug,8,KUMAI,PLANTATION,RUTIN,SUSPENSION SYSTEM,SPAREPART,ARMROLL 271-007,725025.0,PEMAKAIAN PERSEDIAAN Aug 2026
2026-08-31,Aug,8,KUMAI,PLANTATION,RUTIN,DIFFENTTIAL & REAR AXLE SYSTEM,SPAREPART,ARM ROLL ISUZU NPS 81 272-001,323245.79,PEMAKAIAN PERSEDIAAN Aug 2026
2026-08-31,Aug,8,KUMAI,PLANTATION,RUTIN,ENGINE SYSTEM,SPAREPART,ARM ROLL ISUZU NPS 81 272-001,23652000.0,PEMAKAIAN PERSEDIAAN Aug 2026
2026-08-31,Aug,8,KUMAI,PLANTATION,RUTIN,HYDRAULIC SYSTEM,SPAREPART,ARM ROLL ISUZU NPS 81 272-001,812519.4,PEMAKAIAN PERSEDIAAN Aug 2026
2026-08-31,Aug,8,KUMAI,PLANTATION,RUTIN,DIFFENTTIAL & REAR AXLE SYSTEM,SPAREPART,ARM ROLL ISUZU NPS 81 272-002,3027010.51,PEMAKAIAN PERSEDIAAN Aug 2026
2026-08-31,Aug,8,KUMAI,PLANTATION,RUTIN,ELECTRICAL SYSTEM,SPAREPART,ARM ROLL ISUZU NPS 81 272-002,54950.99,PEMAKAIAN PERSEDIAAN Aug 2026
2026-08-31,Aug,8,KUMAI,PLANTATION,RUTIN,ENGINE SYSTEM,SPAREPART,ARM ROLL ISUZU NPS 81 272-002,4291950.0,PEMAKAIAN PERSEDIAAN Aug 2026
2026-08-31,Aug,8,KUMAI,PLANTATION,RUTIN,HYDRAULIC SYSTEM,SPAREPART,ARM ROLL ISUZU NPS 81 272-002,135419.9,PEMAKAIAN PERSEDIAAN Aug 2026
2026-08-31,Aug,8,KUMAI,PLANTATION,RUTIN,TRANSMISSION SYSTEM,SPAREPART,ARM ROLL ISUZU NPS 81 272-002,3422236.05,PEMAKAIAN PERSEDIAAN Aug 2026
2026-08-31,Aug,8,KUMAI,PLANTATION,RUTIN,UNDERCARRIAGE SYSTEM,SPAREPART,ARM ROLL ISUZU NPS 81 272-002,704000.0,PEMAKAIAN PERSEDIAAN Aug 2026
2026-08-31,Aug,8,KUMAI,PLANTATION,RUTIN,WHEEL & TYRE SYSTEM,SPAREPART,ARM ROLL ISUZU NPS 81 272-002,2100000.0,PEMAKAIAN PERSEDIAAN Aug 2026
2026-08-31,Aug,8,KUMAI,PLANTATION,NON RUTIN,SUSPENSION SYSTEM,SPAREPART,ARM ROLL ISUZU NPS 81 272-002,225000.0,PEMAKAIAN PERSEDIAAN Aug 2026
2026-08-31,Aug,8,KUMAI,PLANTATION,RUTIN,DIFFENTTIAL & REAR AXLE SYSTEM,SPAREPART,ARMROLL HINO 136 HDX 272-003,1792244.34,PEMAKAIAN PERSEDIAAN Aug 2026
2026-08-31,Aug,8,KUMAI,PLANTATION,RUTIN,ENGINE SYSTEM,SPAREPART,ARMROLL HINO 136 HDX 272-003,521803.54,PEMAKAIAN PERSEDIAAN Aug 2026
2026-08-31,Aug,8,KUMAI,PLANTATION,RUTIN,FINAL DRIVE SYSTEM,SPAREPART,ARMROLL HINO 136 HDX 272-003,6398750.0,PEMAKAIAN PERSEDIAAN Aug 2026
2026-08-31,Aug,8,KUMAI,PLANTATION,RUTIN,HYDRAULIC SYSTEM,SPAREPART,ARMROLL HINO 136 HDX 272-003,1489618.9,PEMAKAIAN PERSEDIAAN Aug 2026
2026-08-31,Aug,8,KUMAI,PLANTATION,RUTIN,SUSPENSION SYSTEM,SPAREPART,ARMROLL HINO 136 HDX 272-003,28750.0,PEMAKAIAN PERSEDIAAN Aug 2026
2026-08-31,Aug,8,KUMAI,PLANTATION,RUTIN,TRANSMISSION SYSTEM,SPAREPART,ARMROLL HINO 136 HDX 272-003,29286039.1,PEMAKAIAN PERSEDIAAN Aug 2026
2026-08-31,Aug,8,KUMAI,PLANTATION,NON RUTIN,ELECTRICAL SYSTEM,SPAREPART,ARMROLL HINO 136 HDX 272-003,1039653.8,PEMAKAIAN PERSEDIAAN Aug 2026
2026-08-31,Aug,8,KUMAI,PLANTATION,RUTIN,DIFFENTTIAL & REAR AXLE SYSTEM,SPAREPART,ARM ROLL HINO 136 HDX 272-004,493328.7,PEMAKAIAN PERSEDIAAN Aug 2026
2026-08-31,Aug,8,KUMAI,PLANTATION,RUTIN,ENGINE SYSTEM,SPAREPART,ARM ROLL HINO 136 HDX 272-004,2321330.57,PEMAKAIAN PERSEDIAAN Aug 2026
2026-08-31,Aug,8,KUMAI,PLANTATION,RUTIN,HYDRAULIC SYSTEM,SPAREPART,ARM ROLL HINO 136 HDX 272-004,1766208.7,PEMAKAIAN PERSEDIAAN Aug 2026
2026-08-31,Aug,8,KUMAI,PLANTATION,RUTIN,SUSPENSION SYSTEM,SPAREPART,ARM ROLL HINO 136 HDX 272-004,16216.0,PEMAKAIAN PERSEDIAAN Aug 2026
2026-08-31,Aug,8,KUMAI,PLANTATION,RUTIN,TRANSMISSION SYSTEM,SPAREPART,ARM ROLL HINO 136 HDX 272-004,909256.4,PEMAKAIAN PERSEDIAAN Aug 2026
2026-08-31,Aug,8,KUMAI,PLANTATION,NON RUTIN,SUSPENSION SYSTEM,SPAREPART,ARM ROLL HINO 136 HDX 272-004,91725.0,PEMAKAIAN PERSEDIAAN Aug 2026
2026-08-31,Aug,8,KUMAI,PLANTATION,RUTIN,BRAKE SYSTEM,SPAREPART,ARM ROLL HINO 136 HDX 272-005,6000.0,PEMAKAIAN PERSEDIAAN Aug 2026
2026-08-31,Aug,8,KUMAI,PLANTATION,RUTIN,DIFFENTTIAL & REAR AXLE SYSTEM,SPAREPART,ARM ROLL HINO 136 HDX 272-005,1208000.13,PEMAKAIAN PERSEDIAAN Aug 2026
2026-08-31,Aug,8,KUMAI,PLANTATION,RUTIN,ENGINE SYSTEM,SPAREPART,ARM ROLL HINO 136 HDX 272-005,1799500.0,PEMAKAIAN PERSEDIAAN Aug 2026
2026-08-31,Aug,8,KUMAI,PLANTATION,RUTIN,HYDRAULIC SYSTEM,SPAREPART,ARM ROLL HINO 136 HDX 272-005,33854261.08,PEMAKAIAN PERSEDIAAN Aug 2026
2026-08-31,Aug,8,KUMAI,PLANTATION,RUTIN,SUSPENSION SYSTEM,SPAREPART,ARM ROLL HINO 136 HDX 272-005,582640.21,PEMAKAIAN PERSEDIAAN Aug 2026
2026-08-31,Aug,8,KUMAI,PLANTATION,RUTIN,TRANSMISSION SYSTEM,SPAREPART,ARM ROLL HINO 136 HDX 272-005,79750.0,PEMAKAIAN PERSEDIAAN Aug 2026
2026-08-31,Aug,8,KUMAI,PLANTATION,RUTIN,WHEEL & TYRE SYSTEM,SPAREPART,ARM ROLL HINO 136 HDX 272-005,2100000.0,PEMAKAIAN PERSEDIAAN Aug 2026
2026-08-31,Aug,8,KUMAI,PLANTATION,RUTIN,ENGINE SYSTEM,SPAREPART,ARMROLL 4X4 272-006,2352153.54,PEMAKAIAN PERSEDIAAN Aug 2026
2026-08-31,Aug,8,KUMAI,PLANTATION,RUTIN,TRANSMISSION SYSTEM,SPAREPART,ARMROLL 4X4 272-006,227314.1,PEMAKAIAN PERSEDIAAN Aug 2026
2026-08-31,Aug,8,KUMAI,PLANTATION,RUTIN,ENGINE SYSTEM,SPAREPART,FARM TRACTOR KUBOTA M9540 321-003,878558.82,PEMAKAIAN PERSEDIAAN Aug 2026
2026-08-31,Aug,8,KUMAI,PLANTATION,RUTIN,BRAKE SYSTEM,SPAREPART,FARM TRACTOR KUBOTA M9540 321-006,432000.0,PEMAKAIAN PERSEDIAAN Aug 2026
2026-08-31,Aug,8,KUMAI,PLANTATION,RUTIN,DIFFENTTIAL & REAR AXLE SYSTEM,SPAREPART,FARM TRACTOR KUBOTA M9540 321-006,681942.3,PEMAKAIAN PERSEDIAAN Aug 2026
2026-08-31,Aug,8,KUMAI,PLANTATION,RUTIN,ELECTRICAL SYSTEM,SPAREPART,FARM TRACTOR KUBOTA M9540 321-006,1871000.0,PEMAKAIAN PERSEDIAAN Aug 2026
2026-08-31,Aug,8,KUMAI,PLANTATION,RUTIN,TRANSMISSION SYSTEM,SPAREPART,FARM TRACTOR KUBOTA M9540 321-006,2107986.6,PEMAKAIAN PERSEDIAAN Aug 2026
2026-08-31,Aug,8,KUMAI,PLANTATION,RUTIN,DIFFENTTIAL & REAR AXLE SYSTEM,SPAREPART,FARM TRACTOR KUBOTA M9540 321-007,909256.4,PEMAKAIAN PERSEDIAAN Aug 2026
2026-08-31,Aug,8,KUMAI,PLANTATION,RUTIN,ENGINE SYSTEM,SPAREPART,FARM TRACTOR KUBOTA M9540 321-007,2105958.82,PEMAKAIAN PERSEDIAAN Aug 2026
2026-08-31,Aug,8,KUMAI,PLANTATION,RUTIN,TRANSMISSION SYSTEM,SPAREPART,FARM TRACTOR KUBOTA M9540 321-007,351331.1,PEMAKAIAN PERSEDIAAN Aug 2026
2026-08-31,Aug,8,KUMAI,PLANTATION,RUTIN,WHEEL & TYRE SYSTEM,SPAREPART,FARM TRACTOR KUBOTA M9540 321-007,2100000.0,PEMAKAIAN PERSEDIAAN Aug 2026
2026-08-31,Aug,8,KUMAI,PLANTATION,RUTIN,ENGINE SYSTEM,SPAREPART,CRAWLER DUMPER PD5000TA 322-007,1172100.0,PEMAKAIAN PERSEDIAAN Aug 2026
2026-08-31,Aug,8,KUMAI,PLANTATION,RUTIN,HYDRAULIC SYSTEM,SPAREPART,CRAWLER DUMPER PD5000TA 322-007,270839.8,PEMAKAIAN PERSEDIAAN Aug 2026
2026-08-31,Aug,8,KUMAI,PLANTATION,RUTIN,TRANSMISSION SYSTEM,SPAREPART,CRAWLER DUMPER PD5000TA 322-007,1136570.5,PEMAKAIAN PERSEDIAAN Aug 2026
2026-08-31,Aug,8,KUMAI,PLANTATION,RUTIN,ENGINE SYSTEM,SPAREPART,CRAWLER DUMPER PD5000TA 322-008,1333600.0,PEMAKAIAN PERSEDIAAN Aug 2026
2026-08-31,Aug,8,KUMAI,PLANTATION,RUTIN,HYDRAULIC SYSTEM,SPAREPART,CRAWLER DUMPER PD5000TA 322-008,108335.92,PEMAKAIAN PERSEDIAAN Aug 2026
2026-08-31,Aug,8,KUMAI,PLANTATION,RUTIN,TRANSMISSION SYSTEM,SPAREPART,CRAWLER DUMPER PD5000TA 322-008,1983302.4,PEMAKAIAN PERSEDIAAN Aug 2026
2026-08-31,Aug,8,KUMAI,PLANTATION,RUTIN,UNDERCARRIAGE SYSTEM,SPAREPART,CROWN KD 5000 HZL 322-009,44556596.52,PEMAKAIAN PERSEDIAAN Aug 2026
2026-08-31,Aug,8,KUMAI,PLANTATION,RUTIN,UNDERCARRIAGE SYSTEM,SPAREPART,CROWN KD 5000 HZL 322-010,1254000.0,PEMAKAIAN PERSEDIAAN Aug 2026
2026-08-31,Aug,8,KUMAI,PLANTATION,RUTIN,ENGINE SYSTEM,SPAREPART,CRAWLER DUMPER PD5000TA 322-011,1075200.0,PEMAKAIAN PERSEDIAAN Aug 2026
2026-08-31,Aug,8,KUMAI,PLANTATION,RUTIN,TRANSMISSION SYSTEM,SPAREPART,CRAWLER DUMPER PD5000TA 322-011,2210616.5,PEMAKAIAN PERSEDIAAN Aug 2026
2026-08-31,Aug,8,KUMAI,PLANTATION,RUTIN,UNDERCARRIAGE SYSTEM,SPAREPART,CRAWLER DUMPER PD5000TA 322-011,934302.0,PEMAKAIAN PERSEDIAAN Aug 2026
2026-08-31,Aug,8,KUMAI,PLANTATION,RUTIN,AIR SYSTEM,SPAREPART,CRAWLER DUMPER PD5000TA 322-012,372912.0,PEMAKAIAN PERSEDIAAN Aug 2026
2026-08-31,Aug,8,KUMAI,PLANTATION,RUTIN,ENGINE SYSTEM,SPAREPART,CRAWLER DUMPER PD5000TA 322-012,1881976.28,PEMAKAIAN PERSEDIAAN Aug 2026
2026-08-31,Aug,8,KUMAI,PLANTATION,RUTIN,HYDRAULIC SYSTEM,SPAREPART,CRAWLER DUMPER PD5000TA 322-012,406259.7,PEMAKAIAN PERSEDIAAN Aug 2026
2026-08-31,Aug,8,KUMAI,PLANTATION,RUTIN,TRANSMISSION SYSTEM,SPAREPART,CRAWLER DUMPER PD5000TA 322-012,1074046.0,PEMAKAIAN PERSEDIAAN Aug 2026
2026-08-31,Aug,8,KUMAI,PLANTATION,RUTIN,ELECTRICAL SYSTEM,SPAREPART,CARWLER DUMPER PD5000TA 322-013,2079307.6,PEMAKAIAN PERSEDIAAN Aug 2026
2026-08-31,Aug,8,KUMAI,PLANTATION,RUTIN,ENGINE SYSTEM,SPAREPART,CARWLER DUMPER PD5000TA 322-013,623000.0,PEMAKAIAN PERSEDIAAN Aug 2026
2026-08-31,Aug,8,KUMAI,PLANTATION,RUTIN,TRANSMISSION SYSTEM,SPAREPART,CARWLER DUMPER PD5000TA 322-013,227314.1,PEMAKAIAN PERSEDIAAN Aug 2026
2026-08-31,Aug,8,KUMAI,PLANTATION,RUTIN,ENGINE SYSTEM,SPAREPART,CRAWLER DUMPER PD5000TA 322-014,1644376.28,PEMAKAIAN PERSEDIAAN Aug 2026
2026-08-31,Aug,8,KUMAI,PLANTATION,RUTIN,HYDRAULIC SYSTEM,SPAREPART,CRAWLER DUMPER PD5000TA 322-014,135419.9,PEMAKAIAN PERSEDIAAN Aug 2026
2026-08-31,Aug,8,KUMAI,PLANTATION,RUTIN,TRANSMISSION SYSTEM,SPAREPART,CRAWLER DUMPER PD5000TA 322-014,1360781.4,PEMAKAIAN PERSEDIAAN Aug 2026
2026-08-31,Aug,8,KUMAI,PLANTATION,RUTIN,UNDERCARRIAGE SYSTEM,SPAREPART,CRAWLER DUMPER PD5000TA 322-014,37454353.9,PEMAKAIAN PERSEDIAAN Aug 2026
2026-08-31,Aug,8,KUMAI,PLANTATION,RUTIN,ENGINE SYSTEM,SPAREPART,CRAWLER DUMPER PD5000TA 322-015,191787.0,PEMAKAIAN PERSEDIAAN Aug 2026
2026-08-31,Aug,8,KUMAI,PLANTATION,RUTIN,ENGINE SYSTEM,SPAREPART,CRAWLER DUMPER PD5000TA 322-016,2099114.83,PEMAKAIAN PERSEDIAAN Aug 2026
2026-08-31,Aug,8,KUMAI,PLANTATION,RUTIN,HYDRAULIC SYSTEM,SPAREPART,CRAWLER DUMPER PD5000TA 322-016,135419.9,PEMAKAIAN PERSEDIAAN Aug 2026
2026-08-31,Aug,8,KUMAI,PLANTATION,RUTIN,TRANSMISSION SYSTEM,SPAREPART,CRAWLER DUMPER PD5000TA 322-016,2148092.0,PEMAKAIAN PERSEDIAAN Aug 2026
2026-08-31,Aug,8,KUMAI,PLANTATION,RUTIN,UNDERCARRIAGE SYSTEM,SPAREPART,CRAWLER DUMPER PD5000TA 322-016,725025.0,PEMAKAIAN PERSEDIAAN Aug 2026
2026-08-31,Aug,8,KUMAI,PLANTATION,RUTIN,ENGINE SYSTEM,SPAREPART,CRAWLER DUMPET PD-5000 TA 322-018,411000.0,PEMAKAIAN PERSEDIAAN Aug 2026
2026-08-31,Aug,8,KUMAI,PLANTATION,RUTIN,TRANSMISSION SYSTEM,SPAREPART,CRAWLER DUMPET PD-5000 TA 322-018,1401069.0,PEMAKAIAN PERSEDIAAN Aug 2026
2026-08-31,Aug,8,KUMAI,PLANTATION,RUTIN,AIR SYSTEM,SPAREPART,CRAWLER DUMPER PD-5000 TA 322-019,372912.0,PEMAKAIAN PERSEDIAAN Aug 2026
2026-08-31,Aug,8,KUMAI,PLANTATION,RUTIN,ENGINE SYSTEM,SPAREPART,CRAWLER DUMPER PD-5000 TA 322-019,1331676.28,PEMAKAIAN PERSEDIAAN Aug 2026
2026-08-31,Aug,8,KUMAI,PLANTATION,RUTIN,HYDRAULIC SYSTEM,SPAREPART,CRAWLER DUMPER PD-5000 TA 322-019,270839.8,PEMAKAIAN PERSEDIAAN Aug 2026
2026-08-31,Aug,8,KUMAI,PLANTATION,RUTIN,TRANSMISSION SYSTEM,SPAREPART,CRAWLER DUMPER PD-5000 TA 322-019,2165153.68,PEMAKAIAN PERSEDIAAN Aug 2026
2026-08-31,Aug,8,KUMAI,PLANTATION,RUTIN,UNDERCARRIAGE SYSTEM,SPAREPART,CRAWLER DUMPER PD-5000 TA 322-019,737025.0,PEMAKAIAN PERSEDIAAN Aug 2026
2026-08-31,Aug,8,KUMAI,PLANTATION,RUTIN,ENGINE SYSTEM,SPAREPART,CRAWLER DUMPER PD-5000 TA 322-020,1010600.0,PEMAKAIAN PERSEDIAAN Aug 2026
2026-08-31,Aug,8,KUMAI,PLANTATION,RUTIN,TRANSMISSION SYSTEM,SPAREPART,CRAWLER DUMPER PD-5000 TA 322-020,909256.4,PEMAKAIAN PERSEDIAAN Aug 2026
2026-08-31,Aug,8,KUMAI,PLANTATION,NON RUTIN,ENGINE SYSTEM,SPAREPART,CRAWLER DUMPER PD-5000 TA 322-020,152000.0,PEMAKAIAN PERSEDIAAN Aug 2026
2026-08-31,Aug,8,KUMAI,PLANTATION,RUTIN,HYDRAULIC SYSTEM,SPAREPART,CRAWLER DUMPER PD - 5000TA 322-021,135419.9,PEMAKAIAN PERSEDIAAN Aug 2026
2026-08-31,Aug,8,KUMAI,PLANTATION,RUTIN,TRANSMISSION SYSTEM,SPAREPART,CRAWLER DUMPER PD - 5000TA 322-021,1392285.74,PEMAKAIAN PERSEDIAAN Aug 2026
2026-08-31,Aug,8,KUMAI,PLANTATION,RUTIN,UNDERCARRIAGE SYSTEM,SPAREPART,CRAWLER DUMPER PD - 5000TA 322-021,737025.0,PEMAKAIAN PERSEDIAAN Aug 2026
2026-08-31,Aug,8,KUMAI,PLANTATION,RUTIN,AIR SYSTEM,SPAREPART,CRAWLER DUMPER PD - 5000TA 322-022,372912.0,PEMAKAIAN PERSEDIAAN Aug 2026
2026-08-31,Aug,8,KUMAI,PLANTATION,RUTIN,ENGINE SYSTEM,SPAREPART,CRAWLER DUMPER PD - 5000TA 322-022,204200.0,PEMAKAIAN PERSEDIAAN Aug 2026
2026-08-31,Aug,8,KUMAI,PLANTATION,RUTIN,UNDERCARRIAGE SYSTEM,SPAREPART,CRAWLER DUMPER PD - 5000TA 322-022,1692023.0,PEMAKAIAN PERSEDIAAN Aug 2026
2026-08-31,Aug,8,KUMAI,PLANTATION,RUTIN,ENGINE SYSTEM,SPAREPART,CRAWLER DUMPER PD - 5000TA 322-023,998376.28,PEMAKAIAN PERSEDIAAN Aug 2026
2026-08-31,Aug,8,KUMAI,PLANTATION,RUTIN,ENGINE SYSTEM,SPAREPART,CRAWLER DUMPER PD - 5000TA 322-024,1408600.0,PEMAKAIAN PERSEDIAAN Aug 2026
2026-08-31,Aug,8,KUMAI,PLANTATION,RUTIN,HYDRAULIC SYSTEM,SPAREPART,CRAWLER DUMPER PD - 5000TA 322-024,270839.8,PEMAKAIAN PERSEDIAAN Aug 2026
2026-08-31,Aug,8,KUMAI,PLANTATION,RUTIN,TRANSMISSION SYSTEM,SPAREPART,CRAWLER DUMPER PD - 5000TA 322-024,909256.4,PEMAKAIAN PERSEDIAAN Aug 2026
2026-08-31,Aug,8,KUMAI,PLANTATION,RUTIN,UNDERCARRIAGE SYSTEM,SPAREPART,CRAWLER DUMPER PD - 5000TA 322-024,725025.0,PEMAKAIAN PERSEDIAAN Aug 2026
2026-08-31,Aug,8,KUMAI,PLANTATION,RUTIN,ENGINE SYSTEM,SPAREPART,CRAWLER DUMPER PD-5000 322-025,340000.0,PEMAKAIAN PERSEDIAAN Aug 2026
2026-08-31,Aug,8,KUMAI,PLANTATION,RUTIN,UNDERCARRIAGE SYSTEM,SPAREPART,CRAWLER DUMPER PD-5000 322-025,7206020.34,PEMAKAIAN PERSEDIAAN Aug 2026
2026-08-31,Aug,8,KUMAI,PLANTATION,RUTIN,ENGINE SYSTEM,SPAREPART,CRAWLER DUMPER PD-5000 322-026,336000.0,PEMAKAIAN PERSEDIAAN Aug 2026
2026-08-31,Aug,8,KUMAI,PLANTATION,RUTIN,UNDERCARRIAGE SYSTEM,SPAREPART,CRAWLER DUMPER PD-5000 322-026,2083423.82,PEMAKAIAN PERSEDIAAN Aug 2026
2026-08-31,Aug,8,KUMAI,PLANTATION,RUTIN,ENGINE SYSTEM,SPAREPART,CRAWLER DUMPER PD-5000 322-027,848376.28,PEMAKAIAN PERSEDIAAN Aug 2026
2026-08-31,Aug,8,KUMAI,PLANTATION,RUTIN,HYDRAULIC SYSTEM,SPAREPART,CRAWLER DUMPER PD-5000 322-027,81251.94,PEMAKAIAN PERSEDIAAN Aug 2026
2026-08-31,Aug,8,KUMAI,PLANTATION,RUTIN,TRANSMISSION SYSTEM,SPAREPART,CRAWLER DUMPER PD-5000 322-027,1136570.5,PEMAKAIAN PERSEDIAAN Aug 2026
2026-08-31,Aug,8,KUMAI,PLANTATION,RUTIN,UNDERCARRIAGE SYSTEM,SPAREPART,CRAWLER DUMPER PD-5000 322-027,725025.0,PEMAKAIAN PERSEDIAAN Aug 2026
2026-08-31,Aug,8,KUMAI,PLANTATION,RUTIN,ENGINE SYSTEM,SPAREPART,CRAWLER DUMPER PD-5000 322-028,617500.0,PEMAKAIAN PERSEDIAAN Aug 2026
2026-08-31,Aug,8,KUMAI,PLANTATION,RUTIN,TRANSMISSION SYSTEM,SPAREPART,CRAWLER DUMPER PD-5000 322-028,90925.64,PEMAKAIAN PERSEDIAAN Aug 2026
2026-08-31,Aug,8,KUMAI,PLANTATION,RUTIN,UNDERCARRIAGE SYSTEM,SPAREPART,CRAWLER DUMPER PD-5000 322-028,737025.0,PEMAKAIAN PERSEDIAAN Aug 2026
2026-08-31,Aug,8,KUMAI,PLANTATION,RUTIN,ENGINE SYSTEM,SPAREPART,CRAWLER DUMPER PD-5000 322-029,516800.0,PEMAKAIAN PERSEDIAAN Aug 2026
2026-08-31,Aug,8,KUMAI,PLANTATION,RUTIN,HYDRAULIC SYSTEM,SPAREPART,CRAWLER DUMPER PD-5000 322-029,81251.94,PEMAKAIAN PERSEDIAAN Aug 2026
2026-08-31,Aug,8,KUMAI,PLANTATION,RUTIN,UNDERCARRIAGE SYSTEM,SPAREPART,CRAWLER DUMPER PD-5000 322-029,737025.0,PEMAKAIAN PERSEDIAAN Aug 2026
2026-08-31,Aug,8,KUMAI,PLANTATION,RUTIN,ENGINE SYSTEM,SPAREPART,CRAWLER DUMPER PD-5000 322-030,2389976.28,PEMAKAIAN PERSEDIAAN Aug 2026
2026-08-31,Aug,8,KUMAI,PLANTATION,RUTIN,TRANSMISSION SYSTEM,SPAREPART,CRAWLER DUMPER PD-5000 322-030,1954901.26,PEMAKAIAN PERSEDIAAN Aug 2026
2026-08-31,Aug,8,KUMAI,PLANTATION,RUTIN,UNDERCARRIAGE SYSTEM,SPAREPART,CRAWLER DUMPER PD-5000 322-030,12000.0,PEMAKAIAN PERSEDIAAN Aug 2026
2026-08-31,Aug,8,KUMAI,PLANTATION,RUTIN,ATTACHMENT SYSTEM,SPAREPART,EXCAVATOR KOBELCO SK200-10 332-020,33000.0,PEMAKAIAN PERSEDIAAN Aug 2026
2026-08-31,Aug,8,KUMAI,PLANTATION,RUTIN,ENGINE SYSTEM,SPAREPART,EXCAVATOR KOBELCO SK200-10 332-020,1423130.46,PEMAKAIAN PERSEDIAAN Aug 2026
2026-08-31,Aug,8,KUMAI,PLANTATION,RUTIN,FINAL DRIVE SYSTEM,SPAREPART,EXCAVATOR KOBELCO SK200-10 332-020,909256.4,PEMAKAIAN PERSEDIAAN Aug 2026
2026-08-31,Aug,8,KUMAI,PLANTATION,RUTIN,HYDRAULIC SYSTEM,SPAREPART,EXCAVATOR KOBELCO SK200-10 332-020,4198016.9,PEMAKAIAN PERSEDIAAN Aug 2026
2026-08-31,Aug,8,KUMAI,PLANTATION,RUTIN,UNDERCARRIAGE SYSTEM,SPAREPART,EXCAVATOR KOBELCO SK200-10 332-020,8073775.0,PEMAKAIAN PERSEDIAAN Aug 2026
2026-08-31,Aug,8,KUMAI,PLANTATION,RUTIN,ATTACHMENT SYSTEM,SPAREPART,EXCAVATOR KOBELCO SK200-10 332-028,21020000.0,PEMAKAIAN PERSEDIAAN Aug 2026
2026-08-31,Aug,8,KUMAI,PLANTATION,RUTIN,ELECTRICAL SYSTEM,SPAREPART,EXCAVATOR KOBELCO SK200-10 332-028,2079307.6,PEMAKAIAN PERSEDIAAN Aug 2026
2026-08-31,Aug,8,KUMAI,PLANTATION,RUTIN,ENGINE SYSTEM,SPAREPART,EXCAVATOR KOBELCO SK200-10 332-028,2454037.1,PEMAKAIAN PERSEDIAAN Aug 2026
2026-08-31,Aug,8,KUMAI,PLANTATION,RUTIN,FINAL DRIVE SYSTEM,SPAREPART,EXCAVATOR KOBELCO SK200-10 332-028,181851.28,PEMAKAIAN PERSEDIAAN Aug 2026
2026-08-31,Aug,8,KUMAI,PLANTATION,RUTIN,HYDRAULIC SYSTEM,SPAREPART,EXCAVATOR KOBELCO SK200-10 332-028,541679.6,PEMAKAIAN PERSEDIAAN Aug 2026
2026-08-31,Aug,8,KUMAI,PLANTATION,RUTIN,UNDERCARRIAGE SYSTEM,SPAREPART,EXCAVATOR KOBELCO SK200-10 332-028,10874948.2,PEMAKAIAN PERSEDIAAN Aug 2026
2026-08-31,Aug,8,KUMAI,PLANTATION,RUTIN,ATTACHMENT SYSTEM,SPAREPART,EXCAVATOR HITACHI ZX210LC-5G LONGARM 332-030,1480000.0,PEMAKAIAN PERSEDIAAN Aug 2026
2026-08-31,Aug,8,KUMAI,PLANTATION,RUTIN,ENGINE SYSTEM,SPAREPART,EXCAVATOR HITACHI ZX210LC-5G LONGARM 332-030,1843562.31,PEMAKAIAN PERSEDIAAN Aug 2026
2026-08-31,Aug,8,KUMAI,PLANTATION,RUTIN,FINAL DRIVE SYSTEM,SPAREPART,EXCAVATOR HITACHI ZX210LC-5G LONGARM 332-030,500091.02,PEMAKAIAN PERSEDIAAN Aug 2026
2026-08-31,Aug,8,KUMAI,PLANTATION,RUTIN,HYDRAULIC SYSTEM,SPAREPART,EXCAVATOR HITACHI ZX210LC-5G LONGARM 332-030,480051.18,PEMAKAIAN PERSEDIAAN Aug 2026
2026-08-31,Aug,8,KUMAI,PLANTATION,RUTIN,UNDERCARRIAGE SYSTEM,SPAREPART,EXCAVATOR HITACHI ZX210LC-5G LONGARM 332-030,1450050.0,PEMAKAIAN PERSEDIAAN Aug 2026
2026-08-31,Aug,8,KUMAI,PLANTATION,RUTIN,ENGINE SYSTEM,SPAREPART,EXCAVATOR HITACHI ZX130-5G 332-031,316888.82,PEMAKAIAN PERSEDIAAN Aug 2026
2026-08-31,Aug,8,KUMAI,PLANTATION,RUTIN,HYDRAULIC SYSTEM,SPAREPART,EXCAVATOR HITACHI ZX130-5G 332-031,615471.08,PEMAKAIAN PERSEDIAAN Aug 2026
2026-08-31,Aug,8,KUMAI,PLANTATION,RUTIN,UNDERCARRIAGE SYSTEM,SPAREPART,EXCAVATOR HITACHI ZX130-5G 332-031,77304897.34,PEMAKAIAN PERSEDIAAN Aug 2026
2026-08-31,Aug,8,KUMAI,PLANTATION,RUTIN,ENGINE SYSTEM,SPAREPART,EXCAVATOR HITACHI ZX138 M-F 332-042,2093724.23,PEMAKAIAN PERSEDIAAN Aug 2026
2026-08-31,Aug,8,KUMAI,PLANTATION,RUTIN,HYDRAULIC SYSTEM,SPAREPART,EXCAVATOR HITACHI ZX138 M-F 332-042,1725914.26,PEMAKAIAN PERSEDIAAN Aug 2026
2026-08-31,Aug,8,KUMAI,PLANTATION,RUTIN,ATTACHMENT SYSTEM,SPAREPART,EXCAVATOR HITACHI ZX138 M-F 332-043,1500000.0,PEMAKAIAN PERSEDIAAN Aug 2026
2026-08-31,Aug,8,KUMAI,PLANTATION,RUTIN,ENGINE SYSTEM,SPAREPART,EXCAVATOR HITACHI ZX138 M-F 332-043,884678.4,PEMAKAIAN PERSEDIAAN Aug 2026
2026-08-31,Aug,8,KUMAI,PLANTATION,RUTIN,HYDRAULIC SYSTEM,SPAREPART,EXCAVATOR HITACHI ZX138 M-F 332-043,2592601.62,PEMAKAIAN PERSEDIAAN Aug 2026
2026-08-31,Aug,8,KUMAI,PLANTATION,RUTIN,UNDERCARRIAGE SYSTEM,SPAREPART,EXCAVATOR HITACHI ZX138 M-F 332-043,735025.0,PEMAKAIAN PERSEDIAAN Aug 2026
2026-08-31,Aug,8,KUMAI,PLANTATION,RUTIN,ENGINE SYSTEM,SPAREPART,EXCAVATOR HITACHI ZX 210 LC-5G 332-044,75000.0,PEMAKAIAN PERSEDIAAN Aug 2026
2026-08-31,Aug,8,KUMAI,PLANTATION,RUTIN,UNDERCARRIAGE SYSTEM,SPAREPART,EXCAVATOR HITACHI ZX 210 LC-5G 332-044,725025.0,PEMAKAIAN PERSEDIAAN Aug 2026
2026-08-31,Aug,8,KUMAI,PLANTATION,RUTIN,ENGINE SYSTEM,SPAREPART,EXCAVATOR HITACHI ZX 138 MF-5G 332-046,2800000.0,PEMAKAIAN PERSEDIAAN Aug 2026
2026-08-31,Aug,8,KUMAI,PLANTATION,RUTIN,FINAL DRIVE SYSTEM,SPAREPART,EXCAVATOR HITACHI ZX 138 MF-5G 332-046,5504314.1,PEMAKAIAN PERSEDIAAN Aug 2026
2026-08-31,Aug,8,KUMAI,PLANTATION,RUTIN,HYDRAULIC SYSTEM,SPAREPART,EXCAVATOR HITACHI ZX 138 MF-5G 332-046,1191695.12,PEMAKAIAN PERSEDIAAN Aug 2026
2026-08-31,Aug,8,KUMAI,PLANTATION,RUTIN,UNDERCARRIAGE SYSTEM,SPAREPART,EXCAVATOR HITACHI ZX 138 MF-5G 332-046,29925025.0,PEMAKAIAN PERSEDIAAN Aug 2026
2026-08-31,Aug,8,KUMAI,PLANTATION,RUTIN,ATTACHMENT SYSTEM,SPAREPART,EXCAVATOR HITACHI ZX 210G-5G 332-053,20000.0,PEMAKAIAN PERSEDIAAN Aug 2026
2026-08-31,Aug,8,KUMAI,PLANTATION,RUTIN,ENGINE SYSTEM,SPAREPART,EXCAVATOR HITACHI ZX 210G-5G 332-053,4469965.8,PEMAKAIAN PERSEDIAAN Aug 2026
2026-08-31,Aug,8,KUMAI,PLANTATION,RUTIN,FINAL DRIVE SYSTEM,SPAREPART,EXCAVATOR HITACHI ZX 210G-5G 332-053,2052214.68,PEMAKAIAN PERSEDIAAN Aug 2026
2026-08-31,Aug,8,KUMAI,PLANTATION,RUTIN,UNDERCARRIAGE SYSTEM,SPAREPART,EXCAVATOR HITACHI ZX 210G-5G 332-053,10000.0,PEMAKAIAN PERSEDIAAN Aug 2026
2026-08-31,Aug,8,KUMAI,PLANTATION,RUTIN,ATTACHMENT SYSTEM,SPAREPART,EXCAVATOR HITACHI ZX 210 LC 332-054,498000.0,PEMAKAIAN PERSEDIAAN Aug 2026
2026-08-31,Aug,8,KUMAI,PLANTATION,RUTIN,ENGINE SYSTEM,SPAREPART,EXCAVATOR HITACHI ZX 210 LC 332-054,1591273.49,PEMAKAIAN PERSEDIAAN Aug 2026
2026-08-31,Aug,8,KUMAI,PLANTATION,RUTIN,HYDRAULIC SYSTEM,SPAREPART,EXCAVATOR HITACHI ZX 210 LC 332-054,480051.18,PEMAKAIAN PERSEDIAAN Aug 2026
2026-08-31,Aug,8,KUMAI,PLANTATION,RUTIN,UNDERCARRIAGE SYSTEM,SPAREPART,EXCAVATOR HITACHI ZX 210 LC 332-054,48750.0,PEMAKAIAN PERSEDIAAN Aug 2026
2026-08-31,Aug,8,KUMAI,PLANTATION,RUTIN,ATTACHMENT SYSTEM,SPAREPART,EXCAVATOR HITACHI ZX 210 332-057,20000.0,PEMAKAIAN PERSEDIAAN Aug 2026
2026-08-31,Aug,8,KUMAI,PLANTATION,RUTIN,ENGINE SYSTEM,SPAREPART,EXCAVATOR HITACHI ZX 210 332-057,3847692.31,PEMAKAIAN PERSEDIAAN Aug 2026
2026-08-31,Aug,8,KUMAI,PLANTATION,RUTIN,UNDERCARRIAGE SYSTEM,SPAREPART,EXCAVATOR HITACHI ZX 210 332-057,735025.0,PEMAKAIAN PERSEDIAAN Aug 2026
2026-08-31,Aug,8,KUMAI,PLANTATION,RUTIN,ENGINE SYSTEM,SPAREPART,EXCAVATOR HITACHI ZX 210 332-058,3123057.49,PEMAKAIAN PERSEDIAAN Aug 2026
2026-08-31,Aug,8,KUMAI,PLANTATION,RUTIN,UNDERCARRIAGE SYSTEM,SPAREPART,EXCAVATOR HITACHI ZX 210 332-058,28750.0,PEMAKAIAN PERSEDIAAN Aug 2026
2026-08-31,Aug,8,KUMAI,PLANTATION,RUTIN,ENGINE SYSTEM,SPAREPART,BULLDOZER KOMATSU D31P-20 341-001,3564600.0,PEMAKAIAN PERSEDIAAN Aug 2026
2026-08-31,Aug,8,KUMAI,PLANTATION,RUTIN,HYDRAULIC SYSTEM,SPAREPART,BULLDOZER KOMATSU D31P-20 341-001,54167.96,PEMAKAIAN PERSEDIAAN Aug 2026
2026-08-31,Aug,8,KUMAI,PLANTATION,RUTIN,ENGINE SYSTEM,SPAREPART,BULLDOZER WEA B 165 YS 342-015,8050000.0,PEMAKAIAN PERSEDIAAN Aug 2026
2026-08-31,Aug,8,KUMAI,PLANTATION,RUTIN,UNDERCARRIAGE SYSTEM,SPAREPART,BULLDOZER WEA B 165 YS 342-015,8354000.0,PEMAKAIAN PERSEDIAAN Aug 2026
2026-08-31,Aug,8,KUMAI,PLANTATION,RUTIN,ATTACHMENT SYSTEM,SPAREPART,GRADER XCMG GR-100 351-012,21499.98,PEMAKAIAN PERSEDIAAN Aug 2026
2026-08-31,Aug,8,KUMAI,PLANTATION,RUTIN,ENGINE SYSTEM,SPAREPART,GRADER XCMG GR-100 351-012,10299500.0,PEMAKAIAN PERSEDIAAN Aug 2026
2026-08-31,Aug,8,KUMAI,PLANTATION,RUTIN,UNDERCARRIAGE SYSTEM,SPAREPART,GRADER XCMG GR-100 351-012,725025.0,PEMAKAIAN PERSEDIAAN Aug 2026
2026-08-31,Aug,8,KUMAI,PLANTATION,RUTIN,ATTACHMENT SYSTEM,SPAREPART,BACKHOE LOADER CAT 416 F2 361-008,735025.0,PEMAKAIAN PERSEDIAAN Aug 2026
2026-08-31,Aug,8,KUMAI,PLANTATION,RUTIN,ELECTRICAL SYSTEM,SPAREPART,BACKHOE LOADER CAT 416 F2 361-008,2462000.0,PEMAKAIAN PERSEDIAAN Aug 2026
2026-08-31,Aug,8,KUMAI,PLANTATION,RUTIN,ENGINE SYSTEM,SPAREPART,BACKHOE LOADER CAT 416 F2 361-008,4104960.37,PEMAKAIAN PERSEDIAAN Aug 2026
2026-08-31,Aug,8,KUMAI,PLANTATION,RUTIN,FINAL DRIVE SYSTEM,SPAREPART,BACKHOE LOADER CAT 416 F2 361-008,454628.2,PEMAKAIAN PERSEDIAAN Aug 2026
2026-08-31,Aug,8,KUMAI,PLANTATION,RUTIN,HYDRAULIC SYSTEM,SPAREPART,BACKHOE LOADER CAT 416 F2 361-008,3296649.94,PEMAKAIAN PERSEDIAAN Aug 2026
2026-08-31,Aug,8,KUMAI,PLANTATION,RUTIN,TRANSMISSION SYSTEM,SPAREPART,BACKHOE LOADER CAT 416 F2 361-008,1405324.4,PEMAKAIAN PERSEDIAAN Aug 2026
2026-08-31,Aug,8,KUMAI,PLANTATION,RUTIN,ATTACHMENT SYSTEM,SPAREPART,BACKHOE LOADER CATTERPILLAR 426F2 361-011,10000.0,PEMAKAIAN PERSEDIAAN Aug 2026
2026-08-31,Aug,8,KUMAI,PLANTATION,RUTIN,ENGINE SYSTEM,SPAREPART,BACKHOE LOADER CATTERPILLAR 426F2 361-011,1026624.0,PEMAKAIAN PERSEDIAAN Aug 2026
2026-08-31,Aug,8,KUMAI,PLANTATION,RUTIN,HYDRAULIC SYSTEM,SPAREPART,BACKHOE LOADER CATTERPILLAR 426F2 361-011,561167.96,PEMAKAIAN PERSEDIAAN Aug 2026
2026-08-31,Aug,8,KUMAI,PLANTATION,RUTIN,TRANSMISSION SYSTEM,SPAREPART,BACKHOE LOADER CATTERPILLAR 426F2 361-011,2815782.82,PEMAKAIAN PERSEDIAAN Aug 2026
2026-08-31,Aug,8,KUMAI,PLANTATION,RUTIN,WHEEL & TYRE SYSTEM,SPAREPART,BACKHOE LOADER CATTERPILLAR 426F2 361-011,8500000.0,PEMAKAIAN PERSEDIAAN Aug 2026
2026-08-31,Aug,8,KUMAI,PLANTATION,RUTIN,ATTACHMENT SYSTEM,SPAREPART,BACKHOE LOADER CATERPILLAR 416 F 361-012,3940453.0,PEMAKAIAN PERSEDIAAN Aug 2026
2026-08-31,Aug,8,KUMAI,PLANTATION,RUTIN,ENGINE SYSTEM,SPAREPART,BACKHOE LOADER CATERPILLAR 416 F 361-012,758924.0,PEMAKAIAN PERSEDIAAN Aug 2026
2026-08-31,Aug,8,KUMAI,PLANTATION,RUTIN,FRAME BODY & GUARD SYSTEM,SPAREPART,BACKHOE LOADER CATERPILLAR 416 F 361-012,482842.67,PEMAKAIAN PERSEDIAAN Aug 2026
2026-08-31,Aug,8,KUMAI,PLANTATION,RUTIN,HYDRAULIC SYSTEM,SPAREPART,BACKHOE LOADER CATERPILLAR 416 F 361-012,3126222.9,PEMAKAIAN PERSEDIAAN Aug 2026
2026-08-31,Aug,8,KUMAI,PLANTATION,RUTIN,WHEEL & TYRE SYSTEM,SPAREPART,BACKHOE LOADER CATERPILLAR 416 F 361-012,10360000.0,PEMAKAIAN PERSEDIAAN Aug 2026
2026-08-31,Aug,8,KUMAI,PLANTATION,RUTIN,AIR CONDITIONING SYSTEM,SPAREPART,COMPACTOR SAKAI SV 526-D 371-012,593500.0,PEMAKAIAN PERSEDIAAN Aug 2026
2026-08-31,Aug,8,KUMAI,PLANTATION,RUTIN,ATTACHMENT SYSTEM,SPAREPART,COMPACTOR SAKAI SV 526-D 371-012,45083.32,PEMAKAIAN PERSEDIAAN Aug 2026
2026-08-31,Aug,8,KUMAI,PLANTATION,RUTIN,DIFFENTTIAL & REAR AXLE SYSTEM,SPAREPART,COMPACTOR SAKAI SV 526-D 371-012,2727769.2,PEMAKAIAN PERSEDIAAN Aug 2026
2026-08-31,Aug,8,KUMAI,PLANTATION,RUTIN,ENGINE SYSTEM,SPAREPART,COMPACTOR SAKAI SV 526-D 371-012,1429063.45,PEMAKAIAN PERSEDIAAN Aug 2026
2026-08-31,Aug,8,KUMAI,PLANTATION,RUTIN,HYDRAULIC SYSTEM,SPAREPART,COMPACTOR SAKAI SV 526-D 371-012,541679.6,PEMAKAIAN PERSEDIAAN Aug 2026
2026-08-31,Aug,8,KUMAI,PLANTATION,RUTIN,ATTACHMENT SYSTEM,SPAREPART,COMPACTOR SAKAI SV 526-D 371-013,745025.0,PEMAKAIAN PERSEDIAAN Aug 2026
2026-08-31,Aug,8,KUMAI,PLANTATION,RUTIN,ENGINE SYSTEM,SPAREPART,COMPACTOR SAKAI SV 526-D 371-013,1961900.0,PEMAKAIAN PERSEDIAAN Aug 2026
2026-08-31,Aug,8,KUMAI,PLANTATION,RUTIN,FINAL DRIVE SYSTEM,SPAREPART,COMPACTOR SAKAI SV 526-D 371-013,1818512.8,PEMAKAIAN PERSEDIAAN Aug 2026
2026-08-31,Aug,8,KUMAI,PLANTATION,RUTIN,HYDRAULIC SYSTEM,SPAREPART,COMPACTOR SAKAI SV 526-D 371-013,1300031.04,PEMAKAIAN PERSEDIAAN Aug 2026
2026-08-31,Aug,8,KUMAI,PLANTATION,RUTIN,ELECTRICAL SYSTEM,SPAREPART,POMPA EBARA 422-002,2079307.6,PEMAKAIAN PERSEDIAAN Aug 2026
2026-08-31,Aug,8,KUMAI,PLANTATION,RUTIN,ENGINE SYSTEM,SPAREPART,POMPA EBARA 422-002,25500.0,PEMAKAIAN PERSEDIAAN Aug 2026
2026-08-31,Aug,8,KUMAI,PLANTATION,RUTIN,ENGINE SYSTEM,SPAREPART,POMPA MITSUBISHI 5D 422-003,1155000.0,PEMAKAIAN PERSEDIAAN Aug 2026
2026-08-31,Aug,8,KUMAI,PLANTATION,RUTIN,ENGINE SYSTEM,SPAREPART,POMPA MITSUBISHI 6D1 422-004,387600.0,PEMAKAIAN PERSEDIAAN Aug 2026
2026-08-31,Aug,8,KUMAI,PLANTATION,RUTIN,ENGINE SYSTEM,SPAREPART,"POMPA ISUZU EGINE 8""/6"" 422-006",1381750.0,PEMAKAIAN PERSEDIAAN Aug 2026
2026-08-31,Aug,8,KUMAI,PLANTATION,RUTIN,ELECTRICAL SYSTEM,SPAREPART,POMPA MITSUBISHI 6D14 422-007,2079307.6,PEMAKAIAN PERSEDIAAN Aug 2026
2026-08-31,Aug,8,KUMAI,PLANTATION,RUTIN,ENGINE SYSTEM,SPAREPART,POMPA MITSUBISHI 6D14 422-007,495000.0,PEMAKAIAN PERSEDIAAN Aug 2026
2026-08-31,Aug,8,KUMAI,PLANTATION,RUTIN,ENGINE SYSTEM,SPAREPART,POMPA MITSUBISHI 6D14 422-008,64600.0,PEMAKAIAN PERSEDIAAN Aug 2026
2026-08-31,Aug,8,KUMAI,PLANTATION,RUTIN,ENGINE SYSTEM,SPAREPART,POMPA MITSUBISHI 6D14 422-009,3500.0,PEMAKAIAN PERSEDIAAN Aug 2026
2026-08-31,Aug,8,SUNGAI DANAU,PLANTATION,NON RUTIN,STEERING SYSTEM,SPAREPART,GRADER CATERPILAR 120 K 351-004,1276000.0,PEMAKAIAN PERSEDIAAN Aug 2026
2026-08-31,Aug,8,TANJUNG,MINING,RUTIN,ENGINE SYSTEM,SPAREPART,TRUCK TANGKI HINO FG235 DA 1853 Z /DA 8705 ZE 262-001,1722551.95,PEMAKAIAN PERSEDIAAN Aug 2026
2026-08-31,Aug,8,TANJUNG,MINING,RUTIN,HYDRAULIC SYSTEM,SPAREPART,TRUCK TANGKI HINO FG235 DA 1853 Z /DA 8705 ZE 262-001,416407.4,PEMAKAIAN PERSEDIAAN Aug 2026
2026-08-31,Aug,8,TANJUNG,MINING,NON RUTIN,BRAKE SYSTEM,SPAREPART,TRUCK TANGKI HINO FG235 DA 1853 Z /DA 8705 ZE 262-001,1281312.5,PEMAKAIAN PERSEDIAAN Aug 2026
2026-08-31,Aug,8,TANJUNG,MINING,NON RUTIN,DIFFENTTIAL & REAR AXLE SYSTEM,SPAREPART,TRUCK TANGKI HINO FG235 DA 1853 Z /DA 8705 ZE 262-001,338571.42,PEMAKAIAN PERSEDIAAN Aug 2026
2026-08-31,Aug,8,TANJUNG,MINING,NON RUTIN,ELECTRICAL SYSTEM,SPAREPART,TRUCK TANGKI HINO FG235 DA 1853 Z /DA 8705 ZE 262-001,500000.0,PEMAKAIAN PERSEDIAAN Aug 2026
2026-08-31,Aug,8,TANJUNG,MINING,NON RUTIN,GROUND ENGAGING SYSTEM,SPAREPART,TRUCK TANGKI HINO FG235 DA 1853 Z /DA 8705 ZE 262-001,192000.0,PEMAKAIAN PERSEDIAAN Aug 2026
2026-08-31,Aug,8,TANJUNG,MINING,NON RUTIN,HYDRAULIC SYSTEM,SPAREPART,TRUCK TANGKI HINO FG235 DA 1853 Z /DA 8705 ZE 262-001,416407.4,PEMAKAIAN PERSEDIAAN Aug 2026
2026-08-31,Aug,8,TANJUNG,MINING,NON RUTIN,STEERING SYSTEM,SPAREPART,TRUCK TANGKI HINO FG235 DA 1853 Z /DA 8705 ZE 262-001,920000.0,PEMAKAIAN PERSEDIAAN Aug 2026
2026-08-31,Aug,8,TANJUNG,MINING,NON RUTIN,TRANSMISSION SYSTEM,SPAREPART,TRUCK TANGKI HINO FG235 DA 1853 Z /DA 8705 ZE 262-001,3565356.54,PEMAKAIAN PERSEDIAAN Aug 2026
2026-08-31,Aug,8,TANJUNG,MINING,RUTIN,AIR CONDITIONING SYSTEM,SPAREPART,DUMP TRUCK HINO FM 260 JD 312-015,571423.27,PEMAKAIAN PERSEDIAAN Aug 2026
2026-08-31,Aug,8,TANJUNG,MINING,RUTIN,ELECTRICAL SYSTEM,SPAREPART,DUMP TRUCK HINO FM 260 JD 312-015,950330.0,PEMAKAIAN PERSEDIAAN Aug 2026
2026-08-31,Aug,8,TANJUNG,MINING,RUTIN,ENGINE SYSTEM,SPAREPART,DUMP TRUCK HINO FM 260 JD 312-015,170535.71,PEMAKAIAN PERSEDIAAN Aug 2026
2026-08-31,Aug,8,TANJUNG,MINING,RUTIN,FRAME BODY & GUARD SYSTEM,SPAREPART,DUMP TRUCK HINO FM 260 JD 312-015,18211.54,PEMAKAIAN PERSEDIAAN Aug 2026
2026-08-31,Aug,8,TANJUNG,MINING,RUTIN,TRANSMISSION SYSTEM,SPAREPART,DUMP TRUCK HINO FM 260 JD 312-015,1409588.28,PEMAKAIAN PERSEDIAAN Aug 2026
2026-08-31,Aug,8,TANJUNG,MINING,NON RUTIN,ELECTRICAL SYSTEM,SPAREPART,DUMP TRUCK HINO FM 260 JD 312-015,2910000.0,PEMAKAIAN PERSEDIAAN Aug 2026
2026-08-31,Aug,8,TANJUNG,MINING,NON RUTIN,ENGINE SYSTEM,SPAREPART,DUMP TRUCK HINO FM 260 JD 312-015,1450000.0,PEMAKAIAN PERSEDIAAN Aug 2026
2026-08-31,Aug,8,TANJUNG,MINING,RUTIN,AIR CONDITIONING SYSTEM,SPAREPART,DUMP TRUCK HINO FM 260 JD 312-019,610233.33,PEMAKAIAN PERSEDIAAN Aug 2026
2026-08-31,Aug,8,TANJUNG,MINING,RUTIN,BRAKE SYSTEM,SPAREPART,DUMP TRUCK HINO FM 260 JD 312-019,150788.8,PEMAKAIAN PERSEDIAAN Aug 2026
2026-08-31,Aug,8,TANJUNG,MINING,RUTIN,ELECTRICAL SYSTEM,SPAREPART,DUMP TRUCK HINO FM 260 JD 312-019,962468.89,PEMAKAIAN PERSEDIAAN Aug 2026
2026-08-31,Aug,8,TANJUNG,MINING,RUTIN,ENGINE SYSTEM,SPAREPART,DUMP TRUCK HINO FM 260 JD 312-019,170535.71,PEMAKAIAN PERSEDIAAN Aug 2026
2026-08-31,Aug,8,TANJUNG,MINING,NON RUTIN,BRAKE SYSTEM,SPAREPART,DUMP TRUCK HINO FM 260 JD 312-019,2580000.0,PEMAKAIAN PERSEDIAAN Aug 2026
2026-08-31,Aug,8,TANJUNG,MINING,NON RUTIN,ENGINE SYSTEM,SPAREPART,DUMP TRUCK HINO FM 260 JD 312-019,11693235.98,PEMAKAIAN PERSEDIAAN Aug 2026
2026-08-31,Aug,8,TANJUNG,MINING,NON RUTIN,TRANSMISSION SYSTEM,SPAREPART,DUMP TRUCK HINO FM 260 JD 312-019,3565356.54,PEMAKAIAN PERSEDIAAN Aug 2026
2026-08-31,Aug,8,TANJUNG,MINING,RUTIN,AIR CONDITIONING SYSTEM,SPAREPART,DUMP TRUCK HINO FM 260 JD 312-021,630218.24,PEMAKAIAN PERSEDIAAN Aug 2026
2026-08-31,Aug,8,TANJUNG,MINING,RUTIN,ELECTRICAL SYSTEM,SPAREPART,DUMP TRUCK HINO FM 260 JD 312-021,950330.0,PEMAKAIAN PERSEDIAAN Aug 2026
2026-08-31,Aug,8,TANJUNG,MINING,RUTIN,ENGINE SYSTEM,SPAREPART,DUMP TRUCK HINO FM 260 JD 312-021,1192166.88,PEMAKAIAN PERSEDIAAN Aug 2026
2026-08-31,Aug,8,TANJUNG,MINING,RUTIN,FRAME BODY & GUARD SYSTEM,SPAREPART,DUMP TRUCK HINO FM 260 JD 312-021,4950.0,PEMAKAIAN PERSEDIAAN Aug 2026
2026-08-31,Aug,8,TANJUNG,MINING,RUTIN,HYDRAULIC SYSTEM,SPAREPART,DUMP TRUCK HINO FM 260 JD 312-021,741669.0,PEMAKAIAN PERSEDIAAN Aug 2026
2026-08-31,Aug,8,TANJUNG,MINING,RUTIN,STEERING SYSTEM,SPAREPART,DUMP TRUCK HINO FM 260 JD 312-021,81428.58,PEMAKAIAN PERSEDIAAN Aug 2026
2026-08-31,Aug,8,TANJUNG,MINING,NON RUTIN,ELECTRICAL SYSTEM,SPAREPART,DUMP TRUCK HINO FM 260 JD 312-021,421000.0,PEMAKAIAN PERSEDIAAN Aug 2026
2026-08-31,Aug,8,TANJUNG,MINING,NON RUTIN,ENGINE SYSTEM,SPAREPART,DUMP TRUCK HINO FM 260 JD 312-021,362250.0,PEMAKAIAN PERSEDIAAN Aug 2026
2026-08-31,Aug,8,TANJUNG,MINING,NON RUTIN,TRANSMISSION SYSTEM,SPAREPART,DUMP TRUCK HINO FM 260 JD 312-021,948356.54,PEMAKAIAN PERSEDIAAN Aug 2026
2026-08-31,Aug,8,TANJUNG,MINING,RUTIN,AIR CONDITIONING SYSTEM,SPAREPART,DUMP TRUCK HINO FM 260 JD 312-022,1858233.32,PEMAKAIAN PERSEDIAAN Aug 2026
2026-08-31,Aug,8,TANJUNG,MINING,RUTIN,ATTACHMENT SYSTEM,SPAREPART,DUMP TRUCK HINO FM 260 JD 312-022,2250.0,PEMAKAIAN PERSEDIAAN Aug 2026
2026-08-31,Aug,8,TANJUNG,MINING,RUTIN,ELECTRICAL SYSTEM,SPAREPART,DUMP TRUCK HINO FM 260 JD 312-022,1879285.0,PEMAKAIAN PERSEDIAAN Aug 2026
2026-08-31,Aug,8,TANJUNG,MINING,RUTIN,ENGINE SYSTEM,SPAREPART,DUMP TRUCK HINO FM 260 JD 312-022,1322234.99,PEMAKAIAN PERSEDIAAN Aug 2026
2026-08-31,Aug,8,TANJUNG,MINING,RUTIN,FRAME BODY & GUARD SYSTEM,SPAREPART,DUMP TRUCK HINO FM 260 JD 312-022,13075.0,PEMAKAIAN PERSEDIAAN Aug 2026
2026-08-31,Aug,8,TANJUNG,MINING,RUTIN,HYDRAULIC SYSTEM,SPAREPART,DUMP TRUCK HINO FM 260 JD 312-022,868751.75,PEMAKAIAN PERSEDIAAN Aug 2026
2026-08-31,Aug,8,TANJUNG,MINING,NON RUTIN,ELECTRICAL SYSTEM,SPAREPART,DUMP TRUCK HINO FM 260 JD 312-022,258865.39,PEMAKAIAN PERSEDIAAN Aug 2026
2026-08-31,Aug,8,TANJUNG,MINING,NON RUTIN,ENGINE SYSTEM,SPAREPART,DUMP TRUCK HINO FM 260 JD 312-022,617333.33,PEMAKAIAN PERSEDIAAN Aug 2026
2026-08-31,Aug,8,TANJUNG,MINING,NON RUTIN,STEERING SYSTEM,SPAREPART,DUMP TRUCK HINO FM 260 JD 312-022,1062436.14,PEMAKAIAN PERSEDIAAN Aug 2026
2026-08-31,Aug,8,TANJUNG,MINING,NON RUTIN,SUSPENSION SYSTEM,SPAREPART,DUMP TRUCK HINO FM 260 JD 312-022,392207.0,PEMAKAIAN PERSEDIAAN Aug 2026
2026-08-31,Aug,8,TANJUNG,MINING,RUTIN,AIR CONDITIONING SYSTEM,SPAREPART,DUMP TRUCK HINO FM 260 JD 312-023,907666.66,PEMAKAIAN PERSEDIAAN Aug 2026
2026-08-31,Aug,8,TANJUNG,MINING,RUTIN,ENGINE SYSTEM,SPAREPART,DUMP TRUCK HINO FM 260 JD 312-023,1968175.0,PEMAKAIAN PERSEDIAAN Aug 2026
2026-08-31,Aug,8,TANJUNG,MINING,NON RUTIN,AIR CONDITIONING SYSTEM,SPAREPART,DUMP TRUCK HINO FM 260 JD 312-023,345000.0,PEMAKAIAN PERSEDIAAN Aug 2026
2026-08-31,Aug,8,TANJUNG,MINING,NON RUTIN,ELECTRICAL SYSTEM,SPAREPART,DUMP TRUCK HINO FM 260 JD 312-023,225225.23,PEMAKAIAN PERSEDIAAN Aug 2026
2026-08-31,Aug,8,TANJUNG,MINING,NON RUTIN,ENGINE SYSTEM,SPAREPART,DUMP TRUCK HINO FM 260 JD 312-023,1650000.0,PEMAKAIAN PERSEDIAAN Aug 2026
2026-08-31,Aug,8,TANJUNG,MINING,RUTIN,AIR CONDITIONING SYSTEM,SPAREPART,DUMP TRUCK HINO FM 280 JD 312-027,453833.33,PEMAKAIAN PERSEDIAAN Aug 2026
2026-08-31,Aug,8,TANJUNG,MINING,RUTIN,ATTACHMENT SYSTEM,SPAREPART,DUMP TRUCK HINO FM 280 JD 312-027,11150.0,PEMAKAIAN PERSEDIAAN Aug 2026
2026-08-31,Aug,8,TANJUNG,MINING,RUTIN,ELECTRICAL SYSTEM,SPAREPART,DUMP TRUCK HINO FM 280 JD 312-027,928955.0,PEMAKAIAN PERSEDIAAN Aug 2026
2026-08-31,Aug,8,TANJUNG,MINING,RUTIN,ENGINE SYSTEM,SPAREPART,DUMP TRUCK HINO FM 280 JD 312-027,2517249.75,PEMAKAIAN PERSEDIAAN Aug 2026
2026-08-31,Aug,8,TANJUNG,MINING,RUTIN,HYDRAULIC SYSTEM,SPAREPART,DUMP TRUCK HINO FM 280 JD 312-027,741669.0,PEMAKAIAN PERSEDIAAN Aug 2026
2026-08-31,Aug,8,TANJUNG,MINING,RUTIN,STEERING SYSTEM,SPAREPART,DUMP TRUCK HINO FM 280 JD 312-027,122142.87,PEMAKAIAN PERSEDIAAN Aug 2026
2026-08-31,Aug,8,TANJUNG,MINING,NON RUTIN,AIR CONDITIONING SYSTEM,SPAREPART,DUMP TRUCK HINO FM 280 JD 312-027,3970000.0,PEMAKAIAN PERSEDIAAN Aug 2026
2026-08-31,Aug,8,TANJUNG,MINING,NON RUTIN,BRAKE SYSTEM,SPAREPART,DUMP TRUCK HINO FM 280 JD 312-027,2000000.0,PEMAKAIAN PERSEDIAAN Aug 2026
2026-08-31,Aug,8,TANJUNG,MINING,NON RUTIN,DIFFENTTIAL & REAR AXLE SYSTEM,SPAREPART,DUMP TRUCK HINO FM 280 JD 312-027,112857.14,PEMAKAIAN PERSEDIAAN Aug 2026
2026-08-31,Aug,8,TANJUNG,MINING,NON RUTIN,ENGINE SYSTEM,SPAREPART,DUMP TRUCK HINO FM 280 JD 312-027,564000.0,PEMAKAIAN PERSEDIAAN Aug 2026
2026-08-31,Aug,8,TANJUNG,MINING,NON RUTIN,TRANSMISSION SYSTEM,SPAREPART,DUMP TRUCK HINO FM 280 JD 312-027,6095102.52,PEMAKAIAN PERSEDIAAN Aug 2026
2026-08-31,Aug,8,TANJUNG,MINING,RUTIN,AIR CONDITIONING SYSTEM,SPAREPART,DUMP TRUCK HINO FM 280 JD 312-028,1361499.99,PEMAKAIAN PERSEDIAAN Aug 2026
2026-08-31,Aug,8,TANJUNG,MINING,RUTIN,ELECTRICAL SYSTEM,SPAREPART,DUMP TRUCK HINO FM 280 JD 312-028,73707.69,PEMAKAIAN PERSEDIAAN Aug 2026
2026-08-31,Aug,8,TANJUNG,MINING,RUTIN,ENGINE SYSTEM,SPAREPART,DUMP TRUCK HINO FM 280 JD 312-028,2169231.03,PEMAKAIAN PERSEDIAAN Aug 2026
2026-08-31,Aug,8,TANJUNG,MINING,NON RUTIN,ELECTRICAL SYSTEM,SPAREPART,DUMP TRUCK HINO FM 280 JD 312-028,1511526.18,PEMAKAIAN PERSEDIAAN Aug 2026
2026-08-31,Aug,8,TANJUNG,MINING,NON RUTIN,ENGINE SYSTEM,SPAREPART,DUMP TRUCK HINO FM 280 JD 312-028,4728031.43,PEMAKAIAN PERSEDIAAN Aug 2026
2026-08-31,Aug,8,TANJUNG,MINING,NON RUTIN,TRANSMISSION SYSTEM,SPAREPART,DUMP TRUCK HINO FM 280 JD 312-028,2938128.18,PEMAKAIAN PERSEDIAAN Aug 2026
2026-08-31,Aug,8,TANJUNG,MINING,RUTIN,AIR CONDITIONING SYSTEM,SPAREPART,DUMP TRUCK HINO FM 280 JD 312-030,453833.33,PEMAKAIAN PERSEDIAAN Aug 2026
2026-08-31,Aug,8,TANJUNG,MINING,RUTIN,ATTACHMENT SYSTEM,SPAREPART,DUMP TRUCK HINO FM 280 JD 312-030,2250.0,PEMAKAIAN PERSEDIAAN Aug 2026
2026-08-31,Aug,8,TANJUNG,MINING,RUTIN,ENGINE SYSTEM,SPAREPART,DUMP TRUCK HINO FM 280 JD 312-030,1447273.45,PEMAKAIAN PERSEDIAAN Aug 2026
2026-08-31,Aug,8,TANJUNG,MINING,RUTIN,SUSPENSION SYSTEM,SPAREPART,DUMP TRUCK HINO FM 280 JD 312-030,657375.02,PEMAKAIAN PERSEDIAAN Aug 2026
2026-08-31,Aug,8,TANJUNG,MINING,NON RUTIN,ELECTRICAL SYSTEM,SPAREPART,DUMP TRUCK HINO FM 280 JD 312-030,250000.0,PEMAKAIAN PERSEDIAAN Aug 2026
2026-08-31,Aug,8,TANJUNG,MINING,NON RUTIN,ENGINE SYSTEM,SPAREPART,DUMP TRUCK HINO FM 280 JD 312-030,617333.33,PEMAKAIAN PERSEDIAAN Aug 2026
2026-08-31,Aug,8,TANJUNG,MINING,NON RUTIN,SUSPENSION SYSTEM,SPAREPART,DUMP TRUCK HINO FM 280 JD 312-030,392207.0,PEMAKAIAN PERSEDIAAN Aug 2026
2026-08-31,Aug,8,TANJUNG,MINING,RUTIN,AIR CONDITIONING SYSTEM,SPAREPART,DUMP TRUCK HINO FM 280 JD 312-031,453833.33,PEMAKAIAN PERSEDIAAN Aug 2026
2026-08-31,Aug,8,TANJUNG,MINING,RUTIN,ELECTRICAL SYSTEM,SPAREPART,DUMP TRUCK HINO FM 280 JD 312-031,956330.0,PEMAKAIAN PERSEDIAAN Aug 2026
2026-08-31,Aug,8,TANJUNG,MINING,RUTIN,ENGINE SYSTEM,SPAREPART,DUMP TRUCK HINO FM 280 JD 312-031,2320335.94,PEMAKAIAN PERSEDIAAN Aug 2026
2026-08-31,Aug,8,TANJUNG,MINING,RUTIN,FRAME BODY & GUARD SYSTEM,SPAREPART,DUMP TRUCK HINO FM 280 JD 312-031,95424.17,PEMAKAIAN PERSEDIAAN Aug 2026
2026-08-31,Aug,8,TANJUNG,MINING,RUTIN,HYDRAULIC SYSTEM,SPAREPART,DUMP TRUCK HINO FM 280 JD 312-031,312500.0,PEMAKAIAN PERSEDIAAN Aug 2026
2026-08-31,Aug,8,TANJUNG,MINING,RUTIN,STEERING SYSTEM,SPAREPART,DUMP TRUCK HINO FM 280 JD 312-031,81428.58,PEMAKAIAN PERSEDIAAN Aug 2026
2026-08-31,Aug,8,TANJUNG,MINING,RUTIN,WHEEL & TYRE SYSTEM,SPAREPART,DUMP TRUCK HINO FM 280 JD 312-031,5063667.5,PEMAKAIAN PERSEDIAAN Aug 2026
2026-08-31,Aug,8,TANJUNG,MINING,NON RUTIN,ELECTRICAL SYSTEM,SPAREPART,DUMP TRUCK HINO FM 280 JD 312-031,8981000.0,PEMAKAIAN PERSEDIAAN Aug 2026
2026-08-31,Aug,8,TANJUNG,MINING,NON RUTIN,ENGINE SYSTEM,SPAREPART,DUMP TRUCK HINO FM 280 JD 312-031,1845000.0,PEMAKAIAN PERSEDIAAN Aug 2026
2026-08-31,Aug,8,TANJUNG,MINING,NON RUTIN,SUSPENSION SYSTEM,SPAREPART,DUMP TRUCK HINO FM 280 JD 312-031,784414.0,PEMAKAIAN PERSEDIAAN Aug 2026
2026-08-31,Aug,8,TANJUNG,MINING,RUTIN,AIR CONDITIONING SYSTEM,SPAREPART,DUMP TRUCK HINO FM 280 JD 312-032,951666.66,PEMAKAIAN PERSEDIAAN Aug 2026
2026-08-31,Aug,8,TANJUNG,MINING,RUTIN,ELECTRICAL SYSTEM,SPAREPART,DUMP TRUCK HINO FM 280 JD 312-032,950330.0,PEMAKAIAN PERSEDIAAN Aug 2026
2026-08-31,Aug,8,TANJUNG,MINING,RUTIN,ENGINE SYSTEM,SPAREPART,DUMP TRUCK HINO FM 280 JD 312-032,1399106.73,PEMAKAIAN PERSEDIAAN Aug 2026
2026-08-31,Aug,8,TANJUNG,MINING,RUTIN,SUSPENSION SYSTEM,SPAREPART,DUMP TRUCK HINO FM 280 JD 312-032,2758923.61,PEMAKAIAN PERSEDIAAN Aug 2026
2026-08-31,Aug,8,TANJUNG,MINING,NON RUTIN,DIFFENTTIAL & REAR AXLE SYSTEM,SPAREPART,DUMP TRUCK HINO FM 280 JD 312-032,112857.14,PEMAKAIAN PERSEDIAAN Aug 2026
2026-08-31,Aug,8,TANJUNG,MINING,NON RUTIN,ELECTRICAL SYSTEM,SPAREPART,DUMP TRUCK HINO FM 280 JD 312-032,250000.0,PEMAKAIAN PERSEDIAAN Aug 2026
2026-08-31,Aug,8,TANJUNG,MINING,NON RUTIN,ENGINE SYSTEM,SPAREPART,DUMP TRUCK HINO FM 280 JD 312-032,957333.33,PEMAKAIAN PERSEDIAAN Aug 2026
2026-08-31,Aug,8,TANJUNG,MINING,NON RUTIN,SUSPENSION SYSTEM,SPAREPART,DUMP TRUCK HINO FM 280 JD 312-032,507824.77,PEMAKAIAN PERSEDIAAN Aug 2026
2026-08-31,Aug,8,TANJUNG,MINING,RUTIN,BRAKE SYSTEM,SPAREPART,DUMP TRUCK HINO FM 280 JD 312-034,150788.8,PEMAKAIAN PERSEDIAAN Aug 2026
2026-08-31,Aug,8,TANJUNG,MINING,RUTIN,ELECTRICAL SYSTEM,SPAREPART,DUMP TRUCK HINO FM 280 JD 312-034,928955.0,PEMAKAIAN PERSEDIAAN Aug 2026
2026-08-31,Aug,8,TANJUNG,MINING,RUTIN,ENGINE SYSTEM,SPAREPART,DUMP TRUCK HINO FM 280 JD 312-034,2385013.75,PEMAKAIAN PERSEDIAAN Aug 2026
2026-08-31,Aug,8,TANJUNG,MINING,RUTIN,FINAL DRIVE SYSTEM,SPAREPART,DUMP TRUCK HINO FM 280 JD 312-034,690295.4,PEMAKAIAN PERSEDIAAN Aug 2026
2026-08-31,Aug,8,TANJUNG,MINING,RUTIN,STEERING SYSTEM,SPAREPART,DUMP TRUCK HINO FM 280 JD 312-034,81428.58,PEMAKAIAN PERSEDIAAN Aug 2026
2026-08-31,Aug,8,TANJUNG,MINING,NON RUTIN,BRAKE SYSTEM,SPAREPART,DUMP TRUCK HINO FM 280 JD 312-034,1553912.5,PEMAKAIAN PERSEDIAAN Aug 2026
2026-08-31,Aug,8,TANJUNG,MINING,NON RUTIN,DIFFENTTIAL & REAR AXLE SYSTEM,SPAREPART,DUMP TRUCK HINO FM 280 JD 312-034,112857.14,PEMAKAIAN PERSEDIAAN Aug 2026
2026-08-31,Aug,8,TANJUNG,MINING,NON RUTIN,FINAL DRIVE SYSTEM,SPAREPART,DUMP TRUCK HINO FM 280 JD 312-034,119865.0,PEMAKAIAN PERSEDIAAN Aug 2026
2026-08-31,Aug,8,TANJUNG,MINING,NON RUTIN,STEERING SYSTEM,SPAREPART,DUMP TRUCK HINO FM 280 JD 312-034,7207207.21,PEMAKAIAN PERSEDIAAN Aug 2026
2026-08-31,Aug,8,TANJUNG,MINING,NON RUTIN,TRANSMISSION SYSTEM,SPAREPART,DUMP TRUCK HINO FM 280 JD 312-034,2938128.18,PEMAKAIAN PERSEDIAAN Aug 2026
2026-08-31,Aug,8,TANJUNG,MINING,RUTIN,ATTACHMENT SYSTEM,SPAREPART,EXCAVATOR HITACHI ZX210F-5G 332-026,2349866.82,PEMAKAIAN PERSEDIAAN Aug 2026
2026-08-31,Aug,8,TANJUNG,MINING,RUTIN,ENGINE SYSTEM,SPAREPART,EXCAVATOR HITACHI ZX210F-5G 332-026,1541099.74,PEMAKAIAN PERSEDIAAN Aug 2026
2026-08-31,Aug,8,TANJUNG,MINING,RUTIN,ATTACHMENT SYSTEM,SPAREPART,EXCAVATOR HITACHI ZX350H-5G 332-027,783288.94,PEMAKAIAN PERSEDIAAN Aug 2026
2026-08-31,Aug,8,TANJUNG,MINING,RUTIN,ENGINE SYSTEM,SPAREPART,EXCAVATOR HITACHI ZX350H-5G 332-027,1661875.4,PEMAKAIAN PERSEDIAAN Aug 2026
2026-08-31,Aug,8,TANJUNG,MINING,RUTIN,HYDRAULIC SYSTEM,SPAREPART,EXCAVATOR HITACHI ZX350H-5G 332-027,1854172.5,PEMAKAIAN PERSEDIAAN Aug 2026
2026-08-31,Aug,8,TANJUNG,MINING,NON RUTIN,AIR CONDITIONING SYSTEM,SPAREPART,EXCAVATOR HITACHI ZX350H-5G 332-027,308000.0,PEMAKAIAN PERSEDIAAN Aug 2026
2026-08-31,Aug,8,TANJUNG,MINING,NON RUTIN,ENGINE SYSTEM,SPAREPART,EXCAVATOR HITACHI ZX350H-5G 332-027,126666.66,PEMAKAIAN PERSEDIAAN Aug 2026
2026-08-31,Aug,8,TANJUNG,MINING,RUTIN,ATTACHMENT SYSTEM,SPAREPART,EXCAVATOR KOMATSU PC-200-8M1 332-032,1566577.88,PEMAKAIAN PERSEDIAAN Aug 2026
2026-08-31,Aug,8,TANJUNG,MINING,RUTIN,ATTACHMENT SYSTEM,SPAREPART,EXCAVATOR HITACHI ZX350H-5G 332-036,1566577.88,PEMAKAIAN PERSEDIAAN Aug 2026
2026-08-31,Aug,8,TANJUNG,MINING,RUTIN,ELECTRICAL SYSTEM,SPAREPART,EXCAVATOR HITACHI ZX350H-5G 332-036,147415.38,PEMAKAIAN PERSEDIAAN Aug 2026
2026-08-31,Aug,8,TANJUNG,MINING,RUTIN,ENGINE SYSTEM,SPAREPART,EXCAVATOR HITACHI ZX350H-5G 332-036,3346465.08,PEMAKAIAN PERSEDIAAN Aug 2026
2026-08-31,Aug,8,TANJUNG,MINING,RUTIN,HYDRAULIC SYSTEM,SPAREPART,EXCAVATOR HITACHI ZX350H-5G 332-036,741669.0,PEMAKAIAN PERSEDIAAN Aug 2026
2026-08-31,Aug,8,TANJUNG,MINING,RUTIN,ATTACHMENT SYSTEM,SPAREPART,EXCAVATOR HITACHI ZX350H-5G 332-037,2407217.66,PEMAKAIAN PERSEDIAAN Aug 2026
2026-08-31,Aug,8,TANJUNG,MINING,RUTIN,ELECTRICAL SYSTEM,SPAREPART,EXCAVATOR HITACHI ZX350H-5G 332-037,147415.38,PEMAKAIAN PERSEDIAAN Aug 2026
2026-08-31,Aug,8,TANJUNG,MINING,RUTIN,ENGINE SYSTEM,SPAREPART,EXCAVATOR HITACHI ZX350H-5G 332-037,3664465.08,PEMAKAIAN PERSEDIAAN Aug 2026
2026-08-31,Aug,8,TANJUNG,MINING,NON RUTIN,GROUND ENGAGING SYSTEM,SPAREPART,EXCAVATOR HITACHI ZX350H-5G 332-037,1202212.75,PEMAKAIAN PERSEDIAAN Aug 2026
2026-08-31,Aug,8,TANJUNG,MINING,RUTIN,ATTACHMENT SYSTEM,SPAREPART,EXCAVATOR SHANTUI SE 215 W 332-049,783288.94,PEMAKAIAN PERSEDIAAN Aug 2026
2026-08-31,Aug,8,TANJUNG,MINING,RUTIN,HYDRAULIC SYSTEM,SPAREPART,EXCAVATOR SHANTUI SE 215 W 332-049,1297920.75,PEMAKAIAN PERSEDIAAN Aug 2026
2026-08-31,Aug,8,TANJUNG,MINING,NON RUTIN,AIR CONDITIONING SYSTEM,SPAREPART,EXCAVATOR SHANTUI SE 215 W 332-049,308000.0,PEMAKAIAN PERSEDIAAN Aug 2026
2026-08-31,Aug,8,TANJUNG,MINING,RUTIN,ATTACHMENT SYSTEM,SPAREPART,BULLDOZER WEA B 220 342-012,783288.94,PEMAKAIAN PERSEDIAAN Aug 2026
2026-08-31,Aug,8,TANJUNG,MINING,RUTIN,ENGINE SYSTEM,SPAREPART,BULLDOZER WEA B 220 342-012,760054.8,PEMAKAIAN PERSEDIAAN Aug 2026
2026-08-31,Aug,8,TANJUNG,MINING,NON RUTIN,ELECTRICAL SYSTEM,SPAREPART,BULLDOZER WEA B 220 342-012,1465864.0,PEMAKAIAN PERSEDIAAN Aug 2026
2026-08-31,Aug,8,TANJUNG,MINING,RUTIN,ATTACHMENT SYSTEM,SPAREPART,BULLDOZER KOMATSU D85E 342-017,783288.94,PEMAKAIAN PERSEDIAAN Aug 2026
2026-08-31,Aug,8,TANJUNG,MINING,RUTIN,ELECTRICAL SYSTEM,SPAREPART,BULLDOZER KOMATSU D85E 342-017,221123.07,PEMAKAIAN PERSEDIAAN Aug 2026
2026-08-31,Aug,8,TANJUNG,MINING,RUTIN,ENGINE SYSTEM,SPAREPART,BULLDOZER KOMATSU D85E 342-017,2861500.0,PEMAKAIAN PERSEDIAAN Aug 2026
2026-08-31,Aug,8,TANJUNG,MINING,NON RUTIN,UNDERCARRIAGE SYSTEM,SPAREPART,BULLDOZER KOMATSU D85E 342-017,302311.12,PEMAKAIAN PERSEDIAAN Aug 2026
2026-08-31,Aug,8,TANJUNG,MINING,RUTIN,ATTACHMENT SYSTEM,SPAREPART,GRADER CATERPILLAR 120 NG 351-011,11571.44,PEMAKAIAN PERSEDIAAN Aug 2026
2026-08-31,Aug,8,TANJUNG,MINING,RUTIN,FRAME BODY & GUARD SYSTEM,SPAREPART,GRADER CATERPILLAR 120 NG 351-011,152000.0,PEMAKAIAN PERSEDIAAN Aug 2026
2026-08-31,Aug,8,TANJUNG,MINING,RUTIN,WHEEL & TYRE SYSTEM,SPAREPART,GRADER CATERPILLAR 120 NG 351-011,7012928.0,PEMAKAIAN PERSEDIAAN Aug 2026
2026-08-31,Aug,8,TANJUNG,MINING,NON RUTIN,ELECTRICAL SYSTEM,SPAREPART,GRADER CATERPILLAR 120 NG 351-011,13594717.0,PEMAKAIAN PERSEDIAAN Aug 2026
2026-08-31,Aug,8,BUHUT,MINING,NON RUTIN,ATTACHMENT SYSTEM,SPAREPART,EXCAVATOR SHANTUI SE 215 W 332-051,2395833.35,PEMAKAIAN PERSEDIAAN Aug 2026
2026-08-31,Aug,8,AMPAH,MINING,RUTIN,AIR CONDITIONING SYSTEM,SPAREPART,DUMP TRUCK HINO FM 260 JD 312-012,496733.33,PEMAKAIAN PERSEDIAAN Aug 2026
2026-08-31,Aug,8,AMPAH,MINING,RUTIN,ATTACHMENT SYSTEM,SPAREPART,DUMP TRUCK HINO FM 260 JD 312-012,900.0,PEMAKAIAN PERSEDIAAN Aug 2026
2026-08-31,Aug,8,AMPAH,MINING,RUTIN,ELECTRICAL SYSTEM,SPAREPART,DUMP TRUCK HINO FM 260 JD 312-012,6218011.07,PEMAKAIAN PERSEDIAAN Aug 2026
2026-08-31,Aug,8,AMPAH,MINING,RUTIN,HYDRAULIC SYSTEM,SPAREPART,DUMP TRUCK HINO FM 260 JD 312-012,741669.0,PEMAKAIAN PERSEDIAAN Aug 2026
2026-08-31,Aug,8,AMPAH,MINING,RUTIN,STEERING SYSTEM,SPAREPART,DUMP TRUCK HINO FM 260 JD 312-012,81428.58,PEMAKAIAN PERSEDIAAN Aug 2026
2026-08-31,Aug,8,AMPAH,MINING,RUTIN,WHEEL & TYRE SYSTEM,SPAREPART,DUMP TRUCK HINO FM 260 JD 312-012,5485281.32,PEMAKAIAN PERSEDIAAN Aug 2026
2026-08-31,Aug,8,AMPAH,MINING,NON RUTIN,DIFFENTTIAL & REAR AXLE SYSTEM,SPAREPART,DUMP TRUCK HINO FM 260 JD 312-012,105000.0,PEMAKAIAN PERSEDIAAN Aug 2026
2026-08-31,Aug,8,AMPAH,MINING,RUTIN,AIR CONDITIONING SYSTEM,SPAREPART,DUMP TRUCK HINO FM 260 JD 312-013,496733.33,PEMAKAIAN PERSEDIAAN Aug 2026
2026-08-31,Aug,8,AMPAH,MINING,RUTIN,ELECTRICAL SYSTEM,SPAREPART,DUMP TRUCK HINO FM 260 JD 312-013,1511526.18,PEMAKAIAN PERSEDIAAN Aug 2026
2026-08-31,Aug,8,AMPAH,MINING,RUTIN,HYDRAULIC SYSTEM,SPAREPART,DUMP TRUCK HINO FM 260 JD 312-013,1297920.75,PEMAKAIAN PERSEDIAAN Aug 2026
2026-08-31,Aug,8,AMPAH,MINING,RUTIN,AIR CONDITIONING SYSTEM,SPAREPART,DUMP TRUCK HINO FM 260 JD 312-014,453833.33,PEMAKAIAN PERSEDIAAN Aug 2026
2026-08-31,Aug,8,AMPAH,MINING,RUTIN,AIR CONDITIONING SYSTEM,SPAREPART,DUMP TRUCK HINO FM 260 JD 312-016,42900.0,PEMAKAIAN PERSEDIAAN Aug 2026
2026-08-31,Aug,8,AMPAH,MINING,RUTIN,WHEEL & TYRE SYSTEM,SPAREPART,DUMP TRUCK HINO FM 260 JD 312-016,5485281.32,PEMAKAIAN PERSEDIAAN Aug 2026
2026-08-31,Aug,8,AMPAH,MINING,NON RUTIN,ENGINE SYSTEM,SPAREPART,DUMP TRUCK HINO FM 260 JD 312-020,4728031.43,PEMAKAIAN PERSEDIAAN Aug 2026
2026-08-31,Aug,8,AMPAH,MINING,RUTIN,AIR CONDITIONING SYSTEM,SPAREPART,DUMP TRUCK HINO FM 260 JD 312-025,453833.33,PEMAKAIAN PERSEDIAAN Aug 2026
2026-08-31,Aug,8,BUHUT,MINING,RUTIN,HYDRAULIC SYSTEM,SPAREPART,DUMP TRUCK HINO FM 280 JD 312-029,732810.8,PEMAKAIAN PERSEDIAAN Aug 2026
2026-08-31,Aug,8,BUHUT,MINING,RUTIN,AIR SYSTEM,SPAREPART,DUMP TRUCK HINO FM 280 JD 312-035,284900.0,PEMAKAIAN PERSEDIAAN Aug 2026
2026-08-31,Aug,8,BUHUT,MINING,RUTIN,ATTACHMENT SYSTEM,SPAREPART,DUMP TRUCK HINO FM 280 JD 312-035,5029.42,PEMAKAIAN PERSEDIAAN Aug 2026
2026-08-31,Aug,8,BUHUT,MINING,RUTIN,ENGINE SYSTEM,SPAREPART,DUMP TRUCK HINO FM 280 JD 312-035,192550.08,PEMAKAIAN PERSEDIAAN Aug 2026
2026-08-31,Aug,8,BUHUT,MINING,RUTIN,HYDRAULIC SYSTEM,SPAREPART,DUMP TRUCK HINO FM 280 JD 312-035,732810.8,PEMAKAIAN PERSEDIAAN Aug 2026
2026-08-31,Aug,8,BUHUT,MINING,RUTIN,WHEEL & TYRE SYSTEM,SPAREPART,DUMP TRUCK HINO FM 280 JD 312-035,5060420.12,PEMAKAIAN PERSEDIAAN Aug 2026
2026-08-31,Aug,8,BUHUT,MINING,RUTIN,AIR CONDITIONING SYSTEM,SPAREPART,DUMP TRUCK HINO FM 280 JD 312-036,689332.93,PEMAKAIAN PERSEDIAAN Aug 2026
2026-08-31,Aug,8,BUHUT,MINING,RUTIN,ENGINE SYSTEM,SPAREPART,DUMP TRUCK HINO FM 280 JD 312-036,903316.54,PEMAKAIAN PERSEDIAAN Aug 2026
2026-08-31,Aug,8,BUHUT,MINING,RUTIN,HYDRAULIC SYSTEM,SPAREPART,DUMP TRUCK HINO FM 280 JD 312-036,732810.8,PEMAKAIAN PERSEDIAAN Aug 2026
2026-08-31,Aug,8,BUHUT,MINING,RUTIN,WHEEL & TYRE SYSTEM,SPAREPART,DUMP TRUCK HINO FM 280 JD 312-036,5060420.12,PEMAKAIAN PERSEDIAAN Aug 2026
2026-08-31,Aug,8,BUHUT,MINING,RUTIN,GROUND ENGAGING SYSTEM,SPAREPART,EXCAVATOR HITACHI ZX 210 F-5G 332-038,650000.0,PEMAKAIAN PERSEDIAAN Aug 2026
2026-08-31,Aug,8,BUHUT,MINING,RUTIN,HYDRAULIC SYSTEM,SPAREPART,EXCAVATOR HITACHI ZX 210 F-5G 332-038,1493216.2,PEMAKAIAN PERSEDIAAN Aug 2026
2026-08-31,Aug,8,BUHUT,MINING,RUTIN,AIR CONDITIONING SYSTEM,SPAREPART,EXCAVATOR HITACHI ZX 210 F-5G 332-045,41341.27,PEMAKAIAN PERSEDIAAN Aug 2026
2026-08-31,Aug,8,BUHUT,MINING,RUTIN,ATTACHMENT SYSTEM,SPAREPART,EXCAVATOR HITACHI ZX 210 F-5G 332-045,1446558.72,PEMAKAIAN PERSEDIAAN Aug 2026
2026-08-31,Aug,8,BUHUT,MINING,RUTIN,ENGINE SYSTEM,SPAREPART,EXCAVATOR HITACHI ZX 210 F-5G 332-045,159000.0,PEMAKAIAN PERSEDIAAN Aug 2026
2026-08-31,Aug,8,BUHUT,MINING,RUTIN,GROUND ENGAGING SYSTEM,SPAREPART,EXCAVATOR HITACHI ZX 210 F-5G 332-045,24700886.66,PEMAKAIAN PERSEDIAAN Aug 2026
2026-08-31,Aug,8,BUHUT,MINING,NON RUTIN,ATTACHMENT SYSTEM,SPAREPART,EXCAVATOR HITACHI ZX 210 F-5G 332-045,225000.0,PEMAKAIAN PERSEDIAAN Aug 2026
2026-08-31,Aug,8,BUHUT,MINING,NON RUTIN,HYDRAULIC SYSTEM,SPAREPART,EXCAVATOR HITACHI ZX 210 F-5G 332-045,6110026.4,PEMAKAIAN PERSEDIAAN Aug 2026
2026-08-31,Aug,8,BUHUT,MINING,RUTIN,AIR CONDITIONING SYSTEM,SPAREPART,EXCAVATOR HITACHI ZX 210G-5G 332-052,683712.84,PEMAKAIAN PERSEDIAAN Aug 2026
2026-08-31,Aug,8,BUHUT,MINING,RUTIN,ATTACHMENT SYSTEM,SPAREPART,EXCAVATOR HITACHI ZX 210G-5G 332-052,2220996.78,PEMAKAIAN PERSEDIAAN Aug 2026
2026-08-31,Aug,8,BUHUT,MINING,RUTIN,ENGINE SYSTEM,SPAREPART,EXCAVATOR HITACHI ZX 210G-5G 332-052,1213722.99,PEMAKAIAN PERSEDIAAN Aug 2026
2026-08-31,Aug,8,BUHUT,MINING,RUTIN,GROUND ENGAGING SYSTEM,SPAREPART,EXCAVATOR HITACHI ZX 210G-5G 332-052,5472170.0,PEMAKAIAN PERSEDIAAN Aug 2026
2026-08-31,Aug,8,BUHUT,MINING,RUTIN,HYDRAULIC SYSTEM,SPAREPART,EXCAVATOR HITACHI ZX 210G-5G 332-052,668492.52,PEMAKAIAN PERSEDIAAN Aug 2026
2026-08-31,Aug,8,BUHUT,MINING,NON RUTIN,AIR CONDITIONING SYSTEM,SPAREPART,EXCAVATOR HITACHI ZX 210G-5G 332-052,947774.12,PEMAKAIAN PERSEDIAAN Aug 2026
2026-08-31,Aug,8,BUHUT,MINING,RUTIN,ENGINE SYSTEM,SPAREPART,EXCAVATOR HITACHI ZX350H-5G 332-055,1539476.54,PEMAKAIAN PERSEDIAAN Aug 2026
2026-08-31,Aug,8,BUHUT,MINING,RUTIN,FRAME BODY & GUARD SYSTEM,SPAREPART,EXCAVATOR HITACHI ZX350H-5G 332-055,1528914.24,PEMAKAIAN PERSEDIAAN Aug 2026
2026-08-31,Aug,8,BUHUT,MINING,RUTIN,GROUND ENGAGING SYSTEM,SPAREPART,EXCAVATOR HITACHI ZX350H-5G 332-055,25300113.21,PEMAKAIAN PERSEDIAAN Aug 2026
2026-08-31,Aug,8,BUHUT,MINING,RUTIN,HYDRAULIC SYSTEM,SPAREPART,EXCAVATOR HITACHI ZX350H-5G 332-055,4480823.5,PEMAKAIAN PERSEDIAAN Aug 2026
2026-08-31,Aug,8,BUHUT,MINING,RUTIN,UNDERCARRIAGE SYSTEM,SPAREPART,EXCAVATOR HITACHI ZX350H-5G 332-055,95000.0,PEMAKAIAN PERSEDIAAN Aug 2026
2026-08-31,Aug,8,BUHUT,MINING,RUTIN,FRAME BODY & GUARD SYSTEM,SPAREPART,EXCAVATOR KOMATSU PC210 332-059,1929166.65,PEMAKAIAN PERSEDIAAN Aug 2026
2026-08-31,Aug,8,BUHUT,MINING,RUTIN,ATTACHMENT SYSTEM,SPAREPART,GRADER XCMG GR-135 351-014,698661.18,PEMAKAIAN PERSEDIAAN Aug 2026
2026-08-31,Aug,8,BUHUT,MINING,RUTIN,WHEEL & TYRE SYSTEM,SPAREPART,GRADER XCMG GR-135 351-014,752732.7,PEMAKAIAN PERSEDIAAN Aug 2026
2026-08-31,Aug,8,BUHUT,MINING,RUTIN,ELECTRICAL SYSTEM,SPAREPART,WHEEL LOADER XCMG ZL50GN 362-002,1233721.75,PEMAKAIAN PERSEDIAAN Aug 2026
2026-08-31,Aug,8,BUHUT,MINING,RUTIN,ENGINE SYSTEM,SPAREPART,WHEEL LOADER XCMG ZL50GN 362-002,159000.0,PEMAKAIAN PERSEDIAAN Aug 2026
2026-08-31,Aug,8,BUHUT,MINING,RUTIN,FRAME BODY & GUARD SYSTEM,SPAREPART,WHEEL LOADER XCMG ZL50GN 362-002,11124500.0,PEMAKAIAN PERSEDIAAN Aug 2026
2026-08-31,Aug,8,BUHUT,MINING,RUTIN,ENGINE SYSTEM,SPAREPART,COMPACTOR SAKAI SV 526-D 371-014,159000.0,PEMAKAIAN PERSEDIAAN Aug 2026
2026-08-31,Aug,8,BUHUT,MINING,RUTIN,HYDRAULIC SYSTEM,SPAREPART,EXCAVATOR HITACHI ZX 210 F-5G 332-045,28087566.95,BY. AMORTISASI PEMBEBANAN PERBAIKAN UNIT
2026-08-31,Aug,8,SUNGAI DANAU,PLANTATION,RUTIN,ENGINE SYSTEM,ALOKASI WORKSHOP,BUS HINO 130 MDBL DA 9577 CL/ DA 7219 CD 231-001,48843.31,RAcct @ PEMELIHARAAN RUTIN ENGINE SYSTEM
2026-08-31,Aug,8,SUNGAI DANAU,PLANTATION,NON RUTIN,AIR SYSTEM,ALOKASI WORKSHOP,BUS HINO 130 MDBL DA 9577 CL/ DA 7219 CD 231-001,48843.31,RAcct @ PEMELIHARAAN NON RUTIN AIR SYSTE
2026-08-31,Aug,8,SUNGAI DANAU,PLANTATION,NON RUTIN,BRAKE SYSTEM,ALOKASI WORKSHOP,BUS HINO 130 MDBL DA 9577 CL/ DA 7219 CD 231-001,48843.31,RAcct @ PEMELIHARAAN NON RUTIN BRAKE SYS
2026-08-31,Aug,8,SUNGAI DANAU,PLANTATION,NON RUTIN,ELECTRICAL SYSTEM,ALOKASI WORKSHOP,BUS HINO 130 MDBL DA 9577 CL/ DA 7219 CD 231-001,65124.41,RAcct @ PEMELIHARAAN NON RUTIN ELECTRICA
2026-08-31,Aug,8,SUNGAI DANAU,PLANTATION,NON RUTIN,SUSPENSION SYSTEM,ALOKASI WORKSHOP,BUS HINO 130 MDBL DA 9577 CL/ DA 7219 CD 231-001,81405.51,RAcct @ PEMELIHARAAN NON RUTIN SUSPENSIO
2026-08-31,Aug,8,SUNGAI DANAU,PLANTATION,NON RUTIN,WHEEL & TYRE SYSTEM,ALOKASI WORKSHOP,BUS HINO 130 MDBL DA 9577 CL/ DA 7219 CD 231-001,146529.92,RAcct @ PEMELIHARAAN NON RUTIN WHEEL & T
2026-08-31,Aug,8,SUNGAI DANAU,PLANTATION,NON RUTIN,AIR SYSTEM,ALOKASI WORKSHOP,BUS HINO 130 MDBL DA 9592 CL/ DA 7223 CD 231-002,32562.2,RAcct @ PEMELIHARAAN NON RUTIN AIR SYSTE
2026-08-31,Aug,8,SUNGAI DANAU,PLANTATION,NON RUTIN,BRAKE SYSTEM,ALOKASI WORKSHOP,BUS HINO 130 MDBL DA 9592 CL/ DA 7223 CD 231-002,32562.2,RAcct @ PEMELIHARAAN NON RUTIN BRAKE SYS
2026-08-31,Aug,8,SUNGAI DANAU,PLANTATION,NON RUTIN,AIR CONDITIONING SYSTEM,ALOKASI WORKSHOP,BUS ISUZU MINI BUS F 7120 AB/DA 7026 TAJ 231-003,16281.1,RAcct @ PEMELIHARAAN NON RUTIN AIR CONDI
2026-08-31,Aug,8,SUNGAI DANAU,PLANTATION,NON RUTIN,AIR SYSTEM,ALOKASI WORKSHOP,BUS ISUZU MINI BUS F 7120 AB/DA 7026 TAJ 231-003,16281.1,RAcct @ PEMELIHARAAN NON RUTIN AIR SYSTE
2026-08-31,Aug,8,SUNGAI DANAU,PLANTATION,NON RUTIN,ELECTRICAL SYSTEM,ALOKASI WORKSHOP,BUS ISUZU MINI BUS F 7120 AB/DA 7026 TAJ 231-003,260497.63,RAcct @ PEMELIHARAAN NON RUTIN ELECTRICA
2026-08-31,Aug,8,SUNGAI DANAU,PLANTATION,NON RUTIN,FRAME BODY & GUARD SYSTEM,ALOKASI WORKSHOP,BUS ISUZU MINI BUS F 7120 AB/DA 7026 TAJ 231-003,2328197.57,RAcct @ PEMELIHARAAN NON RUTIN FRAME BOD
2026-08-31,Aug,8,SUNGAI DANAU,PLANTATION,NON RUTIN,STEERING SYSTEM,ALOKASI WORKSHOP,BUS ISUZU MINI BUS F 7120 AB/DA 7026 TAJ 231-003,16281.1,RAcct @ PEMELIHARAAN NON RUTIN STEERING
2026-08-31,Aug,8,SUNGAI DANAU,PLANTATION,NON RUTIN,AIR SYSTEM,ALOKASI WORKSHOP,BUS HINO 130 MDBL DA 7445 CD 231-004,48843.31,RAcct @ PEMELIHARAAN NON RUTIN AIR SYSTE
2026-08-31,Aug,8,SUNGAI DANAU,PLANTATION,NON RUTIN,FRAME BODY & GUARD SYSTEM,ALOKASI WORKSHOP,BUS HINO 130 MDBL DA 7445 CD 231-004,32562.2,RAcct @ PEMELIHARAAN NON RUTIN FRAME BOD
2026-08-31,Aug,8,SUNGAI DANAU,PLANTATION,NON RUTIN,AIR SYSTEM,ALOKASI WORKSHOP,BUS HINO 130 MDBL DA 8705 CO 231-005,97686.61,RAcct @ PEMELIHARAAN NON RUTIN AIR SYSTE
2026-08-31,Aug,8,SUNGAI DANAU,PLANTATION,RUTIN,ENGINE SYSTEM,ALOKASI WORKSHOP,BUS ISUZU NQR 231-006,113967.71,RAcct @ PEMELIHARAAN RUTIN ENGINE SYSTEM
2026-08-31,Aug,8,SUNGAI DANAU,PLANTATION,NON RUTIN,ELECTRICAL SYSTEM,ALOKASI WORKSHOP,BUS ISUZU NQR 231-006,276778.73,RAcct @ PEMELIHARAAN NON RUTIN ELECTRICA
2026-08-31,Aug,8,SUNGAI DANAU,PLANTATION,NON RUTIN,ENGINE SYSTEM,ALOKASI WORKSHOP,BUS ISUZU NQR 231-006,97686.61,RAcct @ PEMELIHARAAN NON RUTIN ENGINE SY
2026-08-31,Aug,8,SUNGAI DANAU,PLANTATION,NON RUTIN,FRAME BODY & GUARD SYSTEM,ALOKASI WORKSHOP,BUS ISUZU NQR 231-006,423308.65,RAcct @ PEMELIHARAAN NON RUTIN FRAME BOD
2026-08-31,Aug,8,SUNGAI DANAU,PLANTATION,NON RUTIN,WHEEL & TYRE SYSTEM,ALOKASI WORKSHOP,BUS ISUZU NQR 231-006,48843.31,RAcct @ PEMELIHARAAN NON RUTIN WHEEL & T
2026-08-31,Aug,8,SUNGAI DANAU,PLANTATION,NON RUTIN,ENGINE SYSTEM,ALOKASI WORKSHOP,TRUCK HINO 136 HDX 242-004,32562.2,RAcct @ PEMELIHARAAN NON RUTIN ENGINE SY
2026-08-31,Aug,8,SUNGAI DANAU,PLANTATION,NON RUTIN,WHEEL & TYRE SYSTEM,ALOKASI WORKSHOP,TRUCK HINO 136 HDX 242-004,32562.2,RAcct @ PEMELIHARAAN NON RUTIN WHEEL & T
2026-08-31,Aug,8,SUNGAI DANAU,PLANTATION,NON RUTIN,ENGINE SYSTEM,ALOKASI WORKSHOP,TRUCK HINO 136 HDX 242-005,32562.2,RAcct @ PEMELIHARAAN NON RUTIN ENGINE SY
2026-08-31,Aug,8,SUNGAI DANAU,PLANTATION,NON RUTIN,FRAME BODY & GUARD SYSTEM,ALOKASI WORKSHOP,TRUCK HINO 136 HDX 242-005,113967.71,RAcct @ PEMELIHARAAN NON RUTIN FRAME BOD
2026-08-31,Aug,8,SUNGAI DANAU,PLANTATION,NON RUTIN,WHEEL & TYRE SYSTEM,ALOKASI WORKSHOP,TRUCK HINO 136 HDX 242-005,32562.2,RAcct @ PEMELIHARAAN NON RUTIN WHEEL & T
2026-08-31,Aug,8,SUNGAI DANAU,PLANTATION,RUTIN,ENGINE SYSTEM,ALOKASI WORKSHOP,DUMP TRUCK HINO 130 HD DA 8206 CF 251-034,48843.31,RAcct @ PEMELIHARAAN RUTIN ENGINE SYSTEM
2026-08-31,Aug,8,SUNGAI DANAU,PLANTATION,NON RUTIN,BRAKE SYSTEM,ALOKASI WORKSHOP,DUMP TRUCK HINO 130 HD DA 8206 CF 251-034,293059.83,RAcct @ PEMELIHARAAN NON RUTIN BRAKE SYS
2026-08-31,Aug,8,SUNGAI DANAU,PLANTATION,NON RUTIN,FRAME BODY & GUARD SYSTEM,ALOKASI WORKSHOP,DUMP TRUCK HINO 130 HD DA 8206 CF 251-034,65124.41,RAcct @ PEMELIHARAAN NON RUTIN FRAME BOD
2026-08-31,Aug,8,SUNGAI DANAU,PLANTATION,NON RUTIN,STEERING SYSTEM,ALOKASI WORKSHOP,DUMP TRUCK HINO 130 HD DA 8206 CF 251-034,260497.63,RAcct @ PEMELIHARAAN NON RUTIN STEERING
2026-08-31,Aug,8,SUNGAI DANAU,PLANTATION,NON RUTIN,WHEEL & TYRE SYSTEM,ALOKASI WORKSHOP,DUMP TRUCK HINO 130 HD DA 8206 CF 251-034,113967.71,RAcct @ PEMELIHARAAN NON RUTIN WHEEL & T
2026-08-31,Aug,8,SUNGAI DANAU,PLANTATION,NON RUTIN,FRAME BODY & GUARD SYSTEM,ALOKASI WORKSHOP,DUMP TRUCK HINO 130 HD DA 8207 CF 251-035,16281.1,RAcct @ PEMELIHARAAN NON RUTIN FRAME BOD
2026-08-31,Aug,8,SUNGAI DANAU,PLANTATION,NON RUTIN,SUSPENSION SYSTEM,ALOKASI WORKSHOP,DUMP TRUCK HINO 130 HD DA 8207 CF 251-035,146529.92,RAcct @ PEMELIHARAAN NON RUTIN SUSPENSIO
2026-08-31,Aug,8,SUNGAI DANAU,PLANTATION,NON RUTIN,WHEEL & TYRE SYSTEM,ALOKASI WORKSHOP,DUMP TRUCK HINO 130 HD DA 8207 CF 251-035,113967.71,RAcct @ PEMELIHARAAN NON RUTIN WHEEL & T
2026-08-31,Aug,8,SUNGAI DANAU,PLANTATION,RUTIN,ENGINE SYSTEM,ALOKASI WORKSHOP,DUMP TRUCK HINO 130 HD DA 8209 CF 251-036,32562.2,RAcct @ PEMELIHARAAN RUTIN ENGINE SYSTEM
2026-08-31,Aug,8,SUNGAI DANAU,PLANTATION,NON RUTIN,SUSPENSION SYSTEM,ALOKASI WORKSHOP,DUMP TRUCK HINO 130 HD DA 8209 CF 251-036,32562.2,RAcct @ PEMELIHARAAN NON RUTIN SUSPENSIO
2026-08-31,Aug,8,SUNGAI DANAU,PLANTATION,NON RUTIN,WHEEL & TYRE SYSTEM,ALOKASI WORKSHOP,DUMP TRUCK HINO 130 HD DA 8209 CF 251-036,97686.61,RAcct @ PEMELIHARAAN NON RUTIN WHEEL & T
2026-08-31,Aug,8,SUNGAI DANAU,PLANTATION,RUTIN,ENGINE SYSTEM,ALOKASI WORKSHOP,DUMP TRUCK HINO 130 HD DA 8674 CO 251-037,32562.2,RAcct @ PEMELIHARAAN RUTIN ENGINE SYSTEM
2026-08-31,Aug,8,SUNGAI DANAU,PLANTATION,RUTIN,WHEEL & TYRE SYSTEM,ALOKASI WORKSHOP,DUMP TRUCK HINO 130 HD DA 8674 CO 251-037,32562.2,RAcct @ PEMELIHARAAN RUTIN WHEEL & TYRE
2026-08-31,Aug,8,SUNGAI DANAU,PLANTATION,NON RUTIN,BRAKE SYSTEM,ALOKASI WORKSHOP,DUMP TRUCK HINO 130 HD DA 8674 CO 251-037,65124.41,RAcct @ PEMELIHARAAN NON RUTIN BRAKE SYS
2026-08-31,Aug,8,SUNGAI DANAU,PLANTATION,NON RUTIN,ELECTRICAL SYSTEM,ALOKASI WORKSHOP,DUMP TRUCK HINO 130 HD DA 8674 CO 251-037,16281.1,RAcct @ PEMELIHARAAN NON RUTIN ELECTRICA
2026-08-31,Aug,8,SUNGAI DANAU,PLANTATION,NON RUTIN,SUSPENSION SYSTEM,ALOKASI WORKSHOP,DUMP TRUCK HINO 130 HD DA 8674 CO 251-037,81405.51,RAcct @ PEMELIHARAAN NON RUTIN SUSPENSIO
2026-08-31,Aug,8,SUNGAI DANAU,PLANTATION,NON RUTIN,WHEEL & TYRE SYSTEM,ALOKASI WORKSHOP,DUMP TRUCK HINO 130 HD DA 8674 CO 251-037,97686.61,RAcct @ PEMELIHARAAN NON RUTIN WHEEL & T
2026-08-31,Aug,8,SUNGAI DANAU,PLANTATION,RUTIN,ENGINE SYSTEM,ALOKASI WORKSHOP,DUMP TRUCK HINO 130 HD DA 8675 CO 251-038,32562.2,RAcct @ PEMELIHARAAN RUTIN ENGINE SYSTEM
2026-08-31,Aug,8,SUNGAI DANAU,PLANTATION,NON RUTIN,BRAKE SYSTEM,ALOKASI WORKSHOP,DUMP TRUCK HINO 130 HD DA 8675 CO 251-038,195373.22,RAcct @ PEMELIHARAAN NON RUTIN BRAKE SYS
2026-08-31,Aug,8,SUNGAI DANAU,PLANTATION,NON RUTIN,FINAL DRIVE SYSTEM,ALOKASI WORKSHOP,DUMP TRUCK HINO 130 HD DA 8675 CO 251-038,358184.24,RAcct @ PEMELIHARAAN NON RUTIN FINAL DRI
2026-08-31,Aug,8,SUNGAI DANAU,PLANTATION,NON RUTIN,FRAME BODY & GUARD SYSTEM,ALOKASI WORKSHOP,DUMP TRUCK HINO 130 HD DA 8675 CO 251-038,1970013.33,RAcct @ PEMELIHARAAN NON RUTIN FRAME BOD
2026-08-31,Aug,8,SUNGAI DANAU,PLANTATION,NON RUTIN,STEERING SYSTEM,ALOKASI WORKSHOP,DUMP TRUCK HINO 130 HD DA 8675 CO 251-038,32562.2,RAcct @ PEMELIHARAAN NON RUTIN STEERING
2026-08-31,Aug,8,SUNGAI DANAU,PLANTATION,NON RUTIN,WHEEL & TYRE SYSTEM,ALOKASI WORKSHOP,DUMP TRUCK HINO 130 HD DA 8675 CO 251-038,227935.43,RAcct @ PEMELIHARAAN NON RUTIN WHEEL & T
2026-08-31,Aug,8,SUNGAI DANAU,PLANTATION,NON RUTIN,BRAKE SYSTEM,ALOKASI WORKSHOP,DUMP TRUCK HINO 130 HD DA 8678 CO 251-039,32562.2,RAcct @ PEMELIHARAAN NON RUTIN BRAKE SYS
2026-08-31,Aug,8,SUNGAI DANAU,PLANTATION,NON RUTIN,STEERING SYSTEM,ALOKASI WORKSHOP,DUMP TRUCK HINO 130 HD DA 8678 CO 251-039,32562.2,RAcct @ PEMELIHARAAN NON RUTIN STEERING
2026-08-31,Aug,8,SUNGAI DANAU,PLANTATION,NON RUTIN,TRANSMISSION SYSTEM,ALOKASI WORKSHOP,DUMP TRUCK HINO 130 HD DA 8678 CO 251-039,32562.2,RAcct @ PEMELIHARAAN NON RUTIN TRANSMISS
2026-08-31,Aug,8,SUNGAI DANAU,PLANTATION,RUTIN,ENGINE SYSTEM,ALOKASI WORKSHOP,DUMP TRUCK HINO 130 HD DA 8679 CO 251-040,16281.1,RAcct @ PEMELIHARAAN RUTIN ENGINE SYSTEM
2026-08-31,Aug,8,SUNGAI DANAU,PLANTATION,NON RUTIN,ELECTRICAL SYSTEM,ALOKASI WORKSHOP,DUMP TRUCK HINO 130 HD DA 8679 CO 251-040,32562.2,RAcct @ PEMELIHARAAN NON RUTIN ELECTRICA
2026-08-31,Aug,8,SUNGAI DANAU,PLANTATION,NON RUTIN,ENGINE SYSTEM,ALOKASI WORKSHOP,DUMP TRUCK HINO 130 HD DA 8679 CO 251-040,16281.1,RAcct @ PEMELIHARAAN NON RUTIN ENGINE SY
2026-08-31,Aug,8,SUNGAI DANAU,PLANTATION,NON RUTIN,STEERING SYSTEM,ALOKASI WORKSHOP,DUMP TRUCK HINO 130 HD DA 8679 CO 251-040,48843.31,RAcct @ PEMELIHARAAN NON RUTIN STEERING
2026-08-31,Aug,8,SUNGAI DANAU,PLANTATION,NON RUTIN,SUSPENSION SYSTEM,ALOKASI WORKSHOP,DUMP TRUCK HINO 130 HD DA 8679 CO 251-040,113967.71,RAcct @ PEMELIHARAAN NON RUTIN SUSPENSIO
2026-08-31,Aug,8,SUNGAI DANAU,PLANTATION,NON RUTIN,WHEEL & TYRE SYSTEM,ALOKASI WORKSHOP,DUMP TRUCK HINO 130 HD DA 8679 CO 251-040,130248.82,RAcct @ PEMELIHARAAN NON RUTIN WHEEL & T
2026-08-31,Aug,8,SUNGAI DANAU,PLANTATION,RUTIN,ENGINE SYSTEM,ALOKASI WORKSHOP,DUMP TRUCK HINO 130 HD DA 8680 CO 251-041,32562.2,RAcct @ PEMELIHARAAN RUTIN ENGINE SYSTEM
2026-08-31,Aug,8,SUNGAI DANAU,PLANTATION,NON RUTIN,SUSPENSION SYSTEM,ALOKASI WORKSHOP,DUMP TRUCK HINO 130 HD DA 8680 CO 251-041,146529.92,RAcct @ PEMELIHARAAN NON RUTIN SUSPENSIO
2026-08-31,Aug,8,SUNGAI DANAU,PLANTATION,NON RUTIN,TRANSMISSION SYSTEM,ALOKASI WORKSHOP,DUMP TRUCK HINO 130 HD DA 8680 CO 251-041,16281.1,RAcct @ PEMELIHARAAN NON RUTIN TRANSMISS
2026-08-31,Aug,8,SUNGAI DANAU,PLANTATION,NON RUTIN,WHEEL & TYRE SYSTEM,ALOKASI WORKSHOP,DUMP TRUCK HINO 130 HD DA 8680 CO 251-041,81405.51,RAcct @ PEMELIHARAAN NON RUTIN WHEEL & T
2026-08-31,Aug,8,SUNGAI DANAU,PLANTATION,RUTIN,ENGINE SYSTEM,ALOKASI WORKSHOP,DUMP TRUCK HINO 130 HD DA 8681 CO 251-042,32562.2,RAcct @ PEMELIHARAAN RUTIN ENGINE SYSTEM
2026-08-31,Aug,8,SUNGAI DANAU,PLANTATION,NON RUTIN,STEERING SYSTEM,ALOKASI WORKSHOP,DUMP TRUCK HINO 130 HD DA 8681 CO 251-042,97686.61,RAcct @ PEMELIHARAAN NON RUTIN STEERING
2026-08-31,Aug,8,SUNGAI DANAU,PLANTATION,NON RUTIN,TRANSMISSION SYSTEM,ALOKASI WORKSHOP,DUMP TRUCK HINO 130 HD DA 8681 CO 251-042,146529.92,RAcct @ PEMELIHARAAN NON RUTIN TRANSMISS
2026-08-31,Aug,8,SUNGAI DANAU,PLANTATION,NON RUTIN,WHEEL & TYRE SYSTEM,ALOKASI WORKSHOP,DUMP TRUCK HINO 130 HD DA 8681 CO 251-042,211654.32,RAcct @ PEMELIHARAAN NON RUTIN WHEEL & T
2026-08-31,Aug,8,SUNGAI DANAU,PLANTATION,NON RUTIN,FRAME BODY & GUARD SYSTEM,ALOKASI WORKSHOP,DUMP TRUCK HINO 130HD DA 8571 CP 251-044,16281.1,RAcct @ PEMELIHARAAN NON RUTIN FRAME BOD
2026-08-31,Aug,8,SUNGAI DANAU,PLANTATION,NON RUTIN,STEERING SYSTEM,ALOKASI WORKSHOP,DUMP TRUCK HINO 130HD DA 8571 CP 251-044,260497.63,RAcct @ PEMELIHARAAN NON RUTIN STEERING
2026-08-31,Aug,8,SUNGAI DANAU,PLANTATION,NON RUTIN,SUSPENSION SYSTEM,ALOKASI WORKSHOP,DUMP TRUCK HINO 130HD DA 8571 CP 251-044,97686.61,RAcct @ PEMELIHARAAN NON RUTIN SUSPENSIO
2026-08-31,Aug,8,SUNGAI DANAU,PLANTATION,NON RUTIN,WHEEL & TYRE SYSTEM,ALOKASI WORKSHOP,DUMP TRUCK HINO 130HD DA 8571 CP 251-044,276778.73,RAcct @ PEMELIHARAAN NON RUTIN WHEEL & T
2026-08-31,Aug,8,SUNGAI DANAU,PLANTATION,RUTIN,ENGINE SYSTEM,ALOKASI WORKSHOP,DUMP TRUCK HINO 130 HD DA 8643 CQ 251-045,65124.41,RAcct @ PEMELIHARAAN RUTIN ENGINE SYSTEM
2026-08-31,Aug,8,SUNGAI DANAU,PLANTATION,RUTIN,TRANSMISSION SYSTEM,ALOKASI WORKSHOP,DUMP TRUCK HINO 130 HD DA 8643 CQ 251-045,65124.41,RAcct @ PEMELIHARAAN RUTIN TRANSMISSION
2026-08-31,Aug,8,SUNGAI DANAU,PLANTATION,NON RUTIN,HYDRAULIC SYSTEM,ALOKASI WORKSHOP,DUMP TRUCK HINO 130 HD DA 8643 CQ 251-045,162811.02,RAcct @ PEMELIHARAAN NON RUTIN HYDRAULIC
2026-08-31,Aug,8,SUNGAI DANAU,PLANTATION,RUTIN,ENGINE SYSTEM,ALOKASI WORKSHOP,DUMP TRUCK HINO 130 HD DA 8642 CQ 251-046,1335050.36,RAcct @ PEMELIHARAAN RUTIN ENGINE SYSTEM
2026-08-31,Aug,8,SUNGAI DANAU,PLANTATION,NON RUTIN,SUSPENSION SYSTEM,ALOKASI WORKSHOP,DUMP TRUCK HINO 130 HD DA 8642 CQ 251-046,65124.41,RAcct @ PEMELIHARAAN NON RUTIN SUSPENSIO
2026-08-31,Aug,8,SUNGAI DANAU,PLANTATION,NON RUTIN,WHEEL & TYRE SYSTEM,ALOKASI WORKSHOP,DUMP TRUCK HINO 130 HD DA 8642 CQ 251-046,16281.1,RAcct @ PEMELIHARAAN NON RUTIN WHEEL & T
2026-08-31,Aug,8,SUNGAI DANAU,PLANTATION,NON RUTIN,ENGINE SYSTEM,ALOKASI WORKSHOP,DUMP TRUCK HINO 130 HD DA 8923 CV 251-047,81405.51,RAcct @ PEMELIHARAAN NON RUTIN ENGINE SY
2026-08-31,Aug,8,SUNGAI DANAU,PLANTATION,NON RUTIN,FRAME BODY & GUARD SYSTEM,ALOKASI WORKSHOP,DUMP TRUCK HINO 130 HD DA 8923 CV 251-047,65124.41,RAcct @ PEMELIHARAAN NON RUTIN FRAME BOD
2026-08-31,Aug,8,SUNGAI DANAU,PLANTATION,NON RUTIN,STEERING SYSTEM,ALOKASI WORKSHOP,DUMP TRUCK HINO 130 HD DA 8923 CV 251-047,81405.51,RAcct @ PEMELIHARAAN NON RUTIN STEERING
2026-08-31,Aug,8,SUNGAI DANAU,PLANTATION,NON RUTIN,WHEEL & TYRE SYSTEM,ALOKASI WORKSHOP,DUMP TRUCK HINO 130 HD DA 8923 CV 251-047,113967.71,RAcct @ PEMELIHARAAN NON RUTIN WHEEL & T
2026-08-31,Aug,8,SUNGAI DANAU,PLANTATION,RUTIN,ENGINE SYSTEM,ALOKASI WORKSHOP,DUMP TRUCK HINO 130 HD DA 8921 CV 251-048,32562.2,RAcct @ PEMELIHARAAN RUTIN ENGINE SYSTEM
2026-08-31,Aug,8,SUNGAI DANAU,PLANTATION,NON RUTIN,ELECTRICAL SYSTEM,ALOKASI WORKSHOP,DUMP TRUCK HINO 130 HD DA 8921 CV 251-048,32562.2,RAcct @ PEMELIHARAAN NON RUTIN ELECTRICA
2026-08-31,Aug,8,SUNGAI DANAU,PLANTATION,NON RUTIN,SUSPENSION SYSTEM,ALOKASI WORKSHOP,DUMP TRUCK HINO 130 HD DA 8921 CV 251-048,65124.41,RAcct @ PEMELIHARAAN NON RUTIN SUSPENSIO
2026-08-31,Aug,8,SUNGAI DANAU,PLANTATION,NON RUTIN,WHEEL & TYRE SYSTEM,ALOKASI WORKSHOP,DUMP TRUCK HINO 130 HD DA 8921 CV 251-048,48843.31,RAcct @ PEMELIHARAAN NON RUTIN WHEEL & T
2026-08-31,Aug,8,SUNGAI DANAU,PLANTATION,NON RUTIN,BRAKE SYSTEM,ALOKASI WORKSHOP,DUMP TRUCK HINO 130 HD DA 8924 CV 251-049,65124.41,RAcct @ PEMELIHARAAN NON RUTIN BRAKE SYS
2026-08-31,Aug,8,SUNGAI DANAU,PLANTATION,NON RUTIN,ELECTRICAL SYSTEM,ALOKASI WORKSHOP,DUMP TRUCK HINO 130 HD DA 8924 CV 251-049,32562.2,RAcct @ PEMELIHARAAN NON RUTIN ELECTRICA
2026-08-31,Aug,8,SUNGAI DANAU,PLANTATION,NON RUTIN,TRANSMISSION SYSTEM,ALOKASI WORKSHOP,DUMP TRUCK HINO 130 HD DA 8924 CV 251-049,16281.1,RAcct @ PEMELIHARAAN NON RUTIN TRANSMISS
2026-08-31,Aug,8,SUNGAI DANAU,PLANTATION,NON RUTIN,ELECTRICAL SYSTEM,ALOKASI WORKSHOP,DUMP TRUCK HINO 130 HD DA 8925 CV 251-050,32562.2,RAcct @ PEMELIHARAAN NON RUTIN ELECTRICA
2026-08-31,Aug,8,SUNGAI DANAU,PLANTATION,NON RUTIN,FRAME BODY & GUARD SYSTEM,ALOKASI WORKSHOP,DUMP TRUCK HINO 130 HD DA 8925 CV 251-050,227935.43,RAcct @ PEMELIHARAAN NON RUTIN FRAME BOD
2026-08-31,Aug,8,SUNGAI DANAU,PLANTATION,NON RUTIN,STEERING SYSTEM,ALOKASI WORKSHOP,DUMP TRUCK HINO 130 HD DA 8012 CZ 251-051,48843.31,RAcct @ PEMELIHARAAN NON RUTIN STEERING
2026-08-31,Aug,8,SUNGAI DANAU,PLANTATION,NON RUTIN,WHEEL & TYRE SYSTEM,ALOKASI WORKSHOP,DUMP TRUCK HINO 130 HD DA 8012 CZ 251-051,32562.2,RAcct @ PEMELIHARAAN NON RUTIN WHEEL & T
2026-08-31,Aug,8,SUNGAI DANAU,PLANTATION,NON RUTIN,STEERING SYSTEM,ALOKASI WORKSHOP,DUMP TRUCK HINO 130 HD DA 8013 CZ 251-052,32562.2,RAcct @ PEMELIHARAAN NON RUTIN STEERING
2026-08-31,Aug,8,SUNGAI DANAU,PLANTATION,NON RUTIN,WHEEL & TYRE SYSTEM,ALOKASI WORKSHOP,DUMP TRUCK HINO 130 HD DA 8013 CZ 251-052,48843.31,RAcct @ PEMELIHARAAN NON RUTIN WHEEL & T
2026-08-31,Aug,8,SUNGAI DANAU,PLANTATION,NON RUTIN,TRANSMISSION SYSTEM,ALOKASI WORKSHOP,DUMP TRUCK HINO 130 HD DA 8014 CZ 251-053,32562.2,RAcct @ PEMELIHARAAN NON RUTIN TRANSMISS
2026-08-31,Aug,8,SUNGAI DANAU,PLANTATION,NON RUTIN,WHEEL & TYRE SYSTEM,ALOKASI WORKSHOP,DUMP TRUCK HINO 130 HD DA 8014 CZ 251-053,130248.82,RAcct @ PEMELIHARAAN NON RUTIN WHEEL & T
2026-08-31,Aug,8,SUNGAI DANAU,PLANTATION,NON RUTIN,BRAKE SYSTEM,ALOKASI WORKSHOP,DUMP TRUCK HINO 130 HD DA 8016 CZ 251-054,16281.1,RAcct @ PEMELIHARAAN NON RUTIN BRAKE SYS
2026-08-31,Aug,8,SUNGAI DANAU,PLANTATION,NON RUTIN,SUSPENSION SYSTEM,ALOKASI WORKSHOP,DUMP TRUCK HINO 130 HD DA 8016 CZ 251-054,81405.51,RAcct @ PEMELIHARAAN NON RUTIN SUSPENSIO
2026-08-31,Aug,8,SUNGAI DANAU,PLANTATION,NON RUTIN,TRANSMISSION SYSTEM,ALOKASI WORKSHOP,DUMP TRUCK HINO 130 HD DA 8016 CZ 251-054,32562.2,RAcct @ PEMELIHARAAN NON RUTIN TRANSMISS
2026-08-31,Aug,8,SUNGAI DANAU,PLANTATION,NON RUTIN,WHEEL & TYRE SYSTEM,ALOKASI WORKSHOP,DUMP TRUCK HINO 130 HD DA 8016 CZ 251-054,260497.63,RAcct @ PEMELIHARAAN NON RUTIN WHEEL & T
2026-08-31,Aug,8,SUNGAI DANAU,PLANTATION,RUTIN,ENGINE SYSTEM,ALOKASI WORKSHOP,DUMP TRUCK HINO 130 HD DA 8015 CZ 251-055,32562.2,RAcct @ PEMELIHARAAN RUTIN ENGINE SYSTEM
2026-08-31,Aug,8,SUNGAI DANAU,PLANTATION,NON RUTIN,BRAKE SYSTEM,ALOKASI WORKSHOP,DUMP TRUCK HINO 130 HD DA 8015 CZ 251-055,32562.2,RAcct @ PEMELIHARAAN NON RUTIN BRAKE SYS
2026-08-31,Aug,8,SUNGAI DANAU,PLANTATION,NON RUTIN,FINAL DRIVE SYSTEM,ALOKASI WORKSHOP,DUMP TRUCK HINO 130 HD DA 8015 CZ 251-055,97686.61,RAcct @ PEMELIHARAAN NON RUTIN FINAL DRI
2026-08-31,Aug,8,SUNGAI DANAU,PLANTATION,NON RUTIN,FRAME BODY & GUARD SYSTEM,ALOKASI WORKSHOP,DUMP TRUCK HINO 130 HD DA 8015 CZ 251-055,32562.2,RAcct @ PEMELIHARAAN NON RUTIN FRAME BOD
2026-08-31,Aug,8,SUNGAI DANAU,PLANTATION,NON RUTIN,SUSPENSION SYSTEM,ALOKASI WORKSHOP,DUMP TRUCK HINO 130 HD DA 8015 CZ 251-055,16281.1,RAcct @ PEMELIHARAAN NON RUTIN SUSPENSIO
2026-08-31,Aug,8,SUNGAI DANAU,PLANTATION,NON RUTIN,WHEEL & TYRE SYSTEM,ALOKASI WORKSHOP,DUMP TRUCK HINO 130 HD DA 8015 CZ 251-055,195373.22,RAcct @ PEMELIHARAAN NON RUTIN WHEEL & T
2026-08-31,Aug,8,SUNGAI DANAU,PLANTATION,RUTIN,ENGINE SYSTEM,ALOKASI WORKSHOP,DUMP TRUCK HINO 130 HD 25-85 251-056,65124.41,RAcct @ PEMELIHARAAN RUTIN ENGINE SYSTEM
2026-08-31,Aug,8,SUNGAI DANAU,PLANTATION,NON RUTIN,FRAME BODY & GUARD SYSTEM,ALOKASI WORKSHOP,DUMP TRUCK HINO 130 HD 25-85 251-056,65124.41,RAcct @ PEMELIHARAAN NON RUTIN FRAME BOD
2026-08-31,Aug,8,SUNGAI DANAU,PLANTATION,NON RUTIN,HYDRAULIC SYSTEM,ALOKASI WORKSHOP,DUMP TRUCK HINO 130 HD 25-85 251-056,130248.82,RAcct @ PEMELIHARAAN NON RUTIN HYDRAULIC
2026-08-31,Aug,8,SUNGAI DANAU,PLANTATION,NON RUTIN,WHEEL & TYRE SYSTEM,ALOKASI WORKSHOP,DUMP TRUCK HINO 130 HD 25-85 251-056,16281.1,RAcct @ PEMELIHARAAN NON RUTIN WHEEL & T
2026-08-31,Aug,8,SUNGAI DANAU,PLANTATION,NON RUTIN,BRAKE SYSTEM,ALOKASI WORKSHOP,DUMP TRUCK HINO 130 HD 25-86 251-057,48843.31,RAcct @ PEMELIHARAAN NON RUTIN BRAKE SYS
2026-08-31,Aug,8,SUNGAI DANAU,PLANTATION,NON RUTIN,DIFFENTTIAL & REAR AXLE SYSTEM,SERVICE LUAR,DUMP TRUCK HINO 130 HD 25-86 251-057,32562.2,RAcct @ PEMELIHARAAN NON RUTIN DIFFENTTI
2026-08-31,Aug,8,SUNGAI DANAU,PLANTATION,NON RUTIN,FRAME BODY & GUARD SYSTEM,ALOKASI WORKSHOP,DUMP TRUCK HINO 130 HD 25-86 251-057,65124.41,RAcct @ PEMELIHARAAN NON RUTIN FRAME BOD
2026-08-31,Aug,8,SUNGAI DANAU,PLANTATION,NON RUTIN,WHEEL & TYRE SYSTEM,ALOKASI WORKSHOP,DUMP TRUCK HINO 130 HD 25-86 251-057,48843.31,RAcct @ PEMELIHARAAN NON RUTIN WHEEL & T
2026-08-31,Aug,8,SUNGAI DANAU,PLANTATION,RUTIN,ENGINE SYSTEM,ALOKASI WORKSHOP,DUMP TRUCK HINO 130HD DA 8476 JJ 251-060,16281.1,RAcct @ PEMELIHARAAN RUTIN ENGINE SYSTEM
2026-08-31,Aug,8,SUNGAI DANAU,PLANTATION,NON RUTIN,BRAKE SYSTEM,ALOKASI WORKSHOP,DUMP TRUCK HINO 130HD DA 8476 JJ 251-060,32562.2,RAcct @ PEMELIHARAAN NON RUTIN BRAKE SYS
2026-08-31,Aug,8,SUNGAI DANAU,PLANTATION,NON RUTIN,ELECTRICAL SYSTEM,ALOKASI WORKSHOP,DUMP TRUCK HINO 130HD DA 8476 JJ 251-060,16281.1,RAcct @ PEMELIHARAAN NON RUTIN ELECTRICA
2026-08-31,Aug,8,SUNGAI DANAU,PLANTATION,NON RUTIN,FRAME BODY & GUARD SYSTEM,ALOKASI WORKSHOP,DUMP TRUCK HINO 130HD DA 8476 JJ 251-060,32562.2,RAcct @ PEMELIHARAAN NON RUTIN FRAME BOD
2026-08-31,Aug,8,SUNGAI DANAU,PLANTATION,NON RUTIN,TRANSMISSION SYSTEM,ALOKASI WORKSHOP,DUMP TRUCK HINO 130HD DA 8476 JJ 251-060,16281.1,RAcct @ PEMELIHARAAN NON RUTIN TRANSMISS
2026-08-31,Aug,8,SUNGAI DANAU,PLANTATION,NON RUTIN,WHEEL & TYRE SYSTEM,ALOKASI WORKSHOP,DUMP TRUCK HINO 130HD DA 8476 JJ 251-060,81405.51,RAcct @ PEMELIHARAAN NON RUTIN WHEEL & T
2026-08-31,Aug,8,SUNGAI DANAU,PLANTATION,RUTIN,ENGINE SYSTEM,ALOKASI WORKSHOP,DUMPTRUCK 136 HDX 251-063,16281.1,RAcct @ PEMELIHARAAN RUTIN ENGINE SYSTEM
2026-08-31,Aug,8,SUNGAI DANAU,PLANTATION,NON RUTIN,ELECTRICAL SYSTEM,ALOKASI WORKSHOP,DUMPTRUCK 136 HDX 251-063,32562.2,RAcct @ PEMELIHARAAN NON RUTIN ELECTRICA
2026-08-31,Aug,8,SUNGAI DANAU,PLANTATION,NON RUTIN,FRAME BODY & GUARD SYSTEM,ALOKASI WORKSHOP,DUMPTRUCK 136 HDX 251-063,16281.1,RAcct @ PEMELIHARAAN NON RUTIN FRAME BOD
2026-08-31,Aug,8,SUNGAI DANAU,PLANTATION,NON RUTIN,STEERING SYSTEM,ALOKASI WORKSHOP,DUMPTRUCK 136 HDX 251-063,48843.31,RAcct @ PEMELIHARAAN NON RUTIN STEERING
2026-08-31,Aug,8,SUNGAI DANAU,PLANTATION,NON RUTIN,WHEEL & TYRE SYSTEM,ALOKASI WORKSHOP,DUMPTRUCK 136 HDX 251-063,97686.61,RAcct @ PEMELIHARAAN NON RUTIN WHEEL & T
2026-08-31,Aug,8,SUNGAI DANAU,PLANTATION,RUTIN,ENGINE SYSTEM,ALOKASI WORKSHOP,DUMPTRUCK HINO 136 HDX 251-064,16281.1,RAcct @ PEMELIHARAAN RUTIN ENGINE SYSTEM
2026-08-31,Aug,8,SUNGAI DANAU,PLANTATION,NON RUTIN,BRAKE SYSTEM,ALOKASI WORKSHOP,DUMPTRUCK HINO 136 HDX 251-064,16281.1,RAcct @ PEMELIHARAAN NON RUTIN BRAKE SYS
2026-08-31,Aug,8,SUNGAI DANAU,PLANTATION,NON RUTIN,WHEEL & TYRE SYSTEM,ALOKASI WORKSHOP,DUMPTRUCK HINO 136 HDX 251-064,81405.51,RAcct @ PEMELIHARAAN NON RUTIN WHEEL & T
2026-08-31,Aug,8,SUNGAI DANAU,PLANTATION,NON RUTIN,ELECTRICAL SYSTEM,ALOKASI WORKSHOP,TRUCK TANGKI HINO 130 HD DA 8606 CL 261-011,65124.41,RAcct @ PEMELIHARAAN NON RUTIN ELECTRICA
2026-08-31,Aug,8,SUNGAI DANAU,PLANTATION,NON RUTIN,WHEEL & TYRE SYSTEM,ALOKASI WORKSHOP,TRUCK TANGKI HINO 130 HD DA 8606 CL 261-011,48843.31,RAcct @ PEMELIHARAAN NON RUTIN WHEEL & T
2026-08-31,Aug,8,SUNGAI DANAU,PLANTATION,NON RUTIN,FINAL DRIVE SYSTEM,ALOKASI WORKSHOP,TRUCK TANGKI HINO 130 HD DA 8607 CL 261-012,130248.82,RAcct @ PEMELIHARAAN NON RUTIN FINAL DRI
2026-08-31,Aug,8,SUNGAI DANAU,PLANTATION,NON RUTIN,ENGINE SYSTEM,ALOKASI WORKSHOP,TRUCK TANGKI HINO 130 HD DA 8597 CN 261-013,48843.31,RAcct @ PEMELIHARAAN NON RUTIN ENGINE SY
2026-08-31,Aug,8,SUNGAI DANAU,PLANTATION,NON RUTIN,FRAME BODY & GUARD SYSTEM,ALOKASI WORKSHOP,TRUCK TANGKI HINO 130 HD DA 8597 CN 261-013,325622.04,RAcct @ PEMELIHARAAN NON RUTIN FRAME BOD
2026-08-31,Aug,8,SUNGAI DANAU,PLANTATION,NON RUTIN,TRANSMISSION SYSTEM,ALOKASI WORKSHOP,TRUCK TANGKI HINO 130 HD DA 8597 CN 261-013,16281.1,RAcct @ PEMELIHARAAN NON RUTIN TRANSMISS
2026-08-31,Aug,8,SUNGAI DANAU,PLANTATION,NON RUTIN,WHEEL & TYRE SYSTEM,ALOKASI WORKSHOP,TRUCK TANGKI HINO 130 HD DA 8597 CN 261-013,16281.1,RAcct @ PEMELIHARAAN NON RUTIN WHEEL & T
2026-08-31,Aug,8,SUNGAI DANAU,PLANTATION,RUTIN,WHEEL & TYRE SYSTEM,ALOKASI WORKSHOP,TRUCK TANGKI HINO 130 HD DA 8598 CN 261-014,16281.1,RAcct @ PEMELIHARAAN RUTIN WHEEL & TYRE
2026-08-31,Aug,8,SUNGAI DANAU,PLANTATION,NON RUTIN,FRAME BODY & GUARD SYSTEM,ALOKASI WORKSHOP,TRUCK TANGKI HINO 130 HD DA 8598 CN 261-014,65124.41,RAcct @ PEMELIHARAAN NON RUTIN FRAME BOD
2026-08-31,Aug,8,SUNGAI DANAU,PLANTATION,NON RUTIN,SUSPENSION SYSTEM,ALOKASI WORKSHOP,TRUCK TANGKI HINO 130 HD DA 8598 CN 261-014,227935.43,RAcct @ PEMELIHARAAN NON RUTIN SUSPENSIO
2026-08-31,Aug,8,SUNGAI DANAU,PLANTATION,NON RUTIN,WHEEL & TYRE SYSTEM,ALOKASI WORKSHOP,TRUCK TANGKI HINO 130 HD DA 8598 CN 261-014,276778.73,RAcct @ PEMELIHARAAN NON RUTIN WHEEL & T
2026-08-31,Aug,8,SUNGAI DANAU,PLANTATION,NON RUTIN,ENGINE SYSTEM,ALOKASI WORKSHOP,TRUCK TANGKI HINO 130 HD DA 8569 CP 262-003,244216.53,RAcct @ PEMELIHARAAN NON RUTIN ENGINE SY
2026-08-31,Aug,8,SUNGAI DANAU,PLANTATION,NON RUTIN,FRAME BODY & GUARD SYSTEM,ALOKASI WORKSHOP,TRUCK TANGKI HINO 130 HD DA 8569 CP 262-003,97686.61,RAcct @ PEMELIHARAAN NON RUTIN FRAME BOD
2026-08-31,Aug,8,SUNGAI DANAU,PLANTATION,NON RUTIN,SUSPENSION SYSTEM,ALOKASI WORKSHOP,TRUCK TANGKI HINO 130 HD DA 8569 CP 262-003,97686.61,RAcct @ PEMELIHARAAN NON RUTIN SUSPENSIO
2026-08-31,Aug,8,SUNGAI DANAU,PLANTATION,RUTIN,ENGINE SYSTEM,ALOKASI WORKSHOP,TRUCK TANGKI HINO 130 HD DA 8567 CP 262-004,97686.61,RAcct @ PEMELIHARAAN RUTIN ENGINE SYSTEM
2026-08-31,Aug,8,SUNGAI DANAU,PLANTATION,NON RUTIN,ELECTRICAL SYSTEM,ALOKASI WORKSHOP,TRUCK TANGKI HINO 130 HD DA 8567 CP 262-004,97686.61,RAcct @ PEMELIHARAAN NON RUTIN ELECTRICA
2026-08-31,Aug,8,SUNGAI DANAU,PLANTATION,NON RUTIN,FRAME BODY & GUARD SYSTEM,ALOKASI WORKSHOP,TRUCK TANGKI HINO 130 HD DA 8567 CP 262-004,97686.61,RAcct @ PEMELIHARAAN NON RUTIN FRAME BOD
2026-08-31,Aug,8,SUNGAI DANAU,PLANTATION,NON RUTIN,FRAME BODY & GUARD SYSTEM,ALOKASI WORKSHOP,TRUCK TANGKI HINO FG235 DA 8170 CR 262-005,162811.02,RAcct @ PEMELIHARAAN NON RUTIN FRAME BOD
2026-08-31,Aug,8,SUNGAI DANAU,PLANTATION,NON RUTIN,SUSPENSION SYSTEM,ALOKASI WORKSHOP,TRUCK TANGKI HINO FG235 DA 8170 CR 262-005,65124.41,RAcct @ PEMELIHARAAN NON RUTIN SUSPENSIO
2026-08-31,Aug,8,SUNGAI DANAU,PLANTATION,RUTIN,ENGINE SYSTEM,ALOKASI WORKSHOP,TRUCK TANGKI HINO FG 235 DA 8171 CR 262-006,32562.2,RAcct @ PEMELIHARAAN RUTIN ENGINE SYSTEM
2026-08-31,Aug,8,SUNGAI DANAU,PLANTATION,NON RUTIN,ELECTRICAL SYSTEM,ALOKASI WORKSHOP,TRUCK TANGKI HINO FG 235 DA 8171 CR 262-006,48843.31,RAcct @ PEMELIHARAAN NON RUTIN ELECTRICA
2026-08-31,Aug,8,SUNGAI DANAU,PLANTATION,NON RUTIN,ENGINE SYSTEM,ALOKASI WORKSHOP,TRUCK TANGKI HINO FG 235 DA 8171 CR 262-006,65124.41,RAcct @ PEMELIHARAAN NON RUTIN ENGINE SY
2026-08-31,Aug,8,SUNGAI DANAU,PLANTATION,NON RUTIN,WHEEL & TYRE SYSTEM,ALOKASI WORKSHOP,TRUCK TANGKI HINO FG 235 DA 8171 CR 262-006,16281.1,RAcct @ PEMELIHARAAN NON RUTIN WHEEL & T
2026-08-31,Aug,8,SUNGAI DANAU,PLANTATION,RUTIN,WHEEL & TYRE SYSTEM,ALOKASI WORKSHOP,TRUCK TANGKI HINO FG 235 DA 8342 JD 262-007,32562.2,RAcct @ PEMELIHARAAN RUTIN WHEEL & TYRE
2026-08-31,Aug,8,SUNGAI DANAU,PLANTATION,NON RUTIN,ENGINE SYSTEM,ALOKASI WORKSHOP,TRUCK TANGKI HINO FG 235 DA 8342 JD 262-007,65124.41,RAcct @ PEMELIHARAAN NON RUTIN ENGINE SY
2026-08-31,Aug,8,SUNGAI DANAU,PLANTATION,NON RUTIN,FRAME BODY & GUARD SYSTEM,ALOKASI WORKSHOP,TRUCK TANGKI HINO FG 235 DA 8342 JD 262-007,65124.41,RAcct @ PEMELIHARAAN NON RUTIN FRAME BOD
2026-08-31,Aug,8,SUNGAI DANAU,PLANTATION,NON RUTIN,SUSPENSION SYSTEM,ALOKASI WORKSHOP,TRUCK TANGKI HINO FG 235 DA 8342 JD 262-007,146529.92,RAcct @ PEMELIHARAAN NON RUTIN SUSPENSIO
2026-08-31,Aug,8,SUNGAI DANAU,PLANTATION,NON RUTIN,ENGINE SYSTEM,ALOKASI WORKSHOP,TRUCK TANGKI HINO FG 235 DA 8343 JD 262-008,32562.2,RAcct @ PEMELIHARAAN NON RUTIN ENGINE SY
2026-08-31,Aug,8,SUNGAI DANAU,PLANTATION,NON RUTIN,FRAME BODY & GUARD SYSTEM,ALOKASI WORKSHOP,TRUCK TANGKI HINO FG 235 DA 8343 JD 262-008,162811.02,RAcct @ PEMELIHARAAN NON RUTIN FRAME BOD
2026-08-31,Aug,8,SUNGAI DANAU,PLANTATION,NON RUTIN,WHEEL & TYRE SYSTEM,ALOKASI WORKSHOP,TRUCK TANGKI HINO FG 235 DA 8343 JD 262-008,195373.22,RAcct @ PEMELIHARAAN NON RUTIN WHEEL & T
2026-08-31,Aug,8,SUNGAI DANAU,PLANTATION,NON RUTIN,FRAME BODY & GUARD SYSTEM,ALOKASI WORKSHOP,TRUCK TANGKI HINO FG 235 JK DA 8110 JI 262-009,65124.41,RAcct @ PEMELIHARAAN NON RUTIN FRAME BOD
2026-08-31,Aug,8,SUNGAI DANAU,PLANTATION,NON RUTIN,SUSPENSION SYSTEM,ALOKASI WORKSHOP,TRUCK TANGKI HINO FG 235 JK DA 8110 JI 262-009,130248.82,RAcct @ PEMELIHARAAN NON RUTIN SUSPENSIO
2026-08-31,Aug,8,SUNGAI DANAU,PLANTATION,NON RUTIN,WHEEL & TYRE SYSTEM,ALOKASI WORKSHOP,TRUCK TANGKI HINO FG 235 JK DA 8110 JI 262-009,16281.1,RAcct @ PEMELIHARAAN NON RUTIN WHEEL & T
2026-08-31,Aug,8,SUNGAI DANAU,PLANTATION,RUTIN,ENGINE SYSTEM,ALOKASI WORKSHOP,TRUCK TANGKI HINO FM 260 DA 8112 JI 262-010,16281.1,RAcct @ PEMELIHARAAN RUTIN ENGINE SYSTEM
2026-08-31,Aug,8,SUNGAI DANAU,PLANTATION,NON RUTIN,FRAME BODY & GUARD SYSTEM,ALOKASI WORKSHOP,TRUCK TANGKI HINO FM 260 DA 8112 JI 262-010,97686.61,RAcct @ PEMELIHARAAN NON RUTIN FRAME BOD
2026-08-31,Aug,8,SUNGAI DANAU,PLANTATION,NON RUTIN,SUSPENSION SYSTEM,ALOKASI WORKSHOP,TRUCK TANGKI HINO FM 260 DA 8112 JI 262-010,211654.32,RAcct @ PEMELIHARAAN NON RUTIN SUSPENSIO
2026-08-31,Aug,8,SUNGAI DANAU,PLANTATION,RUTIN,ENGINE SYSTEM,ALOKASI WORKSHOP,TRUCK TANGKI HINO FG260JK DA 8381 GB 262-011,16281.1,RAcct @ PEMELIHARAAN RUTIN ENGINE SYSTEM
2026-08-31,Aug,8,SUNGAI DANAU,PLANTATION,NON RUTIN,FRAME BODY & GUARD SYSTEM,ALOKASI WORKSHOP,TRUCK TANGKI HINO FG260JK DA 8381 GB 262-011,260497.63,RAcct @ PEMELIHARAAN NON RUTIN FRAME BOD
2026-08-31,Aug,8,SUNGAI DANAU,PLANTATION,RUTIN,WHEEL & TYRE SYSTEM,ALOKASI WORKSHOP,ARM ROLL HINO 130 HD DA 8590 CQ 271-001,16281.1,RAcct @ PEMELIHARAAN RUTIN WHEEL & TYRE
2026-08-31,Aug,8,SUNGAI DANAU,PLANTATION,NON RUTIN,FRAME BODY & GUARD SYSTEM,ALOKASI WORKSHOP,ARM ROLL HINO 130 HD DA 8590 CQ 271-001,146529.92,RAcct @ PEMELIHARAAN NON RUTIN FRAME BOD
2026-08-31,Aug,8,SUNGAI DANAU,PLANTATION,NON RUTIN,HYDRAULIC SYSTEM,ALOKASI WORKSHOP,ARM ROLL HINO 130 HD DA 8590 CQ 271-001,260497.63,RAcct @ PEMELIHARAAN NON RUTIN HYDRAULIC
2026-08-31,Aug,8,SUNGAI DANAU,PLANTATION,NON RUTIN,STEERING SYSTEM,ALOKASI WORKSHOP,ARM ROLL HINO 130 HD DA 8590 CQ 271-001,16281.1,RAcct @ PEMELIHARAAN NON RUTIN STEERING
2026-08-31,Aug,8,SUNGAI DANAU,PLANTATION,NON RUTIN,SUSPENSION SYSTEM,ALOKASI WORKSHOP,ARM ROLL HINO 130 HD DA 8590 CQ 271-001,32562.2,RAcct @ PEMELIHARAAN NON RUTIN SUSPENSIO
2026-08-31,Aug,8,SUNGAI DANAU,PLANTATION,NON RUTIN,WHEEL & TYRE SYSTEM,ALOKASI WORKSHOP,ARM ROLL HINO 130 HD DA 8590 CQ 271-001,113967.71,RAcct @ PEMELIHARAAN NON RUTIN WHEEL & T
2026-08-31,Aug,8,SUNGAI DANAU,PLANTATION,RUTIN,ENGINE SYSTEM,ALOKASI WORKSHOP,ARM ROLL HINO 130 HD DA 8508 JG 271-003,48843.31,RAcct @ PEMELIHARAAN RUTIN ENGINE SYSTEM
2026-08-31,Aug,8,SUNGAI DANAU,PLANTATION,NON RUTIN,HYDRAULIC SYSTEM,ALOKASI WORKSHOP,ARM ROLL HINO 130 HD DA 8508 JG 271-003,32562.2,RAcct @ PEMELIHARAAN NON RUTIN HYDRAULIC
2026-08-31,Aug,8,SUNGAI DANAU,PLANTATION,NON RUTIN,STEERING SYSTEM,ALOKASI WORKSHOP,ARM ROLL HINO 130 HD DA 8508 JG 271-003,97686.61,RAcct @ PEMELIHARAAN NON RUTIN STEERING
2026-08-31,Aug,8,SUNGAI DANAU,PLANTATION,NON RUTIN,WHEEL & TYRE SYSTEM,ALOKASI WORKSHOP,ARM ROLL HINO 130 HD DA 8508 JG 271-003,65124.41,RAcct @ PEMELIHARAAN NON RUTIN WHEEL & T
2026-08-31,Aug,8,SUNGAI DANAU,PLANTATION,NON RUTIN,BRAKE SYSTEM,ALOKASI WORKSHOP,ARM ROLL HINO 130 HD DA 8337 JJ 271-004,32562.2,RAcct @ PEMELIHARAAN NON RUTIN BRAKE SYS
2026-08-31,Aug,8,SUNGAI DANAU,PLANTATION,NON RUTIN,FRAME BODY & GUARD SYSTEM,ALOKASI WORKSHOP,ARM ROLL HINO 130 HD DA 8337 JJ 271-004,667525.18,RAcct @ PEMELIHARAAN NON RUTIN FRAME BOD
2026-08-31,Aug,8,SUNGAI DANAU,PLANTATION,NON RUTIN,SUSPENSION SYSTEM,ALOKASI WORKSHOP,ARM ROLL HINO 130 HD DA 8337 JJ 271-004,130248.82,RAcct @ PEMELIHARAAN NON RUTIN SUSPENSIO
2026-08-31,Aug,8,SUNGAI DANAU,PLANTATION,NON RUTIN,WHEEL & TYRE SYSTEM,ALOKASI WORKSHOP,ARM ROLL HINO 130 HD DA 8337 JJ 271-004,113967.71,RAcct @ PEMELIHARAAN NON RUTIN WHEEL & T
2026-08-31,Aug,8,SUNGAI DANAU,PLANTATION,NON RUTIN,ENGINE SYSTEM,ALOKASI WORKSHOP,TRAILER MITSUBISHI FV 419P DA 9119 AT/ DA 8602 CR 311-001,16281.1,RAcct @ PEMELIHARAAN NON RUTIN ENGINE SY
2026-08-31,Aug,8,SUNGAI DANAU,PLANTATION,NON RUTIN,FRAME BODY & GUARD SYSTEM,ALOKASI WORKSHOP,TRAILER MITSUBISHI FV 419P DA 9119 AT/ DA 8602 CR 311-001,32562.2,RAcct @ PEMELIHARAAN NON RUTIN FRAME BOD
2026-08-31,Aug,8,SUNGAI DANAU,PLANTATION,NON RUTIN,ELECTRICAL SYSTEM,ALOKASI WORKSHOP,TRAILER MITSUBISHI FV 419P DA 9295 CC 311-002,97686.61,RAcct @ PEMELIHARAAN NON RUTIN ELECTRICA
2026-08-31,Aug,8,SUNGAI DANAU,PLANTATION,NON RUTIN,ENGINE SYSTEM,ALOKASI WORKSHOP,TRAILER MITSUBISHI FV 419P DA 9295 CC 311-002,16281.1,RAcct @ PEMELIHARAAN NON RUTIN ENGINE SY
2026-08-31,Aug,8,SUNGAI DANAU,PLANTATION,NON RUTIN,FRAME BODY & GUARD SYSTEM,ALOKASI WORKSHOP,TRAILER MITSUBISHI FV 419P DA 9295 CC 311-002,260497.63,RAcct @ PEMELIHARAAN NON RUTIN FRAME BOD
2026-08-31,Aug,8,SUNGAI DANAU,PLANTATION,NON RUTIN,SUSPENSION SYSTEM,ALOKASI WORKSHOP,TRAILER MITSUBISHI FV 419P DA 9295 CC 311-002,48843.31,RAcct @ PEMELIHARAAN NON RUTIN SUSPENSIO
2026-08-31,Aug,8,SUNGAI DANAU,PLANTATION,RUTIN,FRAME BODY & GUARD SYSTEM,ALOKASI WORKSHOP,EXCAVATOR HITACHI ZX48U-5A-CST 331-001,1834825.83,RAcct @ PEMELIHARAAN RUTIN FRAME BODY &
2026-08-31,Aug,8,SUNGAI DANAU,PLANTATION,RUTIN,FRAME BODY & GUARD SYSTEM,ALOKASI WORKSHOP,EXCAVATOR HITACHI ZX33U-5A 331-002,3293277.12,RAcct @ PEMELIHARAAN RUTIN FRAME BODY &
2026-08-31,Aug,8,SUNGAI DANAU,PLANTATION,RUTIN,FRAME BODY & GUARD SYSTEM,ALOKASI WORKSHOP,EXCAVATOR HITACHI ZX 48U-5A 331-003,1834825.83,RAcct @ PEMELIHARAAN RUTIN FRAME BODY &
2026-08-31,Aug,8,SUNGAI DANAU,PLANTATION,RUTIN,FRAME BODY & GUARD SYSTEM,ALOKASI WORKSHOP,EXCAVATOR HITACHI ZX48U-5A (331-004),141140.45,RAcct @ PEMELIHARAAN RUTIN FRAME BODY &
2026-08-31,Aug,8,SUNGAI DANAU,PLANTATION,RUTIN,FRAME BODY & GUARD SYSTEM,ALOKASI WORKSHOP,EXCAVATOR KOBELCO SK200-10 332-025,846842.69,RAcct @ PEMELIHARAAN RUTIN FRAME BODY &
2026-08-31,Aug,8,SUNGAI DANAU,PLANTATION,RUTIN,FRAME BODY & GUARD SYSTEM,ALOKASI WORKSHOP,EXCAVATOR HITACHI ZX210F-5G 332-029,1787779.01,RAcct @ PEMELIHARAAN RUTIN FRAME BODY &
2026-08-31,Aug,8,SUNGAI DANAU,PLANTATION,RUTIN,FRAME BODY & GUARD SYSTEM,ALOKASI WORKSHOP,EXCAVATOR HITACHI ZX210F-5G 332-034,940936.32,RAcct @ PEMELIHARAAN RUTIN FRAME BODY &
2026-08-31,Aug,8,SUNGAI DANAU,PLANTATION,RUTIN,FRAME BODY & GUARD SYSTEM,ALOKASI WORKSHOP,EXCAVATOR HITACHI ZX210F-5G 332-035,188187.26,RAcct @ PEMELIHARAAN RUTIN FRAME BODY &
2026-08-31,Aug,8,SUNGAI DANAU,PLANTATION,RUTIN,FRAME BODY & GUARD SYSTEM,ALOKASI WORKSHOP,EXCAVATOR HITACHI ZX 210 F-5G 332-039,3199183.49,RAcct @ PEMELIHARAAN RUTIN FRAME BODY &
2026-08-31,Aug,8,SUNGAI DANAU,PLANTATION,RUTIN,FRAME BODY & GUARD SYSTEM,ALOKASI WORKSHOP,EXCAVATOR HITACHI ZX 210 F-5G 332-040,658655.42,RAcct @ PEMELIHARAAN RUTIN FRAME BODY &
2026-08-31,Aug,8,SUNGAI DANAU,PLANTATION,RUTIN,FRAME BODY & GUARD SYSTEM,ALOKASI WORKSHOP,EXCAVATOR HITACHI ZX 210 F-5G 332-041,1223217.22,RAcct @ PEMELIHARAAN RUTIN FRAME BODY &
2026-08-31,Aug,8,SUNGAI DANAU,PLANTATION,RUTIN,FRAME BODY & GUARD SYSTEM,ALOKASI WORKSHOP,EXCAVATOR HITACHI ZX 210 F-5G 332-047,893889.5,RAcct @ PEMELIHARAAN RUTIN FRAME BODY &
2026-08-31,Aug,8,SUNGAI DANAU,PLANTATION,RUTIN,FRAME BODY & GUARD SYSTEM,ALOKASI WORKSHOP,BULLDOZER CAT D7G2 342-008,376374.53,RAcct @ PEMELIHARAAN RUTIN FRAME BODY &
2026-08-31,Aug,8,SUNGAI DANAU,PLANTATION,RUTIN,FRAME BODY & GUARD SYSTEM,ALOKASI WORKSHOP,BULLDOZER CAT D7G2 342-008,470468.16,RAcct @ PEMELIHARAAN RUTIN FRAME BODY &
2026-08-31,Aug,8,SUNGAI DANAU,PLANTATION,RUTIN,FRAME BODY & GUARD SYSTEM,ALOKASI WORKSHOP,BULLDOZER WEA B 165 YS 342-014,1928919.46,RAcct @ PEMELIHARAAN RUTIN FRAME BODY &
2026-08-31,Aug,8,SUNGAI DANAU,PLANTATION,RUTIN,FRAME BODY & GUARD SYSTEM,ALOKASI WORKSHOP,BULLDOZER KOMATSU D85E 342-018,94093.63,RAcct @ PEMELIHARAAN RUTIN FRAME BODY &
2026-08-31,Aug,8,SUNGAI DANAU,PLANTATION,RUTIN,FRAME BODY & GUARD SYSTEM,ALOKASI WORKSHOP,GRADER CATERPILAR 120 K 351-004,5880852.0,RAcct @ PEMELIHARAAN RUTIN FRAME BODY &
2026-08-31,Aug,8,SUNGAI DANAU,PLANTATION,RUTIN,FRAME BODY & GUARD SYSTEM,ALOKASI WORKSHOP,GRADER CATERPILLAR 120K 351-007,3058043.04,RAcct @ PEMELIHARAAN RUTIN FRAME BODY &
2026-08-31,Aug,8,SUNGAI DANAU,PLANTATION,RUTIN,FRAME BODY & GUARD SYSTEM,ALOKASI WORKSHOP,GRADER CATERPILLAR 120 K 351-010,1411404.48,RAcct @ PEMELIHARAAN RUTIN FRAME BODY &
2026-08-31,Aug,8,SUNGAI DANAU,PLANTATION,RUTIN,FRAME BODY & GUARD SYSTEM,ALOKASI WORKSHOP,GRADER XCMG GR-135 351-013,846842.69,RAcct @ PEMELIHARAAN RUTIN FRAME BODY &
2026-08-31,Aug,8,SUNGAI DANAU,PLANTATION,RUTIN,FRAME BODY & GUARD SYSTEM,ALOKASI WORKSHOP,GRADER XCMG GR-135 351-015,1411404.48,RAcct @ PEMELIHARAAN RUTIN FRAME BODY &
2026-08-31,Aug,8,SUNGAI DANAU,PLANTATION,RUTIN,FRAME BODY & GUARD SYSTEM,ALOKASI WORKSHOP,GRADER XCMG GR-135 351-016,3716698.47,RAcct @ PEMELIHARAAN RUTIN FRAME BODY &
2026-08-31,Aug,8,SUNGAI DANAU,PLANTATION,RUTIN,FRAME BODY & GUARD SYSTEM,ALOKASI WORKSHOP,BACKHOE LOADER CAT 416 F 361-006,2775762.15,RAcct @ PEMELIHARAAN RUTIN FRAME BODY &
2026-08-31,Aug,8,SUNGAI DANAU,PLANTATION,RUTIN,FRAME BODY & GUARD SYSTEM,ALOKASI WORKSHOP,BACKHOE LOADER CAT 416 F 361-007,6163132.9,RAcct @ PEMELIHARAAN RUTIN FRAME BODY &
2026-08-31,Aug,8,SUNGAI DANAU,PLANTATION,RUTIN,FRAME BODY & GUARD SYSTEM,ALOKASI WORKSHOP,BACKHOE LOADER CATTERPILLAR 426F2 361-009,987983.14,RAcct @ PEMELIHARAAN RUTIN FRAME BODY &
2026-08-31,Aug,8,SUNGAI DANAU,PLANTATION,RUTIN,FRAME BODY & GUARD SYSTEM,ALOKASI WORKSHOP,BACKHOE LOADER CATTERPILLAR 426F2 361-010,3763745.28,RAcct @ PEMELIHARAAN RUTIN FRAME BODY &
2026-08-31,Aug,8,SUNGAI DANAU,PLANTATION,RUTIN,FRAME BODY & GUARD SYSTEM,ALOKASI WORKSHOP,BACKHOE LOADER CATERPILLAR 416F 361-013,1458451.3,RAcct @ PEMELIHARAAN RUTIN FRAME BODY &
2026-08-31,Aug,8,SUNGAI DANAU,PLANTATION,RUTIN,FRAME BODY & GUARD SYSTEM,ALOKASI WORKSHOP,BACKHOE LOADER CATERPILLAR 416F2 361-014,1035029.95,RAcct @ PEMELIHARAAN RUTIN FRAME BODY &
2026-08-31,Aug,8,SUNGAI DANAU,PLANTATION,RUTIN,FRAME BODY & GUARD SYSTEM,ALOKASI WORKSHOP,COMPACTOR IR 371-002,1317310.85,RAcct @ PEMELIHARAAN RUTIN FRAME BODY &
2026-08-31,Aug,8,SUNGAI DANAU,PLANTATION,RUTIN,FRAME BODY & GUARD SYSTEM,ALOKASI WORKSHOP,COMPACTOR SAKAI SV512D371-005,188187.26,RAcct @ PEMELIHARAAN RUTIN FRAME BODY &
2026-08-31,Aug,8,SUNGAI DANAU,PLANTATION,RUTIN,FRAME BODY & GUARD SYSTEM,ALOKASI WORKSHOP,COMPACTOR SAKAI SV512D371-005,4422400.71,RAcct @ PEMELIHARAAN RUTIN FRAME BODY &
2026-08-31,Aug,8,SUNGAI DANAU,PLANTATION,RUTIN,FRAME BODY & GUARD SYSTEM,ALOKASI WORKSHOP,COMPACTOR SAKAI SV 526-D 371-011,3622604.83,RAcct @ PEMELIHARAAN RUTIN FRAME BODY &
2026-08-31,Aug,8,SUNGAI DANAU,PLANTATION,RUTIN,FRAME BODY & GUARD SYSTEM,ALOKASI WORKSHOP,COMPACTOR DYNAPAC CA30D 371-015,1082076.77,RAcct @ PEMELIHARAAN RUTIN FRAME BODY &
2026-08-31,Aug,8,SUNGAI DANAU,PLANTATION,RUTIN,FRAME BODY & GUARD SYSTEM,ALOKASI WORKSHOP,COMPACTOR DYNAPAC CA30D 371-016,1881872.64,RAcct @ PEMELIHARAAN RUTIN FRAME BODY &
2026-08-31,Aug,8,SUNGAI DANAU,PLANTATION,RUTIN,FRAME BODY & GUARD SYSTEM,ALOKASI WORKSHOP,COMPACTOR SAKAI SV526D 371-017,1035029.95,RAcct @ PEMELIHARAAN RUTIN FRAME BODY &
2026-08-31,Aug,8,KUMAI,PLANTATION,NON RUTIN,DIFFENTTIAL & REAR AXLE SYSTEM,ALOKASI WORKSHOP,DUMP TRUCK HINO 130HD 251-058,57044.7,RAcct @ PEMELIHARAAN NON RUTIN DIFFENTTI
2026-08-31,Aug,8,KUMAI,PLANTATION,NON RUTIN,ENGINE SYSTEM,ALOKASI WORKSHOP,DUMP TRUCK HINO 130HD 251-058,199656.46,RAcct @ PEMELIHARAAN NON RUTIN ENGINE SY
2026-08-31,Aug,8,KUMAI,PLANTATION,NON RUTIN,SUSPENSION SYSTEM,ALOKASI WORKSHOP,DUMP TRUCK HINO 130HD 251-058,313745.87,RAcct @ PEMELIHARAAN NON RUTIN SUSPENSIO
2026-08-31,Aug,8,KUMAI,PLANTATION,NON RUTIN,WHEEL & TYRE SYSTEM,ALOKASI WORKSHOP,DUMP TRUCK HINO 130HD 251-058,21391.76,RAcct @ PEMELIHARAAN NON RUTIN WHEEL & T
2026-08-31,Aug,8,KUMAI,PLANTATION,NON RUTIN,DIFFENTTIAL & REAR AXLE SYSTEM,ALOKASI WORKSHOP,DUMP TRUCK HINO 136 HDX DA 8707 JL 251-061,520532.91,RAcct @ PEMELIHARAAN NON RUTIN DIFFENTTI
2026-08-31,Aug,8,KUMAI,PLANTATION,NON RUTIN,SUSPENSION SYSTEM,ALOKASI WORKSHOP,DUMP TRUCK HINO 136 HDX DA 8707 JL 251-061,185395.28,RAcct @ PEMELIHARAAN NON RUTIN SUSPENSIO
2026-08-31,Aug,8,KUMAI,PLANTATION,NON RUTIN,WHEEL & TYRE SYSTEM,ALOKASI WORKSHOP,DUMP TRUCK HINO 136 HDX DA 8707 JL 251-061,142611.76,RAcct @ PEMELIHARAAN NON RUTIN WHEEL & T
2026-08-31,Aug,8,KUMAI,PLANTATION,RUTIN,ENGINE SYSTEM,ALOKASI WORKSHOP,DUMP TRUCK HINO 136 HDX 251-062,71305.88,RAcct @ PEMELIHARAAN RUTIN ENGINE SYSTEM
2026-08-31,Aug,8,KUMAI,PLANTATION,NON RUTIN,ATTACHMENT SYSTEM,ALOKASI WORKSHOP,DUMP TRUCK HINO 136 HDX 251-062,28522.35,RAcct @ PEMELIHARAAN NON RUTIN ATTACHMEN
2026-08-31,Aug,8,KUMAI,PLANTATION,NON RUTIN,DIFFENTTIAL & REAR AXLE SYSTEM,ALOKASI WORKSHOP,DUMP TRUCK HINO 136 HDX 251-062,85567.05,RAcct @ PEMELIHARAAN NON RUTIN DIFFENTTI
2026-08-31,Aug,8,KUMAI,PLANTATION,NON RUTIN,SUSPENSION SYSTEM,ALOKASI WORKSHOP,DUMP TRUCK HINO 136 HDX 251-062,192525.87,RAcct @ PEMELIHARAAN NON RUTIN SUSPENSIO
2026-08-31,Aug,8,KUMAI,PLANTATION,NON RUTIN,SUSPENSION SYSTEM,ALOKASI WORKSHOP,DUMP TRUCK ISUZU NPS 254-001,28522.35,RAcct @ PEMELIHARAAN NON RUTIN SUSPENSIO
2026-08-31,Aug,8,KUMAI,PLANTATION,NON RUTIN,BRAKE SYSTEM,ALOKASI WORKSHOP,DUMP TRUCK ISUZU NPS 254-002,57044.7,RAcct @ PEMELIHARAAN NON RUTIN BRAKE SYS
2026-08-31,Aug,8,KUMAI,PLANTATION,NON RUTIN,DIFFENTTIAL & REAR AXLE SYSTEM,ALOKASI WORKSHOP,DUMP TRUCK ISUZU NPS 254-002,142611.76,RAcct @ PEMELIHARAAN NON RUTIN DIFFENTTI
2026-08-31,Aug,8,KUMAI,PLANTATION,NON RUTIN,ENGINE SYSTEM,ALOKASI WORKSHOP,DUMP TRUCK ISUZU NPS 254-002,142611.76,RAcct @ PEMELIHARAAN NON RUTIN ENGINE SY
2026-08-31,Aug,8,KUMAI,PLANTATION,NON RUTIN,SUSPENSION SYSTEM,ALOKASI WORKSHOP,DUMP TRUCK ISUZU NPS 254-002,128350.58,RAcct @ PEMELIHARAAN NON RUTIN SUSPENSIO
2026-08-31,Aug,8,KUMAI,PLANTATION,NON RUTIN,TRANSMISSION SYSTEM,ALOKASI WORKSHOP,DUMP TRUCK ISUZU NPS 254-002,57044.7,RAcct @ PEMELIHARAAN NON RUTIN TRANSMISS
2026-08-31,Aug,8,KUMAI,PLANTATION,NON RUTIN,WHEEL & TYRE SYSTEM,ALOKASI WORKSHOP,DUMP TRUCK ISUZU NPS 254-002,28522.35,RAcct @ PEMELIHARAAN NON RUTIN WHEEL & T
2026-08-31,Aug,8,KUMAI,PLANTATION,NON RUTIN,ATTACHMENT SYSTEM,ALOKASI WORKSHOP,DUMP TRUCK ISUZU NPS 254-003,299484.69,RAcct @ PEMELIHARAAN NON RUTIN ATTACHMEN
2026-08-31,Aug,8,KUMAI,PLANTATION,NON RUTIN,DIFFENTTIAL & REAR AXLE SYSTEM,ALOKASI WORKSHOP,DUMP TRUCK ISUZU NPS 254-003,128350.58,RAcct @ PEMELIHARAAN NON RUTIN DIFFENTTI
2026-08-31,Aug,8,KUMAI,PLANTATION,NON RUTIN,ENGINE SYSTEM,ALOKASI WORKSHOP,DUMP TRUCK ISUZU NPS 254-003,128350.58,RAcct @ PEMELIHARAAN NON RUTIN ENGINE SY
2026-08-31,Aug,8,KUMAI,PLANTATION,NON RUTIN,SUSPENSION SYSTEM,ALOKASI WORKSHOP,DUMP TRUCK ISUZU NPS 254-003,349398.8,RAcct @ PEMELIHARAAN NON RUTIN SUSPENSIO
2026-08-31,Aug,8,KUMAI,PLANTATION,NON RUTIN,TRANSMISSION SYSTEM,ALOKASI WORKSHOP,DUMP TRUCK ISUZU NPS 254-003,28522.35,RAcct @ PEMELIHARAAN NON RUTIN TRANSMISS
2026-08-31,Aug,8,KUMAI,PLANTATION,NON RUTIN,ATTACHMENT SYSTEM,ALOKASI WORKSHOP,DUMP TRUCK ISUZU NPS 81 254-004,71305.88,RAcct @ PEMELIHARAAN NON RUTIN ATTACHMEN
2026-08-31,Aug,8,KUMAI,PLANTATION,NON RUTIN,DIFFENTTIAL & REAR AXLE SYSTEM,ALOKASI WORKSHOP,DUMP TRUCK ISUZU NPS 81 254-004,377921.16,RAcct @ PEMELIHARAAN NON RUTIN DIFFENTTI
2026-08-31,Aug,8,KUMAI,PLANTATION,NON RUTIN,ENGINE SYSTEM,ALOKASI WORKSHOP,DUMP TRUCK ISUZU NPS 81 254-004,135481.17,RAcct @ PEMELIHARAAN NON RUTIN ENGINE SY
2026-08-31,Aug,8,KUMAI,PLANTATION,NON RUTIN,SUSPENSION SYSTEM,ALOKASI WORKSHOP,DUMP TRUCK ISUZU NPS 81 254-004,142611.76,RAcct @ PEMELIHARAAN NON RUTIN SUSPENSIO
2026-08-31,Aug,8,KUMAI,PLANTATION,NON RUTIN,WHEEL & TYRE SYSTEM,ALOKASI WORKSHOP,DUMP TRUCK ISUZU NPS 81 254-004,392182.33,RAcct @ PEMELIHARAAN NON RUTIN WHEEL & T
2026-08-31,Aug,8,KUMAI,PLANTATION,NON RUTIN,BRAKE SYSTEM,ALOKASI WORKSHOP,DUMP TRUCK ISUZU NPS 81 254-005,171134.11,RAcct @ PEMELIHARAAN NON RUTIN BRAKE SYS
2026-08-31,Aug,8,KUMAI,PLANTATION,NON RUTIN,DIFFENTTIAL & REAR AXLE SYSTEM,ALOKASI WORKSHOP,DUMP TRUCK ISUZU NPS 81 254-005,413574.1,RAcct @ PEMELIHARAAN NON RUTIN DIFFENTTI
2026-08-31,Aug,8,KUMAI,PLANTATION,NON RUTIN,SUSPENSION SYSTEM,ALOKASI WORKSHOP,DUMP TRUCK ISUZU NPS 81 254-005,228178.81,RAcct @ PEMELIHARAAN NON RUTIN SUSPENSIO
2026-08-31,Aug,8,KUMAI,PLANTATION,NON RUTIN,WHEEL & TYRE SYSTEM,ALOKASI WORKSHOP,DUMP TRUCK ISUZU NPS 81 254-005,320876.45,RAcct @ PEMELIHARAAN NON RUTIN WHEEL & T
2026-08-31,Aug,8,KUMAI,PLANTATION,RUTIN,ENGINE SYSTEM,ALOKASI WORKSHOP,DUMP TRUCK ISUZU NPS 81 254-006,71305.88,RAcct @ PEMELIHARAAN RUTIN ENGINE SYSTEM
2026-08-31,Aug,8,KUMAI,PLANTATION,NON RUTIN,ATTACHMENT SYSTEM,ALOKASI WORKSHOP,DUMP TRUCK ISUZU NPS 81 254-006,42783.53,RAcct @ PEMELIHARAAN NON RUTIN ATTACHMEN
2026-08-31,Aug,8,KUMAI,PLANTATION,NON RUTIN,DIFFENTTIAL & REAR AXLE SYSTEM,ALOKASI WORKSHOP,DUMP TRUCK ISUZU NPS 81 254-006,299484.69,RAcct @ PEMELIHARAAN NON RUTIN DIFFENTTI
2026-08-31,Aug,8,KUMAI,PLANTATION,NON RUTIN,ELECTRICAL SYSTEM,ALOKASI WORKSHOP,DUMP TRUCK ISUZU NPS 81 254-006,121219.99,RAcct @ PEMELIHARAAN NON RUTIN ELECTRICA
2026-08-31,Aug,8,KUMAI,PLANTATION,NON RUTIN,ENGINE SYSTEM,ALOKASI WORKSHOP,DUMP TRUCK ISUZU NPS 81 254-006,598969.38,RAcct @ PEMELIHARAAN NON RUTIN ENGINE SY
2026-08-31,Aug,8,KUMAI,PLANTATION,NON RUTIN,SUSPENSION SYSTEM,ALOKASI WORKSHOP,DUMP TRUCK ISUZU NPS 81 254-006,149742.34,RAcct @ PEMELIHARAAN NON RUTIN SUSPENSIO
2026-08-31,Aug,8,KUMAI,PLANTATION,NON RUTIN,TRANSMISSION SYSTEM,ALOKASI WORKSHOP,DUMP TRUCK ISUZU NPS 81 254-006,356529.39,RAcct @ PEMELIHARAAN NON RUTIN TRANSMISS
2026-08-31,Aug,8,KUMAI,PLANTATION,NON RUTIN,WHEEL & TYRE SYSTEM,ALOKASI WORKSHOP,DUMP TRUCK ISUZU NPS 81 254-006,128350.58,RAcct @ PEMELIHARAAN NON RUTIN WHEEL & T
2026-08-31,Aug,8,KUMAI,PLANTATION,RUTIN,ENGINE SYSTEM,ALOKASI WORKSHOP,DUMP TRUCK HINO 130 HD 4X4 254-007,142611.76,RAcct @ PEMELIHARAAN RUTIN ENGINE SYSTEM
2026-08-31,Aug,8,KUMAI,PLANTATION,NON RUTIN,DIFFENTTIAL & REAR AXLE SYSTEM,ALOKASI WORKSHOP,DUMP TRUCK HINO 130 HD 4X4 254-007,278092.93,RAcct @ PEMELIHARAAN NON RUTIN DIFFENTTI
2026-08-31,Aug,8,KUMAI,PLANTATION,NON RUTIN,ELECTRICAL SYSTEM,ALOKASI WORKSHOP,DUMP TRUCK HINO 130 HD 4X4 254-007,14261.18,RAcct @ PEMELIHARAAN NON RUTIN ELECTRICA
2026-08-31,Aug,8,KUMAI,PLANTATION,NON RUTIN,SUSPENSION SYSTEM,ALOKASI WORKSHOP,DUMP TRUCK HINO 130 HD 4X4 254-007,213917.64,RAcct @ PEMELIHARAAN NON RUTIN SUSPENSIO
2026-08-31,Aug,8,KUMAI,PLANTATION,NON RUTIN,TRANSMISSION SYSTEM,ALOKASI WORKSHOP,DUMP TRUCK HINO 130 HD 4X4 254-007,92697.64,RAcct @ PEMELIHARAAN NON RUTIN TRANSMISS
2026-08-31,Aug,8,KUMAI,PLANTATION,RUTIN,ENGINE SYSTEM,ALOKASI WORKSHOP,DUMP TRUCK HINO 130 HD 4X4 254-008,42783.53,RAcct @ PEMELIHARAAN RUTIN ENGINE SYSTEM
2026-08-31,Aug,8,KUMAI,PLANTATION,NON RUTIN,ATTACHMENT SYSTEM,ALOKASI WORKSHOP,DUMP TRUCK HINO 130 HD 4X4 254-008,28522.35,RAcct @ PEMELIHARAAN NON RUTIN ATTACHMEN
2026-08-31,Aug,8,KUMAI,PLANTATION,NON RUTIN,DIFFENTTIAL & REAR AXLE SYSTEM,ALOKASI WORKSHOP,DUMP TRUCK HINO 130 HD 4X4 254-008,734450.55,RAcct @ PEMELIHARAAN NON RUTIN DIFFENTTI
2026-08-31,Aug,8,KUMAI,PLANTATION,NON RUTIN,ENGINE SYSTEM,ALOKASI WORKSHOP,DUMP TRUCK HINO 130 HD 4X4 254-008,28522.35,RAcct @ PEMELIHARAAN NON RUTIN ENGINE SY
2026-08-31,Aug,8,KUMAI,PLANTATION,NON RUTIN,HYDRAULIC SYSTEM,ALOKASI WORKSHOP,DUMP TRUCK HINO 130 HD 4X4 254-008,28522.35,RAcct @ PEMELIHARAAN NON RUTIN HYDRAULIC
2026-08-31,Aug,8,KUMAI,PLANTATION,NON RUTIN,SUSPENSION SYSTEM,ALOKASI WORKSHOP,DUMP TRUCK HINO 130 HD 4X4 254-008,356529.39,RAcct @ PEMELIHARAAN NON RUTIN SUSPENSIO
2026-08-31,Aug,8,KUMAI,PLANTATION,NON RUTIN,TRANSMISSION SYSTEM,ALOKASI WORKSHOP,DUMP TRUCK HINO 130 HD 4X4 254-008,142611.76,RAcct @ PEMELIHARAAN NON RUTIN TRANSMISS
2026-08-31,Aug,8,KUMAI,PLANTATION,NON RUTIN,WHEEL & TYRE SYSTEM,ALOKASI WORKSHOP,DUMP TRUCK HINO 130 HD 4X4 254-008,64175.29,RAcct @ PEMELIHARAAN NON RUTIN WHEEL & T
2026-08-31,Aug,8,KUMAI,PLANTATION,NON RUTIN,BRAKE SYSTEM,ALOKASI WORKSHOP,DUMP TRUCK ISUZU NKR 71  B 9853 BDG 254-009,28522.35,RAcct @ PEMELIHARAAN NON RUTIN BRAKE SYS
2026-08-31,Aug,8,KUMAI,PLANTATION,NON RUTIN,DIFFENTTIAL & REAR AXLE SYSTEM,ALOKASI WORKSHOP,DUMP TRUCK ISUZU NKR 71  B 9853 BDG 254-009,71305.88,RAcct @ PEMELIHARAAN NON RUTIN DIFFENTTI
2026-08-31,Aug,8,KUMAI,PLANTATION,NON RUTIN,ENGINE SYSTEM,ALOKASI WORKSHOP,DUMP TRUCK ISUZU NKR 71  B 9853 BDG 254-009,278092.93,RAcct @ PEMELIHARAAN NON RUTIN ENGINE SY
2026-08-31,Aug,8,KUMAI,PLANTATION,RUTIN,ENGINE SYSTEM,ALOKASI WORKSHOP,DUMP TRUCK 4X4 254-010,35652.94,RAcct @ PEMELIHARAAN RUTIN ENGINE SYSTEM
2026-08-31,Aug,8,KUMAI,PLANTATION,NON RUTIN,ATTACHMENT SYSTEM,ALOKASI WORKSHOP,ARM ROLL HINO 130 HD DA 8589 CQ 271-002,99828.23,RAcct @ PEMELIHARAAN NON RUTIN ATTACHMEN
2026-08-31,Aug,8,KUMAI,PLANTATION,NON RUTIN,BRAKE SYSTEM,ALOKASI WORKSHOP,ARM ROLL HINO 130 HD DA 8589 CQ 271-002,28522.35,RAcct @ PEMELIHARAAN NON RUTIN BRAKE SYS
2026-08-31,Aug,8,KUMAI,PLANTATION,NON RUTIN,ENGINE SYSTEM,ALOKASI WORKSHOP,ARM ROLL HINO 130 HD DA 8589 CQ 271-002,356529.39,RAcct @ PEMELIHARAAN NON RUTIN ENGINE SY
2026-08-31,Aug,8,KUMAI,PLANTATION,NON RUTIN,HYDRAULIC SYSTEM,ALOKASI WORKSHOP,ARM ROLL HINO 130 HD DA 8589 CQ 271-002,185395.28,RAcct @ PEMELIHARAAN NON RUTIN HYDRAULIC
2026-08-31,Aug,8,KUMAI,PLANTATION,NON RUTIN,SUSPENSION SYSTEM,ALOKASI WORKSHOP,ARM ROLL HINO 130 HD DA 8589 CQ 271-002,14261.18,RAcct @ PEMELIHARAAN NON RUTIN SUSPENSIO
2026-08-31,Aug,8,KUMAI,PLANTATION,NON RUTIN,TRANSMISSION SYSTEM,ALOKASI WORKSHOP,ARM ROLL HINO 130 HD DA 8589 CQ 271-002,28522.35,RAcct @ PEMELIHARAAN NON RUTIN TRANSMISS
2026-08-31,Aug,8,KUMAI,PLANTATION,RUTIN,ENGINE SYSTEM,ALOKASI WORKSHOP,ARMROLL 271-007,42783.53,RAcct @ PEMELIHARAAN RUTIN ENGINE SYSTEM
2026-08-31,Aug,8,KUMAI,PLANTATION,NON RUTIN,ELECTRICAL SYSTEM,ALOKASI WORKSHOP,ARMROLL 271-007,14261.18,RAcct @ PEMELIHARAAN NON RUTIN ELECTRICA
2026-08-31,Aug,8,KUMAI,PLANTATION,NON RUTIN,SUSPENSION SYSTEM,ALOKASI WORKSHOP,ARMROLL 271-007,85567.05,RAcct @ PEMELIHARAAN NON RUTIN SUSPENSIO
2026-08-31,Aug,8,KUMAI,PLANTATION,NON RUTIN,BRAKE SYSTEM,ALOKASI WORKSHOP,ARM ROLL ISUZU NPS 81 272-001,114089.41,RAcct @ PEMELIHARAAN NON RUTIN BRAKE SYS
2026-08-31,Aug,8,KUMAI,PLANTATION,NON RUTIN,ENGINE SYSTEM,ALOKASI WORKSHOP,ARM ROLL ISUZU NPS 81 272-001,57044.7,RAcct @ PEMELIHARAAN NON RUTIN ENGINE SY
2026-08-31,Aug,8,KUMAI,PLANTATION,NON RUTIN,HYDRAULIC SYSTEM,ALOKASI WORKSHOP,ARM ROLL ISUZU NPS 81 272-001,49914.11,RAcct @ PEMELIHARAAN NON RUTIN HYDRAULIC
2026-08-31,Aug,8,KUMAI,PLANTATION,NON RUTIN,TRANSMISSION SYSTEM,ALOKASI WORKSHOP,ARM ROLL ISUZU NPS 81 272-001,78436.47,RAcct @ PEMELIHARAAN NON RUTIN TRANSMISS
2026-08-31,Aug,8,KUMAI,PLANTATION,NON RUTIN,WHEEL & TYRE SYSTEM,ALOKASI WORKSHOP,ARM ROLL ISUZU NPS 81 272-001,42783.53,RAcct @ PEMELIHARAAN NON RUTIN WHEEL & T
2026-08-31,Aug,8,KUMAI,PLANTATION,RUTIN,ENGINE SYSTEM,ALOKASI WORKSHOP,ARM ROLL ISUZU NPS 81 272-002,14261.18,RAcct @ PEMELIHARAAN RUTIN ENGINE SYSTEM
2026-08-31,Aug,8,KUMAI,PLANTATION,NON RUTIN,BRAKE SYSTEM,ALOKASI WORKSHOP,ARM ROLL ISUZU NPS 81 272-002,199656.46,RAcct @ PEMELIHARAAN NON RUTIN BRAKE SYS
2026-08-31,Aug,8,KUMAI,PLANTATION,NON RUTIN,DIFFENTTIAL & REAR AXLE SYSTEM,ALOKASI WORKSHOP,ARM ROLL ISUZU NPS 81 272-002,228178.81,RAcct @ PEMELIHARAAN NON RUTIN DIFFENTTI
2026-08-31,Aug,8,KUMAI,PLANTATION,NON RUTIN,ELECTRICAL SYSTEM,ALOKASI WORKSHOP,ARM ROLL ISUZU NPS 81 272-002,28522.35,RAcct @ PEMELIHARAAN NON RUTIN ELECTRICA
2026-08-31,Aug,8,KUMAI,PLANTATION,NON RUTIN,ENGINE SYSTEM,ALOKASI WORKSHOP,ARM ROLL ISUZU NPS 81 272-002,1098110.53,RAcct @ PEMELIHARAAN NON RUTIN ENGINE SY
2026-08-31,Aug,8,KUMAI,PLANTATION,NON RUTIN,HYDRAULIC SYSTEM,ALOKASI WORKSHOP,ARM ROLL ISUZU NPS 81 272-002,42783.53,RAcct @ PEMELIHARAAN NON RUTIN HYDRAULIC
2026-08-31,Aug,8,KUMAI,PLANTATION,NON RUTIN,SUSPENSION SYSTEM,ALOKASI WORKSHOP,ARM ROLL ISUZU NPS 81 272-002,313745.87,RAcct @ PEMELIHARAAN NON RUTIN SUSPENSIO
2026-08-31,Aug,8,KUMAI,PLANTATION,NON RUTIN,TRANSMISSION SYSTEM,ALOKASI WORKSHOP,ARM ROLL ISUZU NPS 81 272-002,976890.54,RAcct @ PEMELIHARAAN NON RUTIN TRANSMISS
2026-08-31,Aug,8,KUMAI,PLANTATION,NON RUTIN,WHEEL & TYRE SYSTEM,ALOKASI WORKSHOP,ARM ROLL ISUZU NPS 81 272-002,14261.18,RAcct @ PEMELIHARAAN NON RUTIN WHEEL & T
2026-08-31,Aug,8,KUMAI,PLANTATION,RUTIN,ENGINE SYSTEM,ALOKASI WORKSHOP,ARMROLL HINO 136 HDX 272-003,114089.41,RAcct @ PEMELIHARAAN RUTIN ENGINE SYSTEM
2026-08-31,Aug,8,KUMAI,PLANTATION,NON RUTIN,ATTACHMENT SYSTEM,ALOKASI WORKSHOP,ARMROLL HINO 136 HDX 272-003,292354.1,RAcct @ PEMELIHARAAN NON RUTIN ATTACHMEN
2026-08-31,Aug,8,KUMAI,PLANTATION,NON RUTIN,DIFFENTTIAL & REAR AXLE SYSTEM,ALOKASI WORKSHOP,ARMROLL HINO 136 HDX 272-003,370790.57,RAcct @ PEMELIHARAAN NON RUTIN DIFFENTTI
2026-08-31,Aug,8,KUMAI,PLANTATION,NON RUTIN,HYDRAULIC SYSTEM,ALOKASI WORKSHOP,ARMROLL HINO 136 HDX 272-003,285223.51,RAcct @ PEMELIHARAAN NON RUTIN HYDRAULIC
2026-08-31,Aug,8,KUMAI,PLANTATION,NON RUTIN,SUSPENSION SYSTEM,ALOKASI WORKSHOP,ARMROLL HINO 136 HDX 272-003,114089.41,RAcct @ PEMELIHARAAN NON RUTIN SUSPENSIO
2026-08-31,Aug,8,KUMAI,PLANTATION,RUTIN,ENGINE SYSTEM,ALOKASI WORKSHOP,ARM ROLL HINO 136 HDX 272-004,121219.99,RAcct @ PEMELIHARAAN RUTIN ENGINE SYSTEM
2026-08-31,Aug,8,KUMAI,PLANTATION,NON RUTIN,ATTACHMENT SYSTEM,ALOKASI WORKSHOP,ARM ROLL HINO 136 HDX 272-004,85567.05,RAcct @ PEMELIHARAAN NON RUTIN ATTACHMEN
2026-08-31,Aug,8,KUMAI,PLANTATION,NON RUTIN,BRAKE SYSTEM,ALOKASI WORKSHOP,ARM ROLL HINO 136 HDX 272-004,99828.23,RAcct @ PEMELIHARAAN NON RUTIN BRAKE SYS
2026-08-31,Aug,8,KUMAI,PLANTATION,NON RUTIN,ELECTRICAL SYSTEM,ALOKASI WORKSHOP,ARM ROLL HINO 136 HDX 272-004,14261.18,RAcct @ PEMELIHARAAN NON RUTIN ELECTRICA
2026-08-31,Aug,8,KUMAI,PLANTATION,NON RUTIN,ENGINE SYSTEM,ALOKASI WORKSHOP,ARM ROLL HINO 136 HDX 272-004,64175.29,RAcct @ PEMELIHARAAN NON RUTIN ENGINE SY
2026-08-31,Aug,8,KUMAI,PLANTATION,NON RUTIN,HYDRAULIC SYSTEM,ALOKASI WORKSHOP,ARM ROLL HINO 136 HDX 272-004,541924.68,RAcct @ PEMELIHARAAN NON RUTIN HYDRAULIC
2026-08-31,Aug,8,KUMAI,PLANTATION,NON RUTIN,SUSPENSION SYSTEM,ALOKASI WORKSHOP,ARM ROLL HINO 136 HDX 272-004,99828.23,RAcct @ PEMELIHARAAN NON RUTIN SUSPENSIO
2026-08-31,Aug,8,KUMAI,PLANTATION,NON RUTIN,TRANSMISSION SYSTEM,ALOKASI WORKSHOP,ARM ROLL HINO 136 HDX 272-004,35652.94,RAcct @ PEMELIHARAAN NON RUTIN TRANSMISS
2026-08-31,Aug,8,KUMAI,PLANTATION,NON RUTIN,ATTACHMENT SYSTEM,ALOKASI WORKSHOP,ARM ROLL HINO 136 HDX 272-005,128350.58,RAcct @ PEMELIHARAAN NON RUTIN ATTACHMEN
2026-08-31,Aug,8,KUMAI,PLANTATION,NON RUTIN,DIFFENTTIAL & REAR AXLE SYSTEM,ALOKASI WORKSHOP,ARM ROLL HINO 136 HDX 272-005,14261.18,RAcct @ PEMELIHARAAN NON RUTIN DIFFENTTI
2026-08-31,Aug,8,KUMAI,PLANTATION,NON RUTIN,HYDRAULIC SYSTEM,ALOKASI WORKSHOP,ARM ROLL HINO 136 HDX 272-005,1554468.15,RAcct @ PEMELIHARAAN NON RUTIN HYDRAULIC
2026-08-31,Aug,8,KUMAI,PLANTATION,NON RUTIN,SUSPENSION SYSTEM,ALOKASI WORKSHOP,ARM ROLL HINO 136 HDX 272-005,242439.99,RAcct @ PEMELIHARAAN NON RUTIN SUSPENSIO
2026-08-31,Aug,8,KUMAI,PLANTATION,NON RUTIN,WHEEL & TYRE SYSTEM,ALOKASI WORKSHOP,ARM ROLL HINO 136 HDX 272-005,35652.94,RAcct @ PEMELIHARAAN NON RUTIN WHEEL & T
2026-08-31,Aug,8,KUMAI,PLANTATION,RUTIN,ENGINE SYSTEM,ALOKASI WORKSHOP,ARMROLL 4X4 272-006,57044.7,RAcct @ PEMELIHARAAN RUTIN ENGINE SYSTEM
2026-08-31,Aug,8,KUMAI,PLANTATION,NON RUTIN,WHEEL & TYRE SYSTEM,ALOKASI WORKSHOP,ARMROLL 4X4 272-006,114089.41,RAcct @ PEMELIHARAAN NON RUTIN WHEEL & T
2026-08-31,Aug,8,KUMAI,PLANTATION,RUTIN,ENGINE SYSTEM,ALOKASI WORKSHOP,FARM TRACTOR KUBOTA M9540 321-003,85567.05,RAcct @ PEMELIHARAAN RUTIN ENGINE SYSTEM
2026-08-31,Aug,8,KUMAI,PLANTATION,NON RUTIN,TRANSMISSION SYSTEM,ALOKASI WORKSHOP,FARM TRACTOR KUBOTA M9540 321-003,42783.53,RAcct @ PEMELIHARAAN NON RUTIN TRANSMISS
2026-08-31,Aug,8,KUMAI,PLANTATION,NON RUTIN,ATTACHMENT SYSTEM,ALOKASI WORKSHOP,FARM TRACTOR KUBOTA M9540 321-006,57044.7,RAcct @ PEMELIHARAAN NON RUTIN ATTACHMEN
2026-08-31,Aug,8,KUMAI,PLANTATION,NON RUTIN,ELECTRICAL SYSTEM,ALOKASI WORKSHOP,FARM TRACTOR KUBOTA M9540 321-006,21391.76,RAcct @ PEMELIHARAAN NON RUTIN ELECTRICA
2026-08-31,Aug,8,KUMAI,PLANTATION,RUTIN,ENGINE SYSTEM,ALOKASI WORKSHOP,FARM TRACTOR KUBOTA M9540 321-007,71305.88,RAcct @ PEMELIHARAAN RUTIN ENGINE SYSTEM
2026-08-31,Aug,8,KUMAI,PLANTATION,NON RUTIN,ATTACHMENT SYSTEM,ALOKASI WORKSHOP,FARM TRACTOR KUBOTA M9540 321-007,14261.18,RAcct @ PEMELIHARAAN NON RUTIN ATTACHMEN
2026-08-31,Aug,8,KUMAI,PLANTATION,NON RUTIN,ENGINE SYSTEM,ALOKASI WORKSHOP,FARM TRACTOR KUBOTA M9540 321-007,263831.75,RAcct @ PEMELIHARAAN NON RUTIN ENGINE SY
2026-08-31,Aug,8,KUMAI,PLANTATION,NON RUTIN,WHEEL & TYRE SYSTEM,ALOKASI WORKSHOP,FARM TRACTOR KUBOTA M9540 321-007,49914.11,RAcct @ PEMELIHARAAN NON RUTIN WHEEL & T
2026-08-31,Aug,8,KUMAI,PLANTATION,RUTIN,ENGINE SYSTEM,ALOKASI WORKSHOP,CRAWLER DUMPER PD5000TA 322-007,71305.88,RAcct @ PEMELIHARAAN RUTIN ENGINE SYSTEM
2026-08-31,Aug,8,KUMAI,PLANTATION,NON RUTIN,ENGINE SYSTEM,ALOKASI WORKSHOP,CRAWLER DUMPER PD5000TA 322-007,71305.88,RAcct @ PEMELIHARAAN NON RUTIN ENGINE SY
2026-08-31,Aug,8,KUMAI,PLANTATION,NON RUTIN,TRANSMISSION SYSTEM,ALOKASI WORKSHOP,CRAWLER DUMPER PD5000TA 322-007,85567.05,RAcct @ PEMELIHARAAN NON RUTIN TRANSMISS
2026-08-31,Aug,8,KUMAI,PLANTATION,NON RUTIN,UNDERCARRIAGE SYSTEM,ALOKASI WORKSHOP,CRAWLER DUMPER PD5000TA 322-007,57044.7,RAcct @ PEMELIHARAAN NON RUTIN UNDERCARR
2026-08-31,Aug,8,KUMAI,PLANTATION,RUTIN,ENGINE SYSTEM,ALOKASI WORKSHOP,CRAWLER DUMPER PD5000TA 322-008,35652.94,RAcct @ PEMELIHARAAN RUTIN ENGINE SYSTEM
2026-08-31,Aug,8,KUMAI,PLANTATION,NON RUTIN,ENGINE SYSTEM,ALOKASI WORKSHOP,CRAWLER DUMPER PD5000TA 322-008,99828.23,RAcct @ PEMELIHARAAN NON RUTIN ENGINE SY
2026-08-31,Aug,8,KUMAI,PLANTATION,NON RUTIN,HYDRAULIC SYSTEM,ALOKASI WORKSHOP,CRAWLER DUMPER PD5000TA 322-008,142611.76,RAcct @ PEMELIHARAAN NON RUTIN HYDRAULIC
2026-08-31,Aug,8,KUMAI,PLANTATION,NON RUTIN,UNDERCARRIAGE SYSTEM,ALOKASI WORKSHOP,CRAWLER DUMPER PD5000TA 322-008,71305.88,RAcct @ PEMELIHARAAN NON RUTIN UNDERCARR
2026-08-31,Aug,8,KUMAI,PLANTATION,NON RUTIN,ELECTRICAL SYSTEM,ALOKASI WORKSHOP,CROWN KD 5000 HZL 322-009,28522.35,RAcct @ PEMELIHARAAN NON RUTIN ELECTRICA
2026-08-31,Aug,8,KUMAI,PLANTATION,NON RUTIN,ENGINE SYSTEM,ALOKASI WORKSHOP,CROWN KD 5000 HZL 322-009,42783.53,RAcct @ PEMELIHARAAN NON RUTIN ENGINE SY
2026-08-31,Aug,8,KUMAI,PLANTATION,NON RUTIN,HYDRAULIC SYSTEM,ALOKASI WORKSHOP,CROWN KD 5000 HZL 322-009,99828.23,RAcct @ PEMELIHARAAN NON RUTIN HYDRAULIC
2026-08-31,Aug,8,KUMAI,PLANTATION,NON RUTIN,UNDERCARRIAGE SYSTEM,ALOKASI WORKSHOP,CROWN KD 5000 HZL 322-009,156872.93,RAcct @ PEMELIHARAAN NON RUTIN UNDERCARR
2026-08-31,Aug,8,KUMAI,PLANTATION,NON RUTIN,ATTACHMENT SYSTEM,ALOKASI WORKSHOP,CRAWLER DUMPER PD5000TA 322-011,171134.11,RAcct @ PEMELIHARAAN NON RUTIN ATTACHMEN
2026-08-31,Aug,8,KUMAI,PLANTATION,NON RUTIN,ELECTRICAL SYSTEM,ALOKASI WORKSHOP,CRAWLER DUMPER PD5000TA 322-011,456357.62,RAcct @ PEMELIHARAAN NON RUTIN ELECTRICA
2026-08-31,Aug,8,KUMAI,PLANTATION,NON RUTIN,ENGINE SYSTEM,ALOKASI WORKSHOP,CRAWLER DUMPER PD5000TA 322-011,85567.05,RAcct @ PEMELIHARAAN NON RUTIN ENGINE SY
2026-08-31,Aug,8,KUMAI,PLANTATION,NON RUTIN,TRANSMISSION SYSTEM,ALOKASI WORKSHOP,CRAWLER DUMPER PD5000TA 322-011,99828.23,RAcct @ PEMELIHARAAN NON RUTIN TRANSMISS
2026-08-31,Aug,8,KUMAI,PLANTATION,NON RUTIN,UNDERCARRIAGE SYSTEM,ALOKASI WORKSHOP,CRAWLER DUMPER PD5000TA 322-011,128350.58,RAcct @ PEMELIHARAAN NON RUTIN UNDERCARR
2026-08-31,Aug,8,KUMAI,PLANTATION,RUTIN,ENGINE SYSTEM,ALOKASI WORKSHOP,CRAWLER DUMPER PD5000TA 322-012,85567.05,RAcct @ PEMELIHARAAN RUTIN ENGINE SYSTEM
2026-08-31,Aug,8,KUMAI,PLANTATION,NON RUTIN,ELECTRICAL SYSTEM,ALOKASI WORKSHOP,CRAWLER DUMPER PD5000TA 322-012,57044.7,RAcct @ PEMELIHARAAN NON RUTIN ELECTRICA
2026-08-31,Aug,8,KUMAI,PLANTATION,NON RUTIN,ENGINE SYSTEM,ALOKASI WORKSHOP,CRAWLER DUMPER PD5000TA 322-012,185395.28,RAcct @ PEMELIHARAAN NON RUTIN ENGINE SY
2026-08-31,Aug,8,KUMAI,PLANTATION,RUTIN,ENGINE SYSTEM,ALOKASI WORKSHOP,CARWLER DUMPER PD5000TA 322-013,71305.88,RAcct @ PEMELIHARAAN RUTIN ENGINE SYSTEM
2026-08-31,Aug,8,KUMAI,PLANTATION,NON RUTIN,ELECTRICAL SYSTEM,ALOKASI WORKSHOP,CARWLER DUMPER PD5000TA 322-013,14261.18,RAcct @ PEMELIHARAAN NON RUTIN ELECTRICA
2026-08-31,Aug,8,KUMAI,PLANTATION,NON RUTIN,ENGINE SYSTEM,ALOKASI WORKSHOP,CARWLER DUMPER PD5000TA 322-013,42783.53,RAcct @ PEMELIHARAAN NON RUTIN ENGINE SY
2026-08-31,Aug,8,KUMAI,PLANTATION,NON RUTIN,UNDERCARRIAGE SYSTEM,ALOKASI WORKSHOP,CARWLER DUMPER PD5000TA 322-013,199656.46,RAcct @ PEMELIHARAAN NON RUTIN UNDERCARR
2026-08-31,Aug,8,KUMAI,PLANTATION,RUTIN,ENGINE SYSTEM,ALOKASI WORKSHOP,CRAWLER DUMPER PD5000TA 322-014,114089.41,RAcct @ PEMELIHARAAN RUTIN ENGINE SYSTEM
2026-08-31,Aug,8,KUMAI,PLANTATION,NON RUTIN,ENGINE SYSTEM,ALOKASI WORKSHOP,CRAWLER DUMPER PD5000TA 322-014,14261.18,RAcct @ PEMELIHARAAN NON RUTIN ENGINE SY
2026-08-31,Aug,8,KUMAI,PLANTATION,NON RUTIN,UNDERCARRIAGE SYSTEM,ALOKASI WORKSHOP,CRAWLER DUMPER PD5000TA 322-014,413574.1,RAcct @ PEMELIHARAAN NON RUTIN UNDERCARR
2026-08-31,Aug,8,KUMAI,PLANTATION,NON RUTIN,ENGINE SYSTEM,ALOKASI WORKSHOP,CRAWLER DUMPER PD5000TA 322-015,42783.53,RAcct @ PEMELIHARAAN NON RUTIN ENGINE SY
2026-08-31,Aug,8,KUMAI,PLANTATION,RUTIN,ENGINE SYSTEM,ALOKASI WORKSHOP,CRAWLER DUMPER PD5000TA 322-016,71305.88,RAcct @ PEMELIHARAAN RUTIN ENGINE SYSTEM
2026-08-31,Aug,8,KUMAI,PLANTATION,NON RUTIN,ATTACHMENT SYSTEM,ALOKASI WORKSHOP,CRAWLER DUMPER PD5000TA 322-016,28522.35,RAcct @ PEMELIHARAAN NON RUTIN ATTACHMEN
2026-08-31,Aug,8,KUMAI,PLANTATION,NON RUTIN,ELECTRICAL SYSTEM,ALOKASI WORKSHOP,CRAWLER DUMPER PD5000TA 322-016,99828.23,RAcct @ PEMELIHARAAN NON RUTIN ELECTRICA
2026-08-31,Aug,8,KUMAI,PLANTATION,NON RUTIN,TRANSMISSION SYSTEM,ALOKASI WORKSHOP,CRAWLER DUMPER PD5000TA 322-016,770103.49,RAcct @ PEMELIHARAAN NON RUTIN TRANSMISS
2026-08-31,Aug,8,KUMAI,PLANTATION,NON RUTIN,UNDERCARRIAGE SYSTEM,ALOKASI WORKSHOP,CRAWLER DUMPER PD5000TA 322-016,213917.64,RAcct @ PEMELIHARAAN NON RUTIN UNDERCARR
2026-08-31,Aug,8,KUMAI,PLANTATION,NON RUTIN,TRANSMISSION SYSTEM,ALOKASI WORKSHOP,CRAWLER DUMPER PD-5000TA 322-017,28522.35,RAcct @ PEMELIHARAAN NON RUTIN TRANSMISS
2026-08-31,Aug,8,KUMAI,PLANTATION,NON RUTIN,ATTACHMENT SYSTEM,ALOKASI WORKSHOP,CRAWLER DUMPET PD-5000 TA 322-018,57044.7,RAcct @ PEMELIHARAAN NON RUTIN ATTACHMEN
2026-08-31,Aug,8,KUMAI,PLANTATION,NON RUTIN,ENGINE SYSTEM,ALOKASI WORKSHOP,CRAWLER DUMPET PD-5000 TA 322-018,85567.05,RAcct @ PEMELIHARAAN NON RUTIN ENGINE SY
2026-08-31,Aug,8,KUMAI,PLANTATION,NON RUTIN,TRANSMISSION SYSTEM,ALOKASI WORKSHOP,CRAWLER DUMPET PD-5000 TA 322-018,734450.55,RAcct @ PEMELIHARAAN NON RUTIN TRANSMISS
2026-08-31,Aug,8,KUMAI,PLANTATION,NON RUTIN,UNDERCARRIAGE SYSTEM,ALOKASI WORKSHOP,CRAWLER DUMPET PD-5000 TA 322-018,114089.41,RAcct @ PEMELIHARAAN NON RUTIN UNDERCARR
2026-08-31,Aug,8,KUMAI,PLANTATION,RUTIN,ENGINE SYSTEM,ALOKASI WORKSHOP,CRAWLER DUMPER PD-5000 TA 322-019,42783.53,RAcct @ PEMELIHARAAN RUTIN ENGINE SYSTEM
2026-08-31,Aug,8,KUMAI,PLANTATION,NON RUTIN,ENGINE SYSTEM,ALOKASI WORKSHOP,CRAWLER DUMPER PD-5000 TA 322-019,156872.93,RAcct @ PEMELIHARAAN NON RUTIN ENGINE SY
2026-08-31,Aug,8,KUMAI,PLANTATION,NON RUTIN,ENGINE SYSTEM,ALOKASI WORKSHOP,CRAWLER DUMPER PD-5000 TA 322-020,92697.64,RAcct @ PEMELIHARAAN NON RUTIN ENGINE SY
2026-08-31,Aug,8,KUMAI,PLANTATION,NON RUTIN,TRANSMISSION SYSTEM,ALOKASI WORKSHOP,CRAWLER DUMPER PD-5000 TA 322-020,21391.76,RAcct @ PEMELIHARAAN NON RUTIN TRANSMISS
2026-08-31,Aug,8,KUMAI,PLANTATION,NON RUTIN,ATTACHMENT SYSTEM,ALOKASI WORKSHOP,CRAWLER DUMPER PD - 5000TA 322-021,85567.05,RAcct @ PEMELIHARAAN NON RUTIN ATTACHMEN
2026-08-31,Aug,8,KUMAI,PLANTATION,NON RUTIN,ELECTRICAL SYSTEM,ALOKASI WORKSHOP,CRAWLER DUMPER PD - 5000TA 322-021,14261.18,RAcct @ PEMELIHARAAN NON RUTIN ELECTRICA
2026-08-31,Aug,8,KUMAI,PLANTATION,NON RUTIN,ENGINE SYSTEM,ALOKASI WORKSHOP,CRAWLER DUMPER PD - 5000TA 322-021,185395.28,RAcct @ PEMELIHARAAN NON RUTIN ENGINE SY
2026-08-31,Aug,8,KUMAI,PLANTATION,NON RUTIN,TRANSMISSION SYSTEM,ALOKASI WORKSHOP,CRAWLER DUMPER PD - 5000TA 322-021,14261.18,RAcct @ PEMELIHARAAN NON RUTIN TRANSMISS
2026-08-31,Aug,8,KUMAI,PLANTATION,NON RUTIN,ENGINE SYSTEM,ALOKASI WORKSHOP,CRAWLER DUMPER PD - 5000TA 322-022,199656.46,RAcct @ PEMELIHARAAN NON RUTIN ENGINE SY
2026-08-31,Aug,8,KUMAI,PLANTATION,NON RUTIN,TRANSMISSION SYSTEM,ALOKASI WORKSHOP,CRAWLER DUMPER PD - 5000TA 322-022,57044.7,RAcct @ PEMELIHARAAN NON RUTIN TRANSMISS
2026-08-31,Aug,8,KUMAI,PLANTATION,NON RUTIN,UNDERCARRIAGE SYSTEM,ALOKASI WORKSHOP,CRAWLER DUMPER PD - 5000TA 322-022,28522.35,RAcct @ PEMELIHARAAN NON RUTIN UNDERCARR
2026-08-31,Aug,8,KUMAI,PLANTATION,RUTIN,ENGINE SYSTEM,ALOKASI WORKSHOP,CRAWLER DUMPER PD - 5000TA 322-023,42783.53,RAcct @ PEMELIHARAAN RUTIN ENGINE SYSTEM
2026-08-31,Aug,8,KUMAI,PLANTATION,NON RUTIN,ATTACHMENT SYSTEM,ALOKASI WORKSHOP,CRAWLER DUMPER PD - 5000TA 322-023,28522.35,RAcct @ PEMELIHARAAN NON RUTIN ATTACHMEN
2026-08-31,Aug,8,KUMAI,PLANTATION,NON RUTIN,ENGINE SYSTEM,ALOKASI WORKSHOP,CRAWLER DUMPER PD - 5000TA 322-023,28522.35,RAcct @ PEMELIHARAAN NON RUTIN ENGINE SY
2026-08-31,Aug,8,KUMAI,PLANTATION,NON RUTIN,ENGINE SYSTEM,ALOKASI WORKSHOP,CRAWLER DUMPER PD - 5000TA 322-024,28522.35,RAcct @ PEMELIHARAAN NON RUTIN ENGINE SY
2026-08-31,Aug,8,KUMAI,PLANTATION,NON RUTIN,HYDRAULIC SYSTEM,ALOKASI WORKSHOP,CRAWLER DUMPER PD - 5000TA 322-024,57044.7,RAcct @ PEMELIHARAAN NON RUTIN HYDRAULIC
2026-08-31,Aug,8,KUMAI,PLANTATION,NON RUTIN,TRANSMISSION SYSTEM,ALOKASI WORKSHOP,CRAWLER DUMPER PD - 5000TA 322-024,28522.35,RAcct @ PEMELIHARAAN NON RUTIN TRANSMISS
2026-08-31,Aug,8,KUMAI,PLANTATION,NON RUTIN,UNDERCARRIAGE SYSTEM,ALOKASI WORKSHOP,CRAWLER DUMPER PD - 5000TA 322-024,57044.7,RAcct @ PEMELIHARAAN NON RUTIN UNDERCARR
2026-08-31,Aug,8,KUMAI,PLANTATION,NON RUTIN,ELECTRICAL SYSTEM,ALOKASI WORKSHOP,CRAWLER DUMPER PD-5000 322-025,128350.58,RAcct @ PEMELIHARAAN NON RUTIN ELECTRICA
2026-08-31,Aug,8,KUMAI,PLANTATION,NON RUTIN,ENGINE SYSTEM,ALOKASI WORKSHOP,CRAWLER DUMPER PD-5000 322-025,57044.7,RAcct @ PEMELIHARAAN NON RUTIN ENGINE SY
2026-08-31,Aug,8,KUMAI,PLANTATION,NON RUTIN,HYDRAULIC SYSTEM,ALOKASI WORKSHOP,CRAWLER DUMPER PD-5000 322-025,142611.76,RAcct @ PEMELIHARAAN NON RUTIN HYDRAULIC
2026-08-31,Aug,8,KUMAI,PLANTATION,NON RUTIN,TRANSMISSION SYSTEM,ALOKASI WORKSHOP,CRAWLER DUMPER PD-5000 322-025,28522.35,RAcct @ PEMELIHARAAN NON RUTIN TRANSMISS
2026-08-31,Aug,8,KUMAI,PLANTATION,NON RUTIN,UNDERCARRIAGE SYSTEM,ALOKASI WORKSHOP,CRAWLER DUMPER PD-5000 322-025,156872.93,RAcct @ PEMELIHARAAN NON RUTIN UNDERCARR
2026-08-31,Aug,8,KUMAI,PLANTATION,RUTIN,ENGINE SYSTEM,ALOKASI WORKSHOP,CRAWLER DUMPER PD-5000 322-026,57044.7,RAcct @ PEMELIHARAAN RUTIN ENGINE SYSTEM
2026-08-31,Aug,8,KUMAI,PLANTATION,NON RUTIN,ELECTRICAL SYSTEM,ALOKASI WORKSHOP,CRAWLER DUMPER PD-5000 322-026,142611.76,RAcct @ PEMELIHARAAN NON RUTIN ELECTRICA
2026-08-31,Aug,8,KUMAI,PLANTATION,NON RUTIN,TRANSMISSION SYSTEM,ALOKASI WORKSHOP,CRAWLER DUMPER PD-5000 322-026,71305.88,RAcct @ PEMELIHARAAN NON RUTIN TRANSMISS
2026-08-31,Aug,8,KUMAI,PLANTATION,NON RUTIN,ENGINE SYSTEM,ALOKASI WORKSHOP,CRAWLER DUMPER PD-5000 322-027,28522.35,RAcct @ PEMELIHARAAN NON RUTIN ENGINE SY
2026-08-31,Aug,8,KUMAI,PLANTATION,NON RUTIN,TRANSMISSION SYSTEM,ALOKASI WORKSHOP,CRAWLER DUMPER PD-5000 322-027,14261.18,RAcct @ PEMELIHARAAN NON RUTIN TRANSMISS
2026-08-31,Aug,8,KUMAI,PLANTATION,NON RUTIN,ELECTRICAL SYSTEM,ALOKASI WORKSHOP,CRAWLER DUMPER PD-5000 322-028,28522.35,RAcct @ PEMELIHARAAN NON RUTIN ELECTRICA
2026-08-31,Aug,8,KUMAI,PLANTATION,NON RUTIN,ENGINE SYSTEM,ALOKASI WORKSHOP,CRAWLER DUMPER PD-5000 322-028,14261.18,RAcct @ PEMELIHARAAN NON RUTIN ENGINE SY
2026-08-31,Aug,8,KUMAI,PLANTATION,NON RUTIN,HYDRAULIC SYSTEM,ALOKASI WORKSHOP,CRAWLER DUMPER PD-5000 322-028,28522.35,RAcct @ PEMELIHARAAN NON RUTIN HYDRAULIC
2026-08-31,Aug,8,KUMAI,PLANTATION,NON RUTIN,TRANSMISSION SYSTEM,ALOKASI WORKSHOP,CRAWLER DUMPER PD-5000 322-028,42783.53,RAcct @ PEMELIHARAAN NON RUTIN TRANSMISS
2026-08-31,Aug,8,KUMAI,PLANTATION,NON RUTIN,ENGINE SYSTEM,ALOKASI WORKSHOP,CRAWLER DUMPER PD-5000 322-029,128350.58,RAcct @ PEMELIHARAAN NON RUTIN ENGINE SY
2026-08-31,Aug,8,KUMAI,PLANTATION,NON RUTIN,TRANSMISSION SYSTEM,ALOKASI WORKSHOP,CRAWLER DUMPER PD-5000 322-029,28522.35,RAcct @ PEMELIHARAAN NON RUTIN TRANSMISS
2026-08-31,Aug,8,KUMAI,PLANTATION,RUTIN,ENGINE SYSTEM,ALOKASI WORKSHOP,CRAWLER DUMPER PD-5000 322-030,42783.53,RAcct @ PEMELIHARAAN RUTIN ENGINE SYSTEM
2026-08-31,Aug,8,KUMAI,PLANTATION,NON RUTIN,ELECTRICAL SYSTEM,ALOKASI WORKSHOP,CRAWLER DUMPER PD-5000 322-030,42783.53,RAcct @ PEMELIHARAAN NON RUTIN ELECTRICA
2026-08-31,Aug,8,KUMAI,PLANTATION,NON RUTIN,ENGINE SYSTEM,ALOKASI WORKSHOP,CRAWLER DUMPER PD-5000 322-030,591838.79,RAcct @ PEMELIHARAAN NON RUTIN ENGINE SY
2026-08-31,Aug,8,KUMAI,PLANTATION,RUTIN,ENGINE SYSTEM,ALOKASI WORKSHOP,EXCAVATOR KOBELCO SK200-10 332-020,99828.23,RAcct @ PEMELIHARAAN RUTIN ENGINE SYSTEM
2026-08-31,Aug,8,KUMAI,PLANTATION,NON RUTIN,ATTACHMENT SYSTEM,ALOKASI WORKSHOP,EXCAVATOR KOBELCO SK200-10 332-020,42783.53,RAcct @ PEMELIHARAAN NON RUTIN ATTACHMEN
2026-08-31,Aug,8,KUMAI,PLANTATION,NON RUTIN,UNDERCARRIAGE SYSTEM,ALOKASI WORKSHOP,EXCAVATOR KOBELCO SK200-10 332-020,313745.87,RAcct @ PEMELIHARAAN NON RUTIN UNDERCARR
2026-08-31,Aug,8,KUMAI,PLANTATION,RUTIN,ENGINE SYSTEM,ALOKASI WORKSHOP,EXCAVATOR KOBELCO SK200-10 332-028,14261.18,RAcct @ PEMELIHARAAN RUTIN ENGINE SYSTEM
2026-08-31,Aug,8,KUMAI,PLANTATION,NON RUTIN,ATTACHMENT SYSTEM,ALOKASI WORKSHOP,EXCAVATOR KOBELCO SK200-10 332-028,28522.35,RAcct @ PEMELIHARAAN NON RUTIN ATTACHMEN
2026-08-31,Aug,8,KUMAI,PLANTATION,NON RUTIN,ELECTRICAL SYSTEM,ALOKASI WORKSHOP,EXCAVATOR KOBELCO SK200-10 332-028,42783.53,RAcct @ PEMELIHARAAN NON RUTIN ELECTRICA
2026-08-31,Aug,8,KUMAI,PLANTATION,NON RUTIN,HYDRAULIC SYSTEM,ALOKASI WORKSHOP,EXCAVATOR KOBELCO SK200-10 332-028,313745.87,RAcct @ PEMELIHARAAN NON RUTIN HYDRAULIC
2026-08-31,Aug,8,KUMAI,PLANTATION,NON RUTIN,UNDERCARRIAGE SYSTEM,ALOKASI WORKSHOP,EXCAVATOR KOBELCO SK200-10 332-028,442096.45,RAcct @ PEMELIHARAAN NON RUTIN UNDERCARR
2026-08-31,Aug,8,KUMAI,PLANTATION,RUTIN,ENGINE SYSTEM,ALOKASI WORKSHOP,EXCAVATOR HITACHI ZX210LC-5G LONGARM 332-030,42783.53,RAcct @ PEMELIHARAAN RUTIN ENGINE SYSTEM
2026-08-31,Aug,8,KUMAI,PLANTATION,NON RUTIN,ENGINE SYSTEM,ALOKASI WORKSHOP,EXCAVATOR HITACHI ZX210LC-5G LONGARM 332-030,71305.88,RAcct @ PEMELIHARAAN NON RUTIN ENGINE SY
2026-08-31,Aug,8,KUMAI,PLANTATION,NON RUTIN,HYDRAULIC SYSTEM,ALOKASI WORKSHOP,EXCAVATOR HITACHI ZX210LC-5G LONGARM 332-030,78436.47,RAcct @ PEMELIHARAAN NON RUTIN HYDRAULIC
2026-08-31,Aug,8,KUMAI,PLANTATION,RUTIN,ENGINE SYSTEM,ALOKASI WORKSHOP,EXCAVATOR HITACHI ZX130-5G 332-031,57044.7,RAcct @ PEMELIHARAAN RUTIN ENGINE SYSTEM
2026-08-31,Aug,8,KUMAI,PLANTATION,NON RUTIN,ATTACHMENT SYSTEM,ALOKASI WORKSHOP,EXCAVATOR HITACHI ZX130-5G 332-031,142611.76,RAcct @ PEMELIHARAAN NON RUTIN ATTACHMEN
2026-08-31,Aug,8,KUMAI,PLANTATION,NON RUTIN,ENGINE SYSTEM,ALOKASI WORKSHOP,EXCAVATOR HITACHI ZX130-5G 332-031,28522.35,RAcct @ PEMELIHARAAN NON RUTIN ENGINE SY
2026-08-31,Aug,8,KUMAI,PLANTATION,NON RUTIN,UNDERCARRIAGE SYSTEM,ALOKASI WORKSHOP,EXCAVATOR HITACHI ZX130-5G 332-031,313745.87,RAcct @ PEMELIHARAAN NON RUTIN UNDERCARR
2026-08-31,Aug,8,KUMAI,PLANTATION,NON RUTIN,ELECTRICAL SYSTEM,ALOKASI WORKSHOP,EXCAVATOR HITACHI ZX138 M-F 332-042,99828.23,RAcct @ PEMELIHARAAN NON RUTIN ELECTRICA
2026-08-31,Aug,8,KUMAI,PLANTATION,NON RUTIN,ENGINE SYSTEM,ALOKASI WORKSHOP,EXCAVATOR HITACHI ZX138 M-F 332-042,463488.21,RAcct @ PEMELIHARAAN NON RUTIN ENGINE SY
2026-08-31,Aug,8,KUMAI,PLANTATION,NON RUTIN,ATTACHMENT SYSTEM,ALOKASI WORKSHOP,EXCAVATOR HITACHI ZX138 M-F 332-043,85567.05,RAcct @ PEMELIHARAAN NON RUTIN ATTACHMEN
2026-08-31,Aug,8,KUMAI,PLANTATION,NON RUTIN,ELECTRICAL SYSTEM,ALOKASI WORKSHOP,EXCAVATOR HITACHI ZX138 M-F 332-043,28522.35,RAcct @ PEMELIHARAAN NON RUTIN ELECTRICA
2026-08-31,Aug,8,KUMAI,PLANTATION,NON RUTIN,ENGINE SYSTEM,ALOKASI WORKSHOP,EXCAVATOR HITACHI ZX138 M-F 332-043,92697.64,RAcct @ PEMELIHARAAN NON RUTIN ENGINE SY
2026-08-31,Aug,8,KUMAI,PLANTATION,NON RUTIN,FINAL DRIVE SYSTEM,ALOKASI WORKSHOP,EXCAVATOR HITACHI ZX138 M-F 332-043,99828.23,RAcct @ PEMELIHARAAN NON RUTIN FINAL DRI
2026-08-31,Aug,8,KUMAI,PLANTATION,NON RUTIN,HYDRAULIC SYSTEM,ALOKASI WORKSHOP,EXCAVATOR HITACHI ZX138 M-F 332-043,641752.91,RAcct @ PEMELIHARAAN NON RUTIN HYDRAULIC
2026-08-31,Aug,8,KUMAI,PLANTATION,NON RUTIN,UNDERCARRIAGE SYSTEM,ALOKASI WORKSHOP,EXCAVATOR HITACHI ZX138 M-F 332-043,114089.41,RAcct @ PEMELIHARAAN NON RUTIN UNDERCARR
2026-08-31,Aug,8,KUMAI,PLANTATION,NON RUTIN,ENGINE SYSTEM,ALOKASI WORKSHOP,EXCAVATOR HITACHI ZX 138 MF-5G 332-046,42783.53,RAcct @ PEMELIHARAAN NON RUTIN ENGINE SY
2026-08-31,Aug,8,KUMAI,PLANTATION,NON RUTIN,FINAL DRIVE SYSTEM,ALOKASI WORKSHOP,EXCAVATOR HITACHI ZX 138 MF-5G 332-046,28522.35,RAcct @ PEMELIHARAAN NON RUTIN FINAL DRI
2026-08-31,Aug,8,KUMAI,PLANTATION,NON RUTIN,UNDERCARRIAGE SYSTEM,ALOKASI WORKSHOP,EXCAVATOR HITACHI ZX 138 MF-5G 332-046,128350.58,RAcct @ PEMELIHARAAN NON RUTIN UNDERCARR
2026-08-31,Aug,8,KUMAI,PLANTATION,RUTIN,ENGINE SYSTEM,ALOKASI WORKSHOP,EXCAVATOR HITACHI ZX 210G-5G 332-053,149742.34,RAcct @ PEMELIHARAAN RUTIN ENGINE SYSTEM
2026-08-31,Aug,8,KUMAI,PLANTATION,RUTIN,ENGINE SYSTEM,ALOKASI WORKSHOP,EXCAVATOR HITACHI ZX 210 LC 332-054,142611.76,RAcct @ PEMELIHARAAN RUTIN ENGINE SYSTEM
2026-08-31,Aug,8,KUMAI,PLANTATION,NON RUTIN,ATTACHMENT SYSTEM,ALOKASI WORKSHOP,EXCAVATOR HITACHI ZX 210 LC 332-054,42783.53,RAcct @ PEMELIHARAAN NON RUTIN ATTACHMEN
2026-08-31,Aug,8,KUMAI,PLANTATION,RUTIN,ENGINE SYSTEM,ALOKASI WORKSHOP,EXCAVATOR HITACHI ZX 210 332-057,128350.58,RAcct @ PEMELIHARAAN RUTIN ENGINE SYSTEM
2026-08-31,Aug,8,KUMAI,PLANTATION,NON RUTIN,ENGINE SYSTEM,ALOKASI WORKSHOP,EXCAVATOR HITACHI ZX 210 332-057,171134.11,RAcct @ PEMELIHARAAN NON RUTIN ENGINE SY
2026-08-31,Aug,8,KUMAI,PLANTATION,NON RUTIN,ENGINE SYSTEM,ALOKASI WORKSHOP,BULLDOZER KOMATSU D31P-20 341-001,57044.7,RAcct @ PEMELIHARAAN NON RUTIN ENGINE SY
2026-08-31,Aug,8,KUMAI,PLANTATION,NON RUTIN,UNDERCARRIAGE SYSTEM,ALOKASI WORKSHOP,BULLDOZER WEA B 165 YS 342-015,171134.11,RAcct @ PEMELIHARAAN NON RUTIN UNDERCARR
2026-08-31,Aug,8,KUMAI,PLANTATION,NON RUTIN,ATTACHMENT SYSTEM,ALOKASI WORKSHOP,GRADER XCMG GR-100 351-012,278092.93,RAcct @ PEMELIHARAAN NON RUTIN ATTACHMEN
2026-08-31,Aug,8,KUMAI,PLANTATION,NON RUTIN,ELECTRICAL SYSTEM,ALOKASI WORKSHOP,GRADER XCMG GR-100 351-012,42783.53,RAcct @ PEMELIHARAAN NON RUTIN ELECTRICA
2026-08-31,Aug,8,KUMAI,PLANTATION,NON RUTIN,ENGINE SYSTEM,ALOKASI WORKSHOP,GRADER XCMG GR-100 351-012,28522.35,RAcct @ PEMELIHARAAN NON RUTIN ENGINE SY
2026-08-31,Aug,8,KUMAI,PLANTATION,NON RUTIN,WHEEL & TYRE SYSTEM,ALOKASI WORKSHOP,GRADER XCMG GR-100 351-012,57044.7,RAcct @ PEMELIHARAAN NON RUTIN WHEEL & T
2026-08-31,Aug,8,KUMAI,PLANTATION,RUTIN,ENGINE SYSTEM,ALOKASI WORKSHOP,BACKHOE LOADER CAT 416 F2 361-008,71305.88,RAcct @ PEMELIHARAAN RUTIN ENGINE SYSTEM
2026-08-31,Aug,8,KUMAI,PLANTATION,NON RUTIN,ATTACHMENT SYSTEM,ALOKASI WORKSHOP,BACKHOE LOADER CAT 416 F2 361-008,14261.18,RAcct @ PEMELIHARAAN NON RUTIN ATTACHMEN
2026-08-31,Aug,8,KUMAI,PLANTATION,NON RUTIN,DIFFENTTIAL & REAR AXLE SYSTEM,ALOKASI WORKSHOP,BACKHOE LOADER CAT 416 F2 361-008,128350.58,RAcct @ PEMELIHARAAN NON RUTIN DIFFENTTI
2026-08-31,Aug,8,KUMAI,PLANTATION,NON RUTIN,ENGINE SYSTEM,ALOKASI WORKSHOP,BACKHOE LOADER CAT 416 F2 361-008,434965.86,RAcct @ PEMELIHARAAN NON RUTIN ENGINE SY
2026-08-31,Aug,8,KUMAI,PLANTATION,NON RUTIN,HYDRAULIC SYSTEM,ALOKASI WORKSHOP,BACKHOE LOADER CAT 416 F2 361-008,142611.76,RAcct @ PEMELIHARAAN NON RUTIN HYDRAULIC
2026-08-31,Aug,8,KUMAI,PLANTATION,NON RUTIN,TRANSMISSION SYSTEM,ALOKASI WORKSHOP,BACKHOE LOADER CAT 416 F2 361-008,71305.88,RAcct @ PEMELIHARAAN NON RUTIN TRANSMISS
2026-08-31,Aug,8,KUMAI,PLANTATION,NON RUTIN,WHEEL & TYRE SYSTEM,ALOKASI WORKSHOP,BACKHOE LOADER CAT 416 F2 361-008,14261.18,RAcct @ PEMELIHARAAN NON RUTIN WHEEL & T
2026-08-31,Aug,8,KUMAI,PLANTATION,RUTIN,ENGINE SYSTEM,ALOKASI WORKSHOP,BACKHOE LOADER CATTERPILLAR 426F2 361-011,28522.35,RAcct @ PEMELIHARAAN RUTIN ENGINE SYSTEM
2026-08-31,Aug,8,KUMAI,PLANTATION,NON RUTIN,WHEEL & TYRE SYSTEM,ALOKASI WORKSHOP,BACKHOE LOADER CATTERPILLAR 426F2 361-011,228178.81,RAcct @ PEMELIHARAAN NON RUTIN WHEEL & T
2026-08-31,Aug,8,KUMAI,PLANTATION,RUTIN,ENGINE SYSTEM,ALOKASI WORKSHOP,BACKHOE LOADER CATERPILLAR 416 F 361-012,21391.76,RAcct @ PEMELIHARAAN RUTIN ENGINE SYSTEM
2026-08-31,Aug,8,KUMAI,PLANTATION,NON RUTIN,ATTACHMENT SYSTEM,ALOKASI WORKSHOP,BACKHOE LOADER CATERPILLAR 416 F 361-012,256701.16,RAcct @ PEMELIHARAAN NON RUTIN ATTACHMEN
2026-08-31,Aug,8,KUMAI,PLANTATION,NON RUTIN,HYDRAULIC SYSTEM,ALOKASI WORKSHOP,BACKHOE LOADER CATERPILLAR 416 F 361-012,35652.94,RAcct @ PEMELIHARAAN NON RUTIN HYDRAULIC
2026-08-31,Aug,8,KUMAI,PLANTATION,NON RUTIN,WHEEL & TYRE SYSTEM,ALOKASI WORKSHOP,BACKHOE LOADER CATERPILLAR 416 F 361-012,114089.41,RAcct @ PEMELIHARAAN NON RUTIN WHEEL & T
2026-08-31,Aug,8,KUMAI,PLANTATION,RUTIN,ENGINE SYSTEM,ALOKASI WORKSHOP,COMPACTOR SAKAI SV 526-D 371-012,128350.58,RAcct @ PEMELIHARAAN RUTIN ENGINE SYSTEM
2026-08-31,Aug,8,KUMAI,PLANTATION,NON RUTIN,ENGINE SYSTEM,ALOKASI WORKSHOP,COMPACTOR SAKAI SV 526-D 371-013,14261.18,RAcct @ PEMELIHARAAN NON RUTIN ENGINE SY
2026-08-31,Aug,8,KUMAI,PLANTATION,NON RUTIN,ENGINE SYSTEM,ALOKASI WORKSHOP,POMPA MITSUBISHI 6D14 422-001,171134.11,RAcct @ PEMELIHARAAN NON RUTIN ENGINE SY
2026-08-31,Aug,8,KUMAI,PLANTATION,NON RUTIN,ENGINE SYSTEM,ALOKASI WORKSHOP,POMPA EBARA 422-002,1540206.98,RAcct @ PEMELIHARAAN NON RUTIN ENGINE SY
2026-08-31,Aug,8,KUMAI,PLANTATION,NON RUTIN,ENGINE SYSTEM,ALOKASI WORKSHOP,POMPA MITSUBISHI 5D 422-003,919845.83,RAcct @ PEMELIHARAAN NON RUTIN ENGINE SY
2026-08-31,Aug,8,KUMAI,PLANTATION,NON RUTIN,ATTACHMENT SYSTEM,ALOKASI WORKSHOP,POMPA MITSUBISHI 6D1 422-004,57044.7,RAcct @ PEMELIHARAAN NON RUTIN ATTACHMEN
2026-08-31,Aug,8,KUMAI,PLANTATION,NON RUTIN,ELECTRICAL SYSTEM,ALOKASI WORKSHOP,POMPA MITSUBISHI 6D1 422-004,14261.18,RAcct @ PEMELIHARAAN NON RUTIN ELECTRICA
2026-08-31,Aug,8,KUMAI,PLANTATION,NON RUTIN,ENGINE SYSTEM,ALOKASI WORKSHOP,POMPA MITSUBISHI 6D1 422-004,606099.97,RAcct @ PEMELIHARAAN NON RUTIN ENGINE SY
2026-08-31,Aug,8,KUMAI,PLANTATION,NON RUTIN,ENGINE SYSTEM,ALOKASI WORKSHOP,"POMPA ISUZU EGINE 8""/6"" 422-006",3223025.71,RAcct @ PEMELIHARAAN NON RUTIN ENGINE SY
2026-08-31,Aug,8,KUMAI,PLANTATION,NON RUTIN,ATTACHMENT SYSTEM,ALOKASI WORKSHOP,POMPA MITSUBISHI 6D14 422-007,149742.34,RAcct @ PEMELIHARAAN NON RUTIN ATTACHMEN
2026-08-31,Aug,8,KUMAI,PLANTATION,NON RUTIN,ELECTRICAL SYSTEM,ALOKASI WORKSHOP,POMPA MITSUBISHI 6D14 422-007,377921.16,RAcct @ PEMELIHARAAN NON RUTIN ELECTRICA
2026-08-31,Aug,8,KUMAI,PLANTATION,NON RUTIN,ENGINE SYSTEM,ALOKASI WORKSHOP,POMPA MITSUBISHI 6D14 422-007,3301462.17,RAcct @ PEMELIHARAAN NON RUTIN ENGINE SY
2026-08-31,Aug,8,KUMAI,PLANTATION,NON RUTIN,ENGINE SYSTEM,ALOKASI WORKSHOP,POMPA MITSUBISHI 6D14 422-008,1782646.96,RAcct @ PEMELIHARAAN NON RUTIN ENGINE SY
2026-08-31,Aug,8,KUMAI,PLANTATION,NON RUTIN,ENGINE SYSTEM,ALOKASI WORKSHOP,POMPA MITSUBISHI 6D14 422-009,1654296.38,RAcct @ PEMELIHARAAN NON RUTIN ENGINE SY
2026-08-31,Aug,8,TANJUNG,MINING,NON RUTIN,ATTACHMENT SYSTEM,ALOKASI WORKSHOP,TRUCK TANGKI HINO 130 HD DA 8678 CV 261-018,420668.45,RAcct @ PEMELIHARAAN NON RUTIN ATTACHMEN
2026-08-31,Aug,8,TANJUNG,MINING,NON RUTIN,BRAKE SYSTEM,ALOKASI WORKSHOP,TRUCK TANGKI HINO 130 HD DA 8678 CV 261-018,70111.41,RAcct @ PEMELIHARAAN NON RUTIN BRAKE SYS
2026-08-31,Aug,8,TANJUNG,MINING,NON RUTIN,ELECTRICAL SYSTEM,ALOKASI WORKSHOP,TRUCK TANGKI HINO 130 HD DA 8678 CV 261-018,46740.94,RAcct @ PEMELIHARAAN NON RUTIN ELECTRICA
2026-08-31,Aug,8,TANJUNG,MINING,NON RUTIN,TRANSMISSION SYSTEM,ALOKASI WORKSHOP,TRUCK TANGKI HINO 130 HD DA 8678 CV 261-018,140222.82,RAcct @ PEMELIHARAAN NON RUTIN TRANSMISS
2026-08-31,Aug,8,TANJUNG,MINING,RUTIN,ENGINE SYSTEM,ALOKASI WORKSHOP,TRUCK TANGKI HINO FG235 DA 1853 Z /DA 8705 ZE 262-001,70111.41,RAcct @ PEMELIHARAAN RUTIN ENGINE SYSTEM
2026-08-31,Aug,8,TANJUNG,MINING,NON RUTIN,AIR SYSTEM,ALOKASI WORKSHOP,TRUCK TANGKI HINO FG235 DA 1853 Z /DA 8705 ZE 262-001,105167.11,RAcct @ PEMELIHARAAN NON RUTIN AIR SYSTE
2026-08-31,Aug,8,TANJUNG,MINING,NON RUTIN,ATTACHMENT SYSTEM,ALOKASI WORKSHOP,TRUCK TANGKI HINO FG235 DA 1853 Z /DA 8705 ZE 262-001,712799.31,RAcct @ PEMELIHARAAN NON RUTIN ATTACHMEN
2026-08-31,Aug,8,TANJUNG,MINING,NON RUTIN,BRAKE SYSTEM,ALOKASI WORKSHOP,TRUCK TANGKI HINO FG235 DA 1853 Z /DA 8705 ZE 262-001,93481.88,RAcct @ PEMELIHARAAN NON RUTIN BRAKE SYS
2026-08-31,Aug,8,TANJUNG,MINING,NON RUTIN,ELECTRICAL SYSTEM,ALOKASI WORKSHOP,TRUCK TANGKI HINO FG235 DA 1853 Z /DA 8705 ZE 262-001,408983.21,RAcct @ PEMELIHARAAN NON RUTIN ELECTRICA
2026-08-31,Aug,8,TANJUNG,MINING,NON RUTIN,ENGINE SYSTEM,ALOKASI WORKSHOP,TRUCK TANGKI HINO FG235 DA 1853 Z /DA 8705 ZE 262-001,2033230.83,RAcct @ PEMELIHARAAN NON RUTIN ENGINE SY
2026-08-31,Aug,8,TANJUNG,MINING,NON RUTIN,TRANSMISSION SYSTEM,ALOKASI WORKSHOP,TRUCK TANGKI HINO FG235 DA 1853 Z /DA 8705 ZE 262-001,3014790.54,RAcct @ PEMELIHARAAN NON RUTIN TRANSMISS
2026-08-31,Aug,8,TANJUNG,MINING,NON RUTIN,UNDERCARRIAGE SYSTEM,ALOKASI WORKSHOP,TRUCK TANGKI HINO FG235 DA 1853 Z /DA 8705 ZE 262-001,46740.94,RAcct @ PEMELIHARAAN NON RUTIN UNDERCARR
2026-08-31,Aug,8,TANJUNG,MINING,NON RUTIN,ATTACHMENT SYSTEM,ALOKASI WORKSHOP,TRUCK TANGKI HINO 130 HD DA 1521 Z 262-002,1448969.1,RAcct @ PEMELIHARAAN NON RUTIN ATTACHMEN
2026-08-31,Aug,8,TANJUNG,MINING,NON RUTIN,ELECTRICAL SYSTEM,ALOKASI WORKSHOP,TRUCK TANGKI HINO 130 HD DA 1521 Z 262-002,93481.88,RAcct @ PEMELIHARAAN NON RUTIN ELECTRICA
2026-08-31,Aug,8,TANJUNG,MINING,NON RUTIN,ENGINE SYSTEM,ALOKASI WORKSHOP,TRUCK TANGKI HINO 130 HD DA 1521 Z 262-002,70111.41,RAcct @ PEMELIHARAAN NON RUTIN ENGINE SY
2026-08-31,Aug,8,TANJUNG,MINING,NON RUTIN,AIR CONDITIONING SYSTEM,ALOKASI WORKSHOP,DUMP TRUCK HINO FM 260 JD 312-015,525835.56,RAcct @ PEMELIHARAAN NON RUTIN AIR CONDI
2026-08-31,Aug,8,TANJUNG,MINING,NON RUTIN,ATTACHMENT SYSTEM,ALOKASI WORKSHOP,DUMP TRUCK HINO FM 260 JD 312-015,105167.11,RAcct @ PEMELIHARAAN NON RUTIN ATTACHMEN
2026-08-31,Aug,8,TANJUNG,MINING,NON RUTIN,ELECTRICAL SYSTEM,ALOKASI WORKSHOP,DUMP TRUCK HINO FM 260 JD 312-015,420668.45,RAcct @ PEMELIHARAAN NON RUTIN ELECTRICA
2026-08-31,Aug,8,TANJUNG,MINING,NON RUTIN,TRANSMISSION SYSTEM,ALOKASI WORKSHOP,DUMP TRUCK HINO FM 260 JD 312-015,280445.63,RAcct @ PEMELIHARAAN NON RUTIN TRANSMISS
2026-08-31,Aug,8,TANJUNG,MINING,NON RUTIN,ENGINE SYSTEM,ALOKASI WORKSHOP,DUMP TRUCK HINO FM 260 JD 312-015,11685.23,RAcct @ PEMELIHARAAN NON RUTIN ENGINE SY
2026-08-31,Aug,8,TANJUNG,MINING,NON RUTIN,AIR SYSTEM,ALOKASI WORKSHOP,DUMP TRUCK HINO FM 260 JD 312-019,23370.47,RAcct @ PEMELIHARAAN NON RUTIN AIR SYSTE
2026-08-31,Aug,8,TANJUNG,MINING,NON RUTIN,ATTACHMENT SYSTEM,ALOKASI WORKSHOP,DUMP TRUCK HINO FM 260 JD 312-019,11685.23,RAcct @ PEMELIHARAAN NON RUTIN ATTACHMEN
2026-08-31,Aug,8,TANJUNG,MINING,NON RUTIN,BRAKE SYSTEM,ALOKASI WORKSHOP,DUMP TRUCK HINO FM 260 JD 312-019,11685.23,RAcct @ PEMELIHARAAN NON RUTIN BRAKE SYS
2026-08-31,Aug,8,TANJUNG,MINING,NON RUTIN,ELECTRICAL SYSTEM,ALOKASI WORKSHOP,DUMP TRUCK HINO FM 260 JD 312-019,373927.51,RAcct @ PEMELIHARAAN NON RUTIN ELECTRICA
2026-08-31,Aug,8,TANJUNG,MINING,NON RUTIN,ENGINE SYSTEM,ALOKASI WORKSHOP,DUMP TRUCK HINO FM 260 JD 312-019,1659303.32,RAcct @ PEMELIHARAAN NON RUTIN ENGINE SY
2026-08-31,Aug,8,TANJUNG,MINING,NON RUTIN,GROUND ENGAGING SYSTEM,ALOKASI WORKSHOP,DUMP TRUCK HINO FM 260 JD 312-019,116852.35,RAcct @ PEMELIHARAAN NON RUTIN GROUND EN
2026-08-31,Aug,8,TANJUNG,MINING,NON RUTIN,HYDRAULIC SYSTEM,ALOKASI WORKSHOP,DUMP TRUCK HINO FM 260 JD 312-019,46740.94,RAcct @ PEMELIHARAAN NON RUTIN HYDRAULIC
2026-08-31,Aug,8,TANJUNG,MINING,NON RUTIN,TRANSMISSION SYSTEM,ALOKASI WORKSHOP,DUMP TRUCK HINO FM 260 JD 312-019,642687.91,RAcct @ PEMELIHARAAN NON RUTIN TRANSMISS
2026-08-31,Aug,8,TANJUNG,MINING,RUTIN,ENGINE SYSTEM,ALOKASI WORKSHOP,DUMP TRUCK HINO FM 260 JD 312-021,46740.94,RAcct @ PEMELIHARAAN RUTIN ENGINE SYSTEM
2026-08-31,Aug,8,TANJUNG,MINING,NON RUTIN,AIR CONDITIONING SYSTEM,ALOKASI WORKSHOP,DUMP TRUCK HINO FM 260 JD 312-021,397297.98,RAcct @ PEMELIHARAAN NON RUTIN AIR CONDI
2026-08-31,Aug,8,TANJUNG,MINING,NON RUTIN,ATTACHMENT SYSTEM,ALOKASI WORKSHOP,DUMP TRUCK HINO FM 260 JD 312-021,140222.82,RAcct @ PEMELIHARAAN NON RUTIN ATTACHMEN
2026-08-31,Aug,8,TANJUNG,MINING,NON RUTIN,ELECTRICAL SYSTEM,ALOKASI WORKSHOP,DUMP TRUCK HINO FM 260 JD 312-021,303816.1,RAcct @ PEMELIHARAAN NON RUTIN ELECTRICA
2026-08-31,Aug,8,TANJUNG,MINING,NON RUTIN,ENGINE SYSTEM,ALOKASI WORKSHOP,DUMP TRUCK HINO FM 260 JD 312-021,175278.52,RAcct @ PEMELIHARAAN NON RUTIN ENGINE SY
2026-08-31,Aug,8,TANJUNG,MINING,NON RUTIN,HYDRAULIC SYSTEM,ALOKASI WORKSHOP,DUMP TRUCK HINO FM 260 JD 312-021,432353.68,RAcct @ PEMELIHARAAN NON RUTIN HYDRAULIC
2026-08-31,Aug,8,TANJUNG,MINING,NON RUTIN,TRANSMISSION SYSTEM,ALOKASI WORKSHOP,DUMP TRUCK HINO FM 260 JD 312-021,1963119.42,RAcct @ PEMELIHARAAN NON RUTIN TRANSMISS
2026-08-31,Aug,8,TANJUNG,MINING,NON RUTIN,UNDERCARRIAGE SYSTEM,ALOKASI WORKSHOP,DUMP TRUCK HINO FM 260 JD 312-021,81796.64,RAcct @ PEMELIHARAAN NON RUTIN UNDERCARR
2026-08-31,Aug,8,TANJUNG,MINING,RUTIN,ATTACHMENT SYSTEM,ALOKASI WORKSHOP,DUMP TRUCK HINO FM 260 JD 312-022,140222.82,RAcct @ PEMELIHARAAN RUTIN ATTACHMENT SY
2026-08-31,Aug,8,TANJUNG,MINING,RUTIN,ENGINE SYSTEM,ALOKASI WORKSHOP,DUMP TRUCK HINO FM 260 JD 312-022,23370.47,RAcct @ PEMELIHARAAN RUTIN ENGINE SYSTEM
2026-08-31,Aug,8,TANJUNG,MINING,NON RUTIN,AIR CONDITIONING SYSTEM,ALOKASI WORKSHOP,DUMP TRUCK HINO FM 260 JD 312-022,549206.03,RAcct @ PEMELIHARAAN NON RUTIN AIR CONDI
2026-08-31,Aug,8,TANJUNG,MINING,NON RUTIN,ATTACHMENT SYSTEM,ALOKASI WORKSHOP,DUMP TRUCK HINO FM 260 JD 312-022,841336.89,RAcct @ PEMELIHARAAN NON RUTIN ATTACHMEN
2026-08-31,Aug,8,TANJUNG,MINING,NON RUTIN,ELECTRICAL SYSTEM,ALOKASI WORKSHOP,DUMP TRUCK HINO FM 260 JD 312-022,303816.1,RAcct @ PEMELIHARAAN NON RUTIN ELECTRICA
2026-08-31,Aug,8,TANJUNG,MINING,NON RUTIN,GROUND ENGAGING SYSTEM,ALOKASI WORKSHOP,DUMP TRUCK HINO FM 260 JD 312-022,186963.75,RAcct @ PEMELIHARAAN NON RUTIN GROUND EN
2026-08-31,Aug,8,TANJUNG,MINING,RUTIN,ENGINE SYSTEM,ALOKASI WORKSHOP,DUMP TRUCK HINO FM 260 JD 312-023,116852.35,RAcct @ PEMELIHARAAN RUTIN ENGINE SYSTEM
2026-08-31,Aug,8,TANJUNG,MINING,NON RUTIN,AIR CONDITIONING SYSTEM,ALOKASI WORKSHOP,DUMP TRUCK HINO FM 260 JD 312-023,58426.17,RAcct @ PEMELIHARAAN NON RUTIN AIR CONDI
2026-08-31,Aug,8,TANJUNG,MINING,NON RUTIN,AIR SYSTEM,ALOKASI WORKSHOP,DUMP TRUCK HINO FM 260 JD 312-023,280445.63,RAcct @ PEMELIHARAAN NON RUTIN AIR SYSTE
2026-08-31,Aug,8,TANJUNG,MINING,NON RUTIN,ATTACHMENT SYSTEM,ALOKASI WORKSHOP,DUMP TRUCK HINO FM 260 JD 312-023,163593.28,RAcct @ PEMELIHARAAN NON RUTIN ATTACHMEN
2026-08-31,Aug,8,TANJUNG,MINING,NON RUTIN,ELECTRICAL SYSTEM,ALOKASI WORKSHOP,DUMP TRUCK HINO FM 260 JD 312-023,432353.68,RAcct @ PEMELIHARAAN NON RUTIN ELECTRICA
2026-08-31,Aug,8,TANJUNG,MINING,NON RUTIN,ENGINE SYSTEM,ALOKASI WORKSHOP,DUMP TRUCK HINO FM 260 JD 312-023,35055.7,RAcct @ PEMELIHARAAN NON RUTIN ENGINE SY
2026-08-31,Aug,8,TANJUNG,MINING,NON RUTIN,UNDERCARRIAGE SYSTEM,ALOKASI WORKSHOP,DUMP TRUCK HINO FM 260 JD 312-023,81796.64,RAcct @ PEMELIHARAAN NON RUTIN UNDERCARR
2026-08-31,Aug,8,TANJUNG,MINING,RUTIN,ENGINE SYSTEM,ALOKASI WORKSHOP,DUMP TRUCK HINO FM 280 JD 312-027,70111.41,RAcct @ PEMELIHARAAN RUTIN ENGINE SYSTEM
2026-08-31,Aug,8,TANJUNG,MINING,NON RUTIN,AIR CONDITIONING SYSTEM,ALOKASI WORKSHOP,DUMP TRUCK HINO FM 280 JD 312-027,186963.75,RAcct @ PEMELIHARAAN NON RUTIN AIR CONDI
2026-08-31,Aug,8,TANJUNG,MINING,NON RUTIN,AIR SYSTEM,ALOKASI WORKSHOP,DUMP TRUCK HINO FM 280 JD 312-027,93481.88,RAcct @ PEMELIHARAAN NON RUTIN AIR SYSTE
2026-08-31,Aug,8,TANJUNG,MINING,NON RUTIN,ATTACHMENT SYSTEM,ALOKASI WORKSHOP,DUMP TRUCK HINO FM 280 JD 312-027,514150.32,RAcct @ PEMELIHARAAN NON RUTIN ATTACHMEN
2026-08-31,Aug,8,TANJUNG,MINING,NON RUTIN,ELECTRICAL SYSTEM,ALOKASI WORKSHOP,DUMP TRUCK HINO FM 280 JD 312-027,140222.82,RAcct @ PEMELIHARAAN NON RUTIN ELECTRICA
2026-08-31,Aug,8,TANJUNG,MINING,NON RUTIN,ENGINE SYSTEM,ALOKASI WORKSHOP,DUMP TRUCK HINO FM 280 JD 312-027,549206.03,RAcct @ PEMELIHARAAN NON RUTIN ENGINE SY
2026-08-31,Aug,8,TANJUNG,MINING,NON RUTIN,HYDRAULIC SYSTEM,ALOKASI WORKSHOP,DUMP TRUCK HINO FM 280 JD 312-027,268760.4,RAcct @ PEMELIHARAAN NON RUTIN HYDRAULIC
2026-08-31,Aug,8,TANJUNG,MINING,NON RUTIN,TRANSMISSION SYSTEM,ALOKASI WORKSHOP,DUMP TRUCK HINO FM 280 JD 312-027,1343801.98,RAcct @ PEMELIHARAAN NON RUTIN TRANSMISS
2026-08-31,Aug,8,TANJUNG,MINING,RUTIN,ATTACHMENT SYSTEM,ALOKASI WORKSHOP,DUMP TRUCK HINO FM 280 JD 312-028,11685.23,RAcct @ PEMELIHARAAN RUTIN ATTACHMENT SY
2026-08-31,Aug,8,TANJUNG,MINING,RUTIN,ENGINE SYSTEM,ALOKASI WORKSHOP,DUMP TRUCK HINO FM 280 JD 312-028,116852.35,RAcct @ PEMELIHARAAN RUTIN ENGINE SYSTEM
2026-08-31,Aug,8,TANJUNG,MINING,NON RUTIN,AIR CONDITIONING SYSTEM,ALOKASI WORKSHOP,DUMP TRUCK HINO FM 280 JD 312-028,479094.62,RAcct @ PEMELIHARAAN NON RUTIN AIR CONDI
2026-08-31,Aug,8,TANJUNG,MINING,NON RUTIN,ATTACHMENT SYSTEM,ALOKASI WORKSHOP,DUMP TRUCK HINO FM 280 JD 312-028,268760.4,RAcct @ PEMELIHARAAN NON RUTIN ATTACHMEN
2026-08-31,Aug,8,TANJUNG,MINING,NON RUTIN,BRAKE SYSTEM,ALOKASI WORKSHOP,DUMP TRUCK HINO FM 280 JD 312-028,46740.94,RAcct @ PEMELIHARAAN NON RUTIN BRAKE SYS
2026-08-31,Aug,8,TANJUNG,MINING,NON RUTIN,ELECTRICAL SYSTEM,ALOKASI WORKSHOP,DUMP TRUCK HINO FM 280 JD 312-028,128537.58,RAcct @ PEMELIHARAAN NON RUTIN ELECTRICA
2026-08-31,Aug,8,TANJUNG,MINING,NON RUTIN,ENGINE SYSTEM,ALOKASI WORKSHOP,DUMP TRUCK HINO FM 280 JD 312-028,93481.88,RAcct @ PEMELIHARAAN NON RUTIN ENGINE SY
2026-08-31,Aug,8,TANJUNG,MINING,NON RUTIN,TRANSMISSION SYSTEM,ALOKASI WORKSHOP,DUMP TRUCK HINO FM 280 JD 312-028,233704.69,RAcct @ PEMELIHARAAN NON RUTIN TRANSMISS
2026-08-31,Aug,8,TANJUNG,MINING,RUTIN,ATTACHMENT SYSTEM,ALOKASI WORKSHOP,DUMP TRUCK HINO FM 280 JD 312-030,23370.47,RAcct @ PEMELIHARAAN RUTIN ATTACHMENT SY
2026-08-31,Aug,8,TANJUNG,MINING,RUTIN,ENGINE SYSTEM,ALOKASI WORKSHOP,DUMP TRUCK HINO FM 280 JD 312-030,46740.94,RAcct @ PEMELIHARAAN RUTIN ENGINE SYSTEM
2026-08-31,Aug,8,TANJUNG,MINING,NON RUTIN,AIR CONDITIONING SYSTEM,ALOKASI WORKSHOP,DUMP TRUCK HINO FM 280 JD 312-030,116852.35,RAcct @ PEMELIHARAAN NON RUTIN AIR CONDI
2026-08-31,Aug,8,TANJUNG,MINING,NON RUTIN,ATTACHMENT SYSTEM,ALOKASI WORKSHOP,DUMP TRUCK HINO FM 280 JD 312-030,46740.94,RAcct @ PEMELIHARAAN NON RUTIN ATTACHMEN
2026-08-31,Aug,8,TANJUNG,MINING,NON RUTIN,ELECTRICAL SYSTEM,ALOKASI WORKSHOP,DUMP TRUCK HINO FM 280 JD 312-030,362242.27,RAcct @ PEMELIHARAAN NON RUTIN ELECTRICA
2026-08-31,Aug,8,TANJUNG,MINING,NON RUTIN,SUSPENSION SYSTEM,ALOKASI WORKSHOP,DUMP TRUCK HINO FM 280 JD 312-030,560891.26,RAcct @ PEMELIHARAAN NON RUTIN SUSPENSIO
2026-08-31,Aug,8,TANJUNG,MINING,NON RUTIN,TRANSMISSION SYSTEM,ALOKASI WORKSHOP,DUMP TRUCK HINO FM 280 JD 312-030,46740.94,RAcct @ PEMELIHARAAN NON RUTIN TRANSMISS
2026-08-31,Aug,8,TANJUNG,MINING,NON RUTIN,UNDERCARRIAGE SYSTEM,ALOKASI WORKSHOP,DUMP TRUCK HINO FM 280 JD 312-030,46740.94,RAcct @ PEMELIHARAAN NON RUTIN UNDERCARR
2026-08-31,Aug,8,TANJUNG,MINING,RUTIN,ATTACHMENT SYSTEM,ALOKASI WORKSHOP,DUMP TRUCK HINO FM 280 JD 312-031,58426.17,RAcct @ PEMELIHARAAN RUTIN ATTACHMENT SY
2026-08-31,Aug,8,TANJUNG,MINING,RUTIN,ENGINE SYSTEM,ALOKASI WORKSHOP,DUMP TRUCK HINO FM 280 JD 312-031,93481.88,RAcct @ PEMELIHARAAN RUTIN ENGINE SYSTEM
2026-08-31,Aug,8,TANJUNG,MINING,NON RUTIN,AIR CONDITIONING SYSTEM,ALOKASI WORKSHOP,DUMP TRUCK HINO FM 280 JD 312-031,11685.23,RAcct @ PEMELIHARAAN NON RUTIN AIR CONDI
2026-08-31,Aug,8,TANJUNG,MINING,NON RUTIN,ATTACHMENT SYSTEM,ALOKASI WORKSHOP,DUMP TRUCK HINO FM 280 JD 312-031,584261.73,RAcct @ PEMELIHARAAN NON RUTIN ATTACHMEN
2026-08-31,Aug,8,TANJUNG,MINING,NON RUTIN,ELECTRICAL SYSTEM,ALOKASI WORKSHOP,DUMP TRUCK HINO FM 280 JD 312-031,584261.73,RAcct @ PEMELIHARAAN NON RUTIN ELECTRICA
2026-08-31,Aug,8,TANJUNG,MINING,NON RUTIN,ENGINE SYSTEM,ALOKASI WORKSHOP,DUMP TRUCK HINO FM 280 JD 312-031,210334.22,RAcct @ PEMELIHARAAN NON RUTIN ENGINE SY
2026-08-31,Aug,8,TANJUNG,MINING,NON RUTIN,GROUND ENGAGING SYSTEM,ALOKASI WORKSHOP,DUMP TRUCK HINO FM 280 JD 312-031,677743.61,RAcct @ PEMELIHARAAN NON RUTIN GROUND EN
2026-08-31,Aug,8,TANJUNG,MINING,NON RUTIN,HYDRAULIC SYSTEM,ALOKASI WORKSHOP,DUMP TRUCK HINO FM 280 JD 312-031,46740.94,RAcct @ PEMELIHARAAN NON RUTIN HYDRAULIC
2026-08-31,Aug,8,TANJUNG,MINING,NON RUTIN,TRANSMISSION SYSTEM,ALOKASI WORKSHOP,DUMP TRUCK HINO FM 280 JD 312-031,35055.7,RAcct @ PEMELIHARAAN NON RUTIN TRANSMISS
2026-08-31,Aug,8,TANJUNG,MINING,NON RUTIN,UNDERCARRIAGE SYSTEM,ALOKASI WORKSHOP,DUMP TRUCK HINO FM 280 JD 312-031,11685.23,RAcct @ PEMELIHARAAN NON RUTIN UNDERCARR
2026-08-31,Aug,8,TANJUNG,MINING,NON RUTIN,WHEEL & TYRE SYSTEM,ALOKASI WORKSHOP,DUMP TRUCK HINO FM 280 JD 312-031,46740.94,RAcct @ PEMELIHARAAN NON RUTIN WHEEL & T
2026-08-31,Aug,8,TANJUNG,MINING,RUTIN,ATTACHMENT SYSTEM,ALOKASI WORKSHOP,DUMP TRUCK HINO FM 280 JD 312-032,268760.4,RAcct @ PEMELIHARAAN RUTIN ATTACHMENT SY
2026-08-31,Aug,8,TANJUNG,MINING,NON RUTIN,AIR CONDITIONING SYSTEM,ALOKASI WORKSHOP,DUMP TRUCK HINO FM 280 JD 312-032,81796.64,RAcct @ PEMELIHARAAN NON RUTIN AIR CONDI
2026-08-31,Aug,8,TANJUNG,MINING,NON RUTIN,ATTACHMENT SYSTEM,ALOKASI WORKSHOP,DUMP TRUCK HINO FM 280 JD 312-032,385612.74,RAcct @ PEMELIHARAAN NON RUTIN ATTACHMEN
2026-08-31,Aug,8,TANJUNG,MINING,NON RUTIN,ELECTRICAL SYSTEM,ALOKASI WORKSHOP,DUMP TRUCK HINO FM 280 JD 312-032,210334.22,RAcct @ PEMELIHARAAN NON RUTIN ELECTRICA
2026-08-31,Aug,8,TANJUNG,MINING,NON RUTIN,ENGINE SYSTEM,ALOKASI WORKSHOP,DUMP TRUCK HINO FM 280 JD 312-032,338871.8,RAcct @ PEMELIHARAAN NON RUTIN ENGINE SY
2026-08-31,Aug,8,TANJUNG,MINING,NON RUTIN,SUSPENSION SYSTEM,ALOKASI WORKSHOP,DUMP TRUCK HINO FM 280 JD 312-032,724484.55,RAcct @ PEMELIHARAAN NON RUTIN SUSPENSIO
2026-08-31,Aug,8,TANJUNG,MINING,NON RUTIN,UNDERCARRIAGE SYSTEM,ALOKASI WORKSHOP,DUMP TRUCK HINO FM 280 JD 312-032,350557.04,RAcct @ PEMELIHARAAN NON RUTIN UNDERCARR
2026-08-31,Aug,8,TANJUNG,MINING,NON RUTIN,GROUND ENGAGING SYSTEM,ALOKASI WORKSHOP,DUMP TRUCK HINO FM 280 JD 312-034,607632.2,RAcct @ PEMELIHARAAN NON RUTIN GROUND EN
2026-08-31,Aug,8,TANJUNG,MINING,NON RUTIN,AIR CONDITIONING SYSTEM,ALOKASI WORKSHOP,DUMP TRUCK HINO FM 280 JD 312-034,70111.41,RAcct @ PEMELIHARAAN NON RUTIN AIR CONDI
2026-08-31,Aug,8,TANJUNG,MINING,NON RUTIN,AIR SYSTEM,ALOKASI WORKSHOP,DUMP TRUCK HINO FM 280 JD 312-034,222019.46,RAcct @ PEMELIHARAAN NON RUTIN AIR SYSTE
2026-08-31,Aug,8,TANJUNG,MINING,NON RUTIN,ATTACHMENT SYSTEM,ALOKASI WORKSHOP,DUMP TRUCK HINO FM 280 JD 312-034,782910.72,RAcct @ PEMELIHARAAN NON RUTIN ATTACHMEN
2026-08-31,Aug,8,TANJUNG,MINING,NON RUTIN,ELECTRICAL SYSTEM,ALOKASI WORKSHOP,DUMP TRUCK HINO FM 280 JD 312-034,151908.05,RAcct @ PEMELIHARAAN NON RUTIN ELECTRICA
2026-08-31,Aug,8,TANJUNG,MINING,NON RUTIN,ENGINE SYSTEM,ALOKASI WORKSHOP,DUMP TRUCK HINO FM 280 JD 312-034,2115027.47,RAcct @ PEMELIHARAAN NON RUTIN ENGINE SY
2026-08-31,Aug,8,TANJUNG,MINING,NON RUTIN,STEERING SYSTEM,ALOKASI WORKSHOP,DUMP TRUCK HINO FM 280 JD 312-034,560891.26,RAcct @ PEMELIHARAAN NON RUTIN STEERING
2026-08-31,Aug,8,TANJUNG,MINING,NON RUTIN,TRANSMISSION SYSTEM,ALOKASI WORKSHOP,DUMP TRUCK HINO FM 280 JD 312-034,3937924.07,RAcct @ PEMELIHARAAN NON RUTIN TRANSMISS
2026-08-31,Aug,8,TANJUNG,MINING,NON RUTIN,UNDERCARRIAGE SYSTEM,ALOKASI WORKSHOP,DUMP TRUCK HINO FM 280 JD 312-034,116852.35,RAcct @ PEMELIHARAAN NON RUTIN UNDERCARR
2026-08-31,Aug,8,TANJUNG,MINING,RUTIN,AIR CONDITIONING SYSTEM,ALOKASI WORKSHOP,EXCAVATOR HITACHI ZX210F-5G 332-026,23370.47,RAcct @ PEMELIHARAAN RUTIN AIR CONDITION
2026-08-31,Aug,8,TANJUNG,MINING,RUTIN,ATTACHMENT SYSTEM,ALOKASI WORKSHOP,EXCAVATOR HITACHI ZX210F-5G 332-026,373927.51,RAcct @ PEMELIHARAAN RUTIN ATTACHMENT SY
2026-08-31,Aug,8,TANJUNG,MINING,RUTIN,ENGINE SYSTEM,ALOKASI WORKSHOP,EXCAVATOR HITACHI ZX210F-5G 332-026,70111.41,RAcct @ PEMELIHARAAN RUTIN ENGINE SYSTEM
2026-08-31,Aug,8,TANJUNG,MINING,NON RUTIN,AIR CONDITIONING SYSTEM,ALOKASI WORKSHOP,EXCAVATOR HITACHI ZX210F-5G 332-026,93481.88,RAcct @ PEMELIHARAAN NON RUTIN AIR CONDI
2026-08-31,Aug,8,TANJUNG,MINING,NON RUTIN,ATTACHMENT SYSTEM,ALOKASI WORKSHOP,EXCAVATOR HITACHI ZX210F-5G 332-026,35055.7,RAcct @ PEMELIHARAAN NON RUTIN ATTACHMEN
2026-08-31,Aug,8,TANJUNG,MINING,RUTIN,AIR CONDITIONING SYSTEM,ALOKASI WORKSHOP,EXCAVATOR HITACHI ZX350H-5G 332-027,11685.23,RAcct @ PEMELIHARAAN RUTIN AIR CONDITION
2026-08-31,Aug,8,TANJUNG,MINING,RUTIN,ATTACHMENT SYSTEM,ALOKASI WORKSHOP,EXCAVATOR HITACHI ZX350H-5G 332-027,350557.04,RAcct @ PEMELIHARAAN RUTIN ATTACHMENT SY
2026-08-31,Aug,8,TANJUNG,MINING,RUTIN,ENGINE SYSTEM,ALOKASI WORKSHOP,EXCAVATOR HITACHI ZX350H-5G 332-027,70111.41,RAcct @ PEMELIHARAAN RUTIN ENGINE SYSTEM
2026-08-31,Aug,8,TANJUNG,MINING,NON RUTIN,AIR CONDITIONING SYSTEM,ALOKASI WORKSHOP,EXCAVATOR HITACHI ZX350H-5G 332-027,806281.19,RAcct @ PEMELIHARAAN NON RUTIN AIR CONDI
2026-08-31,Aug,8,TANJUNG,MINING,NON RUTIN,ATTACHMENT SYSTEM,ALOKASI WORKSHOP,EXCAVATOR HITACHI ZX350H-5G 332-027,116852.35,RAcct @ PEMELIHARAAN NON RUTIN ATTACHMEN
2026-08-31,Aug,8,TANJUNG,MINING,NON RUTIN,ELECTRICAL SYSTEM,ALOKASI WORKSHOP,EXCAVATOR HITACHI ZX350H-5G 332-027,70111.41,RAcct @ PEMELIHARAAN NON RUTIN ELECTRICA
2026-08-31,Aug,8,TANJUNG,MINING,NON RUTIN,HYDRAULIC SYSTEM,ALOKASI WORKSHOP,EXCAVATOR HITACHI ZX350H-5G 332-027,58426.17,RAcct @ PEMELIHARAAN NON RUTIN HYDRAULIC
2026-08-31,Aug,8,TANJUNG,MINING,NON RUTIN,UNDERCARRIAGE SYSTEM,ALOKASI WORKSHOP,EXCAVATOR HITACHI ZX350H-5G 332-027,23370.47,RAcct @ PEMELIHARAAN NON RUTIN UNDERCARR
2026-08-31,Aug,8,TANJUNG,MINING,RUTIN,AIR CONDITIONING SYSTEM,ALOKASI WORKSHOP,EXCAVATOR KOMATSU PC-200-8M1 332-032,11685.23,RAcct @ PEMELIHARAAN RUTIN AIR CONDITION
2026-08-31,Aug,8,TANJUNG,MINING,RUTIN,ATTACHMENT SYSTEM,ALOKASI WORKSHOP,EXCAVATOR KOMATSU PC-200-8M1 332-032,315501.34,RAcct @ PEMELIHARAAN RUTIN ATTACHMENT SY
2026-08-31,Aug,8,TANJUNG,MINING,NON RUTIN,AIR CONDITIONING SYSTEM,ALOKASI WORKSHOP,EXCAVATOR KOMATSU PC-200-8M1 332-032,315501.34,RAcct @ PEMELIHARAAN NON RUTIN AIR CONDI
2026-08-31,Aug,8,TANJUNG,MINING,NON RUTIN,ATTACHMENT SYSTEM,ALOKASI WORKSHOP,EXCAVATOR KOMATSU PC-200-8M1 332-032,292130.87,RAcct @ PEMELIHARAAN NON RUTIN ATTACHMEN
2026-08-31,Aug,8,TANJUNG,MINING,NON RUTIN,UNDERCARRIAGE SYSTEM,ALOKASI WORKSHOP,EXCAVATOR KOMATSU PC-200-8M1 332-032,373927.51,RAcct @ PEMELIHARAAN NON RUTIN UNDERCARR
2026-08-31,Aug,8,TANJUNG,MINING,RUTIN,ATTACHMENT SYSTEM,ALOKASI WORKSHOP,EXCAVATOR HITACHI ZX350H-5G 332-036,549206.03,RAcct @ PEMELIHARAAN RUTIN ATTACHMENT SY
2026-08-31,Aug,8,TANJUNG,MINING,RUTIN,ENGINE SYSTEM,ALOKASI WORKSHOP,EXCAVATOR HITACHI ZX350H-5G 332-036,116852.35,RAcct @ PEMELIHARAAN RUTIN ENGINE SYSTEM
2026-08-31,Aug,8,TANJUNG,MINING,NON RUTIN,AIR CONDITIONING SYSTEM,ALOKASI WORKSHOP,EXCAVATOR HITACHI ZX350H-5G 332-036,385612.74,RAcct @ PEMELIHARAAN NON RUTIN AIR CONDI
2026-08-31,Aug,8,TANJUNG,MINING,NON RUTIN,ATTACHMENT SYSTEM,ALOKASI WORKSHOP,EXCAVATOR HITACHI ZX350H-5G 332-036,116852.35,RAcct @ PEMELIHARAAN NON RUTIN ATTACHMEN
2026-08-31,Aug,8,TANJUNG,MINING,NON RUTIN,ELECTRICAL SYSTEM,ALOKASI WORKSHOP,EXCAVATOR HITACHI ZX350H-5G 332-036,105167.11,RAcct @ PEMELIHARAAN NON RUTIN ELECTRICA
2026-08-31,Aug,8,TANJUNG,MINING,NON RUTIN,ENGINE SYSTEM,ALOKASI WORKSHOP,EXCAVATOR HITACHI ZX350H-5G 332-036,128537.58,RAcct @ PEMELIHARAAN NON RUTIN ENGINE SY
2026-08-31,Aug,8,TANJUNG,MINING,NON RUTIN,HYDRAULIC SYSTEM,ALOKASI WORKSHOP,EXCAVATOR HITACHI ZX350H-5G 332-036,93481.88,RAcct @ PEMELIHARAAN NON RUTIN HYDRAULIC
2026-08-31,Aug,8,TANJUNG,MINING,RUTIN,AIR CONDITIONING SYSTEM,ALOKASI WORKSHOP,EXCAVATOR HITACHI ZX350H-5G 332-037,11685.23,RAcct @ PEMELIHARAAN RUTIN AIR CONDITION
2026-08-31,Aug,8,TANJUNG,MINING,RUTIN,ATTACHMENT SYSTEM,ALOKASI WORKSHOP,EXCAVATOR HITACHI ZX350H-5G 332-037,572576.5,RAcct @ PEMELIHARAAN RUTIN ATTACHMENT SY
2026-08-31,Aug,8,TANJUNG,MINING,RUTIN,ENGINE SYSTEM,ALOKASI WORKSHOP,EXCAVATOR HITACHI ZX350H-5G 332-037,140222.82,RAcct @ PEMELIHARAAN RUTIN ENGINE SYSTEM
2026-08-31,Aug,8,TANJUNG,MINING,NON RUTIN,ATTACHMENT SYSTEM,ALOKASI WORKSHOP,EXCAVATOR HITACHI ZX350H-5G 332-037,93481.88,RAcct @ PEMELIHARAAN NON RUTIN ATTACHMEN
2026-08-31,Aug,8,TANJUNG,MINING,NON RUTIN,ENGINE SYSTEM,ALOKASI WORKSHOP,EXCAVATOR HITACHI ZX350H-5G 332-037,11685.23,RAcct @ PEMELIHARAAN NON RUTIN ENGINE SY
2026-08-31,Aug,8,TANJUNG,MINING,RUTIN,AIR CONDITIONING SYSTEM,ALOKASI WORKSHOP,EXCAVATOR SHANTUI SE 215 W 332-049,46740.94,RAcct @ PEMELIHARAAN RUTIN AIR CONDITION
2026-08-31,Aug,8,TANJUNG,MINING,RUTIN,ATTACHMENT SYSTEM,ALOKASI WORKSHOP,EXCAVATOR SHANTUI SE 215 W 332-049,338871.8,RAcct @ PEMELIHARAAN RUTIN ATTACHMENT SY
2026-08-31,Aug,8,TANJUNG,MINING,NON RUTIN,AIR CONDITIONING SYSTEM,ALOKASI WORKSHOP,EXCAVATOR SHANTUI SE 215 W 332-049,1565821.44,RAcct @ PEMELIHARAAN NON RUTIN AIR CONDI
2026-08-31,Aug,8,TANJUNG,MINING,NON RUTIN,ATTACHMENT SYSTEM,ALOKASI WORKSHOP,EXCAVATOR SHANTUI SE 215 W 332-049,502465.09,RAcct @ PEMELIHARAAN NON RUTIN ATTACHMEN
2026-08-31,Aug,8,TANJUNG,MINING,NON RUTIN,UNDERCARRIAGE SYSTEM,ALOKASI WORKSHOP,EXCAVATOR SHANTUI SE 215 W 332-049,116852.35,RAcct @ PEMELIHARAAN NON RUTIN UNDERCARR
2026-08-31,Aug,8,TANJUNG,MINING,RUTIN,ATTACHMENT SYSTEM,ALOKASI WORKSHOP,BULLDOZER WEA B 220 342-012,23370.47,RAcct @ PEMELIHARAAN RUTIN ATTACHMENT SY
2026-08-31,Aug,8,TANJUNG,MINING,RUTIN,TRANSMISSION SYSTEM,ALOKASI WORKSHOP,BULLDOZER WEA B 220 342-012,701114.08,RAcct @ PEMELIHARAAN RUTIN TRANSMISSION
2026-08-31,Aug,8,TANJUNG,MINING,NON RUTIN,ATTACHMENT SYSTEM,ALOKASI WORKSHOP,BULLDOZER WEA B 220 342-012,116852.35,RAcct @ PEMELIHARAAN NON RUTIN ATTACHMEN
2026-08-31,Aug,8,TANJUNG,MINING,NON RUTIN,ELECTRICAL SYSTEM,ALOKASI WORKSHOP,BULLDOZER WEA B 220 342-012,362242.27,RAcct @ PEMELIHARAAN NON RUTIN ELECTRICA
2026-08-31,Aug,8,TANJUNG,MINING,NON RUTIN,ENGINE SYSTEM,ALOKASI WORKSHOP,BULLDOZER WEA B 220 342-012,11685.23,RAcct @ PEMELIHARAAN NON RUTIN ENGINE SY
2026-08-31,Aug,8,TANJUNG,MINING,NON RUTIN,TRANSMISSION SYSTEM,ALOKASI WORKSHOP,BULLDOZER WEA B 220 342-012,140222.82,RAcct @ PEMELIHARAAN NON RUTIN TRANSMISS
2026-08-31,Aug,8,TANJUNG,MINING,NON RUTIN,UNDERCARRIAGE SYSTEM,ALOKASI WORKSHOP,BULLDOZER WEA B 220 342-012,116852.35,RAcct @ PEMELIHARAAN NON RUTIN UNDERCARR
2026-08-31,Aug,8,TANJUNG,MINING,RUTIN,ATTACHMENT SYSTEM,ALOKASI WORKSHOP,BULLDOZER KOMATSU D85E 342-017,35055.7,RAcct @ PEMELIHARAAN RUTIN ATTACHMENT SY
2026-08-31,Aug,8,TANJUNG,MINING,RUTIN,ENGINE SYSTEM,ALOKASI WORKSHOP,BULLDOZER KOMATSU D85E 342-017,93481.88,RAcct @ PEMELIHARAAN RUTIN ENGINE SYSTEM
2026-08-31,Aug,8,TANJUNG,MINING,NON RUTIN,ATTACHMENT SYSTEM,ALOKASI WORKSHOP,BULLDOZER KOMATSU D85E 342-017,479094.62,RAcct @ PEMELIHARAAN NON RUTIN ATTACHMEN
2026-08-31,Aug,8,TANJUNG,MINING,NON RUTIN,ELECTRICAL SYSTEM,ALOKASI WORKSHOP,BULLDOZER KOMATSU D85E 342-017,46740.94,RAcct @ PEMELIHARAAN NON RUTIN ELECTRICA
2026-08-31,Aug,8,TANJUNG,MINING,NON RUTIN,ENGINE SYSTEM,ALOKASI WORKSHOP,BULLDOZER KOMATSU D85E 342-017,140222.82,RAcct @ PEMELIHARAAN NON RUTIN ENGINE SY
2026-08-31,Aug,8,TANJUNG,MINING,NON RUTIN,TRANSMISSION SYSTEM,ALOKASI WORKSHOP,BULLDOZER KOMATSU D85E 342-017,186963.75,RAcct @ PEMELIHARAAN NON RUTIN TRANSMISS
2026-08-31,Aug,8,TANJUNG,MINING,NON RUTIN,UNDERCARRIAGE SYSTEM,ALOKASI WORKSHOP,BULLDOZER KOMATSU D85E 342-017,93481.88,RAcct @ PEMELIHARAAN NON RUTIN UNDERCARR
2026-08-31,Aug,8,TANJUNG,MINING,NON RUTIN,AIR CONDITIONING SYSTEM,ALOKASI WORKSHOP,GRADER CATERPILLAR 120 NG 351-011,46740.94,RAcct @ PEMELIHARAAN NON RUTIN AIR CONDI
2026-08-31,Aug,8,TANJUNG,MINING,NON RUTIN,ATTACHMENT SYSTEM,ALOKASI WORKSHOP,GRADER CATERPILLAR 120 NG 351-011,946504.01,RAcct @ PEMELIHARAAN NON RUTIN ATTACHMEN
2026-08-31,Aug,8,TANJUNG,MINING,NON RUTIN,WHEEL & TYRE SYSTEM,ALOKASI WORKSHOP,GRADER CATERPILLAR 120 NG 351-011,186963.75,RAcct @ PEMELIHARAAN NON RUTIN WHEEL & T
2026-08-31,Aug,8,BUHUT,MINING,NON RUTIN,ATTACHMENT SYSTEM,ALOKASI WORKSHOP,DUMP TRUCK HINO FM 280 JD 312-026,118971.38,RAcct @ PEMELIHARAAN NON RUTIN ATTACHMEN
2026-08-31,Aug,8,BUHUT,MINING,NON RUTIN,ATTACHMENT SYSTEM,ALOKASI WORKSHOP,DUMP TRUCK HINO FM 280 JD 312-029,951771.07,RAcct @ PEMELIHARAAN NON RUTIN ATTACHMEN
2026-08-31,Aug,8,BUHUT,MINING,RUTIN,ATTACHMENT SYSTEM,ALOKASI WORKSHOP,DUMP TRUCK HINO FM 280 JD 312-035,59485.69,RAcct @ PEMELIHARAAN RUTIN ATTACHMENT SY
2026-08-31,Aug,8,BUHUT,MINING,NON RUTIN,AIR SYSTEM,ALOKASI WORKSHOP,DUMP TRUCK HINO FM 280 JD 312-035,356914.15,RAcct @ PEMELIHARAAN NON RUTIN AIR SYSTE
2026-08-31,Aug,8,BUHUT,MINING,NON RUTIN,ATTACHMENT SYSTEM,ALOKASI WORKSHOP,DUMP TRUCK HINO FM 280 JD 312-035,208199.92,RAcct @ PEMELIHARAAN NON RUTIN ATTACHMEN
2026-08-31,Aug,8,BUHUT,MINING,NON RUTIN,ENGINE SYSTEM,ALOKASI WORKSHOP,DUMP TRUCK HINO FM 280 JD 312-035,118971.38,RAcct @ PEMELIHARAAN NON RUTIN ENGINE SY
2026-08-31,Aug,8,BUHUT,MINING,NON RUTIN,WHEEL & TYRE SYSTEM,ALOKASI WORKSHOP,DUMP TRUCK HINO FM 280 JD 312-035,89228.54,RAcct @ PEMELIHARAAN NON RUTIN WHEEL & T
2026-08-31,Aug,8,BUHUT,MINING,RUTIN,AIR SYSTEM,ALOKASI WORKSHOP,DUMP TRUCK HINO FM 280 JD 312-036,29742.85,RAcct @ PEMELIHARAAN RUTIN AIR SYSTEM AL
2026-08-31,Aug,8,BUHUT,MINING,RUTIN,ATTACHMENT SYSTEM,ALOKASI WORKSHOP,DUMP TRUCK HINO FM 280 JD 312-036,59485.69,RAcct @ PEMELIHARAAN RUTIN ATTACHMENT SY
2026-08-31,Aug,8,BUHUT,MINING,NON RUTIN,AIR SYSTEM,ALOKASI WORKSHOP,DUMP TRUCK HINO FM 280 JD 312-036,178457.08,RAcct @ PEMELIHARAAN NON RUTIN AIR SYSTE
2026-08-31,Aug,8,BUHUT,MINING,NON RUTIN,ATTACHMENT SYSTEM,ALOKASI WORKSHOP,DUMP TRUCK HINO FM 280 JD 312-036,178457.08,RAcct @ PEMELIHARAAN NON RUTIN ATTACHMEN
2026-08-31,Aug,8,BUHUT,MINING,NON RUTIN,ENGINE SYSTEM,ALOKASI WORKSHOP,DUMP TRUCK HINO FM 280 JD 312-036,59485.69,RAcct @ PEMELIHARAAN NON RUTIN ENGINE SY
2026-08-31,Aug,8,BUHUT,MINING,NON RUTIN,WHEEL & TYRE SYSTEM,ALOKASI WORKSHOP,DUMP TRUCK HINO FM 280 JD 312-036,327171.31,RAcct @ PEMELIHARAAN NON RUTIN WHEEL & T
2026-08-31,Aug,8,BUHUT,MINING,RUTIN,ATTACHMENT SYSTEM,ALOKASI WORKSHOP,EXCAVATOR HITACHI ZX 210 F-5G 332-038,743571.15,RAcct @ PEMELIHARAAN RUTIN ATTACHMENT SY
2026-08-31,Aug,8,BUHUT,MINING,RUTIN,HYDRAULIC SYSTEM,ALOKASI WORKSHOP,EXCAVATOR HITACHI ZX 210 F-5G 332-038,118971.38,RAcct @ PEMELIHARAAN RUTIN HYDRAULIC SYS
2026-08-31,Aug,8,BUHUT,MINING,NON RUTIN,ATTACHMENT SYSTEM,ALOKASI WORKSHOP,EXCAVATOR HITACHI ZX 210 F-5G 332-038,1695342.22,RAcct @ PEMELIHARAAN NON RUTIN ATTACHMEN
2026-08-31,Aug,8,BUHUT,MINING,NON RUTIN,UNDERCARRIAGE SYSTEM,ALOKASI WORKSHOP,EXCAVATOR HITACHI ZX 210 F-5G 332-038,3033770.28,RAcct @ PEMELIHARAAN NON RUTIN UNDERCARR
2026-08-31,Aug,8,BUHUT,MINING,RUTIN,ATTACHMENT SYSTEM,ALOKASI WORKSHOP,EXCAVATOR HITACHI ZX 210 F-5G 332-045,1040999.61,RAcct @ PEMELIHARAAN RUTIN ATTACHMENT SY
2026-08-31,Aug,8,BUHUT,MINING,RUTIN,HYDRAULIC SYSTEM,ALOKASI WORKSHOP,EXCAVATOR HITACHI ZX 210 F-5G 332-045,178457.08,RAcct @ PEMELIHARAAN RUTIN HYDRAULIC SYS
2026-08-31,Aug,8,BUHUT,MINING,NON RUTIN,AIR CONDITIONING SYSTEM,ALOKASI WORKSHOP,EXCAVATOR HITACHI ZX 210 F-5G 332-045,59485.69,RAcct @ PEMELIHARAAN NON RUTIN AIR CONDI
2026-08-31,Aug,8,BUHUT,MINING,NON RUTIN,ATTACHMENT SYSTEM,ALOKASI WORKSHOP,EXCAVATOR HITACHI ZX 210 F-5G 332-045,1695342.22,RAcct @ PEMELIHARAAN NON RUTIN ATTACHMEN
2026-08-31,Aug,8,BUHUT,MINING,NON RUTIN,ELECTRICAL SYSTEM,ALOKASI WORKSHOP,EXCAVATOR HITACHI ZX 210 F-5G 332-045,178457.08,RAcct @ PEMELIHARAAN NON RUTIN ELECTRICA
2026-08-31,Aug,8,BUHUT,MINING,RUTIN,ATTACHMENT SYSTEM,ALOKASI WORKSHOP,EXCAVATOR HITACHI ZX 210G-5G 332-052,1338428.07,RAcct @ PEMELIHARAAN RUTIN ATTACHMENT SY
2026-08-31,Aug,8,BUHUT,MINING,NON RUTIN,AIR CONDITIONING SYSTEM,ALOKASI WORKSHOP,EXCAVATOR HITACHI ZX 210G-5G 332-052,297428.46,RAcct @ PEMELIHARAAN NON RUTIN AIR CONDI
2026-08-31,Aug,8,BUHUT,MINING,NON RUTIN,ATTACHMENT SYSTEM,ALOKASI WORKSHOP,EXCAVATOR HITACHI ZX 210G-5G 332-052,1933284.98,RAcct @ PEMELIHARAAN NON RUTIN ATTACHMEN
2026-08-31,Aug,8,BUHUT,MINING,RUTIN,ATTACHMENT SYSTEM,ALOKASI WORKSHOP,EXCAVATOR HITACHI ZX350H-5G 332-055,1278942.37,RAcct @ PEMELIHARAAN RUTIN ATTACHMENT SY
2026-08-31,Aug,8,BUHUT,MINING,NON RUTIN,ATTACHMENT SYSTEM,ALOKASI WORKSHOP,EXCAVATOR HITACHI ZX350H-5G 332-055,2896953.19,RAcct @ PEMELIHARAAN NON RUTIN ATTACHMEN
2026-08-31,Aug,8,BUHUT,MINING,NON RUTIN,ENGINE SYSTEM,ALOKASI WORKSHOP,EXCAVATOR HITACHI ZX350H-5G 332-055,59485.69,RAcct @ PEMELIHARAAN NON RUTIN ENGINE SY
2026-08-31,Aug,8,BUHUT,MINING,RUTIN,ATTACHMENT SYSTEM,ALOKASI WORKSHOP,EXCAVATOR KOMATSU PC210 332-059,237942.77,RAcct @ PEMELIHARAAN RUTIN ATTACHMENT SY
2026-08-31,Aug,8,BUHUT,MINING,NON RUTIN,ATTACHMENT SYSTEM,ALOKASI WORKSHOP,EXCAVATOR KOMATSU PC210 332-059,594856.92,RAcct @ PEMELIHARAAN NON RUTIN ATTACHMEN
2026-08-31,Aug,8,BUHUT,MINING,RUTIN,ATTACHMENT SYSTEM,ALOKASI WORKSHOP,GRADER XCMG GR-135 351-014,148714.23,RAcct @ PEMELIHARAAN RUTIN ATTACHMENT SY
2026-08-31,Aug,8,BUHUT,MINING,NON RUTIN,ATTACHMENT SYSTEM,ALOKASI WORKSHOP,GRADER XCMG GR-135 351-014,237942.77,RAcct @ PEMELIHARAAN NON RUTIN ATTACHMEN
2026-08-31,Aug,8,BUHUT,MINING,NON RUTIN,ELECTRICAL SYSTEM,ALOKASI WORKSHOP,GRADER XCMG GR-135 351-014,208199.92,RAcct @ PEMELIHARAAN NON RUTIN ELECTRICA
2026-08-31,Aug,8,BUHUT,MINING,NON RUTIN,WHEEL & TYRE SYSTEM,ALOKASI WORKSHOP,GRADER XCMG GR-135 351-014,59485.69,RAcct @ PEMELIHARAAN NON RUTIN WHEEL & T
2026-08-31,Aug,8,BUHUT,MINING,RUTIN,ATTACHMENT SYSTEM,ALOKASI WORKSHOP,WHEEL LOADER XCMG ZL50GN 362-002,29742.85,RAcct @ PEMELIHARAAN RUTIN ATTACHMENT SY
2026-08-31,Aug,8,BUHUT,MINING,RUTIN,ENGINE SYSTEM,ALOKASI WORKSHOP,WHEEL LOADER XCMG ZL50GN 362-002,59485.69,RAcct @ PEMELIHARAAN RUTIN ENGINE SYSTEM
2026-08-31,Aug,8,BUHUT,MINING,RUTIN,HYDRAULIC SYSTEM,ALOKASI WORKSHOP,WHEEL LOADER XCMG ZL50GN 362-002,29742.85,RAcct @ PEMELIHARAAN RUTIN HYDRAULIC SYS
2026-08-31,Aug,8,BUHUT,MINING,NON RUTIN,ATTACHMENT SYSTEM,ALOKASI WORKSHOP,WHEEL LOADER XCMG ZL50GN 362-002,1368170.91,RAcct @ PEMELIHARAAN NON RUTIN ATTACHMEN
2026-08-31,Aug,8,BUHUT,MINING,NON RUTIN,ELECTRICAL SYSTEM,ALOKASI WORKSHOP,WHEEL LOADER XCMG ZL50GN 362-002,684085.46,RAcct @ PEMELIHARAAN NON RUTIN ELECTRICA
2026-08-31,Aug,8,BUHUT,MINING,RUTIN,ATTACHMENT SYSTEM,ALOKASI WORKSHOP,COMPACTOR SAKAI SV 526-D 371-014,178457.08,RAcct @ PEMELIHARAAN RUTIN ATTACHMENT SY
2026-08-31,Aug,8,BUHUT,MINING,RUTIN,ENGINE SYSTEM,ALOKASI WORKSHOP,COMPACTOR SAKAI SV 526-D 371-014,237942.77,RAcct @ PEMELIHARAAN RUTIN ENGINE SYSTEM
2026-08-31,Aug,8,BUHUT,MINING,NON RUTIN,AIR CONDITIONING SYSTEM,ALOKASI WORKSHOP,COMPACTOR SAKAI SV 526-D 371-014,118971.38,RAcct @ PEMELIHARAAN NON RUTIN AIR CONDI
